task_id,metric,n_train,model,sd,bca_lower,bca_upper,confidence_level,interval_method,bias_correction,acceleration,adjusted_lower_quantile,adjusted_upper_quantile,repeats,bootstrap_draws,bootstrap_unit,jackknife_unit,bootstrap_index_sha256
bdb2023_sack,primary_loss,10,linear_structure,0.005060174885047497,0.004478744720485047,0.005920135103045924,0.95,BCa,0.12288268129946614,0.05065044921684356,0.05963894564081734,0.9928844988306414,100,10000,complete_repeat_5x6_vector,delete_one_complete_repeat_5x6_vector,809a3f2f1d77cce8aa4e86320f229cd025238ab79be8d1df66d61a601099ba7f
bdb2023_sack,primary_loss,20,linear_structure,0.0049937352431379915,0.004401734465635382,0.00583467950470065,0.95,BCa,0.11076840536730806,0.05079649784022015,0.05709439259852489,0.9923440499276794,100,10000,complete_repeat_5x6_vector,delete_one_complete_repeat_5x6_vector,809a3f2f1d77cce8aa4e86320f229cd025238ab79be8d1df66d61a601099ba7f
bdb2023_sack,primary_loss,30,linear_structure,0.005042161360831466,0.004438592083206656,0.005969546050773982,0.95,BCa,0.11631865678545307,0.06002638096235878,0.06133959224248048,0.9935806922801633,100,10000,complete_repeat_5x6_vector,delete_one_complete_repeat_5x6_vector,809a3f2f1d77cce8aa4e86320f229cd025238ab79be8d1df66d61a601099ba7f
bdb2023_sack,primary_loss,40,linear_structure,0.005066817872819695,0.004456107516122219,0.005969243252166346,0.95,BCa,0.11556159710538327,0.05439663352564427,0.059301280002135526,0.9929604859187823,100,10000,complete_repeat_5x6_vector,delete_one_complete_repeat_5x6_vector,809a3f2f1d77cce8aa4e86320f229cd025238ab79be8d1df66d61a601099ba7f
bdb2023_sack,primary_loss,50,linear_structure,0.0049749255013888756,0.004397355521959386,0.005775063614505,0.95,BCa,0.11177728320980798,0.04699362766305168,0.056062212736951056,0.9919573858531877,100,10000,complete_repeat_5x6_vector,delete_one_complete_repeat_5x6_vector,809a3f2f1d77cce8aa4e86320f229cd025238ab79be8d1df66d61a601099ba7f
bdb2023_sack,primary_loss,60,linear_structure,0.004918398501428673,0.004338456031440738,0.005742569315668724,0.95,BCa,0.11152505312308653,0.049714157449094,0.05689906653938803,0.9922574818246612,100,10000,complete_repeat_5x6_vector,delete_one_complete_repeat_5x6_vector,809a3f2f1d77cce8aa4e86320f229cd025238ab79be8d1df66d61a601099ba7f
bdb2023_sack,primary_loss,10,boosted_structure,0.005472531921482392,0.004814226866267762,0.006448535374186233,0.95,BCa,0.11505692747233794,0.05600891182924594,0.05972723609235869,0.9931100256653623,100,10000,complete_repeat_5x6_vector,delete_one_complete_repeat_5x6_vector,809a3f2f1d77cce8aa4e86320f229cd025238ab79be8d1df66d61a601099ba7f
bdb2023_sack,primary_loss,20,boosted_structure,0.005516834802007789,0.004891724050196944,0.0064611386244496066,0.95,BCa,0.12237757192738684,0.053464065634264625,0.06047177885778926,0.9931606099407864,100,10000,complete_repeat_5x6_vector,delete_one_complete_repeat_5x6_vector,809a3f2f1d77cce8aa4e86320f229cd025238ab79be8d1df66d61a601099ba7f
bdb2023_sack,primary_loss,30,boosted_structure,0.005390127099105029,0.004761452214992996,0.006353145775584387,0.95,BCa,0.11783297660947314,0.058900497709519585,0.061295793410950206,0.9935293000734247,100,10000,complete_repeat_5x6_vector,delete_one_complete_repeat_5x6_vector,809a3f2f1d77cce8aa4e86320f229cd025238ab79be8d1df66d61a601099ba7f
bdb2023_sack,primary_loss,40,boosted_structure,0.005273487576729351,0.004656119344227993,0.006200649229497784,0.95,BCa,0.11556159710538327,0.058108628978462064,0.060534664266090665,0.9933519548179676,100,10000,complete_repeat_5x6_vector,delete_one_complete_repeat_5x6_vector,809a3f2f1d77cce8aa4e86320f229cd025238ab79be8d1df66d61a601099ba7f
bdb2023_sack,primary_loss,50,boosted_structure,0.005216684623517867,0.004600704559867335,0.006144977931709809,0.95,BCa,0.11455228714160764,0.059262633337230586,0.06069879680379847,0.9934283548881799,100,10000,complete_repeat_5x6_vector,delete_one_complete_repeat_5x6_vector,809a3f2f1d77cce8aa4e86320f229cd025238ab79be8d1df66d61a601099ba7f
bdb2023_sack,primary_loss,60,boosted_structure,0.0051319993698176695,0.004511011287931836,0.006004254717604902,0.95,BCa,0.1084988407938276,0.05127182744224517,0.05677365685342889,0.9922898623723596,100,10000,complete_repeat_5x6_vector,delete_one_complete_repeat_5x6_vector,809a3f2f1d77cce8aa4e86320f229cd025238ab79be8d1df66d61a601099ba7f
bdb2023_sack,primary_loss,10,relnet,0.004972736086452317,0.004392745352565224,0.005768267949639325,0.95,BCa,0.11379538129883492,0.04519478771894259,0.055895216575255036,0.9918474509721611,100,10000,complete_repeat_5x6_vector,delete_one_complete_repeat_5x6_vector,809a3f2f1d77cce8aa4e86320f229cd025238ab79be8d1df66d61a601099ba7f
bdb2023_sack,primary_loss,20,relnet,0.005008348622173947,0.004441880855795167,0.005790586840620863,0.95,BCa,0.10446543126475859,0.045653765535244986,0.05412290416151111,0.9914304824983563,100,10000,complete_repeat_5x6_vector,delete_one_complete_repeat_5x6_vector,809a3f2f1d77cce8aa4e86320f229cd025238ab79be8d1df66d61a601099ba7f
bdb2023_sack,primary_loss,30,relnet,0.004916645162990186,0.004313660170770808,0.005780904948227692,0.95,BCa,0.1049695131798047,0.05394369054152329,0.05690597823494431,0.9924244941136096,100,10000,complete_repeat_5x6_vector,delete_one_complete_repeat_5x6_vector,809a3f2f1d77cce8aa4e86320f229cd025238ab79be8d1df66d61a601099ba7f
bdb2023_sack,primary_loss,40,relnet,0.004990955956023112,0.004377425125294952,0.005868444070625182,0.95,BCa,0.1084988407938276,0.051774423849222706,0.05693762001650238,0.9923468411660155,100,10000,complete_repeat_5x6_vector,delete_one_complete_repeat_5x6_vector,809a3f2f1d77cce8aa4e86320f229cd025238ab79be8d1df66d61a601099ba7f
bdb2023_sack,primary_loss,50,relnet,0.004860618997050441,0.004271219482782617,0.005692727836585998,0.95,BCa,0.10446543126475859,0.0520377407171857,0.056182824332395964,0.9921833480927693,100,10000,complete_repeat_5x6_vector,delete_one_complete_repeat_5x6_vector,809a3f2f1d77cce8aa4e86320f229cd025238ab79be8d1df66d61a601099ba7f
bdb2023_sack,primary_loss,60,relnet,0.004881588427645388,0.004295134499505953,0.005679491461406444,0.95,BCa,0.10446543126475859,0.048588133905306904,0.055067744303345934,0.991781345133901,100,10000,complete_repeat_5x6_vector,delete_one_complete_repeat_5x6_vector,809a3f2f1d77cce8aa4e86320f229cd025238ab79be8d1df66d61a601099ba7f
bdb2023_sack,primary_loss,10,attn_relnet,0.0049789445235622395,0.004397236424588126,0.005766371289138037,0.95,BCa,0.11001182102288878,0.044882442897894156,0.05500880221319404,0.9916215043481298,100,10000,complete_repeat_5x6_vector,delete_one_complete_repeat_5x6_vector,809a3f2f1d77cce8aa4e86320f229cd025238ab79be8d1df66d61a601099ba7f
bdb2023_sack,primary_loss,20,attn_relnet,0.006243474768480517,0.004821110798873253,0.009718664708941855,0.95,BCa,0.1626424013654507,0.15286685108691742,0.10614429770240064,0.9995247890585504,100,10000,complete_repeat_5x6_vector,delete_one_complete_repeat_5x6_vector,809a3f2f1d77cce8aa4e86320f229cd025238ab79be8d1df66d61a601099ba7f
bdb2023_sack,primary_loss,30,attn_relnet,0.004920582664809474,0.004317831313174364,0.005790393831300285,0.95,BCa,0.1077424440226698,0.05376497469382783,0.05742867441469818,0.9925348797883216,100,10000,complete_repeat_5x6_vector,delete_one_complete_repeat_5x6_vector,809a3f2f1d77cce8aa4e86320f229cd025238ab79be8d1df66d61a601099ba7f
bdb2023_sack,primary_loss,40,attn_relnet,0.005026673235734797,0.004419803487208621,0.005903954219305511,0.95,BCa,0.11026400878604582,0.052349153422922436,0.05749665749788985,0.9924946893700601,100,10000,complete_repeat_5x6_vector,delete_one_complete_repeat_5x6_vector,809a3f2f1d77cce8aa4e86320f229cd025238ab79be8d1df66d61a601099ba7f
bdb2023_sack,primary_loss,50,attn_relnet,0.004867906070803299,0.004280256879058762,0.005696578021946205,0.95,BCa,0.10471746889621163,0.051804805301403835,0.0561595915613306,0.9921687884553908,100,10000,complete_repeat_5x6_vector,delete_one_complete_repeat_5x6_vector,809a3f2f1d77cce8aa4e86320f229cd025238ab79be8d1df66d61a601099ba7f
bdb2023_sack,primary_loss,60,attn_relnet,0.004882532821499494,0.004296658675131207,0.005680946269304453,0.95,BCa,0.10471746889621163,0.04869462619190598,0.05515381387519458,0.9918065484954414,100,10000,complete_repeat_5x6_vector,delete_one_complete_repeat_5x6_vector,809a3f2f1d77cce8aa4e86320f229cd025238ab79be8d1df66d61a601099ba7f
bdb2023_sack,primary_loss,10,set_transformer,0.005027464018725658,0.004492919767501814,0.005715509133024925,0.95,BCa,0.11253401620461544,0.03559470174972053,0.05251878344226202,0.9906157382410712,100,10000,complete_repeat_5x6_vector,delete_one_complete_repeat_5x6_vector,809a3f2f1d77cce8aa4e86320f229cd025238ab79be8d1df66d61a601099ba7f
bdb2023_sack,primary_loss,20,set_transformer,0.006938925983175629,0.005295040198172712,0.010840140644303962,0.95,BCa,0.18427210011563738,0.14828936064622075,0.11098474969574978,0.9995628964815058,100,10000,complete_repeat_5x6_vector,delete_one_complete_repeat_5x6_vector,809a3f2f1d77cce8aa4e86320f229cd025238ab79be8d1df66d61a601099ba7f
bdb2023_sack,primary_loss,30,set_transformer,0.005024895383633053,0.004413784919564138,0.005867511846893561,0.95,BCa,0.10925529964619017,0.05137898127083294,0.05696708739941103,0.9923380542333463,100,10000,complete_repeat_5x6_vector,delete_one_complete_repeat_5x6_vector,809a3f2f1d77cce8aa4e86320f229cd025238ab79be8d1df66d61a601099ba7f
bdb2023_sack,primary_loss,40,set_transformer,0.0050127586730244695,0.004463214984399905,0.005736980376825182,0.95,BCa,0.11001182102288878,0.03589311524328858,0.0521077984541472,0.9905151579391108,100,10000,complete_repeat_5x6_vector,delete_one_complete_repeat_5x6_vector,809a3f2f1d77cce8aa4e86320f229cd025238ab79be8d1df66d61a601099ba7f
bdb2023_sack,primary_loss,50,set_transformer,0.004834997085002294,0.004282541107093427,0.005583296646709621,0.95,BCa,0.10749032548488587,0.0460319113812352,0.05486261889263466,0.9916306278706584,100,10000,complete_repeat_5x6_vector,delete_one_complete_repeat_5x6_vector,809a3f2f1d77cce8aa4e86320f229cd025238ab79be8d1df66d61a601099ba7f
bdb2023_sack,primary_loss,60,set_transformer,0.004813738885055694,0.00425049885419885,0.005585633360145456,0.95,BCa,0.10622983495269706,0.04328792204377244,0.05372048941544716,0.9912345346438605,100,10000,complete_repeat_5x6_vector,delete_one_complete_repeat_5x6_vector,809a3f2f1d77cce8aa4e86320f229cd025238ab79be8d1df66d61a601099ba7f
bdb2023_sack,game_equal_loss,10,linear_structure,0.005296346468778187,0.004672694387002445,0.006177380479760107,0.95,BCa,0.12439819806905468,0.05041762944808136,0.05989156227100412,0.9929268159384532,100,10000,complete_repeat_5x6_vector,delete_one_complete_repeat_5x6_vector,809a3f2f1d77cce8aa4e86320f229cd025238ab79be8d1df66d61a601099ba7f
bdb2023_sack,game_equal_loss,20,linear_structure,0.00520207144947344,0.00456771266784503,0.006070667512080276,0.95,BCa,0.10320534231708231,0.05118812648294269,0.05564781854106626,0.9920236108722114,100,10000,complete_repeat_5x6_vector,delete_one_complete_repeat_5x6_vector,809a3f2f1d77cce8aa4e86320f229cd025238ab79be8d1df66d61a601099ba7f
bdb2023_sack,game_equal_loss,30,linear_structure,0.005264106195250233,0.004605115568728908,0.006220638447629183,0.95,BCa,0.10320534231708231,0.05913001103673586,0.05822308880735533,0.9929173442001998,100,10000,complete_repeat_5x6_vector,delete_one_complete_repeat_5x6_vector,809a3f2f1d77cce8aa4e86320f229cd025238ab79be8d1df66d61a601099ba7f
bdb2023_sack,game_equal_loss,40,linear_structure,0.005295780104064437,0.004633576963848033,0.006234613769954291,0.95,BCa,0.10572568610707413,0.05429552138565833,0.057178473636350424,0.9924997290416475,100,10000,complete_repeat_5x6_vector,delete_one_complete_repeat_5x6_vector,809a3f2f1d77cce8aa4e86320f229cd025238ab79be8d1df66d61a601099ba7f
bdb2023_sack,game_equal_loss,50,linear_structure,0.005206755905818635,0.0045824167693262995,0.006046272090423419,0.95,BCa,0.10471746889621163,0.047122278174112964,0.054646783443708935,0.9916199183336079,100,10000,complete_repeat_5x6_vector,delete_one_complete_repeat_5x6_vector,809a3f2f1d77cce8aa4e86320f229cd025238ab79be8d1df66d61a601099ba7f
bdb2023_sack,game_equal_loss,60,linear_structure,0.005147950429671688,0.004524466541230614,0.006012625653352564,0.95,BCa,0.1084988407938276,0.049707800469900754,0.056264026220887775,0.992111019431611,100,10000,complete_repeat_5x6_vector,delete_one_complete_repeat_5x6_vector,809a3f2f1d77cce8aa4e86320f229cd025238ab79be8d1df66d61a601099ba7f
bdb2023_sack,game_equal_loss,10,boosted_structure,0.0057540847518643065,0.005040052012983991,0.006801606868285056,0.95,BCa,0.11379538129883492,0.05560635176166944,0.059321716582919126,0.9930115882557708,100,10000,complete_repeat_5x6_vector,delete_one_complete_repeat_5x6_vector,809a3f2f1d77cce8aa4e86320f229cd025238ab79be8d1df66d61a601099ba7f
bdb2023_sack,game_equal_loss,20,boosted_structure,0.0057894011334400745,0.0051154244088297465,0.0067645992050794235,0.95,BCa,0.11177728320980798,0.05306500821272916,0.05805192111171381,0.9926443994547585,100,10000,complete_repeat_5x6_vector,delete_one_complete_repeat_5x6_vector,809a3f2f1d77cce8aa4e86320f229cd025238ab79be8d1df66d61a601099ba7f
bdb2023_sack,game_equal_loss,30,boosted_structure,0.0056624445274223705,0.004975433535035374,0.006664249114848452,0.95,BCa,0.10723821377940601,0.057750918508019895,0.05862602909829273,0.9929496009877437,100,10000,complete_repeat_5x6_vector,delete_one_complete_repeat_5x6_vector,809a3f2f1d77cce8aa4e86320f229cd025238ab79be8d1df66d61a601099ba7f
bdb2023_sack,game_equal_loss,40,boosted_structure,0.005532890586700147,0.004871522205041055,0.006488980510527845,0.95,BCa,0.1105162035620418,0.05710040308781472,0.05911131362938987,0.9930259859463595,100,10000,complete_repeat_5x6_vector,delete_one_complete_repeat_5x6_vector,809a3f2f1d77cce8aa4e86320f229cd025238ab79be8d1df66d61a601099ba7f
bdb2023_sack,game_equal_loss,50,boosted_structure,0.005474961932074794,0.004813358499217294,0.006456880265561978,0.95,BCa,0.11631865678545307,0.05804386138684894,0.060678146651448994,0.9933775129218233,100,10000,complete_repeat_5x6_vector,delete_one_complete_repeat_5x6_vector,809a3f2f1d77cce8aa4e86320f229cd025238ab79be8d1df66d61a601099ba7f
bdb2023_sack,game_equal_loss,60,boosted_structure,0.005384929584005969,0.004722302339555574,0.006316714690936502,0.95,BCa,0.10824670166073914,0.051652069620302686,0.0568449066251579,0.9923209862488438,100,10000,complete_repeat_5x6_vector,delete_one_complete_repeat_5x6_vector,809a3f2f1d77cce8aa4e86320f229cd025238ab79be8d1df66d61a601099ba7f
bdb2023_sack,game_equal_loss,10,relnet,0.005180183873994266,0.004552156346985267,0.00600218904392716,0.95,BCa,0.10068565393169761,0.04523642090134038,0.053226164541647525,0.9911818785678811,100,10000,complete_repeat_5x6_vector,delete_one_complete_repeat_5x6_vector,809a3f2f1d77cce8aa4e86320f229cd025238ab79be8d1df66d61a601099ba7f
bdb2023_sack,game_equal_loss,20,relnet,0.005222317814983408,0.004617412186646138,0.006042318324027866,0.95,BCa,0.10648191949286798,0.0465628104604621,0.05482737045509406,0.9916427544601376,100,10000,complete_repeat_5x6_vector,delete_one_complete_repeat_5x6_vector,809a3f2f1d77cce8aa4e86320f229cd025238ab79be8d1df66d61a601099ba7f
bdb2023_sack,game_equal_loss,30,relnet,0.005153136306829033,0.004508038889261332,0.00605056642777999,0.95,BCa,0.10698610888983635,0.05299808808107825,0.05701981513872034,0.9924132999693952,100,10000,complete_repeat_5x6_vector,delete_one_complete_repeat_5x6_vector,809a3f2f1d77cce8aa4e86320f229cd025238ab79be8d1df66d61a601099ba7f
bdb2023_sack,game_equal_loss,40,relnet,0.00522127157615613,0.004561010300072298,0.006160731928615449,0.95,BCa,0.10824670166073914,0.05282580311252831,0.05722794209513904,0.9924534010222625,100,10000,complete_repeat_5x6_vector,delete_one_complete_repeat_5x6_vector,809a3f2f1d77cce8aa4e86320f229cd025238ab79be8d1df66d61a601099ba7f
bdb2023_sack,game_equal_loss,50,relnet,0.005099409141487196,0.0044649888576718585,0.00598878945080922,0.95,BCa,0.10194541722009814,0.05145792385981579,0.055475767349662364,0.9919929459640677,100,10000,complete_repeat_5x6_vector,delete_one_complete_repeat_5x6_vector,809a3f2f1d77cce8aa4e86320f229cd025238ab79be8d1df66d61a601099ba7f
bdb2023_sack,game_equal_loss,60,relnet,0.005114236565263734,0.004479992277030591,0.00597027828237773,0.95,BCa,0.09892225328197578,0.04914613338483193,0.05411862195418471,0.9915664731253917,100,10000,complete_repeat_5x6_vector,delete_one_complete_repeat_5x6_vector,809a3f2f1d77cce8aa4e86320f229cd025238ab79be8d1df66d61a601099ba7f
bdb2023_sack,game_equal_loss,10,attn_relnet,0.005186905779348212,0.00456130766569427,0.006005096635285034,0.95,BCa,0.10068565393169761,0.044893808370624184,0.05311695790193649,0.9911395795516689,100,10000,complete_repeat_5x6_vector,delete_one_complete_repeat_5x6_vector,809a3f2f1d77cce8aa4e86320f229cd025238ab79be8d1df66d61a601099ba7f
bdb2023_sack,game_equal_loss,20,attn_relnet,0.006385029666355863,0.005027068017647319,0.009732776152988223,0.95,BCa,0.16874146762053788,0.14941274510976546,0.10669361625035156,0.9994995355669323,100,10000,complete_repeat_5x6_vector,delete_one_complete_repeat_5x6_vector,809a3f2f1d77cce8aa4e86320f229cd025238ab79be8d1df66d61a601099ba7f
bdb2023_sack,game_equal_loss,30,attn_relnet,0.0051543992920000635,0.004509801062159618,0.00604919659388505,0.95,BCa,0.10824670166073914,0.05290884953923338,0.05725506255821544,0.992462720377516,100,10000,complete_repeat_5x6_vector,delete_one_complete_repeat_5x6_vector,809a3f2f1d77cce8aa4e86320f229cd025238ab79be8d1df66d61a601099ba7f
bdb2023_sack,game_equal_loss,40,attn_relnet,0.0052548412020085285,0.004597209394204237,0.006192244992505404,0.95,BCa,0.10673401079978624,0.0534282445677583,0.05710718412344795,0.9924498192152129,100,10000,complete_repeat_5x6_vector,delete_one_complete_repeat_5x6_vector,809a3f2f1d77cce8aa4e86320f229cd025238ab79be8d1df66d61a601099ba7f
bdb2023_sack,game_equal_loss,50,attn_relnet,0.005104424085842745,0.004471336653320981,0.005993852226531649,0.95,BCa,0.10471746889621163,0.05130543847776724,0.05599785504947713,0.9921112484632035,100,10000,complete_repeat_5x6_vector,delete_one_complete_repeat_5x6_vector,809a3f2f1d77cce8aa4e86320f229cd025238ab79be8d1df66d61a601099ba7f
bdb2023_sack,game_equal_loss,60,attn_relnet,0.0051173346384961165,0.004485044071776184,0.005973284474989428,0.95,BCa,0.10068565393169761,0.04927250452049692,0.054516307237926775,0.9916717575203434,100,10000,complete_repeat_5x6_vector,delete_one_complete_repeat_5x6_vector,809a3f2f1d77cce8aa4e86320f229cd025238ab79be8d1df66d61a601099ba7f
bdb2023_sack,game_equal_loss,10,set_transformer,0.00526307712885258,0.00469484750767819,0.005985195854142596,0.95,BCa,0.1127862748359439,0.034575342029610136,0.05224124306259181,0.9905004818889166,100,10000,complete_repeat_5x6_vector,delete_one_complete_repeat_5x6_vector,809a3f2f1d77cce8aa4e86320f229cd025238ab79be8d1df66d61a601099ba7f
bdb2023_sack,game_equal_loss,20,set_transformer,0.007144178532095682,0.005523772092944821,0.010974614389596026,0.95,BCa,0.18121349816681248,0.1455146988095329,0.10901181704467267,0.9995016539442378,100,10000,complete_repeat_5x6_vector,delete_one_complete_repeat_5x6_vector,809a3f2f1d77cce8aa4e86320f229cd025238ab79be8d1df66d61a601099ba7f
bdb2023_sack,game_equal_loss,30,set_transformer,0.005236003000981065,0.004592419112200613,0.00609640576812849,0.95,BCa,0.10169345168304683,0.049489565072403104,0.05479108031612978,0.991748648689796,100,10000,complete_repeat_5x6_vector,delete_one_complete_repeat_5x6_vector,809a3f2f1d77cce8aa4e86320f229cd025238ab79be8d1df66d61a601099ba7f
bdb2023_sack,game_equal_loss,40,set_transformer,0.005229194503529888,0.004630653146252183,0.006002329389254717,0.95,BCa,0.10471746889621163,0.03744734430582572,0.05154964283151131,0.9904201792790885,100,10000,complete_repeat_5x6_vector,delete_one_complete_repeat_5x6_vector,809a3f2f1d77cce8aa4e86320f229cd025238ab79be8d1df66d61a601099ba7f
bdb2023_sack,game_equal_loss,50,set_transformer,0.00508348382561232,0.004489521024383503,0.0058680018279622615,0.95,BCa,0.10144149260200486,0.04493039409428593,0.05328027897727333,0.9911841355747116,100,10000,complete_repeat_5x6_vector,delete_one_complete_repeat_5x6_vector,809a3f2f1d77cce8aa4e86320f229cd025238ab79be8d1df66d61a601099ba7f
bdb2023_sack,game_equal_loss,60,set_transformer,0.005045530890179561,0.004429889753331904,0.0058537686303080415,0.95,BCa,0.10295334425500394,0.04335979895857083,0.05308239800787895,0.9910703020520758,100,10000,complete_repeat_5x6_vector,delete_one_complete_repeat_5x6_vector,809a3f2f1d77cce8aa4e86320f229cd025238ab79be8d1df66d61a601099ba7f
bdb2023_sack,skill,10,linear_structure,0.013649954212608461,0.010814905524409193,0.01845447122152062,0.95,BCa,0.11429997792338967,0.0968131360722086,0.07331092108057757,0.9966335802608101,100,10000,complete_repeat_5x6_vector,delete_one_complete_repeat_5x6_vector,809a3f2f1d77cce8aa4e86320f229cd025238ab79be8d1df66d61a601099ba7f
bdb2023_sack,skill,20,linear_structure,0.009498387676171066,0.006918538270114096,0.015202170787684445,0.95,BCa,0.16848721607341707,0.14683182755749086,0.10566966806948136,0.9994517630521176,100,10000,complete_repeat_5x6_vector,delete_one_complete_repeat_5x6_vector,809a3f2f1d77cce8aa4e86320f229cd025238ab79be8d1df66d61a601099ba7f
bdb2023_sack,skill,30,linear_structure,0.008708301223887634,0.006085426533468319,0.013912090387041047,0.95,BCa,0.15604189276105004,0.1384614458732069,0.09898491818846167,0.9991806122988707,100,10000,complete_repeat_5x6_vector,delete_one_complete_repeat_5x6_vector,809a3f2f1d77cce8aa4e86320f229cd025238ab79be8d1df66d61a601099ba7f
bdb2023_sack,skill,40,linear_structure,0.006988646548412688,0.0056984775401528265,0.009650734438818384,0.95,BCa,0.15071568466394017,0.12216195188173778,0.09158886229716562,0.9986264363136808,100,10000,complete_repeat_5x6_vector,delete_one_complete_repeat_5x6_vector,809a3f2f1d77cce8aa4e86320f229cd025238ab79be8d1df66d61a601099ba7f
bdb2023_sack,skill,50,linear_structure,0.006336249274998314,0.004780756832792,0.009050785356147815,0.95,BCa,0.13375033643731166,0.10174250981419365,0.07981546796434175,0.9973985137278817,100,10000,complete_repeat_5x6_vector,delete_one_complete_repeat_5x6_vector,809a3f2f1d77cce8aa4e86320f229cd025238ab79be8d1df66d61a601099ba7f
bdb2023_sack,skill,60,linear_structure,0.0058937488144829055,0.004311620472716008,0.010107942069462273,0.95,BCa,0.18554702490891953,0.15047426426344213,0.11219536479523434,0.9996016843446972,100,10000,complete_repeat_5x6_vector,delete_one_complete_repeat_5x6_vector,809a3f2f1d77cce8aa4e86320f229cd025238ab79be8d1df66d61a601099ba7f
bdb2023_sack,skill,10,boosted_structure,0.012736034426316972,0.010919108399930088,0.01593935533891027,0.95,BCa,0.1418480871615028,0.08931843093114547,0.07747410392863535,0.9968277846249685,100,10000,complete_repeat_5x6_vector,delete_one_complete_repeat_5x6_vector,809a3f2f1d77cce8aa4e86320f229cd025238ab79be8d1df66d61a601099ba7f
bdb2023_sack,skill,20,boosted_structure,0.011551670890783561,0.009872422474616706,0.01546531546477757,0.95,BCa,0.16340444921622818,0.11772925557056664,0.09349969513295087,0.9986255095054395,100,10000,complete_repeat_5x6_vector,delete_one_complete_repeat_5x6_vector,809a3f2f1d77cce8aa4e86320f229cd025238ab79be8d1df66d61a601099ba7f
bdb2023_sack,skill,30,boosted_structure,0.010061046976572736,0.008968911968787211,0.011556398473827369,0.95,BCa,0.11732817348232277,0.03697637513320085,0.05394279997553003,0.991044530674745,100,10000,complete_repeat_5x6_vector,delete_one_complete_repeat_5x6_vector,809a3f2f1d77cce8aa4e86320f229cd025238ab79be8d1df66d61a601099ba7f
bdb2023_sack,skill,40,boosted_structure,0.010356950264641437,0.009270546534588593,0.01171578237315337,0.95,BCa,0.10975964025614329,0.027934989452043504,0.04952100635679196,0.9894584600217426,100,10000,complete_repeat_5x6_vector,delete_one_complete_repeat_5x6_vector,809a3f2f1d77cce8aa4e86320f229cd025238ab79be8d1df66d61a601099ba7f
bdb2023_sack,skill,50,boosted_structure,0.010359937545847181,0.009095802751516445,0.012055574252918578,0.95,BCa,0.1084988407938276,0.04409855661347754,0.054444096865384095,0.991450613397985,100,10000,complete_repeat_5x6_vector,delete_one_complete_repeat_5x6_vector,809a3f2f1d77cce8aa4e86320f229cd025238ab79be8d1df66d61a601099ba7f
bdb2023_sack,skill,60,boosted_structure,0.0097513083211404,0.008474434208717593,0.011750030132448274,0.95,BCa,0.13400325567523477,0.06727540977416946,0.06782441196209993,0.9949344406989971,100,10000,complete_repeat_5x6_vector,delete_one_complete_repeat_5x6_vector,809a3f2f1d77cce8aa4e86320f229cd025238ab79be8d1df66d61a601099ba7f
bdb2023_sack,skill,10,relnet,0.02262857663542971,0.015838618924153912,0.031726434789014164,0.95,BCa,0.08859975852623243,0.0826193608146469,0.06273962830940694,0.9946833397596719,100,10000,complete_repeat_5x6_vector,delete_one_complete_repeat_5x6_vector,809a3f2f1d77cce8aa4e86320f229cd025238ab79be8d1df66d61a601099ba7f
bdb2023_sack,skill,20,relnet,0.016433673155394513,0.012294638584793656,0.02235795020698746,0.95,BCa,0.0833163500932955,0.08449464380511058,0.06220976099280073,0.9946596228877042,100,10000,complete_repeat_5x6_vector,delete_one_complete_repeat_5x6_vector,809a3f2f1d77cce8aa4e86320f229cd025238ab79be8d1df66d61a601099ba7f
bdb2023_sack,skill,30,relnet,0.01644026922780993,0.010773704125666006,0.028731023708680022,0.95,BCa,0.14590042003299397,0.15750102312221884,0.1029293774072142,0.999511143720092,100,10000,complete_repeat_5x6_vector,delete_one_complete_repeat_5x6_vector,809a3f2f1d77cce8aa4e86320f229cd025238ab79be8d1df66d61a601099ba7f
bdb2023_sack,skill,40,relnet,0.0153810072379741,0.010931538678665809,0.02456808643643169,0.95,BCa,0.14919470250451689,0.1403625094811852,0.09772723162416513,0.9991705813478589,100,10000,complete_repeat_5x6_vector,delete_one_complete_repeat_5x6_vector,809a3f2f1d77cce8aa4e86320f229cd025238ab79be8d1df66d61a601099ba7f
bdb2023_sack,skill,50,relnet,0.01645459200745247,0.010787443969913851,0.024685442866496737,0.95,BCa,0.10295334425500394,0.09691613232903432,0.07067006644751783,0.9963339772010325,100,10000,complete_repeat_5x6_vector,delete_one_complete_repeat_5x6_vector,809a3f2f1d77cce8aa4e86320f229cd025238ab79be8d1df66d61a601099ba7f
bdb2023_sack,skill,60,relnet,0.007655243699641299,0.006465005111690706,0.010003109505107452,0.95,BCa,0.1360269195874457,0.10068561078827501,0.0800220124161446,0.9973862041851762,100,10000,complete_repeat_5x6_vector,delete_one_complete_repeat_5x6_vector,809a3f2f1d77cce8aa4e86320f229cd025238ab79be8d1df66d61a601099ba7f
bdb2023_sack,skill,10,attn_relnet,0.023098703897037925,0.016148408440138335,0.03210851795380065,0.95,BCa,0.0813042426704601,0.07991303280691242,0.06031566448593412,0.9941398654752007,100,10000,complete_repeat_5x6_vector,delete_one_complete_repeat_5x6_vector,809a3f2f1d77cce8aa4e86320f229cd025238ab79be8d1df66d61a601099ba7f
bdb2023_sack,skill,20,attn_relnet,0.060246268219454634,0.014709154147439766,0.1386991132326314,0.95,BCa,0.16492883009491785,0.16410982642476798,0.11092089713200798,0.9996954714984639,100,10000,complete_repeat_5x6_vector,delete_one_complete_repeat_5x6_vector,809a3f2f1d77cce8aa4e86320f229cd025238ab79be8d1df66d61a601099ba7f
bdb2023_sack,skill,30,attn_relnet,0.01661024317503655,0.011070574400882872,0.02867822797847252,0.95,BCa,0.14387395827044155,0.15707026586588452,0.10219438232898298,0.9994919721616582,100,10000,complete_repeat_5x6_vector,delete_one_complete_repeat_5x6_vector,809a3f2f1d77cce8aa4e86320f229cd025238ab79be8d1df66d61a601099ba7f
bdb2023_sack,skill,40,attn_relnet,0.012023503461610944,0.009476248220388658,0.015538961115000714,0.95,BCa,0.09539636905689201,0.07516014343374099,0.0617817922824041,0.9942361701715254,100,10000,complete_repeat_5x6_vector,delete_one_complete_repeat_5x6_vector,809a3f2f1d77cce8aa4e86320f229cd025238ab79be8d1df66d61a601099ba7f
bdb2023_sack,skill,50,attn_relnet,0.01655082870342176,0.010797091837012742,0.025250920862650635,0.95,BCa,0.11480460365242844,0.10300913248899425,0.07554947772029247,0.9970520886680826,100,10000,complete_repeat_5x6_vector,delete_one_complete_repeat_5x6_vector,809a3f2f1d77cce8aa4e86320f229cd025238ab79be8d1df66d61a601099ba7f
bdb2023_sack,skill,60,attn_relnet,0.0076173762012332075,0.006396714333248887,0.010042026527163687,0.95,BCa,0.137291991946666,0.10088435665774433,0.08041520722393836,0.997423956247754,100,10000,complete_repeat_5x6_vector,delete_one_complete_repeat_5x6_vector,809a3f2f1d77cce8aa4e86320f229cd025238ab79be8d1df66d61a601099ba7f
bdb2023_sack,skill,10,set_transformer,0.044106153296843364,0.03131452444681917,0.06378937180186182,0.95,BCa,0.11354309385954282,0.09105447637951215,0.07117066033902131,0.9962034620031133,100,10000,complete_repeat_5x6_vector,delete_one_complete_repeat_5x6_vector,809a3f2f1d77cce8aa4e86320f229cd025238ab79be8d1df66d61a601099ba7f
bdb2023_sack,skill,20,set_transformer,0.08956481478741972,0.03546759707907948,0.1694299092213473,0.95,BCa,0.18529201588789954,0.14216805437995012,0.10900514633461783,0.9994659255552829,100,10000,complete_repeat_5x6_vector,delete_one_complete_repeat_5x6_vector,809a3f2f1d77cce8aa4e86320f229cd025238ab79be8d1df66d61a601099ba7f
bdb2023_sack,skill,30,set_transformer,0.018289980757381013,0.01374542790784833,0.025130410874454574,0.95,BCa,0.09086482514711734,0.09138182768105561,0.06608983326425155,0.9955344136805813,100,10000,complete_repeat_5x6_vector,delete_one_complete_repeat_5x6_vector,809a3f2f1d77cce8aa4e86320f229cd025238ab79be8d1df66d61a601099ba7f
bdb2023_sack,skill,40,set_transformer,0.017711145706384688,0.013489861773505158,0.024825393444974496,0.95,BCa,0.11202952040800261,0.1011574258668501,0.07424718494703764,0.9968664640866213,100,10000,complete_repeat_5x6_vector,delete_one_complete_repeat_5x6_vector,809a3f2f1d77cce8aa4e86320f229cd025238ab79be8d1df66d61a601099ba7f
bdb2023_sack,skill,50,set_transformer,0.014026590473762838,0.010694698524379648,0.01951393887491843,0.95,BCa,0.11354309385954282,0.09760143719641128,0.07339862812413145,0.9966676726686483,100,10000,complete_repeat_5x6_vector,delete_one_complete_repeat_5x6_vector,809a3f2f1d77cce8aa4e86320f229cd025238ab79be8d1df66d61a601099ba7f
bdb2023_sack,skill,60,set_transformer,0.010027820391598373,0.007409886057303551,0.016260178668346434,0.95,BCa,0.18809778171039346,0.14850988129072962,0.11224982385368104,0.9995847321737815,100,10000,complete_repeat_5x6_vector,delete_one_complete_repeat_5x6_vector,809a3f2f1d77cce8aa4e86320f229cd025238ab79be8d1df66d61a601099ba7f
bdb2023_sack,calibrated_brier,10,linear_structure,0.00493827942423495,0.004372875295270989,0.005731761069579908,0.95,BCa,0.11631865678545307,0.04548712090326139,0.05651981004173151,0.9920050345173701,100,10000,complete_repeat_5x6_vector,delete_one_complete_repeat_5x6_vector,809a3f2f1d77cce8aa4e86320f229cd025238ab79be8d1df66d61a601099ba7f
bdb2023_sack,calibrated_brier,20,linear_structure,0.004834983220618782,0.004280524156508082,0.005628536054816107,0.95,BCa,0.11429997792338967,0.05127288104408025,0.05799803060702213,0.9925628158856468,100,10000,complete_repeat_5x6_vector,delete_one_complete_repeat_5x6_vector,809a3f2f1d77cce8aa4e86320f229cd025238ab79be8d1df66d61a601099ba7f
bdb2023_sack,calibrated_brier,30,linear_structure,0.004834786710807116,0.004278629623329177,0.005645541735359349,0.95,BCa,0.11102061421827876,0.052815872205115605,0.057809625390330854,0.9925818793038692,100,10000,complete_repeat_5x6_vector,delete_one_complete_repeat_5x6_vector,809a3f2f1d77cce8aa4e86320f229cd025238ab79be8d1df66d61a601099ba7f
bdb2023_sack,calibrated_brier,40,linear_structure,0.004799015780398542,0.004247163268107432,0.00559881135336084,0.95,BCa,0.11329081364694277,0.05173265096692266,0.05793496289540301,0.992567013641944,100,10000,complete_repeat_5x6_vector,delete_one_complete_repeat_5x6_vector,809a3f2f1d77cce8aa4e86320f229cd025238ab79be8d1df66d61a601099ba7f
bdb2023_sack,calibrated_brier,50,linear_structure,0.004752455363870894,0.004210560677263416,0.00550163986008389,0.95,BCa,0.10396137589283386,0.04743218663818458,0.054592217841582746,0.9916184833102029,100,10000,complete_repeat_5x6_vector,delete_one_complete_repeat_5x6_vector,809a3f2f1d77cce8aa4e86320f229cd025238ab79be8d1df66d61a601099ba7f
bdb2023_sack,calibrated_brier,60,linear_structure,0.004745052081105792,0.004204049640678955,0.005516700633408671,0.95,BCa,0.11303854064456521,0.048898184781421584,0.056949916409625434,0.9922371019740904,100,10000,complete_repeat_5x6_vector,delete_one_complete_repeat_5x6_vector,809a3f2f1d77cce8aa4e86320f229cd025238ab79be8d1df66d61a601099ba7f
bdb2023_sack,calibrated_brier,10,boosted_structure,0.004815403071471321,0.004254898260540588,0.005611833281168199,0.95,BCa,0.11127283013139141,0.05147241439386158,0.05742213585992173,0.9924438890528164,100,10000,complete_repeat_5x6_vector,delete_one_complete_repeat_5x6_vector,809a3f2f1d77cce8aa4e86320f229cd025238ab79be8d1df66d61a601099ba7f
bdb2023_sack,calibrated_brier,20,boosted_structure,0.0049115821704958885,0.004342597493240393,0.005777362192121385,0.95,BCa,0.1190951160922949,0.055898313525864114,0.06056842734727269,0.9932734965544242,100,10000,complete_repeat_5x6_vector,delete_one_complete_repeat_5x6_vector,809a3f2f1d77cce8aa4e86320f229cd025238ab79be8d1df66d61a601099ba7f
bdb2023_sack,calibrated_brier,30,boosted_structure,0.004831673240090204,0.004278913525158884,0.005624527631728418,0.95,BCa,0.11102061421827876,0.05288107703510216,0.057831031333644034,0.9925891085644657,100,10000,complete_repeat_5x6_vector,delete_one_complete_repeat_5x6_vector,809a3f2f1d77cce8aa4e86320f229cd025238ab79be8d1df66d61a601099ba7f
bdb2023_sack,calibrated_brier,40,boosted_structure,0.004811650379619723,0.004253387695703382,0.005622847295402886,0.95,BCa,0.11530925861782557,0.05289883906415625,0.05875079780046061,0.9927874502718813,100,10000,complete_repeat_5x6_vector,delete_one_complete_repeat_5x6_vector,809a3f2f1d77cce8aa4e86320f229cd025238ab79be8d1df66d61a601099ba7f
bdb2023_sack,calibrated_brier,50,boosted_structure,0.0047863272059635795,0.004229141873490099,0.005565830147099926,0.95,BCa,0.10698610888983635,0.05054941593889026,0.056223065987708876,0.992134437792167,100,10000,complete_repeat_5x6_vector,delete_one_complete_repeat_5x6_vector,809a3f2f1d77cce8aa4e86320f229cd025238ab79be8d1df66d61a601099ba7f
bdb2023_sack,calibrated_brier,60,boosted_structure,0.004791476739988152,0.0042376142113649,0.005565660946013569,0.95,BCa,0.1193475666922751,0.04594548087825366,0.057311665767173336,0.9922031429858507,100,10000,complete_repeat_5x6_vector,delete_one_complete_repeat_5x6_vector,809a3f2f1d77cce8aa4e86320f229cd025238ab79be8d1df66d61a601099ba7f
bdb2023_sack,calibrated_brier,10,relnet,0.004730932329447871,0.004174093556323321,0.005540597623337009,0.95,BCa,0.11833780976534068,0.050905913441495726,0.058740448710209225,0.9927077349299502,100,10000,complete_repeat_5x6_vector,delete_one_complete_repeat_5x6_vector,809a3f2f1d77cce8aa4e86320f229cd025238ab79be8d1df66d61a601099ba7f
bdb2023_sack,calibrated_brier,20,relnet,0.004792025235116228,0.0042339868649117355,0.0055875258902431555,0.95,BCa,0.1077424440226698,0.05015218592736421,0.05625119800172662,0.9921254391856777,100,10000,complete_repeat_5x6_vector,delete_one_complete_repeat_5x6_vector,809a3f2f1d77cce8aa4e86320f229cd025238ab79be8d1df66d61a601099ba7f
bdb2023_sack,calibrated_brier,30,relnet,0.004761201077649583,0.004185449578844081,0.005562809099279469,0.95,BCa,0.10093759374265115,0.04988253874939313,0.05476318201464747,0.9917571682149724,100,10000,complete_repeat_5x6_vector,delete_one_complete_repeat_5x6_vector,809a3f2f1d77cce8aa4e86320f229cd025238ab79be8d1df66d61a601099ba7f
bdb2023_sack,calibrated_brier,40,relnet,0.004794142792174724,0.004235120809481336,0.0055679288571732054,0.95,BCa,0.10295334425500394,0.04750739995264501,0.05441103958038673,0.991576068512948,100,10000,complete_repeat_5x6_vector,delete_one_complete_repeat_5x6_vector,809a3f2f1d77cce8aa4e86320f229cd025238ab79be8d1df66d61a601099ba7f
bdb2023_sack,calibrated_brier,50,relnet,0.004744952958407275,0.004178579408029299,0.005538085748962418,0.95,BCa,0.10446543126475859,0.04841750721463704,0.05501270961625593,0.991761167065784,100,10000,complete_repeat_5x6_vector,delete_one_complete_repeat_5x6_vector,809a3f2f1d77cce8aa4e86320f229cd025238ab79be8d1df66d61a601099ba7f
bdb2023_sack,calibrated_brier,60,relnet,0.004770345499197004,0.004208709419982872,0.005557547310987346,0.95,BCa,0.10572568610707413,0.04919071833699454,0.05552156866489055,0.9919150222307416,100,10000,complete_repeat_5x6_vector,delete_one_complete_repeat_5x6_vector,809a3f2f1d77cce8aa4e86320f229cd025238ab79be8d1df66d61a601099ba7f
bdb2023_sack,calibrated_brier,10,attn_relnet,0.004727755770195502,0.004172452606375028,0.005539208747507599,0.95,BCa,0.12136744671333508,0.050836296295078784,0.05937173051973682,0.9928368631747679,100,10000,complete_repeat_5x6_vector,delete_one_complete_repeat_5x6_vector,809a3f2f1d77cce8aa4e86320f229cd025238ab79be8d1df66d61a601099ba7f
bdb2023_sack,calibrated_brier,20,attn_relnet,0.004788957376527119,0.004234850950841775,0.005583667183709308,0.95,BCa,0.11076840536730806,0.04983354401430786,0.05677931251640794,0.9922348637361333,100,10000,complete_repeat_5x6_vector,delete_one_complete_repeat_5x6_vector,809a3f2f1d77cce8aa4e86320f229cd025238ab79be8d1df66d61a601099ba7f
bdb2023_sack,calibrated_brier,30,attn_relnet,0.0047505897797793725,0.004176399153249322,0.0055587790773335135,0.95,BCa,0.10219738922948704,0.050445208027671606,0.05520134582110264,0.9918868206238636,100,10000,complete_repeat_5x6_vector,delete_one_complete_repeat_5x6_vector,809a3f2f1d77cce8aa4e86320f229cd025238ab79be8d1df66d61a601099ba7f
bdb2023_sack,calibrated_brier,40,attn_relnet,0.004788335654457036,0.004224847470713519,0.005563230683261593,0.95,BCa,0.10320534231708231,0.04713588601058457,0.05434296639449293,0.9915443544985333,100,10000,complete_repeat_5x6_vector,delete_one_complete_repeat_5x6_vector,809a3f2f1d77cce8aa4e86320f229cd025238ab79be8d1df66d61a601099ba7f
bdb2023_sack,calibrated_brier,50,attn_relnet,0.004744373019833189,0.0041815103403063025,0.005537283505563192,0.95,BCa,0.10723821377940601,0.048969744889815314,0.05576243731090724,0.9919639436877575,100,10000,complete_repeat_5x6_vector,delete_one_complete_repeat_5x6_vector,809a3f2f1d77cce8aa4e86320f229cd025238ab79be8d1df66d61a601099ba7f
bdb2023_sack,calibrated_brier,60,attn_relnet,0.0047691310062933446,0.004209423810921586,0.005559665714262455,0.95,BCa,0.10648191949286798,0.04920736057189228,0.05568306938736495,0.9919543478038035,100,10000,complete_repeat_5x6_vector,delete_one_complete_repeat_5x6_vector,809a3f2f1d77cce8aa4e86320f229cd025238ab79be8d1df66d61a601099ba7f
bdb2023_sack,calibrated_brier,10,set_transformer,0.004778310842922485,0.0042175829298692425,0.005585340518791379,0.95,BCa,0.11177728320980798,0.05238223136779304,0.057827483337343,0.9925688726352678,100,10000,complete_repeat_5x6_vector,delete_one_complete_repeat_5x6_vector,809a3f2f1d77cce8aa4e86320f229cd025238ab79be8d1df66d61a601099ba7f
bdb2023_sack,calibrated_brier,20,set_transformer,0.004793441331076063,0.004227779223938627,0.005562238925896743,0.95,BCa,0.09715916018568779,0.047556946304008245,0.05325820830701383,0.9912813512138305,100,10000,complete_repeat_5x6_vector,delete_one_complete_repeat_5x6_vector,809a3f2f1d77cce8aa4e86320f229cd025238ab79be8d1df66d61a601099ba7f
bdb2023_sack,calibrated_brier,30,set_transformer,0.004724012729025725,0.004143286881358761,0.005563311728143461,0.95,BCa,0.09867036414020375,0.05489237037471833,0.055908156828508526,0.9922306633113824,100,10000,complete_repeat_5x6_vector,delete_one_complete_repeat_5x6_vector,809a3f2f1d77cce8aa4e86320f229cd025238ab79be8d1df66d61a601099ba7f
bdb2023_sack,calibrated_brier,40,set_transformer,0.004848114932198885,0.004267718834499353,0.005610073834630161,0.95,BCa,0.09942605041158487,0.04424643729854638,0.05265932132364276,0.9909918374632606,100,10000,complete_repeat_5x6_vector,delete_one_complete_repeat_5x6_vector,809a3f2f1d77cce8aa4e86320f229cd025238ab79be8d1df66d61a601099ba7f
bdb2023_sack,calibrated_brier,50,set_transformer,0.004709041296104576,0.004169986040231822,0.005500893913782533,0.95,BCa,0.10824670166073914,0.0561848466226661,0.058326878765325274,0.9928251194224844,100,10000,complete_repeat_5x6_vector,delete_one_complete_repeat_5x6_vector,809a3f2f1d77cce8aa4e86320f229cd025238ab79be8d1df66d61a601099ba7f
bdb2023_sack,calibrated_brier,60,set_transformer,0.004665628880247907,0.004135483351212115,0.0054081630964387326,0.95,BCa,0.1079945694091542,0.046892653481493664,0.05524505914375272,0.991758057672106,100,10000,complete_repeat_5x6_vector,delete_one_complete_repeat_5x6_vector,809a3f2f1d77cce8aa4e86320f229cd025238ab79be8d1df66d61a601099ba7f
bdb2023_sack,calibrated_log_loss,10,linear_structure,0.015155837348919536,0.013391265405993686,0.017551280354835018,0.95,BCa,0.11329081364694277,0.04590169197448627,0.05602114803960817,0.9919049149344176,100,10000,complete_repeat_5x6_vector,delete_one_complete_repeat_5x6_vector,809a3f2f1d77cce8aa4e86320f229cd025238ab79be8d1df66d61a601099ba7f
bdb2023_sack,calibrated_log_loss,20,linear_structure,0.0149252306856146,0.013182938573901294,0.017452300795030674,0.95,BCa,0.11303854064456521,0.05490433192771123,0.05892710865907452,0.9929024278009282,100,10000,complete_repeat_5x6_vector,delete_one_complete_repeat_5x6_vector,809a3f2f1d77cce8aa4e86320f229cd025238ab79be8d1df66d61a601099ba7f
bdb2023_sack,calibrated_log_loss,30,linear_structure,0.014761825155217363,0.013019108812534813,0.01731531705502194,0.95,BCa,0.11177728320980798,0.055857040368120274,0.05897141195409911,0.9929486632315367,100,10000,complete_repeat_5x6_vector,delete_one_complete_repeat_5x6_vector,809a3f2f1d77cce8aa4e86320f229cd025238ab79be8d1df66d61a601099ba7f
bdb2023_sack,calibrated_log_loss,40,linear_structure,0.014798300366283972,0.01304656385269049,0.017261758827929376,0.95,BCa,0.10396137589283386,0.05060635840052929,0.05561566104014248,0.9919931063918482,100,10000,complete_repeat_5x6_vector,delete_one_complete_repeat_5x6_vector,809a3f2f1d77cce8aa4e86320f229cd025238ab79be8d1df66d61a601099ba7f
bdb2023_sack,calibrated_log_loss,50,linear_structure,0.014620255713292814,0.012953196976310097,0.016916769050966642,0.95,BCa,0.10169345168304683,0.047535854381675964,0.054164328721210575,0.991514869580242,100,10000,complete_repeat_5x6_vector,delete_one_complete_repeat_5x6_vector,809a3f2f1d77cce8aa4e86320f229cd025238ab79be8d1df66d61a601099ba7f
bdb2023_sack,calibrated_log_loss,60,linear_structure,0.014467165426160885,0.012746672672037888,0.016829742898100557,0.95,BCa,0.10320534231708231,0.04827656589169239,0.05470961684133302,0.9916808437419139,100,10000,complete_repeat_5x6_vector,delete_one_complete_repeat_5x6_vector,809a3f2f1d77cce8aa4e86320f229cd025238ab79be8d1df66d61a601099ba7f
bdb2023_sack,calibrated_log_loss,10,boosted_structure,0.014891183885082305,0.013139629039039738,0.01738355058632948,0.95,BCa,0.11127283013139141,0.05428228423546886,0.05834504631096532,0.9927549944977738,100,10000,complete_repeat_5x6_vector,delete_one_complete_repeat_5x6_vector,809a3f2f1d77cce8aa4e86320f229cd025238ab79be8d1df66d61a601099ba7f
bdb2023_sack,calibrated_log_loss,20,boosted_structure,0.015312361085508463,0.01349949417541401,0.018202447187557796,0.95,BCa,0.12263012270251442,0.061567389682158316,0.06325797450798681,0.9939895210595995,100,10000,complete_repeat_5x6_vector,delete_one_complete_repeat_5x6_vector,809a3f2f1d77cce8aa4e86320f229cd025238ab79be8d1df66d61a601099ba7f
bdb2023_sack,calibrated_log_loss,30,boosted_structure,0.014821966392884887,0.013089942325117709,0.017490112200186276,0.95,BCa,0.1165710248062833,0.058668970452026285,0.06094176554658143,0.9934526308621938,100,10000,complete_repeat_5x6_vector,delete_one_complete_repeat_5x6_vector,809a3f2f1d77cce8aa4e86320f229cd025238ab79be8d1df66d61a601099ba7f
bdb2023_sack,calibrated_log_loss,40,boosted_structure,0.014667012915209573,0.012870522451257175,0.017357997593808162,0.95,BCa,0.11253401620461544,0.06194161481276161,0.061149292781575826,0.9936177204079858,100,10000,complete_repeat_5x6_vector,delete_one_complete_repeat_5x6_vector,809a3f2f1d77cce8aa4e86320f229cd025238ab79be8d1df66d61a601099ba7f
bdb2023_sack,calibrated_log_loss,50,boosted_structure,0.014445070723333429,0.012753574501600836,0.016886451950567493,0.95,BCa,0.11152505312308653,0.053243192460295435,0.05805695151931667,0.9926524348877592,100,10000,complete_repeat_5x6_vector,delete_one_complete_repeat_5x6_vector,809a3f2f1d77cce8aa4e86320f229cd025238ab79be8d1df66d61a601099ba7f
bdb2023_sack,calibrated_log_loss,60,boosted_structure,0.014538005915250797,0.012832695822029505,0.01684010415430868,0.95,BCa,0.11076840536730806,0.04481225978345621,0.05514210135038994,0.9916513716547843,100,10000,complete_repeat_5x6_vector,delete_one_complete_repeat_5x6_vector,809a3f2f1d77cce8aa4e86320f229cd025238ab79be8d1df66d61a601099ba7f
bdb2023_sack,calibrated_log_loss,10,relnet,0.01417679439915682,0.012497126343583574,0.016694047581035352,0.95,BCa,0.1236404041872332,0.054500474399673114,0.06109788204478922,0.9933225855462579,100,10000,complete_repeat_5x6_vector,delete_one_complete_repeat_5x6_vector,809a3f2f1d77cce8aa4e86320f229cd025238ab79be8d1df66d61a601099ba7f
bdb2023_sack,calibrated_log_loss,20,relnet,0.01479551043658249,0.01304603457868985,0.017310506048346514,0.95,BCa,0.1049695131798047,0.05222113153754324,0.05634681686172893,0.9922287380775281,100,10000,complete_repeat_5x6_vector,delete_one_complete_repeat_5x6_vector,809a3f2f1d77cce8aa4e86320f229cd025238ab79be8d1df66d61a601099ba7f
bdb2023_sack,calibrated_log_loss,30,relnet,0.01461309999681032,0.012795644135510228,0.017179401211247784,0.95,BCa,0.10723821377940601,0.05261323300989462,0.056947180655332774,0.9923818145679895,100,10000,complete_repeat_5x6_vector,delete_one_complete_repeat_5x6_vector,809a3f2f1d77cce8aa4e86320f229cd025238ab79be8d1df66d61a601099ba7f
bdb2023_sack,calibrated_log_loss,40,relnet,0.014746895277723857,0.01302496355989982,0.017104034762981887,0.95,BCa,0.09892225328197578,0.046486392521867016,0.053270777045616224,0.9912426587105301,100,10000,complete_repeat_5x6_vector,delete_one_complete_repeat_5x6_vector,809a3f2f1d77cce8aa4e86320f229cd025238ab79be8d1df66d61a601099ba7f
bdb2023_sack,calibrated_log_loss,50,relnet,0.0144574179737006,0.012733029366659845,0.016878077990928064,0.95,BCa,0.1079945694091542,0.04918352535323264,0.05598864402824144,0.9920259037446855,100,10000,complete_repeat_5x6_vector,delete_one_complete_repeat_5x6_vector,809a3f2f1d77cce8aa4e86320f229cd025238ab79be8d1df66d61a601099ba7f
bdb2023_sack,calibrated_log_loss,60,relnet,0.014520545897209108,0.012842308880171174,0.016942872554223425,0.95,BCa,0.11354309385954282,0.051279918836704436,0.05783946287731734,0.9925284845890043,100,10000,complete_repeat_5x6_vector,delete_one_complete_repeat_5x6_vector,809a3f2f1d77cce8aa4e86320f229cd025238ab79be8d1df66d61a601099ba7f
bdb2023_sack,calibrated_log_loss,10,attn_relnet,0.014139458440954504,0.012462378523116406,0.016657637241402505,0.95,BCa,0.12667201016581164,0.05399699459429325,0.06159935813849038,0.9933988863706451,100,10000,complete_repeat_5x6_vector,delete_one_complete_repeat_5x6_vector,809a3f2f1d77cce8aa4e86320f229cd025238ab79be8d1df66d61a601099ba7f
bdb2023_sack,calibrated_log_loss,20,attn_relnet,0.014796621469138198,0.013048934189932348,0.017293751635162707,0.95,BCa,0.10396137589283386,0.051706444860833665,0.05597127384697764,0.9921207013763047,100,10000,complete_repeat_5x6_vector,delete_one_complete_repeat_5x6_vector,809a3f2f1d77cce8aa4e86320f229cd025238ab79be8d1df66d61a601099ba7f
bdb2023_sack,calibrated_log_loss,30,attn_relnet,0.014565745025246811,0.012751906144223588,0.017142957849551377,0.95,BCa,0.10572568610707413,0.05347465902033013,0.056911385310345564,0.9924073820834729,100,10000,complete_repeat_5x6_vector,delete_one_complete_repeat_5x6_vector,809a3f2f1d77cce8aa4e86320f229cd025238ab79be8d1df66d61a601099ba7f
bdb2023_sack,calibrated_log_loss,40,attn_relnet,0.014761121490120339,0.013029586559404966,0.017111720710622225,0.95,BCa,0.09564817808473206,0.045877350368671174,0.052425604003557336,0.9909923240374894,100,10000,complete_repeat_5x6_vector,delete_one_complete_repeat_5x6_vector,809a3f2f1d77cce8aa4e86320f229cd025238ab79be8d1df66d61a601099ba7f
bdb2023_sack,calibrated_log_loss,50,attn_relnet,0.014460225292345526,0.012745752698030853,0.0168700781951086,0.95,BCa,0.10900313977014242,0.05006312662251966,0.05648492471361338,0.9921762152603167,100,10000,complete_repeat_5x6_vector,delete_one_complete_repeat_5x6_vector,809a3f2f1d77cce8aa4e86320f229cd025238ab79be8d1df66d61a601099ba7f
bdb2023_sack,calibrated_log_loss,60,attn_relnet,0.014535090431283553,0.012862688371274082,0.01695198165356465,0.95,BCa,0.11329081364694277,0.05109970207054573,0.057726605836063705,0.9924966876848038,100,10000,complete_repeat_5x6_vector,delete_one_complete_repeat_5x6_vector,809a3f2f1d77cce8aa4e86320f229cd025238ab79be8d1df66d61a601099ba7f
bdb2023_sack,calibrated_log_loss,10,set_transformer,0.014496809582226641,0.012794927032327397,0.017021647448371174,0.95,BCa,0.11606629617269623,0.05761891042875319,0.06048154015721974,0.9933226858587179,100,10000,complete_repeat_5x6_vector,delete_one_complete_repeat_5x6_vector,809a3f2f1d77cce8aa4e86320f229cd025238ab79be8d1df66d61a601099ba7f
bdb2023_sack,calibrated_log_loss,20,set_transformer,0.014510417544422049,0.012828614892419463,0.016772877554460355,0.95,BCa,0.10093759374265115,0.04506850762126359,0.053223172803461116,0.9911745056742041,100,10000,complete_repeat_5x6_vector,delete_one_complete_repeat_5x6_vector,809a3f2f1d77cce8aa4e86320f229cd025238ab79be8d1df66d61a601099ba7f
bdb2023_sack,calibrated_log_loss,30,set_transformer,0.014457611874766617,0.012696243414918115,0.016910983838950334,0.95,BCa,0.10572568610707413,0.052584894373440376,0.05662215668422854,0.9923065577979853,100,10000,complete_repeat_5x6_vector,delete_one_complete_repeat_5x6_vector,809a3f2f1d77cce8aa4e86320f229cd025238ab79be8d1df66d61a601099ba7f
bdb2023_sack,calibrated_log_loss,40,set_transformer,0.01491061800672413,0.013198697964880105,0.017191088775100345,0.95,BCa,0.09892225328197578,0.04327330531495013,0.05225048307782704,0.990842470566492,100,10000,complete_repeat_5x6_vector,delete_one_complete_repeat_5x6_vector,809a3f2f1d77cce8aa4e86320f229cd025238ab79be8d1df66d61a601099ba7f
bdb2023_sack,calibrated_log_loss,50,set_transformer,0.014385720826865504,0.012732089640184043,0.016799384981854477,0.95,BCa,0.10723821377940601,0.058335432928409384,0.05881761504826083,0.9930126035283668,100,10000,complete_repeat_5x6_vector,delete_one_complete_repeat_5x6_vector,809a3f2f1d77cce8aa4e86320f229cd025238ab79be8d1df66d61a601099ba7f
bdb2023_sack,calibrated_log_loss,60,set_transformer,0.013943644251576811,0.012351834152992295,0.016175299937601584,0.95,BCa,0.10446543126475859,0.047313773574641886,0.0546569860260257,0.9916299731309522,100,10000,complete_repeat_5x6_vector,delete_one_complete_repeat_5x6_vector,809a3f2f1d77cce8aa4e86320f229cd025238ab79be8d1df66d61a601099ba7f
bdb2023_sack,game_equal_calibrated_brier,10,linear_structure,0.0051602548758299446,0.00456043329264142,0.005972357857408297,0.95,BCa,0.11581394295150717,0.04612308865571297,0.0566227128110543,0.992053674727009,100,10000,complete_repeat_5x6_vector,delete_one_complete_repeat_5x6_vector,809a3f2f1d77cce8aa4e86320f229cd025238ab79be8d1df66d61a601099ba7f
bdb2023_sack,game_equal_calibrated_brier,20,linear_structure,0.005033429935827561,0.004444773745346426,0.0058631064947945385,0.95,BCa,0.11202952040800261,0.05131096856674599,0.057528990426139126,0.9924613116538132,100,10000,complete_repeat_5x6_vector,delete_one_complete_repeat_5x6_vector,809a3f2f1d77cce8aa4e86320f229cd025238ab79be8d1df66d61a601099ba7f
bdb2023_sack,game_equal_calibrated_brier,30,linear_structure,0.00503216061721172,0.004439433206145266,0.005872878406666367,0.95,BCa,0.11152505312308653,0.0525567989771145,0.0578313891460161,0.992576537551606,100,10000,complete_repeat_5x6_vector,delete_one_complete_repeat_5x6_vector,809a3f2f1d77cce8aa4e86320f229cd025238ab79be8d1df66d61a601099ba7f
bdb2023_sack,game_equal_calibrated_brier,40,linear_structure,0.004975651061474134,0.00439157307012639,0.005801060306910964,0.95,BCa,0.11026400878604582,0.0522327784975177,0.0574585312932539,0.9924816822515712,100,10000,complete_repeat_5x6_vector,delete_one_complete_repeat_5x6_vector,809a3f2f1d77cce8aa4e86320f229cd025238ab79be8d1df66d61a601099ba7f
bdb2023_sack,game_equal_calibrated_brier,50,linear_structure,0.0049258483325742616,0.0043532345582944065,0.005724700535148617,0.95,BCa,0.11026400878604582,0.048320860813386664,0.05617985027135686,0.9920370070513547,100,10000,complete_repeat_5x6_vector,delete_one_complete_repeat_5x6_vector,809a3f2f1d77cce8aa4e86320f229cd025238ab79be8d1df66d61a601099ba7f
bdb2023_sack,game_equal_calibrated_brier,60,linear_structure,0.004906130150987521,0.0043354300789886805,0.005715927249022673,0.95,BCa,0.1127862748359439,0.049674673821243104,0.05715158066320736,0.9923130617220914,100,10000,complete_repeat_5x6_vector,delete_one_complete_repeat_5x6_vector,809a3f2f1d77cce8aa4e86320f229cd025238ab79be8d1df66d61a601099ba7f
bdb2023_sack,game_equal_calibrated_brier,10,boosted_structure,0.005053485275975193,0.004456692277724556,0.00589149139602743,0.95,BCa,0.11001182102288878,0.05148420883278636,0.05716035944250969,0.9923857941077701,100,10000,complete_repeat_5x6_vector,delete_one_complete_repeat_5x6_vector,809a3f2f1d77cce8aa4e86320f229cd025238ab79be8d1df66d61a601099ba7f
bdb2023_sack,game_equal_calibrated_brier,20,boosted_structure,0.005155101186885745,0.00454432829545786,0.00604816522055536,0.95,BCa,0.11152505312308653,0.055242461963893916,0.05871490128893059,0.9928709650659421,100,10000,complete_repeat_5x6_vector,delete_one_complete_repeat_5x6_vector,809a3f2f1d77cce8aa4e86320f229cd025238ab79be8d1df66d61a601099ba7f
bdb2023_sack,game_equal_calibrated_brier,30,boosted_structure,0.005079204988417261,0.004479702388896954,0.005917300609699034,0.95,BCa,0.10900313977014242,0.051765324736680635,0.057040385983485264,0.9923697470419086,100,10000,complete_repeat_5x6_vector,delete_one_complete_repeat_5x6_vector,809a3f2f1d77cce8aa4e86320f229cd025238ab79be8d1df66d61a601099ba7f
bdb2023_sack,game_equal_calibrated_brier,40,boosted_structure,0.0050556288699506345,0.004451456823573895,0.005901276419684937,0.95,BCa,0.1049695131798047,0.05248110409142204,0.05643113628243557,0.9922584634658419,100,10000,complete_repeat_5x6_vector,delete_one_complete_repeat_5x6_vector,809a3f2f1d77cce8aa4e86320f229cd025238ab79be8d1df66d61a601099ba7f
bdb2023_sack,game_equal_calibrated_brier,50,boosted_structure,0.00502708906684378,0.004434175964331791,0.005848931848983041,0.95,BCa,0.11001182102288878,0.05046124051713911,0.05682587639346509,0.9922700554648627,100,10000,complete_repeat_5x6_vector,delete_one_complete_repeat_5x6_vector,809a3f2f1d77cce8aa4e86320f229cd025238ab79be8d1df66d61a601099ba7f
bdb2023_sack,game_equal_calibrated_brier,60,boosted_structure,0.005019086124791343,0.004422698525325526,0.005836059603272344,0.95,BCa,0.11102061421827876,0.04668948590184575,0.05580543446255909,0.9918847537125024,100,10000,complete_repeat_5x6_vector,delete_one_complete_repeat_5x6_vector,809a3f2f1d77cce8aa4e86320f229cd025238ab79be8d1df66d61a601099ba7f
bdb2023_sack,game_equal_calibrated_brier,10,relnet,0.004952995149409202,0.004344731072835332,0.005799659392142167,0.95,BCa,0.10875098682482563,0.05088489692969768,0.056700200350111085,0.9922579192465351,100,10000,complete_repeat_5x6_vector,delete_one_complete_repeat_5x6_vector,809a3f2f1d77cce8aa4e86320f229cd025238ab79be8d1df66d61a601099ba7f
bdb2023_sack,game_equal_calibrated_brier,20,relnet,0.005008682790805573,0.004402789590189192,0.0058389078229597585,0.95,BCa,0.1052215641319016,0.05032922353850714,0.0557860184784828,0.9920228590476261,100,10000,complete_repeat_5x6_vector,delete_one_complete_repeat_5x6_vector,809a3f2f1d77cce8aa4e86320f229cd025238ab79be8d1df66d61a601099ba7f
bdb2023_sack,game_equal_calibrated_brier,30,relnet,0.0049686624837565856,0.004349258539685552,0.005818079196631333,0.95,BCa,0.09690731452396951,0.050500899097808645,0.05414402884562192,0.9916261306137784,100,10000,complete_repeat_5x6_vector,delete_one_complete_repeat_5x6_vector,809a3f2f1d77cce8aa4e86320f229cd025238ab79be8d1df66d61a601099ba7f
bdb2023_sack,game_equal_calibrated_brier,40,relnet,0.005004094769754858,0.004397417922491567,0.005819059849363623,0.95,BCa,0.09741101200999693,0.04852417116528021,0.0536160765358592,0.991412915086557,100,10000,complete_repeat_5x6_vector,delete_one_complete_repeat_5x6_vector,809a3f2f1d77cce8aa4e86320f229cd025238ab79be8d1df66d61a601099ba7f
bdb2023_sack,game_equal_calibrated_brier,50,relnet,0.0049474723543198465,0.004336083199628481,0.0057859047849712925,0.95,BCa,0.10194541722009814,0.04916975247203863,0.054739729594404096,0.991723375412072,100,10000,complete_repeat_5x6_vector,delete_one_complete_repeat_5x6_vector,809a3f2f1d77cce8aa4e86320f229cd025238ab79be8d1df66d61a601099ba7f
bdb2023_sack,game_equal_calibrated_brier,60,relnet,0.004994206170991896,0.0043861114779912,0.005827818735764124,0.95,BCa,0.09867036414020375,0.04980611069005765,0.054278474501262775,0.9916329087469504,100,10000,complete_repeat_5x6_vector,delete_one_complete_repeat_5x6_vector,809a3f2f1d77cce8aa4e86320f229cd025238ab79be8d1df66d61a601099ba7f
bdb2023_sack,game_equal_calibrated_brier,10,attn_relnet,0.0049497259441013035,0.004341406632051796,0.00579746401857103,0.95,BCa,0.1084988407938276,0.05083881219409519,0.05663246878334888,0.9922405799515479,100,10000,complete_repeat_5x6_vector,delete_one_complete_repeat_5x6_vector,809a3f2f1d77cce8aa4e86320f229cd025238ab79be8d1df66d61a601099ba7f
bdb2023_sack,game_equal_calibrated_brier,20,attn_relnet,0.005005889447451253,0.004399584197874266,0.0058342409533372165,0.95,BCa,0.10547362176886818,0.050034147241482016,0.055742558035404066,0.9920009513930361,100,10000,complete_repeat_5x6_vector,delete_one_complete_repeat_5x6_vector,809a3f2f1d77cce8aa4e86320f229cd025238ab79be8d1df66d61a601099ba7f
bdb2023_sack,game_equal_calibrated_brier,30,attn_relnet,0.004958446814697969,0.004340720826240559,0.005807068999814465,0.95,BCa,0.09942605041158487,0.05110114437727055,0.054846113630081184,0.9918255122314643,100,10000,complete_repeat_5x6_vector,delete_one_complete_repeat_5x6_vector,809a3f2f1d77cce8aa4e86320f229cd025238ab79be8d1df66d61a601099ba7f
bdb2023_sack,game_equal_calibrated_brier,40,attn_relnet,0.00499608303527886,0.004387835495773768,0.005811479400339129,0.95,BCa,0.09665547500856761,0.048181375864838456,0.053355739816779824,0.9913315035453247,100,10000,complete_repeat_5x6_vector,delete_one_complete_repeat_5x6_vector,809a3f2f1d77cce8aa4e86320f229cd025238ab79be8d1df66d61a601099ba7f
bdb2023_sack,game_equal_calibrated_brier,50,attn_relnet,0.004946334036292794,0.004335926641648769,0.005783624811957795,0.95,BCa,0.10219738922948704,0.049571582139738085,0.0549202913130305,0.9917837549595592,100,10000,complete_repeat_5x6_vector,delete_one_complete_repeat_5x6_vector,809a3f2f1d77cce8aa4e86320f229cd025238ab79be8d1df66d61a601099ba7f
bdb2023_sack,game_equal_calibrated_brier,60,attn_relnet,0.004989899991476394,0.004382555220521547,0.005822071152396776,0.95,BCa,0.09892225328197578,0.04983670026504958,0.05433922313713713,0.9916494393960235,100,10000,complete_repeat_5x6_vector,delete_one_complete_repeat_5x6_vector,809a3f2f1d77cce8aa4e86320f229cd025238ab79be8d1df66d61a601099ba7f
bdb2023_sack,game_equal_calibrated_brier,10,set_transformer,0.005006697911222298,0.004405157949180798,0.00584479984652809,0.95,BCa,0.10648191949286798,0.05179939142806435,0.0565244064608979,0.9922533172446555,100,10000,complete_repeat_5x6_vector,delete_one_complete_repeat_5x6_vector,809a3f2f1d77cce8aa4e86320f229cd025238ab79be8d1df66d61a601099ba7f
bdb2023_sack,game_equal_calibrated_brier,20,set_transformer,0.00501186726212939,0.004410073080865975,0.005825292826049882,0.95,BCa,0.10169345168304683,0.047896738863413335,0.05427998526640493,0.9915583267977545,100,10000,complete_repeat_5x6_vector,delete_one_complete_repeat_5x6_vector,809a3f2f1d77cce8aa4e86320f229cd025238ab79be8d1df66d61a601099ba7f
bdb2023_sack,game_equal_calibrated_brier,30,set_transformer,0.0049513804999605756,0.004331631329845488,0.00582310084011925,0.95,BCa,0.10345734693318248,0.053953868366155296,0.056594385772403444,0.9923537510667841,100,10000,complete_repeat_5x6_vector,delete_one_complete_repeat_5x6_vector,809a3f2f1d77cce8aa4e86320f229cd025238ab79be8d1df66d61a601099ba7f
bdb2023_sack,game_equal_calibrated_brier,40,set_transformer,0.0050762068436827155,0.004456045439135482,0.005885147145152625,0.95,BCa,0.09841848125872729,0.04497077920390635,0.05268859130771014,0.9910281090564691,100,10000,complete_repeat_5x6_vector,delete_one_complete_repeat_5x6_vector,809a3f2f1d77cce8aa4e86320f229cd025238ab79be8d1df66d61a601099ba7f
bdb2023_sack,game_equal_calibrated_brier,50,set_transformer,0.004934697247263444,0.0043534120362944155,0.005769414976944681,0.95,BCa,0.1052215641319016,0.055297541404908765,0.0573990483311651,0.9925881173977718,100,10000,complete_repeat_5x6_vector,delete_one_complete_repeat_5x6_vector,809a3f2f1d77cce8aa4e86320f229cd025238ab79be8d1df66d61a601099ba7f
bdb2023_sack,game_equal_calibrated_brier,60,set_transformer,0.004888177765058064,0.004324986678308524,0.005671305318105649,0.95,BCa,0.10925529964619017,0.047444005167995296,0.05568464728966893,0.9918855702801371,100,10000,complete_repeat_5x6_vector,delete_one_complete_repeat_5x6_vector,809a3f2f1d77cce8aa4e86320f229cd025238ab79be8d1df66d61a601099ba7f
bdb2023_sack,game_equal_calibrated_log_loss,10,linear_structure,0.01584458070221805,0.013973653552169406,0.018347979867075516,0.95,BCa,0.10824670166073914,0.046406357016657296,0.05513939647090965,0.9917132465625312,100,10000,complete_repeat_5x6_vector,delete_one_complete_repeat_5x6_vector,809a3f2f1d77cce8aa4e86320f229cd025238ab79be8d1df66d61a601099ba7f
bdb2023_sack,game_equal_calibrated_log_loss,20,linear_structure,0.015557265084893959,0.013724991325419829,0.018213773573796926,0.95,BCa,0.11303854064456521,0.055272388286784546,0.059048686909527914,0.9929420936845934,100,10000,complete_repeat_5x6_vector,delete_one_complete_repeat_5x6_vector,809a3f2f1d77cce8aa4e86320f229cd025238ab79be8d1df66d61a601099ba7f
bdb2023_sack,game_equal_calibrated_log_loss,30,linear_structure,0.015376052949860332,0.013532633404730435,0.017993660243678895,0.95,BCa,0.10900313977014242,0.0552950385040044,0.058195580380164924,0.9927623064961357,100,10000,complete_repeat_5x6_vector,delete_one_complete_repeat_5x6_vector,809a3f2f1d77cce8aa4e86320f229cd025238ab79be8d1df66d61a601099ba7f
bdb2023_sack,game_equal_calibrated_log_loss,40,linear_structure,0.015390395836286026,0.013546257012534792,0.017934083873069048,0.95,BCa,0.10824670166073914,0.05127060041382752,0.05672052787474202,0.9922776694028725,100,10000,complete_repeat_5x6_vector,delete_one_complete_repeat_5x6_vector,809a3f2f1d77cce8aa4e86320f229cd025238ab79be8d1df66d61a601099ba7f
bdb2023_sack,game_equal_calibrated_log_loss,50,linear_structure,0.015184018252633633,0.013413251036440324,0.01759021181822633,0.95,BCa,0.1011895399606471,0.04842782224877215,0.054347938704028265,0.9915963205514171,100,10000,complete_repeat_5x6_vector,delete_one_complete_repeat_5x6_vector,809a3f2f1d77cce8aa4e86320f229cd025238ab79be8d1df66d61a601099ba7f
bdb2023_sack,game_equal_calibrated_log_loss,60,linear_structure,0.0149695895170576,0.01316556830886269,0.01741574923049775,0.95,BCa,0.10244936772754448,0.04929255860389656,0.054882038781466136,0.9917633804250301,100,10000,complete_repeat_5x6_vector,delete_one_complete_repeat_5x6_vector,809a3f2f1d77cce8aa4e86320f229cd025238ab79be8d1df66d61a601099ba7f
bdb2023_sack,game_equal_calibrated_log_loss,10,boosted_structure,0.015656416352297017,0.013789882270947351,0.01829852503524567,0.95,BCa,0.1077424440226698,0.05398698910162564,0.05750118929841758,0.9925596364816041,100,10000,complete_repeat_5x6_vector,delete_one_complete_repeat_5x6_vector,809a3f2f1d77cce8aa4e86320f229cd025238ab79be8d1df66d61a601099ba7f
bdb2023_sack,game_equal_calibrated_log_loss,20,boosted_structure,0.016067532145945893,0.014125116462643281,0.018992489655614054,0.95,BCa,0.1079945694091542,0.06115239925573039,0.05990495231243731,0.9933442982221046,100,10000,complete_repeat_5x6_vector,delete_one_complete_repeat_5x6_vector,809a3f2f1d77cce8aa4e86320f229cd025238ab79be8d1df66d61a601099ba7f
bdb2023_sack,game_equal_calibrated_log_loss,30,boosted_structure,0.01558962033072212,0.013681869833201861,0.01832377615024409,0.95,BCa,0.10547362176886818,0.05750010772165752,0.058170218149576625,0.9928426329669044,100,10000,complete_repeat_5x6_vector,delete_one_complete_repeat_5x6_vector,809a3f2f1d77cce8aa4e86320f229cd025238ab79be8d1df66d61a601099ba7f
bdb2023_sack,game_equal_calibrated_log_loss,40,boosted_structure,0.015422904879245188,0.013478938361662423,0.018299674305869984,0.95,BCa,0.10370935811965017,0.06232887266355255,0.0593739049921555,0.9932821854583938,100,10000,complete_repeat_5x6_vector,delete_one_complete_repeat_5x6_vector,809a3f2f1d77cce8aa4e86320f229cd025238ab79be8d1df66d61a601099ba7f
bdb2023_sack,game_equal_calibrated_log_loss,50,boosted_structure,0.015174720466738399,0.013363934370493293,0.017693345152049428,0.95,BCa,0.10093759374265115,0.05307116507961474,0.05578829444739186,0.9921309027523743,100,10000,complete_repeat_5x6_vector,delete_one_complete_repeat_5x6_vector,809a3f2f1d77cce8aa4e86320f229cd025238ab79be8d1df66d61a601099ba7f
bdb2023_sack,game_equal_calibrated_log_loss,60,boosted_structure,0.015207796630522321,0.013417163615256909,0.017661400945530557,0.95,BCa,0.11177728320980798,0.04612909192384183,0.05578002757321726,0.991856739218518,100,10000,complete_repeat_5x6_vector,delete_one_complete_repeat_5x6_vector,809a3f2f1d77cce8aa4e86320f229cd025238ab79be8d1df66d61a601099ba7f
bdb2023_sack,game_equal_calibrated_log_loss,10,relnet,0.014858748781519623,0.013016526452864137,0.017525249606385938,0.95,BCa,0.11379538129883492,0.05441666331675806,0.058928208614641764,0.992883723204117,100,10000,complete_repeat_5x6_vector,delete_one_complete_repeat_5x6_vector,809a3f2f1d77cce8aa4e86320f229cd025238ab79be8d1df66d61a601099ba7f
bdb2023_sack,game_equal_calibrated_log_loss,20,relnet,0.015450030189439998,0.013578306219111167,0.018091284631001577,0.95,BCa,0.10471746889621163,0.05276709253737181,0.056471524775692394,0.9922789980703983,100,10000,complete_repeat_5x6_vector,delete_one_complete_repeat_5x6_vector,809a3f2f1d77cce8aa4e86320f229cd025238ab79be8d1df66d61a601099ba7f
bdb2023_sack,game_equal_calibrated_log_loss,30,relnet,0.015239720309377997,0.013331303258084468,0.01798316860407793,0.95,BCa,0.1127862748359439,0.05364619139738488,0.05845803093143609,0.9927543965315574,100,10000,complete_repeat_5x6_vector,delete_one_complete_repeat_5x6_vector,809a3f2f1d77cce8aa4e86320f229cd025238ab79be8d1df66d61a601099ba7f
bdb2023_sack,game_equal_calibrated_log_loss,40,relnet,0.015358776651579233,0.013510622913734978,0.017856002286035753,0.95,BCa,0.09665547500856761,0.048043120760264305,0.05331184903989039,0.9913145485077339,100,10000,complete_repeat_5x6_vector,delete_one_complete_repeat_5x6_vector,809a3f2f1d77cce8aa4e86320f229cd025238ab79be8d1df66d61a601099ba7f
bdb2023_sack,game_equal_calibrated_log_loss,50,relnet,0.015043025813513883,0.01317490934987492,0.01757080111293969,0.95,BCa,0.10244936772754448,0.049613169250523816,0.05498516338596815,0.9918013333477403,100,10000,complete_repeat_5x6_vector,delete_one_complete_repeat_5x6_vector,809a3f2f1d77cce8aa4e86320f229cd025238ab79be8d1df66d61a601099ba7f
bdb2023_sack,game_equal_calibrated_log_loss,60,relnet,0.015209835954131815,0.013374629869992102,0.017802501240080957,0.95,BCa,0.1084988407938276,0.05196691402071174,0.05700044131149412,0.9923686001407925,100,10000,complete_repeat_5x6_vector,delete_one_complete_repeat_5x6_vector,809a3f2f1d77cce8aa4e86320f229cd025238ab79be8d1df66d61a601099ba7f
bdb2023_sack,game_equal_calibrated_log_loss,10,attn_relnet,0.01481637314315039,0.012976464880710203,0.017496500762121118,0.95,BCa,0.11707578313820405,0.05403389752333519,0.05950772412223865,0.9929888569751293,100,10000,complete_repeat_5x6_vector,delete_one_complete_repeat_5x6_vector,809a3f2f1d77cce8aa4e86320f229cd025238ab79be8d1df66d61a601099ba7f
bdb2023_sack,game_equal_calibrated_log_loss,20,attn_relnet,0.015457299120517657,0.013593787490011423,0.018075558251503237,0.95,BCa,0.10673401079978624,0.05222900375581272,0.056716693682605346,0.9923142984613218,100,10000,complete_repeat_5x6_vector,delete_one_complete_repeat_5x6_vector,809a3f2f1d77cce8aa4e86320f229cd025238ab79be8d1df66d61a601099ba7f
bdb2023_sack,game_equal_calibrated_log_loss,30,attn_relnet,0.015204059387953961,0.013301717896738533,0.01793478759881642,0.95,BCa,0.11379538129883492,0.054363103778182695,0.05891050440988377,0.992877935374036,100,10000,complete_repeat_5x6_vector,delete_one_complete_repeat_5x6_vector,809a3f2f1d77cce8aa4e86320f229cd025238ab79be8d1df66d61a601099ba7f
bdb2023_sack,game_equal_calibrated_log_loss,40,attn_relnet,0.015367929733717043,0.013512661684908757,0.017865167459974386,0.95,BCa,0.09816660462125527,0.047554426911251106,0.053459157923161804,0.9913339784837042,100,10000,complete_repeat_5x6_vector,delete_one_complete_repeat_5x6_vector,809a3f2f1d77cce8aa4e86320f229cd025238ab79be8d1df66d61a601099ba7f
bdb2023_sack,game_equal_calibrated_log_loss,50,attn_relnet,0.01503619396001269,0.013180776739572906,0.017573739487903025,0.95,BCa,0.10471746889621163,0.050234906706824525,0.0556514477509471,0.9919870946890261,100,10000,complete_repeat_5x6_vector,delete_one_complete_repeat_5x6_vector,809a3f2f1d77cce8aa4e86320f229cd025238ab79be8d1df66d61a601099ba7f
bdb2023_sack,game_equal_calibrated_log_loss,60,attn_relnet,0.015209200483118546,0.013378258069060848,0.017775283951610616,0.95,BCa,0.10648191949286798,0.05181005068975055,0.05652787155672373,0.9922545335218079,100,10000,complete_repeat_5x6_vector,delete_one_complete_repeat_5x6_vector,809a3f2f1d77cce8aa4e86320f229cd025238ab79be8d1df66d61a601099ba7f
bdb2023_sack,game_equal_calibrated_log_loss,10,set_transformer,0.015197260849407314,0.013382013134083872,0.017847215014591904,0.95,BCa,0.11253401620461544,0.05586107392331229,0.05913491848313046,0.9929828477762558,100,10000,complete_repeat_5x6_vector,delete_one_complete_repeat_5x6_vector,809a3f2f1d77cce8aa4e86320f229cd025238ab79be8d1df66d61a601099ba7f
bdb2023_sack,game_equal_calibrated_log_loss,20,set_transformer,0.015160018683521199,0.013350984727025521,0.017529610570559646,0.95,BCa,0.0933821132232494,0.04570838225125722,0.051925377793118344,0.9908478959640704,100,10000,complete_repeat_5x6_vector,delete_one_complete_repeat_5x6_vector,809a3f2f1d77cce8aa4e86320f229cd025238ab79be8d1df66d61a601099ba7f
bdb2023_sack,game_equal_calibrated_log_loss,30,set_transformer,0.015158452245471037,0.013228232214796569,0.017691745345176566,0.95,BCa,0.09489276913113849,0.05140949596209819,0.0540274911006316,0.9916321394618746,100,10000,complete_repeat_5x6_vector,delete_one_complete_repeat_5x6_vector,809a3f2f1d77cce8aa4e86320f229cd025238ab79be8d1df66d61a601099ba7f
bdb2023_sack,game_equal_calibrated_log_loss,40,set_transformer,0.015629396251099728,0.013772955827478756,0.018040550363826735,0.95,BCa,0.10295334425500394,0.043461916088972666,0.053115023718318166,0.991082950041019,100,10000,complete_repeat_5x6_vector,delete_one_complete_repeat_5x6_vector,809a3f2f1d77cce8aa4e86320f229cd025238ab79be8d1df66d61a601099ba7f
bdb2023_sack,game_equal_calibrated_log_loss,50,set_transformer,0.015040187757130119,0.013258308658541254,0.017570582429201037,0.95,BCa,0.10219738922948704,0.05703045681742293,0.05732919373809808,0.9926401898298447,100,10000,complete_repeat_5x6_vector,delete_one_complete_repeat_5x6_vector,809a3f2f1d77cce8aa4e86320f229cd025238ab79be8d1df66d61a601099ba7f
bdb2023_sack,game_equal_calibrated_log_loss,60,set_transformer,0.014619834255810434,0.012910965088462692,0.016944867175334232,0.95,BCa,0.09992987277793945,0.04776893365478465,0.05388224627326155,0.9914519958618229,100,10000,complete_repeat_5x6_vector,delete_one_complete_repeat_5x6_vector,809a3f2f1d77cce8aa4e86320f229cd025238ab79be8d1df66d61a601099ba7f
bdb2023_sack,calibration_bias,10,linear_structure,0.009177110490715533,0.008139700330439259,0.01053403772017759,0.95,BCa,0.11833780976534068,0.03433920893055023,0.053290713932182765,0.9907725172654434,100,10000,complete_repeat_5x6_vector,delete_one_complete_repeat_5x6_vector,809a3f2f1d77cce8aa4e86320f229cd025238ab79be8d1df66d61a601099ba7f
bdb2023_sack,calibration_bias,20,linear_structure,0.009246983168411214,0.00819043307091665,0.010632604993271299,0.95,BCa,0.10572568610707413,0.038103487952411405,0.05195882599033791,0.9905601188524179,100,10000,complete_repeat_5x6_vector,delete_one_complete_repeat_5x6_vector,809a3f2f1d77cce8aa4e86320f229cd025238ab79be8d1df66d61a601099ba7f
bdb2023_sack,calibration_bias,30,linear_structure,0.00914409954993422,0.00809759542015997,0.010503183638302428,0.95,BCa,0.11960002489866088,0.037485758181934614,0.05457830544113723,0.9912250494718633,100,10000,complete_repeat_5x6_vector,delete_one_complete_repeat_5x6_vector,809a3f2f1d77cce8aa4e86320f229cd025238ab79be8d1df66d61a601099ba7f
bdb2023_sack,calibration_bias,40,linear_structure,0.009347436686276852,0.008312474024747697,0.010654400503036615,0.95,BCa,0.11001182102288878,0.033049864202096456,0.051197699625307846,0.990149632213662,100,10000,complete_repeat_5x6_vector,delete_one_complete_repeat_5x6_vector,809a3f2f1d77cce8aa4e86320f229cd025238ab79be8d1df66d61a601099ba7f
bdb2023_sack,calibration_bias,50,linear_structure,0.009520891649418545,0.00843516291684097,0.010878979224504112,0.95,BCa,0.10244936772754448,0.03480987816903025,0.05026878736783791,0.9899474420758299,100,10000,complete_repeat_5x6_vector,delete_one_complete_repeat_5x6_vector,809a3f2f1d77cce8aa4e86320f229cd025238ab79be8d1df66d61a601099ba7f
bdb2023_sack,calibration_bias,60,linear_structure,0.009446175043522919,0.008433022933373783,0.010757571999130433,0.95,BCa,0.11202952040800261,0.03565096807961654,0.052435235280188175,0.9905952727757346,100,10000,complete_repeat_5x6_vector,delete_one_complete_repeat_5x6_vector,809a3f2f1d77cce8aa4e86320f229cd025238ab79be8d1df66d61a601099ba7f
bdb2023_sack,calibration_bias,10,boosted_structure,0.009274536328302876,0.008205063580949055,0.010588847703608914,0.95,BCa,0.1084988407938276,0.030982773473372333,0.05024097696220714,0.9897916263402273,100,10000,complete_repeat_5x6_vector,delete_one_complete_repeat_5x6_vector,809a3f2f1d77cce8aa4e86320f229cd025238ab79be8d1df66d61a601099ba7f
bdb2023_sack,calibration_bias,20,boosted_structure,0.009567625974365165,0.00847010045399266,0.010992730191054295,0.95,BCa,0.1079945694091542,0.036508101546115626,0.051901521831682784,0.9904820671370513,100,10000,complete_repeat_5x6_vector,delete_one_complete_repeat_5x6_vector,809a3f2f1d77cce8aa4e86320f229cd025238ab79be8d1df66d61a601099ba7f
bdb2023_sack,calibration_bias,30,boosted_structure,0.00916875661267705,0.00815181996199028,0.010515059701202402,0.95,BCa,0.12667201016581164,0.03619322731800635,0.055631130992340294,0.9914318145392738,100,10000,complete_repeat_5x6_vector,delete_one_complete_repeat_5x6_vector,809a3f2f1d77cce8aa4e86320f229cd025238ab79be8d1df66d61a601099ba7f
bdb2023_sack,calibration_bias,40,boosted_structure,0.009181132396809923,0.008140576081459483,0.01058447256391404,0.95,BCa,0.1193475666922751,0.0345061748650191,0.05355196549699576,0.990847234016114,100,10000,complete_repeat_5x6_vector,delete_one_complete_repeat_5x6_vector,809a3f2f1d77cce8aa4e86320f229cd025238ab79be8d1df66d61a601099ba7f
bdb2023_sack,calibration_bias,50,boosted_structure,0.009200163404617068,0.008125755843226726,0.010577632886936004,0.95,BCa,0.1049695131798047,0.03597984031084283,0.05113317014450891,0.9902447926931965,100,10000,complete_repeat_5x6_vector,delete_one_complete_repeat_5x6_vector,809a3f2f1d77cce8aa4e86320f229cd025238ab79be8d1df66d61a601099ba7f
bdb2023_sack,calibration_bias,60,boosted_structure,0.009110747461370373,0.008144202088514763,0.010365368272036673,0.95,BCa,0.11480460365242844,0.03331374643256697,0.05224101676487547,0.9904513329246305,100,10000,complete_repeat_5x6_vector,delete_one_complete_repeat_5x6_vector,809a3f2f1d77cce8aa4e86320f229cd025238ab79be8d1df66d61a601099ba7f
bdb2023_sack,calibration_bias,10,relnet,0.009099005461971505,0.00806140157964894,0.010531717055752012,0.95,BCa,0.12313524773483664,0.039901923185514374,0.05611375834879173,0.9916915751941089,100,10000,complete_repeat_5x6_vector,delete_one_complete_repeat_5x6_vector,809a3f2f1d77cce8aa4e86320f229cd025238ab79be8d1df66d61a601099ba7f
bdb2023_sack,calibration_bias,20,relnet,0.009397102427287135,0.008376599269619808,0.010820413521452625,0.95,BCa,0.11783297660947314,0.04302535292710048,0.05602838811382305,0.9917938767806593,100,10000,complete_repeat_5x6_vector,delete_one_complete_repeat_5x6_vector,809a3f2f1d77cce8aa4e86320f229cd025238ab79be8d1df66d61a601099ba7f
bdb2023_sack,calibration_bias,30,relnet,0.009208145475725541,0.008211130398005232,0.010552017917678094,0.95,BCa,0.11202952040800261,0.03964086150066746,0.053723353282351616,0.9910923935009127,100,10000,complete_repeat_5x6_vector,delete_one_complete_repeat_5x6_vector,809a3f2f1d77cce8aa4e86320f229cd025238ab79be8d1df66d61a601099ba7f
bdb2023_sack,calibration_bias,40,relnet,0.009399922820052729,0.008293878128641565,0.010796470181752576,0.95,BCa,0.09942605041158487,0.03413907160760952,0.04947209082728066,0.9896812684110606,100,10000,complete_repeat_5x6_vector,delete_one_complete_repeat_5x6_vector,809a3f2f1d77cce8aa4e86320f229cd025238ab79be8d1df66d61a601099ba7f
bdb2023_sack,calibration_bias,50,relnet,0.009101791701001125,0.008106943784928338,0.01050765952192607,0.95,BCa,0.12540870112199434,0.04531236675135341,0.058399980079543445,0.9924171582992906,100,10000,complete_repeat_5x6_vector,delete_one_complete_repeat_5x6_vector,809a3f2f1d77cce8aa4e86320f229cd025238ab79be8d1df66d61a601099ba7f
bdb2023_sack,calibration_bias,60,relnet,0.009328740230833516,0.008294373647560225,0.010729759743784812,0.95,BCa,0.1193475666922751,0.04119624957438357,0.0557442336791068,0.9916548300319723,100,10000,complete_repeat_5x6_vector,delete_one_complete_repeat_5x6_vector,809a3f2f1d77cce8aa4e86320f229cd025238ab79be8d1df66d61a601099ba7f
bdb2023_sack,calibration_bias,10,attn_relnet,0.009117489503673037,0.00807869962343527,0.010554590323182131,0.95,BCa,0.1165710248062833,0.04019332153077586,0.054836725902137395,0.9913952734919967,100,10000,complete_repeat_5x6_vector,delete_one_complete_repeat_5x6_vector,809a3f2f1d77cce8aa4e86320f229cd025238ab79be8d1df66d61a601099ba7f
bdb2023_sack,calibration_bias,20,attn_relnet,0.00931821022860505,0.008286839761367005,0.010775434465941557,0.95,BCa,0.11429997792338967,0.04526015747541729,0.056021988344555906,0.9918799651306708,100,10000,complete_repeat_5x6_vector,delete_one_complete_repeat_5x6_vector,809a3f2f1d77cce8aa4e86320f229cd025238ab79be8d1df66d61a601099ba7f
bdb2023_sack,calibration_bias,30,attn_relnet,0.009147334832415303,0.008140763470875194,0.01045983193851191,0.95,BCa,0.10749032548488587,0.03848803156495917,0.05243425833663451,0.9907056698691398,100,10000,complete_repeat_5x6_vector,delete_one_complete_repeat_5x6_vector,809a3f2f1d77cce8aa4e86320f229cd025238ab79be8d1df66d61a601099ba7f
bdb2023_sack,calibration_bias,40,attn_relnet,0.009358390773847272,0.008266726251057191,0.010754454510986954,0.95,BCa,0.10295334425500394,0.03539657216273285,0.05055237096486981,0.9900537973488039,100,10000,complete_repeat_5x6_vector,delete_one_complete_repeat_5x6_vector,809a3f2f1d77cce8aa4e86320f229cd025238ab79be8d1df66d61a601099ba7f
bdb2023_sack,calibration_bias,50,attn_relnet,0.008994179453594743,0.008013562317469141,0.010325015816302135,0.95,BCa,0.11455228714160764,0.04196893465962978,0.05499853388197906,0.9915047236188445,100,10000,complete_repeat_5x6_vector,delete_one_complete_repeat_5x6_vector,809a3f2f1d77cce8aa4e86320f229cd025238ab79be8d1df66d61a601099ba7f
bdb2023_sack,calibration_bias,60,attn_relnet,0.009303851377680389,0.008279526115263,0.010694791562224576,0.95,BCa,0.11505692747233794,0.04091222063504714,0.054758159959697406,0.9914040073850853,100,10000,complete_repeat_5x6_vector,delete_one_complete_repeat_5x6_vector,809a3f2f1d77cce8aa4e86320f229cd025238ab79be8d1df66d61a601099ba7f
bdb2023_sack,calibration_bias,10,set_transformer,0.009104473249980418,0.0080683347137055,0.010402661746632832,0.95,BCa,0.11253401620461544,0.03309781107305366,0.05171555636015357,0.9902976891181834,100,10000,complete_repeat_5x6_vector,delete_one_complete_repeat_5x6_vector,809a3f2f1d77cce8aa4e86320f229cd025238ab79be8d1df66d61a601099ba7f
bdb2023_sack,calibration_bias,20,set_transformer,0.009261981314045754,0.008201037235861238,0.010669089399533578,0.95,BCa,0.11480460365242844,0.03632133812674491,0.053213661937161816,0.9908296475046934,100,10000,complete_repeat_5x6_vector,delete_one_complete_repeat_5x6_vector,809a3f2f1d77cce8aa4e86320f229cd025238ab79be8d1df66d61a601099ba7f
bdb2023_sack,calibration_bias,30,set_transformer,0.009703364309741887,0.00853575456107099,0.011209435085390036,0.95,BCa,0.10421340026908517,0.04169123295022001,0.052802093972598496,0.9909302138278376,100,10000,complete_repeat_5x6_vector,delete_one_complete_repeat_5x6_vector,809a3f2f1d77cce8aa4e86320f229cd025238ab79be8d1df66d61a601099ba7f
bdb2023_sack,calibration_bias,40,set_transformer,0.008984586595628046,0.008025883015122259,0.0102412694516696,0.95,BCa,0.11329081364694277,0.03733289817262784,0.053233276533240115,0.9908743334835441,100,10000,complete_repeat_5x6_vector,delete_one_complete_repeat_5x6_vector,809a3f2f1d77cce8aa4e86320f229cd025238ab79be8d1df66d61a601099ba7f
bdb2023_sack,calibration_bias,50,set_transformer,0.009065246158911102,0.008074668719036731,0.010425012233748254,0.95,BCa,0.11404767598129187,0.04281872025598852,0.05517130761763234,0.9915803122890998,100,10000,complete_repeat_5x6_vector,delete_one_complete_repeat_5x6_vector,809a3f2f1d77cce8aa4e86320f229cd025238ab79be8d1df66d61a601099ba7f
bdb2023_sack,calibration_bias,60,set_transformer,0.009106508365218176,0.008104619856199891,0.010474011702465362,0.95,BCa,0.11606629617269623,0.04251258478762138,0.055490737912098964,0.9916456995922072,100,10000,complete_repeat_5x6_vector,delete_one_complete_repeat_5x6_vector,809a3f2f1d77cce8aa4e86320f229cd025238ab79be8d1df66d61a601099ba7f
bdb2023_sack,game_equal_calibration_bias,10,linear_structure,0.009517651407129554,0.00843978697269887,0.010924112730939692,0.95,BCa,0.11127283013139141,0.03425315041729467,0.05183412223641615,0.9903756166204778,100,10000,complete_repeat_5x6_vector,delete_one_complete_repeat_5x6_vector,809a3f2f1d77cce8aa4e86320f229cd025238ab79be8d1df66d61a601099ba7f
bdb2023_sack,game_equal_calibration_bias,20,linear_structure,0.009662436196014545,0.008547883162147751,0.011133465803582132,0.95,BCa,0.10900313977014242,0.03741337795387643,0.05239321107559519,0.9906525621095856,100,10000,complete_repeat_5x6_vector,delete_one_complete_repeat_5x6_vector,809a3f2f1d77cce8aa4e86320f229cd025238ab79be8d1df66d61a601099ba7f
bdb2023_sack,game_equal_calibration_bias,30,linear_structure,0.009543708089949102,0.008443267438872092,0.010968296884745083,0.95,BCa,0.11001182102288878,0.03727053166622547,0.05255002910652873,0.9906895551044478,100,10000,complete_repeat_5x6_vector,delete_one_complete_repeat_5x6_vector,809a3f2f1d77cce8aa4e86320f229cd025238ab79be8d1df66d61a601099ba7f
bdb2023_sack,game_equal_calibration_bias,40,linear_structure,0.009725954248934602,0.008628771038555914,0.011084104588135406,0.95,BCa,0.10295334425500394,0.032171683934440864,0.049536125186115,0.9896253050847028,100,10000,complete_repeat_5x6_vector,delete_one_complete_repeat_5x6_vector,809a3f2f1d77cce8aa4e86320f229cd025238ab79be8d1df66d61a601099ba7f
bdb2023_sack,game_equal_calibration_bias,50,linear_structure,0.009921851066542203,0.008775855631817,0.011361727280913897,0.95,BCa,0.10295334425500394,0.03484734892510998,0.05037894461013731,0.9899815033299766,100,10000,complete_repeat_5x6_vector,delete_one_complete_repeat_5x6_vector,809a3f2f1d77cce8aa4e86320f229cd025238ab79be8d1df66d61a601099ba7f
bdb2023_sack,game_equal_calibration_bias,60,linear_structure,0.009870667028721879,0.008809417826555229,0.011248353300618474,0.95,BCa,0.10749032548488587,0.034267993378744685,0.051086736885360584,0.9901650895873055,100,10000,complete_repeat_5x6_vector,delete_one_complete_repeat_5x6_vector,809a3f2f1d77cce8aa4e86320f229cd025238ab79be8d1df66d61a601099ba7f
bdb2023_sack,game_equal_calibration_bias,10,boosted_structure,0.00955003544480267,0.008438891810159265,0.010937652245745534,0.95,BCa,0.11102061421827876,0.031432228255215106,0.05088101908873888,0.9899961659153378,100,10000,complete_repeat_5x6_vector,delete_one_complete_repeat_5x6_vector,809a3f2f1d77cce8aa4e86320f229cd025238ab79be8d1df66d61a601099ba7f
bdb2023_sack,game_equal_calibration_bias,20,boosted_structure,0.009827190556616634,0.008692696508440447,0.011310178925284107,0.95,BCa,0.1079945694091542,0.03660139870209298,0.05193135165784302,0.9904939788937672,100,10000,complete_repeat_5x6_vector,delete_one_complete_repeat_5x6_vector,809a3f2f1d77cce8aa4e86320f229cd025238ab79be8d1df66d61a601099ba7f
bdb2023_sack,game_equal_calibration_bias,30,boosted_structure,0.009427939789967548,0.008359306297081795,0.010826357177393912,0.95,BCa,0.11758057130057153,0.036893929653034147,0.0539678139603163,0.9910477026095121,100,10000,complete_repeat_5x6_vector,delete_one_complete_repeat_5x6_vector,809a3f2f1d77cce8aa4e86320f229cd025238ab79be8d1df66d61a601099ba7f
bdb2023_sack,game_equal_calibration_bias,40,boosted_structure,0.009470553543123355,0.008370881670983652,0.010927105559314452,0.95,BCa,0.11303854064456521,0.03522399934093595,0.05250105544959199,0.9905964888975856,100,10000,complete_repeat_5x6_vector,delete_one_complete_repeat_5x6_vector,809a3f2f1d77cce8aa4e86320f229cd025238ab79be8d1df66d61a601099ba7f
bdb2023_sack,game_equal_calibration_bias,50,boosted_structure,0.009466184676673197,0.008347974225241663,0.010909173867245412,0.95,BCa,0.10320534231708231,0.03658552324480225,0.05097780592340234,0.9902236349506508,100,10000,complete_repeat_5x6_vector,delete_one_complete_repeat_5x6_vector,809a3f2f1d77cce8aa4e86320f229cd025238ab79be8d1df66d61a601099ba7f
bdb2023_sack,game_equal_calibration_bias,60,boosted_structure,0.009375519582729062,0.008365226194313796,0.01068009133274944,0.95,BCa,0.11102061421827876,0.033474283919473484,0.05153409053211211,0.9902614134847469,100,10000,complete_repeat_5x6_vector,delete_one_complete_repeat_5x6_vector,809a3f2f1d77cce8aa4e86320f229cd025238ab79be8d1df66d61a601099ba7f
bdb2023_sack,game_equal_calibration_bias,10,relnet,0.009356723420715713,0.008275447934419068,0.010844804107854267,0.95,BCa,0.12389299423746741,0.04080576923544393,0.05657370889457636,0.9918341079248265,100,10000,complete_repeat_5x6_vector,delete_one_complete_repeat_5x6_vector,809a3f2f1d77cce8aa4e86320f229cd025238ab79be8d1df66d61a601099ba7f
bdb2023_sack,game_equal_calibration_bias,20,relnet,0.00966859865116266,0.008615107653289754,0.011136467095183105,0.95,BCa,0.11530925861782557,0.04355531062605052,0.05567441171264709,0.9917306388915632,100,10000,complete_repeat_5x6_vector,delete_one_complete_repeat_5x6_vector,809a3f2f1d77cce8aa4e86320f229cd025238ab79be8d1df66d61a601099ba7f
bdb2023_sack,game_equal_calibration_bias,30,relnet,0.00955194776426284,0.008501976561554868,0.01093328216829802,0.95,BCa,0.11253401620461544,0.0386927110881559,0.05351929529464766,0.9910023775215275,100,10000,complete_repeat_5x6_vector,delete_one_complete_repeat_5x6_vector,809a3f2f1d77cce8aa4e86320f229cd025238ab79be8d1df66d61a601099ba7f
bdb2023_sack,game_equal_calibration_bias,40,relnet,0.009759067433344005,0.008582862684787612,0.011238398959913546,0.95,BCa,0.0936338743162688,0.03484507609850044,0.04858455847177107,0.989430946088051,100,10000,complete_repeat_5x6_vector,delete_one_complete_repeat_5x6_vector,809a3f2f1d77cce8aa4e86320f229cd025238ab79be8d1df66d61a601099ba7f
bdb2023_sack,game_equal_calibration_bias,50,relnet,0.009435623634076358,0.008377156494251409,0.01089533902811559,0.95,BCa,0.1127862748359439,0.04485976941056729,0.055575618890543466,0.9917581326989455,100,10000,complete_repeat_5x6_vector,delete_one_complete_repeat_5x6_vector,809a3f2f1d77cce8aa4e86320f229cd025238ab79be8d1df66d61a601099ba7f
bdb2023_sack,game_equal_calibration_bias,60,relnet,0.009655533656006533,0.00856314807428362,0.011097755432216349,0.95,BCa,0.10723821377940601,0.04135684883617479,0.05330388863828783,0.9910503198674883,100,10000,complete_repeat_5x6_vector,delete_one_complete_repeat_5x6_vector,809a3f2f1d77cce8aa4e86320f229cd025238ab79be8d1df66d61a601099ba7f
bdb2023_sack,game_equal_calibration_bias,10,attn_relnet,0.009377095018342125,0.008290375193343288,0.010865833272971387,0.95,BCa,0.11833780976534068,0.0410892707188364,0.05549780776652358,0.9915916066989336,100,10000,complete_repeat_5x6_vector,delete_one_complete_repeat_5x6_vector,809a3f2f1d77cce8aa4e86320f229cd025238ab79be8d1df66d61a601099ba7f
bdb2023_sack,game_equal_calibration_bias,20,attn_relnet,0.009605970655994236,0.008543301032987588,0.011117774512063642,0.95,BCa,0.11556159710538327,0.04526256775360586,0.05628696472553624,0.9919421814319671,100,10000,complete_repeat_5x6_vector,delete_one_complete_repeat_5x6_vector,809a3f2f1d77cce8aa4e86320f229cd025238ab79be8d1df66d61a601099ba7f
bdb2023_sack,game_equal_calibration_bias,30,attn_relnet,0.009492569231376077,0.008435624393839226,0.010850185640397254,0.95,BCa,0.10648191949286798,0.03764983145702325,0.05196470064939407,0.990544066188012,100,10000,complete_repeat_5x6_vector,delete_one_complete_repeat_5x6_vector,809a3f2f1d77cce8aa4e86320f229cd025238ab79be8d1df66d61a601099ba7f
bdb2023_sack,game_equal_calibration_bias,40,attn_relnet,0.009715007629254984,0.00856108009525385,0.011211626361424792,0.95,BCa,0.09766287001317432,0.03606868341321456,0.04973590053123811,0.9898360588914101,100,10000,complete_repeat_5x6_vector,delete_one_complete_repeat_5x6_vector,809a3f2f1d77cce8aa4e86320f229cd025238ab79be8d1df66d61a601099ba7f
bdb2023_sack,game_equal_calibration_bias,50,attn_relnet,0.009329377555777908,0.008302722171743923,0.010704940352023894,0.95,BCa,0.10572568610707413,0.04166024867225765,0.05309607603724559,0.9910073674666954,100,10000,complete_repeat_5x6_vector,delete_one_complete_repeat_5x6_vector,809a3f2f1d77cce8aa4e86320f229cd025238ab79be8d1df66d61a601099ba7f
bdb2023_sack,game_equal_calibration_bias,60,attn_relnet,0.009636094277628435,0.008548834052887,0.011071565773518777,0.95,BCa,0.10572568610707413,0.04106517575134687,0.052905419040976676,0.9909333645803674,100,10000,complete_repeat_5x6_vector,delete_one_complete_repeat_5x6_vector,809a3f2f1d77cce8aa4e86320f229cd025238ab79be8d1df66d61a601099ba7f
bdb2023_sack,game_equal_calibration_bias,10,set_transformer,0.009382430063988817,0.008302517527096973,0.010749491631517531,0.95,BCa,0.11404767598129187,0.03410210448341912,0.05234277290936262,0.9905097880527283,100,10000,complete_repeat_5x6_vector,delete_one_complete_repeat_5x6_vector,809a3f2f1d77cce8aa4e86320f229cd025238ab79be8d1df66d61a601099ba7f
bdb2023_sack,game_equal_calibration_bias,20,set_transformer,0.009535057208114586,0.00844019928633136,0.010986778022006807,0.95,BCa,0.11530925861782557,0.037587944188259385,0.05372771174910673,0.991013180679537,100,10000,complete_repeat_5x6_vector,delete_one_complete_repeat_5x6_vector,809a3f2f1d77cce8aa4e86320f229cd025238ab79be8d1df66d61a601099ba7f
bdb2023_sack,game_equal_calibration_bias,30,set_transformer,0.009988415179106494,0.008779497764125252,0.01156874469147035,0.95,BCa,0.10597775716289191,0.042078368629705015,0.053280985770687905,0.9910725553701345,100,10000,complete_repeat_5x6_vector,delete_one_complete_repeat_5x6_vector,809a3f2f1d77cce8aa4e86320f229cd025238ab79be8d1df66d61a601099ba7f
bdb2023_sack,game_equal_calibration_bias,40,set_transformer,0.009322267361144596,0.008310862171468059,0.010617597099123759,0.95,BCa,0.10900313977014242,0.036944485692405986,0.05224285156492875,0.9905932110648688,100,10000,complete_repeat_5x6_vector,delete_one_complete_repeat_5x6_vector,809a3f2f1d77cce8aa4e86320f229cd025238ab79be8d1df66d61a601099ba7f
bdb2023_sack,game_equal_calibration_bias,50,set_transformer,0.009352989633046937,0.008313527093083879,0.010787717200857954,0.95,BCa,0.11228176473412066,0.04241762297889985,0.05467580698443153,0.9914425788888568,100,10000,complete_repeat_5x6_vector,delete_one_complete_repeat_5x6_vector,809a3f2f1d77cce8aa4e86320f229cd025238ab79be8d1df66d61a601099ba7f
bdb2023_sack,game_equal_calibration_bias,60,set_transformer,0.009392921372523929,0.008350122080657678,0.010801485952744586,0.95,BCa,0.11228176473412066,0.04123341065779235,0.05429116712614929,0.9912997746310723,100,10000,complete_repeat_5x6_vector,delete_one_complete_repeat_5x6_vector,809a3f2f1d77cce8aa4e86320f229cd025238ab79be8d1df66d61a601099ba7f
bdb2023_sack,rms_reliability,10,linear_structure,0.007913666814295083,0.006928233398063433,0.009296764542062883,0.95,BCa,0.10345734693318248,0.04798704389530145,0.05466790790879217,0.9916591152887781,100,10000,complete_repeat_5x6_vector,delete_one_complete_repeat_5x6_vector,809a3f2f1d77cce8aa4e86320f229cd025238ab79be8d1df66d61a601099ba7f
bdb2023_sack,rms_reliability,20,linear_structure,0.008478065527963171,0.007303795865898349,0.010164996816854024,0.95,BCa,0.1011895399606471,0.06036214725730494,0.05819939000455249,0.992960109530957,100,10000,complete_repeat_5x6_vector,delete_one_complete_repeat_5x6_vector,809a3f2f1d77cce8aa4e86320f229cd025238ab79be8d1df66d61a601099ba7f
bdb2023_sack,rms_reliability,30,linear_structure,0.007938598656699113,0.006954517486081257,0.009246111499867024,0.95,BCa,0.12010496419685164,0.04560936377491485,0.05736148883546083,0.9922011456040105,100,10000,complete_repeat_5x6_vector,delete_one_complete_repeat_5x6_vector,809a3f2f1d77cce8aa4e86320f229cd025238ab79be8d1df66d61a601099ba7f
bdb2023_sack,rms_reliability,40,linear_structure,0.007851410653803173,0.006892665556959873,0.009204330434574517,0.95,BCa,0.11783297660947314,0.05057903445370669,0.05852349098189219,0.9926489457630088,100,10000,complete_repeat_5x6_vector,delete_one_complete_repeat_5x6_vector,809a3f2f1d77cce8aa4e86320f229cd025238ab79be8d1df66d61a601099ba7f
bdb2023_sack,rms_reliability,50,linear_structure,0.008584882025906116,0.00760995359494414,0.00972211138825117,0.95,BCa,0.09741101200999693,0.0266646137746606,0.04676964268735556,0.98852310417035,100,10000,complete_repeat_5x6_vector,delete_one_complete_repeat_5x6_vector,809a3f2f1d77cce8aa4e86320f229cd025238ab79be8d1df66d61a601099ba7f
bdb2023_sack,rms_reliability,60,linear_structure,0.008189781745569367,0.007140474195529331,0.010019381004266829,0.95,BCa,0.11631865678545307,0.08601578089530677,0.07010960949240125,0.9959037749653141,100,10000,complete_repeat_5x6_vector,delete_one_complete_repeat_5x6_vector,809a3f2f1d77cce8aa4e86320f229cd025238ab79be8d1df66d61a601099ba7f
bdb2023_sack,rms_reliability,10,boosted_structure,0.007503160049494783,0.006554065292745716,0.009353997882235086,0.95,BCa,0.15553444646378614,0.09342334687842102,0.08247833867009319,0.997381799218038,100,10000,complete_repeat_5x6_vector,delete_one_complete_repeat_5x6_vector,809a3f2f1d77cce8aa4e86320f229cd025238ab79be8d1df66d61a601099ba7f
bdb2023_sack,rms_reliability,20,boosted_structure,0.008841646574094116,0.007582050589989925,0.010995048112578502,0.95,BCa,0.11455228714160764,0.08902179584146586,0.07071736924642336,0.9960809230980178,100,10000,complete_repeat_5x6_vector,delete_one_complete_repeat_5x6_vector,809a3f2f1d77cce8aa4e86320f229cd025238ab79be8d1df66d61a601099ba7f
bdb2023_sack,rms_reliability,30,boosted_structure,0.007277955643538833,0.006512350188251132,0.008220142770847217,0.95,BCa,0.10421340026908517,0.02685285178452544,0.04811113519357263,0.988975429146025,100,10000,complete_repeat_5x6_vector,delete_one_complete_repeat_5x6_vector,809a3f2f1d77cce8aa4e86320f229cd025238ab79be8d1df66d61a601099ba7f
bdb2023_sack,rms_reliability,40,boosted_structure,0.008183751434449061,0.00709657750456705,0.00981211431198007,0.95,BCa,0.11808538942555302,0.06244398325826149,0.06253911485809721,0.99389461138082,100,10000,complete_repeat_5x6_vector,delete_one_complete_repeat_5x6_vector,809a3f2f1d77cce8aa4e86320f229cd025238ab79be8d1df66d61a601099ba7f
bdb2023_sack,rms_reliability,50,boosted_structure,0.008266579908488503,0.007446913937709173,0.009277110494896032,0.95,BCa,0.1004337205114699,0.025425116778572208,0.04695248466720087,0.9885390541717144,100,10000,complete_repeat_5x6_vector,delete_one_complete_repeat_5x6_vector,809a3f2f1d77cce8aa4e86320f229cd025238ab79be8d1df66d61a601099ba7f
bdb2023_sack,rms_reliability,60,boosted_structure,0.007094976880810334,0.006258078062761859,0.008205244514852451,0.95,BCa,0.11480460365242844,0.03800521751067914,0.053759985829097356,0.9910378295947704,100,10000,complete_repeat_5x6_vector,delete_one_complete_repeat_5x6_vector,809a3f2f1d77cce8aa4e86320f229cd025238ab79be8d1df66d61a601099ba7f
bdb2023_sack,rms_reliability,10,relnet,0.007400885855581699,0.006286833013791839,0.00953379748711107,0.95,BCa,0.11682340025169619,0.09422465243021388,0.07303064155941213,0.9965213295395676,100,10000,complete_repeat_5x6_vector,delete_one_complete_repeat_5x6_vector,809a3f2f1d77cce8aa4e86320f229cd025238ab79be8d1df66d61a601099ba7f
bdb2023_sack,rms_reliability,20,relnet,0.007796852211464896,0.00684523152422663,0.009006869399374767,0.95,BCa,0.0936338743162688,0.04398166283455052,0.05143240137797778,0.9906417600881676,100,10000,complete_repeat_5x6_vector,delete_one_complete_repeat_5x6_vector,809a3f2f1d77cce8aa4e86320f229cd025238ab79be8d1df66d61a601099ba7f
bdb2023_sack,rms_reliability,30,relnet,0.008203806042333896,0.007329318234024973,0.009229362686489837,0.95,BCa,0.09136823619113153,0.029251347756762767,0.04644118393181185,0.9885063718007643,100,10000,complete_repeat_5x6_vector,delete_one_complete_repeat_5x6_vector,809a3f2f1d77cce8aa4e86320f229cd025238ab79be8d1df66d61a601099ba7f
bdb2023_sack,rms_reliability,40,relnet,0.008626779926725114,0.007469681557318083,0.010642284929966243,0.95,BCa,0.12743009251227935,0.08397424620684762,0.07204730460307257,0.9960753727694716,100,10000,complete_repeat_5x6_vector,delete_one_complete_repeat_5x6_vector,809a3f2f1d77cce8aa4e86320f229cd025238ab79be8d1df66d61a601099ba7f
bdb2023_sack,rms_reliability,50,relnet,0.007397291098492301,0.0065405170120523375,0.008650985586451127,0.95,BCa,0.11026400878604582,0.055483558369961064,0.058525361488157124,0.9928401954927473,100,10000,complete_repeat_5x6_vector,delete_one_complete_repeat_5x6_vector,809a3f2f1d77cce8aa4e86320f229cd025238ab79be8d1df66d61a601099ba7f
bdb2023_sack,rms_reliability,60,relnet,0.006858765840109167,0.005956773542579307,0.008188241914831461,0.95,BCa,0.11530925861782557,0.060502272382931974,0.061277068495846965,0.9935870212451821,100,10000,complete_repeat_5x6_vector,delete_one_complete_repeat_5x6_vector,809a3f2f1d77cce8aa4e86320f229cd025238ab79be8d1df66d61a601099ba7f
bdb2023_sack,rms_reliability,10,attn_relnet,0.007185948930164263,0.006009788996705066,0.009447224666942155,0.95,BCa,0.1276828028810487,0.0979004864933658,0.07694679312383473,0.9970348691991582,100,10000,complete_repeat_5x6_vector,delete_one_complete_repeat_5x6_vector,809a3f2f1d77cce8aa4e86320f229cd025238ab79be8d1df66d61a601099ba7f
bdb2023_sack,rms_reliability,20,attn_relnet,0.007986577610223242,0.007011131602934449,0.00922279825908246,0.95,BCa,0.10698610888983635,0.041597238879325066,0.05333017392044914,0.9910666358381528,100,10000,complete_repeat_5x6_vector,delete_one_complete_repeat_5x6_vector,809a3f2f1d77cce8aa4e86320f229cd025238ab79be8d1df66d61a601099ba7f
bdb2023_sack,rms_reliability,30,attn_relnet,0.00827233573835071,0.007331989227000062,0.009357513094059928,0.95,BCa,0.09136823619113153,0.028366656329760404,0.04617139934835418,0.9883792484783841,100,10000,complete_repeat_5x6_vector,delete_one_complete_repeat_5x6_vector,809a3f2f1d77cce8aa4e86320f229cd025238ab79be8d1df66d61a601099ba7f
bdb2023_sack,rms_reliability,40,attn_relnet,0.008579115170917988,0.00724173694540686,0.0112812149920168,0.95,BCa,0.1481809063288236,0.11259990169526261,0.08745193433677878,0.9982073441618752,100,10000,complete_repeat_5x6_vector,delete_one_complete_repeat_5x6_vector,809a3f2f1d77cce8aa4e86320f229cd025238ab79be8d1df66d61a601099ba7f
bdb2023_sack,rms_reliability,50,attn_relnet,0.007700889869485466,0.006796851906923925,0.00884619512558043,0.95,BCa,0.09589999317755757,0.03772872222767533,0.0499147476186802,0.989954288259749,100,10000,complete_repeat_5x6_vector,delete_one_complete_repeat_5x6_vector,809a3f2f1d77cce8aa4e86320f229cd025238ab79be8d1df66d61a601099ba7f
bdb2023_sack,rms_reliability,60,attn_relnet,0.006779070568823745,0.0059308929417006395,0.007927859975157797,0.95,BCa,0.10698610888983635,0.049837293893807234,0.055991779234149164,0.9920522703669573,100,10000,complete_repeat_5x6_vector,delete_one_complete_repeat_5x6_vector,809a3f2f1d77cce8aa4e86320f229cd025238ab79be8d1df66d61a601099ba7f
bdb2023_sack,rms_reliability,10,set_transformer,0.008491032186915388,0.007626041671632037,0.009600074785969422,0.95,BCa,0.10093759374265115,0.03424899143202394,0.04979854354056812,0.9897849214471708,100,10000,complete_repeat_5x6_vector,delete_one_complete_repeat_5x6_vector,809a3f2f1d77cce8aa4e86320f229cd025238ab79be8d1df66d61a601099ba7f
bdb2023_sack,rms_reliability,20,set_transformer,0.007778264813693227,0.006910584564824882,0.009103092864613348,0.95,BCa,0.1236404041872332,0.05818603961189488,0.06234087576307179,0.9936969019066588,100,10000,complete_repeat_5x6_vector,delete_one_complete_repeat_5x6_vector,809a3f2f1d77cce8aa4e86320f229cd025238ab79be8d1df66d61a601099ba7f
bdb2023_sack,rms_reliability,30,set_transformer,0.008754796967310623,0.007699251924639021,0.010027973943764652,0.95,BCa,0.07426440435498613,0.04186530682981102,0.0471183519272006,0.9892151888626466,100,10000,complete_repeat_5x6_vector,delete_one_complete_repeat_5x6_vector,809a3f2f1d77cce8aa4e86320f229cd025238ab79be8d1df66d61a601099ba7f
bdb2023_sack,rms_reliability,40,set_transformer,0.008183419793259879,0.007126549215246798,0.00958528267090706,0.95,BCa,0.10345734693318248,0.04119770353286911,0.05249325933294269,0.9908275687575611,100,10000,complete_repeat_5x6_vector,delete_one_complete_repeat_5x6_vector,809a3f2f1d77cce8aa4e86320f229cd025238ab79be8d1df66d61a601099ba7f
bdb2023_sack,rms_reliability,50,set_transformer,0.007890939481604863,0.007030868988211956,0.009182021886506058,0.95,BCa,0.10320534231708231,0.0609454387457583,0.058814885102082715,0.9931131366482852,100,10000,complete_repeat_5x6_vector,delete_one_complete_repeat_5x6_vector,809a3f2f1d77cce8aa4e86320f229cd025238ab79be8d1df66d61a601099ba7f
bdb2023_sack,rms_reliability,60,set_transformer,0.008180578944046335,0.007071551898370952,0.00975779342320324,0.95,BCa,0.09262686539181775,0.05936480955970281,0.05610187362143848,0.9924513125568604,100,10000,complete_repeat_5x6_vector,delete_one_complete_repeat_5x6_vector,809a3f2f1d77cce8aa4e86320f229cd025238ab79be8d1df66d61a601099ba7f
bdb2023_sack,game_equal_rms_reliability,10,linear_structure,0.012806953101476408,0.011334760570942572,0.014923164077067256,0.95,BCa,0.12793552140422815,0.048028238406342696,0.059862245817478954,0.9928281951690572,100,10000,complete_repeat_5x6_vector,delete_one_complete_repeat_5x6_vector,809a3f2f1d77cce8aa4e86320f229cd025238ab79be8d1df66d61a601099ba7f
bdb2023_sack,game_equal_rms_reliability,20,linear_structure,0.011638746192261006,0.010505495699682137,0.013013084435684703,0.95,BCa,0.10698610888983635,0.026033174954874203,0.048384888231662704,0.9890322344676526,100,10000,complete_repeat_5x6_vector,delete_one_complete_repeat_5x6_vector,809a3f2f1d77cce8aa4e86320f229cd025238ab79be8d1df66d61a601099ba7f
bdb2023_sack,game_equal_rms_reliability,30,linear_structure,0.011767290149919906,0.01034641788810168,0.01361821713584592,0.95,BCa,0.11606629617269623,0.03720382417873177,0.053757875886007334,0.9910059363899149,100,10000,complete_repeat_5x6_vector,delete_one_complete_repeat_5x6_vector,809a3f2f1d77cce8aa4e86320f229cd025238ab79be8d1df66d61a601099ba7f
bdb2023_sack,game_equal_rms_reliability,40,linear_structure,0.011456125560414032,0.009948721946401774,0.013602506219674512,0.95,BCa,0.11859023764536891,0.05184247940101246,0.059106150447994554,0.9928208931581566,100,10000,complete_repeat_5x6_vector,delete_one_complete_repeat_5x6_vector,809a3f2f1d77cce8aa4e86320f229cd025238ab79be8d1df66d61a601099ba7f
bdb2023_sack,game_equal_rms_reliability,50,linear_structure,0.011675843144481021,0.010424075793922122,0.013368139175393007,0.95,BCa,0.12995756514932058,0.04356580002368424,0.058800447168810555,0.9924344387273278,100,10000,complete_repeat_5x6_vector,delete_one_complete_repeat_5x6_vector,809a3f2f1d77cce8aa4e86320f229cd025238ab79be8d1df66d61a601099ba7f
bdb2023_sack,game_equal_rms_reliability,60,linear_structure,0.010188030610801325,0.00868883070226732,0.01219975937418363,0.95,BCa,0.09438919327026572,0.05054269944794185,0.053651392380968166,0.9915013394964791,100,10000,complete_repeat_5x6_vector,delete_one_complete_repeat_5x6_vector,809a3f2f1d77cce8aa4e86320f229cd025238ab79be8d1df66d61a601099ba7f
bdb2023_sack,game_equal_rms_reliability,10,boosted_structure,0.012622120669172806,0.011145545788166632,0.014497375428665396,0.95,BCa,0.10547362176886818,0.036700046260398626,0.05146170243427284,0.9903662845346949,100,10000,complete_repeat_5x6_vector,delete_one_complete_repeat_5x6_vector,809a3f2f1d77cce8aa4e86320f229cd025238ab79be8d1df66d61a601099ba7f
bdb2023_sack,game_equal_rms_reliability,20,boosted_structure,0.01364332200294972,0.01191415665632231,0.015885787746004246,0.95,BCa,0.10320534231708231,0.03703113927744693,0.05111894177656001,0.9902815326107504,100,10000,complete_repeat_5x6_vector,delete_one_complete_repeat_5x6_vector,809a3f2f1d77cce8aa4e86320f229cd025238ab79be8d1df66d61a601099ba7f
bdb2023_sack,game_equal_rms_reliability,30,boosted_structure,0.013168224026726065,0.01157633060093693,0.015006820346531287,0.95,BCa,0.08558037461755254,0.027335850064667638,0.044806297205544576,0.9878476887691379,100,10000,complete_repeat_5x6_vector,delete_one_complete_repeat_5x6_vector,809a3f2f1d77cce8aa4e86320f229cd025238ab79be8d1df66d61a601099ba7f
bdb2023_sack,game_equal_rms_reliability,40,boosted_structure,0.012758099766188361,0.011176510874282168,0.014678303605743277,0.95,BCa,0.10270135273060467,0.04040982008139114,0.05209174092004776,0.9906868644338138,100,10000,complete_repeat_5x6_vector,delete_one_complete_repeat_5x6_vector,809a3f2f1d77cce8aa4e86320f229cd025238ab79be8d1df66d61a601099ba7f
bdb2023_sack,game_equal_rms_reliability,50,boosted_structure,0.012320411305865928,0.010935112383114353,0.013984753526478573,0.95,BCa,0.0870899673254245,0.028138210884465498,0.045320522586588696,0.988066453079945,100,10000,complete_repeat_5x6_vector,delete_one_complete_repeat_5x6_vector,809a3f2f1d77cce8aa4e86320f229cd025238ab79be8d1df66d61a601099ba7f
bdb2023_sack,game_equal_rms_reliability,60,boosted_structure,0.011847716898691744,0.010503534266660154,0.013746825213030467,0.95,BCa,0.11354309385954282,0.047932617758676486,0.056739287763369284,0.9921512937917626,100,10000,complete_repeat_5x6_vector,delete_one_complete_repeat_5x6_vector,809a3f2f1d77cce8aa4e86320f229cd025238ab79be8d1df66d61a601099ba7f
bdb2023_sack,game_equal_rms_reliability,10,relnet,0.015033350543143809,0.013460670390034984,0.017004832588823602,0.95,BCa,0.10925529964619017,0.029824204178092138,0.05002149556713509,0.9896817843333517,100,10000,complete_repeat_5x6_vector,delete_one_complete_repeat_5x6_vector,809a3f2f1d77cce8aa4e86320f229cd025238ab79be8d1df66d61a601099ba7f
bdb2023_sack,game_equal_rms_reliability,20,relnet,0.0143265297883291,0.012602920496391579,0.016534821422573183,0.95,BCa,0.08004684318254934,0.0461607276507339,0.049495966929466784,0.9901531518298223,100,10000,complete_repeat_5x6_vector,delete_one_complete_repeat_5x6_vector,809a3f2f1d77cce8aa4e86320f229cd025238ab79be8d1df66d61a601099ba7f
bdb2023_sack,game_equal_rms_reliability,30,relnet,0.014030267436407102,0.01249497196623761,0.01599278530308083,0.95,BCa,0.11480460365242844,0.034109978520986864,0.052498116045980536,0.9905522946283016,100,10000,complete_repeat_5x6_vector,delete_one_complete_repeat_5x6_vector,809a3f2f1d77cce8aa4e86320f229cd025238ab79be8d1df66d61a601099ba7f
bdb2023_sack,game_equal_rms_reliability,40,relnet,0.012342979876008528,0.011092211202662189,0.01396788946949263,0.95,BCa,0.11404767598129187,0.03342661632930602,0.05212498161991597,0.9904239081029935,100,10000,complete_repeat_5x6_vector,delete_one_complete_repeat_5x6_vector,809a3f2f1d77cce8aa4e86320f229cd025238ab79be8d1df66d61a601099ba7f
bdb2023_sack,game_equal_rms_reliability,50,relnet,0.012314869912351598,0.0109881464852322,0.0140703209183319,0.95,BCa,0.10421340026908517,0.042615611948077864,0.05309767488273187,0.9910452013130132,100,10000,complete_repeat_5x6_vector,delete_one_complete_repeat_5x6_vector,809a3f2f1d77cce8aa4e86320f229cd025238ab79be8d1df66d61a601099ba7f
bdb2023_sack,game_equal_rms_reliability,60,relnet,0.012113963522327457,0.010794594167301184,0.013783576467506881,0.95,BCa,0.09287860877725654,0.03568596354747478,0.04870152147130169,0.989500306471264,100,10000,complete_repeat_5x6_vector,delete_one_complete_repeat_5x6_vector,809a3f2f1d77cce8aa4e86320f229cd025238ab79be8d1df66d61a601099ba7f
bdb2023_sack,game_equal_rms_reliability,10,attn_relnet,0.014087689857738415,0.012524544796901538,0.01603925045222676,0.95,BCa,0.10345734693318248,0.03227935250948543,0.04966762403085773,0.9896694844400966,100,10000,complete_repeat_5x6_vector,delete_one_complete_repeat_5x6_vector,809a3f2f1d77cce8aa4e86320f229cd025238ab79be8d1df66d61a601099ba7f
bdb2023_sack,game_equal_rms_reliability,20,attn_relnet,0.013976914754331922,0.012320152251837824,0.016274853263681187,0.95,BCa,0.10219738922948704,0.046935630618506544,0.05407411455175837,0.991468366951047,100,10000,complete_repeat_5x6_vector,delete_one_complete_repeat_5x6_vector,809a3f2f1d77cce8aa4e86320f229cd025238ab79be8d1df66d61a601099ba7f
bdb2023_sack,game_equal_rms_reliability,30,attn_relnet,0.014362239566938021,0.012689305079217925,0.01636734829999357,0.95,BCa,0.10270135273060467,0.032335158579490576,0.049538744405151325,0.9896323789228846,100,10000,complete_repeat_5x6_vector,delete_one_complete_repeat_5x6_vector,809a3f2f1d77cce8aa4e86320f229cd025238ab79be8d1df66d61a601099ba7f
bdb2023_sack,game_equal_rms_reliability,40,attn_relnet,0.011517434803246953,0.010209834348088679,0.013289248883797263,0.95,BCa,0.11783297660947314,0.04251791818841807,0.055861565280252934,0.9917345373597231,100,10000,complete_repeat_5x6_vector,delete_one_complete_repeat_5x6_vector,809a3f2f1d77cce8aa4e86320f229cd025238ab79be8d1df66d61a601099ba7f
bdb2023_sack,game_equal_rms_reliability,50,attn_relnet,0.013648658032820102,0.012054438515197404,0.016152718646257,0.95,BCa,0.12743009251227935,0.06307681806533887,0.06485730526781674,0.9943185766193727,100,10000,complete_repeat_5x6_vector,delete_one_complete_repeat_5x6_vector,809a3f2f1d77cce8aa4e86320f229cd025238ab79be8d1df66d61a601099ba7f
bdb2023_sack,game_equal_rms_reliability,60,attn_relnet,0.01180934485350788,0.010479324673660317,0.01355514103460793,0.95,BCa,0.1004337205114699,0.039213252971655566,0.05126414166608423,0.9904079243422159,100,10000,complete_repeat_5x6_vector,delete_one_complete_repeat_5x6_vector,809a3f2f1d77cce8aa4e86320f229cd025238ab79be8d1df66d61a601099ba7f
bdb2023_sack,game_equal_rms_reliability,10,set_transformer,0.014873498010034956,0.012790737294450426,0.017630018169411524,0.95,BCa,0.10018179346565421,0.049002718380209156,0.054327655530917895,0.9916137781454134,100,10000,complete_repeat_5x6_vector,delete_one_complete_repeat_5x6_vector,809a3f2f1d77cce8aa4e86320f229cd025238ab79be8d1df66d61a601099ba7f
bdb2023_sack,game_equal_rms_reliability,20,set_transformer,0.014369135593996055,0.01267099088317657,0.016666415177415666,0.95,BCa,0.11429997792338967,0.04336891685893999,0.05540333506870593,0.991658197022257,100,10000,complete_repeat_5x6_vector,delete_one_complete_repeat_5x6_vector,809a3f2f1d77cce8aa4e86320f229cd025238ab79be8d1df66d61a601099ba7f
bdb2023_sack,game_equal_rms_reliability,30,set_transformer,0.01121236299771138,0.009863236758327445,0.012910659183535405,0.95,BCa,0.10950746646938428,0.031960227443645794,0.05075028066394105,0.989978706490299,100,10000,complete_repeat_5x6_vector,delete_one_complete_repeat_5x6_vector,809a3f2f1d77cce8aa4e86320f229cd025238ab79be8d1df66d61a601099ba7f
bdb2023_sack,game_equal_rms_reliability,40,set_transformer,0.011884925407036884,0.010130961180678253,0.015167317511322463,0.95,BCa,0.12919923691977347,0.09262300930249963,0.07548253537084093,0.9967321604178656,100,10000,complete_repeat_5x6_vector,delete_one_complete_repeat_5x6_vector,809a3f2f1d77cce8aa4e86320f229cd025238ab79be8d1df66d61a601099ba7f
bdb2023_sack,game_equal_rms_reliability,50,set_transformer,0.011897486127246204,0.010628697083942335,0.013403864052314505,0.95,BCa,0.09136823619113153,0.030115385406000506,0.04670506941952668,0.9886298277101877,100,10000,complete_repeat_5x6_vector,delete_one_complete_repeat_5x6_vector,809a3f2f1d77cce8aa4e86320f229cd025238ab79be8d1df66d61a601099ba7f
bdb2023_sack,game_equal_rms_reliability,60,set_transformer,0.01177148242424759,0.010171696332804389,0.014049536484086238,0.95,BCa,0.13273874487280113,0.048269571630438275,0.06100538341050815,0.9930644907192294,100,10000,complete_repeat_5x6_vector,delete_one_complete_repeat_5x6_vector,809a3f2f1d77cce8aa4e86320f229cd025238ab79be8d1df66d61a601099ba7f
bdb2023_sack,mean_entropy,10,linear_structure,0.01563811426589691,0.014153712520125906,0.017612685832066127,0.95,BCa,0.1395696774051373,0.03129898208259518,0.05674538753201308,0.9915015436046288,100,10000,complete_repeat_5x6_vector,delete_one_complete_repeat_5x6_vector,809a3f2f1d77cce8aa4e86320f229cd025238ab79be8d1df66d61a601099ba7f
bdb2023_sack,mean_entropy,20,linear_structure,0.015587284003461965,0.014098281923276354,0.017531772633737553,0.95,BCa,0.11833780976534068,0.032030881241496875,0.05254054889960008,0.9904828552624123,100,10000,complete_repeat_5x6_vector,delete_one_complete_repeat_5x6_vector,809a3f2f1d77cce8aa4e86320f229cd025238ab79be8d1df66d61a601099ba7f
bdb2023_sack,mean_entropy,30,linear_structure,0.015499922383673117,0.014005642809543653,0.017376936538302835,0.95,BCa,0.12187249377624015,0.02627181763226386,0.05138753970128923,0.9899415417494521,100,10000,complete_repeat_5x6_vector,delete_one_complete_repeat_5x6_vector,809a3f2f1d77cce8aa4e86320f229cd025238ab79be8d1df66d61a601099ba7f
bdb2023_sack,mean_entropy,40,linear_structure,0.01594318097316849,0.014433228347043157,0.01781259763300247,0.95,BCa,0.12313524773483664,0.028049185502961864,0.05222055202108139,0.9902413770714442,100,10000,complete_repeat_5x6_vector,delete_one_complete_repeat_5x6_vector,809a3f2f1d77cce8aa4e86320f229cd025238ab79be8d1df66d61a601099ba7f
bdb2023_sack,mean_entropy,50,linear_structure,0.016175545800531526,0.014484181744245688,0.018522886864069544,0.95,BCa,0.13021035781267926,0.04027898713115531,0.05774997951452815,0.9920789646027031,100,10000,complete_repeat_5x6_vector,delete_one_complete_repeat_5x6_vector,809a3f2f1d77cce8aa4e86320f229cd025238ab79be8d1df66d61a601099ba7f
bdb2023_sack,mean_entropy,60,linear_structure,0.016415769962173865,0.01467918272263284,0.01868845156915891,0.95,BCa,0.11076840536730806,0.03422226703674785,0.05172341458622742,0.9903435508199806,100,10000,complete_repeat_5x6_vector,delete_one_complete_repeat_5x6_vector,809a3f2f1d77cce8aa4e86320f229cd025238ab79be8d1df66d61a601099ba7f
bdb2023_sack,mean_entropy,10,boosted_structure,0.016234699299349634,0.014601421183536585,0.018456308796609963,0.95,BCa,0.12439819806905468,0.03453344663241696,0.05460547334026944,0.9911163017430892,100,10000,complete_repeat_5x6_vector,delete_one_complete_repeat_5x6_vector,809a3f2f1d77cce8aa4e86320f229cd025238ab79be8d1df66d61a601099ba7f
bdb2023_sack,mean_entropy,20,boosted_structure,0.016910962486257976,0.01520639826067723,0.019165318832367467,0.95,BCa,0.12060993411930736,0.031851189720809,0.05294473092203805,0.9905841607822643,100,10000,complete_repeat_5x6_vector,delete_one_complete_repeat_5x6_vector,809a3f2f1d77cce8aa4e86320f229cd025238ab79be8d1df66d61a601099ba7f
bdb2023_sack,mean_entropy,30,boosted_structure,0.01590543521595199,0.014324022651041407,0.018023328732512132,0.95,BCa,0.1276828028810487,0.037536227732613746,0.05629153247630875,0.9916405548435907,100,10000,complete_repeat_5x6_vector,delete_one_complete_repeat_5x6_vector,809a3f2f1d77cce8aa4e86320f229cd025238ab79be8d1df66d61a601099ba7f
bdb2023_sack,mean_entropy,40,boosted_structure,0.015714207741573224,0.014080826983912635,0.017781657217133356,0.95,BCa,0.11429997792338967,0.030013325588132293,0.05107793689574358,0.9899979633051759,100,10000,complete_repeat_5x6_vector,delete_one_complete_repeat_5x6_vector,809a3f2f1d77cce8aa4e86320f229cd025238ab79be8d1df66d61a601099ba7f
bdb2023_sack,mean_entropy,50,boosted_structure,0.015481006364444532,0.013789066390858263,0.017703680693105264,0.95,BCa,0.12086243060603684,0.03638924178011734,0.054480551467462945,0.9911576916999691,100,10000,complete_repeat_5x6_vector,delete_one_complete_repeat_5x6_vector,809a3f2f1d77cce8aa4e86320f229cd025238ab79be8d1df66d61a601099ba7f
bdb2023_sack,mean_entropy,60,boosted_structure,0.016312062480319207,0.014661316197443175,0.018378643784988286,0.95,BCa,0.11455228714160764,0.02726076398686202,0.05024648627103745,0.9896502469750175,100,10000,complete_repeat_5x6_vector,delete_one_complete_repeat_5x6_vector,809a3f2f1d77cce8aa4e86320f229cd025238ab79be8d1df66d61a601099ba7f
bdb2023_sack,mean_entropy,10,relnet,0.015327244105638415,0.013734128085957094,0.017437210233814726,0.95,BCa,0.11606629617269623,0.03522514600984929,0.05311510394319824,0.99076084477416,100,10000,complete_repeat_5x6_vector,delete_one_complete_repeat_5x6_vector,809a3f2f1d77cce8aa4e86320f229cd025238ab79be8d1df66d61a601099ba7f
bdb2023_sack,mean_entropy,20,relnet,0.016214474064999006,0.014582497666565941,0.01835779466336866,0.95,BCa,0.11581394295150717,0.03539543549726583,0.0531189593238412,0.9907685101826069,100,10000,complete_repeat_5x6_vector,delete_one_complete_repeat_5x6_vector,809a3f2f1d77cce8aa4e86320f229cd025238ab79be8d1df66d61a601099ba7f
bdb2023_sack,mean_entropy,30,relnet,0.015264366013672967,0.013718065879838579,0.017296195302552362,0.95,BCa,0.11985249072800197,0.03310725188782571,0.05319924844905627,0.9907004237869937,100,10000,complete_repeat_5x6_vector,delete_one_complete_repeat_5x6_vector,809a3f2f1d77cce8aa4e86320f229cd025238ab79be8d1df66d61a601099ba7f
bdb2023_sack,mean_entropy,40,relnet,0.016011551696770605,0.014304394053245642,0.01826864022149437,0.95,BCa,0.11758057130057153,0.03970554889006236,0.054886485261440965,0.9913884409904239,100,10000,complete_repeat_5x6_vector,delete_one_complete_repeat_5x6_vector,809a3f2f1d77cce8aa4e86320f229cd025238ab79be8d1df66d61a601099ba7f
bdb2023_sack,mean_entropy,50,relnet,0.015090863252845435,0.013544915470314476,0.017132467227302012,0.95,BCa,0.12111493479852256,0.036098302610534753,0.054437466407275925,0.9911355074458328,100,10000,complete_repeat_5x6_vector,delete_one_complete_repeat_5x6_vector,809a3f2f1d77cce8aa4e86320f229cd025238ab79be8d1df66d61a601099ba7f
bdb2023_sack,mean_entropy,60,relnet,0.01598286508667112,0.014418172653009927,0.018116596308736205,0.95,BCa,0.12540870112199434,0.03541374062443899,0.0551072876881345,0.9912745731645178,100,10000,complete_repeat_5x6_vector,delete_one_complete_repeat_5x6_vector,809a3f2f1d77cce8aa4e86320f229cd025238ab79be8d1df66d61a601099ba7f
bdb2023_sack,mean_entropy,10,attn_relnet,0.015346580844121866,0.013708638005810512,0.017458022111307,0.95,BCa,0.10723821377940601,0.03432888227945675,0.05105629233513337,0.9901587124524889,100,10000,complete_repeat_5x6_vector,delete_one_complete_repeat_5x6_vector,809a3f2f1d77cce8aa4e86320f229cd025238ab79be8d1df66d61a601099ba7f
bdb2023_sack,mean_entropy,20,attn_relnet,0.015795151196516696,0.014220982424190341,0.01797385661930323,0.95,BCa,0.1309687857971021,0.039991366941094175,0.05781720724137385,0.992082534496008,100,10000,complete_repeat_5x6_vector,delete_one_complete_repeat_5x6_vector,809a3f2f1d77cce8aa4e86320f229cd025238ab79be8d1df66d61a601099ba7f
bdb2023_sack,mean_entropy,30,attn_relnet,0.015181013840248876,0.0136711145591623,0.01717406309774393,0.95,BCa,0.12161996636704842,0.03184867373709637,0.05315053960279065,0.9906385423701153,100,10000,complete_repeat_5x6_vector,delete_one_complete_repeat_5x6_vector,809a3f2f1d77cce8aa4e86320f229cd025238ab79be8d1df66d61a601099ba7f
bdb2023_sack,mean_entropy,40,attn_relnet,0.015884013209601193,0.014172034464243543,0.01816063441893898,0.95,BCa,0.11076840536730806,0.04141815452016485,0.054041160243458175,0.9912435718726187,100,10000,complete_repeat_5x6_vector,delete_one_complete_repeat_5x6_vector,809a3f2f1d77cce8aa4e86320f229cd025238ab79be8d1df66d61a601099ba7f
bdb2023_sack,mean_entropy,50,attn_relnet,0.014957510024862924,0.013419851043444037,0.016923265870703346,0.95,BCa,0.1190951160922949,0.032987345923076714,0.05300544113590011,0.9906445359904429,100,10000,complete_repeat_5x6_vector,delete_one_complete_repeat_5x6_vector,809a3f2f1d77cce8aa4e86320f229cd025238ab79be8d1df66d61a601099ba7f
bdb2023_sack,mean_entropy,60,attn_relnet,0.01585452331293264,0.014286532338741862,0.01797718753652094,0.95,BCa,0.12010496419685164,0.03575380909997088,0.05411557219871577,0.9910407646195718,100,10000,complete_repeat_5x6_vector,delete_one_complete_repeat_5x6_vector,809a3f2f1d77cce8aa4e86320f229cd025238ab79be8d1df66d61a601099ba7f
bdb2023_sack,mean_entropy,10,set_transformer,0.015450352416357359,0.013940704006613298,0.017391563661233247,0.95,BCa,0.12894647737445522,0.03141839656538314,0.05452619916621165,0.9909747893464933,100,10000,complete_repeat_5x6_vector,delete_one_complete_repeat_5x6_vector,809a3f2f1d77cce8aa4e86320f229cd025238ab79be8d1df66d61a601099ba7f
bdb2023_sack,mean_entropy,20,set_transformer,0.016026913568918392,0.014543253531811937,0.01810173733130816,0.95,BCa,0.13830420796140463,0.03978929935776554,0.059351508235226724,0.9924027958917161,100,10000,complete_repeat_5x6_vector,delete_one_complete_repeat_5x6_vector,809a3f2f1d77cce8aa4e86320f229cd025238ab79be8d1df66d61a601099ba7f
bdb2023_sack,mean_entropy,30,set_transformer,0.016148404236185594,0.014420693552222431,0.018397479082914926,0.95,BCa,0.12263012270251442,0.03859839039656463,0.05557648633614326,0.9915129098648082,100,10000,complete_repeat_5x6_vector,delete_one_complete_repeat_5x6_vector,809a3f2f1d77cce8aa4e86320f229cd025238ab79be8d1df66d61a601099ba7f
bdb2023_sack,mean_entropy,40,set_transformer,0.014895076049994542,0.0133949838358685,0.016746775148713734,0.95,BCa,0.11001182102288878,0.030420015696210348,0.050359302732181255,0.9898049331334329,100,10000,complete_repeat_5x6_vector,delete_one_complete_repeat_5x6_vector,809a3f2f1d77cce8aa4e86320f229cd025238ab79be8d1df66d61a601099ba7f
bdb2023_sack,mean_entropy,50,set_transformer,0.015281894856676064,0.013813943657933436,0.01717082378674588,0.95,BCa,0.12263012270251442,0.03213427540896096,0.05345130964599337,0.9907285013342291,100,10000,complete_repeat_5x6_vector,delete_one_complete_repeat_5x6_vector,809a3f2f1d77cce8aa4e86320f229cd025238ab79be8d1df66d61a601099ba7f
bdb2023_sack,mean_entropy,60,set_transformer,0.015077536454894742,0.013592709632652104,0.016997563593138455,0.95,BCa,0.12414559219253689,0.03196347808584328,0.0537077311245413,0.9907883137928046,100,10000,complete_repeat_5x6_vector,delete_one_complete_repeat_5x6_vector,809a3f2f1d77cce8aa4e86320f229cd025238ab79be8d1df66d61a601099ba7f
bdb2023_sack,game_equal_mean_entropy,10,linear_structure,0.01571052577742311,0.014200110539496586,0.017731015166273956,0.95,BCa,0.13400325567523477,0.032767033653211625,0.056044265715996466,0.9913958841886502,100,10000,complete_repeat_5x6_vector,delete_one_complete_repeat_5x6_vector,809a3f2f1d77cce8aa4e86320f229cd025238ab79be8d1df66d61a601099ba7f
bdb2023_sack,game_equal_mean_entropy,20,linear_structure,0.015709455704979527,0.014185948671435777,0.0177008015746091,0.95,BCa,0.11581394295150717,0.032748835907426936,0.05226219582592978,0.990435155614584,100,10000,complete_repeat_5x6_vector,delete_one_complete_repeat_5x6_vector,809a3f2f1d77cce8aa4e86320f229cd025238ab79be8d1df66d61a601099ba7f
bdb2023_sack,game_equal_mean_entropy,30,linear_structure,0.0155990338340075,0.01408163152857459,0.017510476649559837,0.95,BCa,0.12111493479852256,0.02650478813595979,0.05131059668645355,0.9899287925578513,100,10000,complete_repeat_5x6_vector,delete_one_complete_repeat_5x6_vector,809a3f2f1d77cce8aa4e86320f229cd025238ab79be8d1df66d61a601099ba7f
bdb2023_sack,game_equal_mean_entropy,40,linear_structure,0.01602478429452901,0.014504753708530778,0.017914817887304084,0.95,BCa,0.12465081188363734,0.028088529185070755,0.05254228756024837,0.9903301964787912,100,10000,complete_repeat_5x6_vector,delete_one_complete_repeat_5x6_vector,809a3f2f1d77cce8aa4e86320f229cd025238ab79be8d1df66d61a601099ba7f
bdb2023_sack,game_equal_mean_entropy,50,linear_structure,0.016320451571424102,0.014605959602332972,0.01871418179750527,0.95,BCa,0.1334974257548597,0.04118875649913451,0.058770592089526785,0.9923353803248217,100,10000,complete_repeat_5x6_vector,delete_one_complete_repeat_5x6_vector,809a3f2f1d77cce8aa4e86320f229cd025238ab79be8d1df66d61a601099ba7f
bdb2023_sack,game_equal_mean_entropy,60,linear_structure,0.016529983747073703,0.01477997276145787,0.01884430393928096,0.95,BCa,0.11429997792338967,0.03482491772220524,0.052627065997693734,0.9906149830718431,100,10000,complete_repeat_5x6_vector,delete_one_complete_repeat_5x6_vector,809a3f2f1d77cce8aa4e86320f229cd025238ab79be8d1df66d61a601099ba7f
bdb2023_sack,game_equal_mean_entropy,10,boosted_structure,0.016238547486911593,0.014587835436910012,0.018473422011453803,0.95,BCa,0.12187249377624015,0.03425874441121277,0.05399100925682093,0.9909506044389165,100,10000,complete_repeat_5x6_vector,delete_one_complete_repeat_5x6_vector,809a3f2f1d77cce8aa4e86320f229cd025238ab79be8d1df66d61a601099ba7f
bdb2023_sack,game_equal_mean_entropy,20,boosted_structure,0.016977056170698893,0.015266737708690841,0.01923993315374091,0.95,BCa,0.12010496419685164,0.03164962196334952,0.0527760572461457,0.9905313349011271,100,10000,complete_repeat_5x6_vector,delete_one_complete_repeat_5x6_vector,809a3f2f1d77cce8aa4e86320f229cd025238ab79be8d1df66d61a601099ba7f
bdb2023_sack,game_equal_mean_entropy,30,boosted_structure,0.01596695835932269,0.014381205247776443,0.018089713881659718,0.95,BCa,0.1269246961713192,0.037331146271605636,0.05606244963617096,0.9915788081336943,100,10000,complete_repeat_5x6_vector,delete_one_complete_repeat_5x6_vector,809a3f2f1d77cce8aa4e86320f229cd025238ab79be8d1df66d61a601099ba7f
bdb2023_sack,game_equal_mean_entropy,40,boosted_structure,0.015769800049344692,0.014124312997085242,0.017833180655311236,0.95,BCa,0.11253401620461544,0.02982695809296204,0.05066777071602008,0.9898724227519498,100,10000,complete_repeat_5x6_vector,delete_one_complete_repeat_5x6_vector,809a3f2f1d77cce8aa4e86320f229cd025238ab79be8d1df66d61a601099ba7f
bdb2023_sack,game_equal_mean_entropy,50,boosted_structure,0.015512256429703072,0.013826900829310745,0.017733611515849887,0.95,BCa,0.12288268129946614,0.036121158591665044,0.05481256305549942,0.9912298174159477,100,10000,complete_repeat_5x6_vector,delete_one_complete_repeat_5x6_vector,809a3f2f1d77cce8aa4e86320f229cd025238ab79be8d1df66d61a601099ba7f
bdb2023_sack,game_equal_mean_entropy,60,boosted_structure,0.016321905098825893,0.014673195707380128,0.018385552165126343,0.95,BCa,0.11530925861782557,0.027129653330288103,0.050354120359423105,0.9896769444247673,100,10000,complete_repeat_5x6_vector,delete_one_complete_repeat_5x6_vector,809a3f2f1d77cce8aa4e86320f229cd025238ab79be8d1df66d61a601099ba7f
bdb2023_sack,game_equal_mean_entropy,10,relnet,0.015338872503890414,0.013719840890254076,0.017473636729459497,0.95,BCa,0.11303854064456521,0.03580553310900032,0.0526886326024843,0.9906697894222275,100,10000,complete_repeat_5x6_vector,delete_one_complete_repeat_5x6_vector,809a3f2f1d77cce8aa4e86320f229cd025238ab79be8d1df66d61a601099ba7f
bdb2023_sack,game_equal_mean_entropy,20,relnet,0.01622095801232175,0.01455843582921328,0.018339936738396425,0.95,BCa,0.11001182102288878,0.03540454162413928,0.05195114479119611,0.9904528774569621,100,10000,complete_repeat_5x6_vector,delete_one_complete_repeat_5x6_vector,809a3f2f1d77cce8aa4e86320f229cd025238ab79be8d1df66d61a601099ba7f
bdb2023_sack,game_equal_mean_entropy,30,relnet,0.015416128505045595,0.013857478485680638,0.01746112415738944,0.95,BCa,0.12187249377624015,0.032894386040916455,0.053544195672375505,0.9907823069988426,100,10000,complete_repeat_5x6_vector,delete_one_complete_repeat_5x6_vector,809a3f2f1d77cce8aa4e86320f229cd025238ab79be8d1df66d61a601099ba7f
bdb2023_sack,game_equal_mean_entropy,40,relnet,0.01614368283055988,0.014398453244358097,0.018495911966823788,0.95,BCa,0.11556159710538327,0.041727615645946056,0.05512894756397424,0.9915271956463912,100,10000,complete_repeat_5x6_vector,delete_one_complete_repeat_5x6_vector,809a3f2f1d77cce8aa4e86320f229cd025238ab79be8d1df66d61a601099ba7f
bdb2023_sack,game_equal_mean_entropy,50,relnet,0.015187440109602613,0.01363394545021575,0.017246781644003117,0.95,BCa,0.1271773902812563,0.03630901849904315,0.055776286519571394,0.9914710125494179,100,10000,complete_repeat_5x6_vector,delete_one_complete_repeat_5x6_vector,809a3f2f1d77cce8aa4e86320f229cd025238ab79be8d1df66d61a601099ba7f
bdb2023_sack,game_equal_mean_entropy,60,relnet,0.01610406737720584,0.014516206262085534,0.018221693795622624,0.95,BCa,0.11960002489866088,0.03400560403631485,0.05344045897641542,0.990798671859054,100,10000,complete_repeat_5x6_vector,delete_one_complete_repeat_5x6_vector,809a3f2f1d77cce8aa4e86320f229cd025238ab79be8d1df66d61a601099ba7f
bdb2023_sack,game_equal_mean_entropy,10,attn_relnet,0.015362666884506404,0.013701574562627716,0.01749901180049495,0.95,BCa,0.10219738922948704,0.034939095230529627,0.050260405272311404,0.9899499456524952,100,10000,complete_repeat_5x6_vector,delete_one_complete_repeat_5x6_vector,809a3f2f1d77cce8aa4e86320f229cd025238ab79be8d1df66d61a601099ba7f
bdb2023_sack,game_equal_mean_entropy,20,attn_relnet,0.01582803880206115,0.014240081058160372,0.017993226319833303,0.95,BCa,0.1269246961713192,0.039730945034955945,0.056861354984506673,0.9918580536503923,100,10000,complete_repeat_5x6_vector,delete_one_complete_repeat_5x6_vector,809a3f2f1d77cce8aa4e86320f229cd025238ab79be8d1df66d61a601099ba7f
bdb2023_sack,game_equal_mean_entropy,30,attn_relnet,0.015323565271236222,0.0137849685229237,0.01729765056698996,0.95,BCa,0.11455228714160764,0.031612136492652536,0.051642000075330985,0.9902194886970253,100,10000,complete_repeat_5x6_vector,delete_one_complete_repeat_5x6_vector,809a3f2f1d77cce8aa4e86320f229cd025238ab79be8d1df66d61a601099ba7f
bdb2023_sack,game_equal_mean_entropy,40,attn_relnet,0.016007943045363356,0.014265809728205316,0.018356643966481886,0.95,BCa,0.11303854064456521,0.044028059832128694,0.05535662330363089,0.9916727504855645,100,10000,complete_repeat_5x6_vector,delete_one_complete_repeat_5x6_vector,809a3f2f1d77cce8aa4e86320f229cd025238ab79be8d1df66d61a601099ba7f
bdb2023_sack,game_equal_mean_entropy,50,attn_relnet,0.015040352108617759,0.013489721197468277,0.017029748415884942,0.95,BCa,0.12060993411930736,0.03284028160926086,0.05326727568733414,0.9907078977097501,100,10000,complete_repeat_5x6_vector,delete_one_complete_repeat_5x6_vector,809a3f2f1d77cce8aa4e86320f229cd025238ab79be8d1df66d61a601099ba7f
bdb2023_sack,game_equal_mean_entropy,60,attn_relnet,0.015983144330531038,0.01439813736603383,0.018095440020798832,0.95,BCa,0.11833780976534068,0.0344315471955411,0.0533207723767688,0.9907840034951929,100,10000,complete_repeat_5x6_vector,delete_one_complete_repeat_5x6_vector,809a3f2f1d77cce8aa4e86320f229cd025238ab79be8d1df66d61a601099ba7f
bdb2023_sack,game_equal_mean_entropy,10,set_transformer,0.015502817068776873,0.013978108733810762,0.017455356976097867,0.95,BCa,0.12919923691977347,0.032056023204777975,0.05479049866374014,0.9910653849937983,100,10000,complete_repeat_5x6_vector,delete_one_complete_repeat_5x6_vector,809a3f2f1d77cce8aa4e86320f229cd025238ab79be8d1df66d61a601099ba7f
bdb2023_sack,game_equal_mean_entropy,20,set_transformer,0.0160446134951789,0.014567930245629726,0.01814902015038237,0.95,BCa,0.142354500038514,0.040812202191903124,0.06060260127421896,0.9926965535289056,100,10000,complete_repeat_5x6_vector,delete_one_complete_repeat_5x6_vector,809a3f2f1d77cce8aa4e86320f229cd025238ab79be8d1df66d61a601099ba7f
bdb2023_sack,game_equal_mean_entropy,30,set_transformer,0.016149031062062624,0.014433603286129817,0.018373451473084595,0.95,BCa,0.12161996636704842,0.03745782919021978,0.05498918385949636,0.9913256636276301,100,10000,complete_repeat_5x6_vector,delete_one_complete_repeat_5x6_vector,809a3f2f1d77cce8aa4e86320f229cd025238ab79be8d1df66d61a601099ba7f
bdb2023_sack,game_equal_mean_entropy,40,set_transformer,0.015075477147792836,0.013568256875569394,0.016950931074847037,0.95,BCa,0.10900313977014242,0.03116572393811037,0.05039811017199847,0.9898450838594687,100,10000,complete_repeat_5x6_vector,delete_one_complete_repeat_5x6_vector,809a3f2f1d77cce8aa4e86320f229cd025238ab79be8d1df66d61a601099ba7f
bdb2023_sack,game_equal_mean_entropy,50,set_transformer,0.015338281108043887,0.013870336419789745,0.017219234188833824,0.95,BCa,0.12136744671333508,0.031874925023082014,0.05310738765386702,0.9906281788767746,100,10000,complete_repeat_5x6_vector,delete_one_complete_repeat_5x6_vector,809a3f2f1d77cce8aa4e86320f229cd025238ab79be8d1df66d61a601099ba7f
bdb2023_sack,game_equal_mean_entropy,60,set_transformer,0.015151595527008368,0.013656668133501053,0.017059598786740245,0.95,BCa,0.11859023764536891,0.03163404057027756,0.05246301208413662,0.9904464497133785,100,10000,complete_repeat_5x6_vector,delete_one_complete_repeat_5x6_vector,809a3f2f1d77cce8aa4e86320f229cd025238ab79be8d1df66d61a601099ba7f
bdb2023_sack,mean_va_imprecision,10,linear_structure,0.0016972173909793778,0.0014938283952192091,0.001965229646396938,0.95,BCa,0.12161996636704842,0.04093483630316189,0.05613568351302567,0.9917371942560469,100,10000,complete_repeat_5x6_vector,delete_one_complete_repeat_5x6_vector,809a3f2f1d77cce8aa4e86320f229cd025238ab79be8d1df66d61a601099ba7f
bdb2023_sack,mean_va_imprecision,20,linear_structure,0.0018532447379734595,0.0015255732624913309,0.0023286817291170783,0.95,BCa,0.10547362176886818,0.06698736818834623,0.06128265216280898,0.9938352225625011,100,10000,complete_repeat_5x6_vector,delete_one_complete_repeat_5x6_vector,809a3f2f1d77cce8aa4e86320f229cd025238ab79be8d1df66d61a601099ba7f
bdb2023_sack,mean_va_imprecision,30,linear_structure,0.002071151069419974,0.0016482190496321584,0.0030290664495223095,0.95,BCa,0.16848721607341707,0.13522780721792366,0.1013978759385954,0.9992034132841263,100,10000,complete_repeat_5x6_vector,delete_one_complete_repeat_5x6_vector,809a3f2f1d77cce8aa4e86320f229cd025238ab79be8d1df66d61a601099ba7f
bdb2023_sack,mean_va_imprecision,40,linear_structure,0.0018320009500824308,0.0013996792616997262,0.0028493646061802025,0.95,BCa,0.17535588766513832,0.1515135006340317,0.10945840622079706,0.9995687508318194,100,10000,complete_repeat_5x6_vector,delete_one_complete_repeat_5x6_vector,809a3f2f1d77cce8aa4e86320f229cd025238ab79be8d1df66d61a601099ba7f
bdb2023_sack,mean_va_imprecision,50,linear_structure,0.0018474585339973728,0.0015978268219536264,0.0023429362249607535,0.95,BCa,0.1360269195874457,0.09678780884865894,0.07864647531271723,0.997157667431871,100,10000,complete_repeat_5x6_vector,delete_one_complete_repeat_5x6_vector,809a3f2f1d77cce8aa4e86320f229cd025238ab79be8d1df66d61a601099ba7f
bdb2023_sack,mean_va_imprecision,60,linear_structure,0.0019051993553062994,0.0015724072056463576,0.002509656460789414,0.95,BCa,0.12465081188363734,0.09399707779056335,0.0748446937866456,0.9967090210636266,100,10000,complete_repeat_5x6_vector,delete_one_complete_repeat_5x6_vector,809a3f2f1d77cce8aa4e86320f229cd025238ab79be8d1df66d61a601099ba7f
bdb2023_sack,mean_va_imprecision,10,boosted_structure,0.0014581592271355303,0.001274149601019015,0.00167647771755159,0.95,BCa,0.09715916018568779,0.028098438172825944,0.04716438138628837,0.9887104608197257,100,10000,complete_repeat_5x6_vector,delete_one_complete_repeat_5x6_vector,809a3f2f1d77cce8aa4e86320f229cd025238ab79be8d1df66d61a601099ba7f
bdb2023_sack,mean_va_imprecision,20,boosted_structure,0.0015501846697250092,0.0013775543837947345,0.0018391933581680979,0.95,BCa,0.12793552140422815,0.06741485672821769,0.06645823722355065,0.9947340781553864,100,10000,complete_repeat_5x6_vector,delete_one_complete_repeat_5x6_vector,809a3f2f1d77cce8aa4e86320f229cd025238ab79be8d1df66d61a601099ba7f
bdb2023_sack,mean_va_imprecision,30,boosted_structure,0.00142079556060319,0.0012627699989587746,0.0016272029622309415,0.95,BCa,0.12010496419685164,0.037397617354935894,0.054654159723572626,0.9912404991206676,100,10000,complete_repeat_5x6_vector,delete_one_complete_repeat_5x6_vector,809a3f2f1d77cce8aa4e86320f229cd025238ab79be8d1df66d61a601099ba7f
bdb2023_sack,mean_va_imprecision,40,boosted_structure,0.0013790388137462585,0.0011868887920869558,0.0016467847825654902,0.95,BCa,0.10144149260200486,0.05770788359808082,0.05739092594127165,0.9926803389209019,100,10000,complete_repeat_5x6_vector,delete_one_complete_repeat_5x6_vector,809a3f2f1d77cce8aa4e86320f229cd025238ab79be8d1df66d61a601099ba7f
bdb2023_sack,mean_va_imprecision,50,boosted_structure,0.0014166830883451855,0.001213933850860931,0.0017716691666227686,0.95,BCa,0.1395696774051373,0.07959440591470898,0.07346756045517655,0.9960970784434536,100,10000,complete_repeat_5x6_vector,delete_one_complete_repeat_5x6_vector,809a3f2f1d77cce8aa4e86320f229cd025238ab79be8d1df66d61a601099ba7f
bdb2023_sack,mean_va_imprecision,60,boosted_structure,0.001432388553420063,0.0012520753138243023,0.0017401204775903487,0.95,BCa,0.14260772015982812,0.07048643273011254,0.07100019158666065,0.9954861366199503,100,10000,complete_repeat_5x6_vector,delete_one_complete_repeat_5x6_vector,809a3f2f1d77cce8aa4e86320f229cd025238ab79be8d1df66d61a601099ba7f
bdb2023_sack,mean_va_imprecision,10,relnet,0.0015627674515683455,0.001391534687520212,0.0017843355937527533,0.95,BCa,0.11329081364694277,0.03197293882652464,0.051505637510688373,0.990195185554368,100,10000,complete_repeat_5x6_vector,delete_one_complete_repeat_5x6_vector,809a3f2f1d77cce8aa4e86320f229cd025238ab79be8d1df66d61a601099ba7f
bdb2023_sack,mean_va_imprecision,20,relnet,0.0017302654462636301,0.0015293949985074153,0.001991782902230749,0.95,BCa,0.12439819806905468,0.0357986536215523,0.05502279867273735,0.991268955946935,100,10000,complete_repeat_5x6_vector,delete_one_complete_repeat_5x6_vector,809a3f2f1d77cce8aa4e86320f229cd025238ab79be8d1df66d61a601099ba7f
bdb2023_sack,mean_va_imprecision,30,relnet,0.0017343230789133096,0.0015321955476620284,0.002016160217164494,0.95,BCa,0.12389299423746741,0.042881081398469,0.05726328389905477,0.9920723926739516,100,10000,complete_repeat_5x6_vector,delete_one_complete_repeat_5x6_vector,809a3f2f1d77cce8aa4e86320f229cd025238ab79be8d1df66d61a601099ba7f
bdb2023_sack,mean_va_imprecision,40,relnet,0.0016590209842449613,0.0014694971578373167,0.001925505390796981,0.95,BCa,0.09741101200999693,0.043971410487394495,0.05217212677602501,0.9908482417305129,100,10000,complete_repeat_5x6_vector,delete_one_complete_repeat_5x6_vector,809a3f2f1d77cce8aa4e86320f229cd025238ab79be8d1df66d61a601099ba7f
bdb2023_sack,mean_va_imprecision,50,relnet,0.0016668298010410949,0.001471857196483554,0.002009006568511033,0.95,BCa,0.12515606339348145,0.08216364934655357,0.07087802638212648,0.9958712282078682,100,10000,complete_repeat_5x6_vector,delete_one_complete_repeat_5x6_vector,809a3f2f1d77cce8aa4e86320f229cd025238ab79be8d1df66d61a601099ba7f
bdb2023_sack,mean_va_imprecision,60,relnet,0.0014045777440188825,0.00120630555582536,0.0016412297342853145,0.95,BCa,0.08054978767948894,0.039051125542260264,0.04742412839702592,0.9892116715137045,100,10000,complete_repeat_5x6_vector,delete_one_complete_repeat_5x6_vector,809a3f2f1d77cce8aa4e86320f229cd025238ab79be8d1df66d61a601099ba7f
bdb2023_sack,mean_va_imprecision,10,attn_relnet,0.0015751232225565653,0.0013995813036338652,0.0017972367267656397,0.95,BCa,0.09287860877725654,0.0348344321932548,0.04843819481219769,0.9893837686776981,100,10000,complete_repeat_5x6_vector,delete_one_complete_repeat_5x6_vector,809a3f2f1d77cce8aa4e86320f229cd025238ab79be8d1df66d61a601099ba7f
bdb2023_sack,mean_va_imprecision,20,attn_relnet,0.0017094446595598259,0.001516970424072919,0.0019520779129770431,0.95,BCa,0.12212502895749144,0.02892644076850394,0.05230085845798049,0.9902972776193393,100,10000,complete_repeat_5x6_vector,delete_one_complete_repeat_5x6_vector,809a3f2f1d77cce8aa4e86320f229cd025238ab79be8d1df66d61a601099ba7f
bdb2023_sack,mean_va_imprecision,30,attn_relnet,0.0017450348003565604,0.001534925380878905,0.002023910344685586,0.95,BCa,0.10219738922948704,0.039991503526249944,0.0518587938095218,0.9906059438094954,100,10000,complete_repeat_5x6_vector,delete_one_complete_repeat_5x6_vector,809a3f2f1d77cce8aa4e86320f229cd025238ab79be8d1df66d61a601099ba7f
bdb2023_sack,mean_va_imprecision,40,attn_relnet,0.001619320675658602,0.0014422443248662028,0.0018506315537426914,0.95,BCa,0.10673401079978624,0.032408816154017125,0.050347293502987445,0.9898780145055893,100,10000,complete_repeat_5x6_vector,delete_one_complete_repeat_5x6_vector,809a3f2f1d77cce8aa4e86320f229cd025238ab79be8d1df66d61a601099ba7f
bdb2023_sack,mean_va_imprecision,50,attn_relnet,0.0016694074545725132,0.001448365622040936,0.002025763652435696,0.95,BCa,0.11102061421827876,0.07426789075558969,0.06492603768905225,0.9947427992796294,100,10000,complete_repeat_5x6_vector,delete_one_complete_repeat_5x6_vector,809a3f2f1d77cce8aa4e86320f229cd025238ab79be8d1df66d61a601099ba7f
bdb2023_sack,mean_va_imprecision,60,attn_relnet,0.0014942948544405346,0.001293692030111633,0.0017443881943521539,0.95,BCa,0.10093759374265115,0.03817608789162461,0.05103541863998723,0.9903020082750114,100,10000,complete_repeat_5x6_vector,delete_one_complete_repeat_5x6_vector,809a3f2f1d77cce8aa4e86320f229cd025238ab79be8d1df66d61a601099ba7f
bdb2023_sack,mean_va_imprecision,10,set_transformer,0.0017143646524854846,0.0015236426419203283,0.0019555626173024675,0.95,BCa,0.0961518143516292,0.034715373820993364,0.04902365640935413,0.989564549730692,100,10000,complete_repeat_5x6_vector,delete_one_complete_repeat_5x6_vector,809a3f2f1d77cce8aa4e86320f229cd025238ab79be8d1df66d61a601099ba7f
bdb2023_sack,mean_va_imprecision,20,set_transformer,0.0018419075456871522,0.001662977077466374,0.002067497485059535,0.95,BCa,0.11960002489866088,0.02762009939948676,0.051366983686414014,0.9899877448468486,100,10000,complete_repeat_5x6_vector,delete_one_complete_repeat_5x6_vector,809a3f2f1d77cce8aa4e86320f229cd025238ab79be8d1df66d61a601099ba7f
bdb2023_sack,mean_va_imprecision,30,set_transformer,0.0018182267271864864,0.0014872178170776938,0.002376104909600032,0.95,BCa,0.124903433652905,0.09005766058585311,0.07354283063812272,0.996445664145236,100,10000,complete_repeat_5x6_vector,delete_one_complete_repeat_5x6_vector,809a3f2f1d77cce8aa4e86320f229cd025238ab79be8d1df66d61a601099ba7f
bdb2023_sack,mean_va_imprecision,40,set_transformer,0.0016115688186574308,0.0013816722968535682,0.0019531818296071317,0.95,BCa,0.11480460365242844,0.057575034263318066,0.06019263375162287,0.9932638981887874,100,10000,complete_repeat_5x6_vector,delete_one_complete_repeat_5x6_vector,809a3f2f1d77cce8aa4e86320f229cd025238ab79be8d1df66d61a601099ba7f
bdb2023_sack,mean_va_imprecision,50,set_transformer,0.0016321083034718045,0.0014007948413129847,0.0019479512701176696,0.95,BCa,0.10471746889621163,0.04792907430814235,0.054906825690021366,0.9917159743013378,100,10000,complete_repeat_5x6_vector,delete_one_complete_repeat_5x6_vector,809a3f2f1d77cce8aa4e86320f229cd025238ab79be8d1df66d61a601099ba7f
bdb2023_sack,mean_va_imprecision,60,set_transformer,0.0014702701928618212,0.001278701914843256,0.0017242381984010026,0.95,BCa,0.09892225328197578,0.04302521178000639,0.05217188683487339,0.9908111622318109,100,10000,complete_repeat_5x6_vector,delete_one_complete_repeat_5x6_vector,809a3f2f1d77cce8aa4e86320f229cd025238ab79be8d1df66d61a601099ba7f
bdb2023_sack,game_equal_mean_va_imprecision,10,linear_structure,0.0017470991610402044,0.0015342437739572507,0.0020288217777282664,0.95,BCa,0.11480460365242844,0.04146260996820548,0.054885542811343946,0.991457073018625,100,10000,complete_repeat_5x6_vector,delete_one_complete_repeat_5x6_vector,809a3f2f1d77cce8aa4e86320f229cd025238ab79be8d1df66d61a601099ba7f
bdb2023_sack,game_equal_mean_va_imprecision,20,linear_structure,0.001952127594937252,0.0016072313090576436,0.0024494279753508115,0.95,BCa,0.10723821377940601,0.06750371185554341,0.06183714780593769,0.9939580950863814,100,10000,complete_repeat_5x6_vector,delete_one_complete_repeat_5x6_vector,809a3f2f1d77cce8aa4e86320f229cd025238ab79be8d1df66d61a601099ba7f
bdb2023_sack,game_equal_mean_va_imprecision,30,linear_structure,0.0021511837876925085,0.001689555949830894,0.003208848665761427,0.95,BCa,0.17535588766513832,0.1398782213659274,0.10514729280532908,0.9993592526560893,100,10000,complete_repeat_5x6_vector,delete_one_complete_repeat_5x6_vector,809a3f2f1d77cce8aa4e86320f229cd025238ab79be8d1df66d61a601099ba7f
bdb2023_sack,game_equal_mean_va_imprecision,40,linear_structure,0.0018719277744090358,0.0014248988864668964,0.0029275721972544665,0.95,BCa,0.1730654271261389,0.15248113903826982,0.10912179096407648,0.9995723737341831,100,10000,complete_repeat_5x6_vector,delete_one_complete_repeat_5x6_vector,809a3f2f1d77cce8aa4e86320f229cd025238ab79be8d1df66d61a601099ba7f
bdb2023_sack,game_equal_mean_va_imprecision,50,linear_structure,0.0019233113275215507,0.001654015043388223,0.0024848155880509374,0.95,BCa,0.13830420796140463,0.10348321825180176,0.08159542329288971,0.9975879358615845,100,10000,complete_repeat_5x6_vector,delete_one_complete_repeat_5x6_vector,809a3f2f1d77cce8aa4e86320f229cd025238ab79be8d1df66d61a601099ba7f
bdb2023_sack,game_equal_mean_va_imprecision,60,linear_structure,0.0020165578439747525,0.0016639607802930066,0.002651724072499017,0.95,BCa,0.12439819806905468,0.09258744951751466,0.07429525172263185,0.9966073873733792,100,10000,complete_repeat_5x6_vector,delete_one_complete_repeat_5x6_vector,809a3f2f1d77cce8aa4e86320f229cd025238ab79be8d1df66d61a601099ba7f
bdb2023_sack,game_equal_mean_va_imprecision,10,boosted_structure,0.0014629652753012088,0.001276628890004471,0.0016794112185149982,0.95,BCa,0.08960639799290773,0.028903686202329974,0.046011168074761744,0.9883426872353747,100,10000,complete_repeat_5x6_vector,delete_one_complete_repeat_5x6_vector,809a3f2f1d77cce8aa4e86320f229cd025238ab79be8d1df66d61a601099ba7f
bdb2023_sack,game_equal_mean_va_imprecision,20,boosted_structure,0.00156237127814088,0.0013872448548241214,0.0018539609539134172,0.95,BCa,0.12641933224808075,0.06556623008531595,0.06547647962757797,0.9945116929705552,100,10000,complete_repeat_5x6_vector,delete_one_complete_repeat_5x6_vector,809a3f2f1d77cce8aa4e86320f229cd025238ab79be8d1df66d61a601099ba7f
bdb2023_sack,game_equal_mean_va_imprecision,30,boosted_structure,0.0014260487373653492,0.001267890531430651,0.001633501388617106,0.95,BCa,0.11985249072800197,0.038058013747911706,0.054818364582902956,0.9913070818536285,100,10000,complete_repeat_5x6_vector,delete_one_complete_repeat_5x6_vector,809a3f2f1d77cce8aa4e86320f229cd025238ab79be8d1df66d61a601099ba7f
bdb2023_sack,game_equal_mean_va_imprecision,40,boosted_structure,0.0013877344691587093,0.0011910216979190633,0.0016587035798639902,0.95,BCa,0.09992987277793945,0.05790505824575752,0.05713961870598644,0.9926319420881804,100,10000,complete_repeat_5x6_vector,delete_one_complete_repeat_5x6_vector,809a3f2f1d77cce8aa4e86320f229cd025238ab79be8d1df66d61a601099ba7f
bdb2023_sack,game_equal_mean_va_imprecision,50,boosted_structure,0.0014173546263819925,0.0012189645429262676,0.0017636788206717748,0.95,BCa,0.1395696774051373,0.0781833797117505,0.07297066593454771,0.995992297144332,100,10000,complete_repeat_5x6_vector,delete_one_complete_repeat_5x6_vector,809a3f2f1d77cce8aa4e86320f229cd025238ab79be8d1df66d61a601099ba7f
bdb2023_sack,game_equal_mean_va_imprecision,60,boosted_structure,0.0014320903402361982,0.0012547903026068651,0.001743912136239869,0.95,BCa,0.14944817546887795,0.07209018853863763,0.07324515383999453,0.9958198523866819,100,10000,complete_repeat_5x6_vector,delete_one_complete_repeat_5x6_vector,809a3f2f1d77cce8aa4e86320f229cd025238ab79be8d1df66d61a601099ba7f
bdb2023_sack,game_equal_mean_va_imprecision,10,relnet,0.0015679640623582395,0.0013905523183417583,0.0017956183157158952,0.95,BCa,0.10875098682482563,0.03141820563632704,0.05042879175949977,0.9898638423132609,100,10000,complete_repeat_5x6_vector,delete_one_complete_repeat_5x6_vector,809a3f2f1d77cce8aa4e86320f229cd025238ab79be8d1df66d61a601099ba7f
bdb2023_sack,game_equal_mean_va_imprecision,20,relnet,0.0017541007150464207,0.001553625807174118,0.002019438774687151,0.95,BCa,0.1276828028810487,0.037662662456079576,0.05633363753975723,0.9916553271811352,100,10000,complete_repeat_5x6_vector,delete_one_complete_repeat_5x6_vector,809a3f2f1d77cce8aa4e86320f229cd025238ab79be8d1df66d61a601099ba7f
bdb2023_sack,game_equal_mean_va_imprecision,30,relnet,0.001747996074420868,0.0015392247524797444,0.002023148826256502,0.95,BCa,0.1105162035620418,0.04133420407624016,0.05396248437656742,0.9912201851213689,100,10000,complete_repeat_5x6_vector,delete_one_complete_repeat_5x6_vector,809a3f2f1d77cce8aa4e86320f229cd025238ab79be8d1df66d61a601099ba7f
bdb2023_sack,game_equal_mean_va_imprecision,40,relnet,0.0016782055808298847,0.0014872013588849756,0.0019281974095235574,0.95,BCa,0.09262686539181775,0.03740216875458315,0.04918527790394045,0.9897181765585086,100,10000,complete_repeat_5x6_vector,delete_one_complete_repeat_5x6_vector,809a3f2f1d77cce8aa4e86320f229cd025238ab79be8d1df66d61a601099ba7f
bdb2023_sack,game_equal_mean_va_imprecision,50,relnet,0.0016884801643924,0.0014924349652091448,0.0020337977427024277,0.95,BCa,0.13147444628243637,0.08124463523387444,0.07207403646139982,0.9959876801036855,100,10000,complete_repeat_5x6_vector,delete_one_complete_repeat_5x6_vector,809a3f2f1d77cce8aa4e86320f229cd025238ab79be8d1df66d61a601099ba7f
bdb2023_sack,game_equal_mean_va_imprecision,60,relnet,0.0014184337591836222,0.001221533142374257,0.0016537315047616106,0.95,BCa,0.08457408802851875,0.03834041016555311,0.047954907389905654,0.9893609166993684,100,10000,complete_repeat_5x6_vector,delete_one_complete_repeat_5x6_vector,809a3f2f1d77cce8aa4e86320f229cd025238ab79be8d1df66d61a601099ba7f
bdb2023_sack,game_equal_mean_va_imprecision,10,attn_relnet,0.0015835821995517315,0.0014041362281737733,0.001808910830299082,0.95,BCa,0.09715916018568779,0.03448267097716669,0.049143912955592894,0.9895931206214916,100,10000,complete_repeat_5x6_vector,delete_one_complete_repeat_5x6_vector,809a3f2f1d77cce8aa4e86320f229cd025238ab79be8d1df66d61a601099ba7f
bdb2023_sack,game_equal_mean_va_imprecision,20,attn_relnet,0.001731868264290769,0.0015394484131054738,0.0019801467402347506,0.95,BCa,0.12414559219253689,0.029854836537448977,0.05301654071814632,0.9905255271290397,100,10000,complete_repeat_5x6_vector,delete_one_complete_repeat_5x6_vector,809a3f2f1d77cce8aa4e86320f229cd025238ab79be8d1df66d61a601099ba7f
bdb2023_sack,game_equal_mean_va_imprecision,30,attn_relnet,0.0017613781945803768,0.0015498280042509336,0.0020412083601167087,0.95,BCa,0.10622983495269706,0.03891328815934886,0.0523179841056331,0.9906905714238823,100,10000,complete_repeat_5x6_vector,delete_one_complete_repeat_5x6_vector,809a3f2f1d77cce8aa4e86320f229cd025238ab79be8d1df66d61a601099ba7f
bdb2023_sack,game_equal_mean_va_imprecision,40,attn_relnet,0.0016462192796456827,0.0014624046735278553,0.0018758701540271788,0.95,BCa,0.09438919327026572,0.03025756807055193,0.04731100156142798,0.98884077698169,100,10000,complete_repeat_5x6_vector,delete_one_complete_repeat_5x6_vector,809a3f2f1d77cce8aa4e86320f229cd025238ab79be8d1df66d61a601099ba7f
bdb2023_sack,game_equal_mean_va_imprecision,50,attn_relnet,0.0016887351659753845,0.0014689357385023723,0.0020476130194365606,0.95,BCa,0.11682340025169619,0.07429657067215502,0.0662495651834148,0.9949519491002372,100,10000,complete_repeat_5x6_vector,delete_one_complete_repeat_5x6_vector,809a3f2f1d77cce8aa4e86320f229cd025238ab79be8d1df66d61a601099ba7f
bdb2023_sack,game_equal_mean_va_imprecision,60,attn_relnet,0.0015128187714987412,0.0013112322989900632,0.001768550472665645,0.95,BCa,0.10345734693318248,0.038190555024132475,0.05153640237577878,0.9904453728385354,100,10000,complete_repeat_5x6_vector,delete_one_complete_repeat_5x6_vector,809a3f2f1d77cce8aa4e86320f229cd025238ab79be8d1df66d61a601099ba7f
bdb2023_sack,game_equal_mean_va_imprecision,10,set_transformer,0.0017231302590871333,0.0015287601113950897,0.0019694591152282586,0.95,BCa,0.0933821132232494,0.03518910040867512,0.04864328602838497,0.98946279319907,100,10000,complete_repeat_5x6_vector,delete_one_complete_repeat_5x6_vector,809a3f2f1d77cce8aa4e86320f229cd025238ab79be8d1df66d61a601099ba7f
bdb2023_sack,game_equal_mean_va_imprecision,20,set_transformer,0.0018493932100953536,0.0016708000510014878,0.0020723064959220815,0.95,BCa,0.11783297660947314,0.026650374950664076,0.05070109671931711,0.9897598566536792,100,10000,complete_repeat_5x6_vector,delete_one_complete_repeat_5x6_vector,809a3f2f1d77cce8aa4e86320f229cd025238ab79be8d1df66d61a601099ba7f
bdb2023_sack,game_equal_mean_va_imprecision,30,set_transformer,0.001829112874731199,0.0014984378787820639,0.002393072661757056,0.95,BCa,0.12844098298049186,0.09082100848101804,0.07466888592318516,0.9965916837801214,100,10000,complete_repeat_5x6_vector,delete_one_complete_repeat_5x6_vector,809a3f2f1d77cce8aa4e86320f229cd025238ab79be8d1df66d61a601099ba7f
bdb2023_sack,game_equal_mean_va_imprecision,40,set_transformer,0.001629324568898075,0.0013935444251804562,0.0019764040415391594,0.95,BCa,0.10824670166073914,0.059506156108754836,0.059417322697082164,0.993182102969564,100,10000,complete_repeat_5x6_vector,delete_one_complete_repeat_5x6_vector,809a3f2f1d77cce8aa4e86320f229cd025238ab79be8d1df66d61a601099ba7f
bdb2023_sack,game_equal_mean_va_imprecision,50,set_transformer,0.0016423721714545066,0.0014018403283726187,0.0019726900686599627,0.95,BCa,0.10093759374265115,0.050104429357294866,0.05483438987721578,0.991783491099371,100,10000,complete_repeat_5x6_vector,delete_one_complete_repeat_5x6_vector,809a3f2f1d77cce8aa4e86320f229cd025238ab79be8d1df66d61a601099ba7f
bdb2023_sack,game_equal_mean_va_imprecision,60,set_transformer,0.0014872863736102987,0.0012910745159278364,0.0017412628981362346,0.95,BCa,0.09816660462125527,0.03977825446571822,0.050997780084802324,0.9903534472694997,100,10000,complete_repeat_5x6_vector,delete_one_complete_repeat_5x6_vector,809a3f2f1d77cce8aa4e86320f229cd025238ab79be8d1df66d61a601099ba7f
bdb2023_sack,p90_va_imprecision,10,linear_structure,0.005314983080773089,0.004726049767805907,0.006248956177727351,0.95,BCa,0.13071596811986333,0.06849857614880986,0.06747712230571312,0.9949274362721748,100,10000,complete_repeat_5x6_vector,delete_one_complete_repeat_5x6_vector,809a3f2f1d77cce8aa4e86320f229cd025238ab79be8d1df66d61a601099ba7f
bdb2023_sack,p90_va_imprecision,20,linear_structure,0.004828774058636586,0.00412396543448678,0.0064381743003869615,0.95,BCa,0.17637416478086118,0.11395781554083022,0.09578798318895665,0.9986508684724591,100,10000,complete_repeat_5x6_vector,delete_one_complete_repeat_5x6_vector,809a3f2f1d77cce8aa4e86320f229cd025238ab79be8d1df66d61a601099ba7f
bdb2023_sack,p90_va_imprecision,30,linear_structure,0.005469259444713422,0.004756843800856685,0.006465536689309106,0.95,BCa,0.11682340025169619,0.05859592754179822,0.060972616682029024,0.9934557747288044,100,10000,complete_repeat_5x6_vector,delete_one_complete_repeat_5x6_vector,809a3f2f1d77cce8aa4e86320f229cd025238ab79be8d1df66d61a601099ba7f
bdb2023_sack,p90_va_imprecision,40,linear_structure,0.004892859826809001,0.00432412934476785,0.005753208408647404,0.95,BCa,0.13071596811986333,0.061919718011339185,0.06521355327454681,0.9943339894014616,100,10000,complete_repeat_5x6_vector,delete_one_complete_repeat_5x6_vector,809a3f2f1d77cce8aa4e86320f229cd025238ab79be8d1df66d61a601099ba7f
bdb2023_sack,p90_va_imprecision,50,linear_structure,0.0046324455977706696,0.004113019968412668,0.005332983537570466,0.95,BCa,0.12667201016581164,0.0324556226622259,0.05439408041610255,0.9909822082000136,100,10000,complete_repeat_5x6_vector,delete_one_complete_repeat_5x6_vector,809a3f2f1d77cce8aa4e86320f229cd025238ab79be8d1df66d61a601099ba7f
bdb2023_sack,p90_va_imprecision,60,linear_structure,0.005095371113559355,0.004532338317204098,0.005913297544348599,0.95,BCa,0.12945200471956322,0.049291778753737414,0.06062313062162744,0.9930292368717237,100,10000,complete_repeat_5x6_vector,delete_one_complete_repeat_5x6_vector,809a3f2f1d77cce8aa4e86320f229cd025238ab79be8d1df66d61a601099ba7f
bdb2023_sack,p90_va_imprecision,10,boosted_structure,0.0046792990169179085,0.004222024280557833,0.005376855133784892,0.95,BCa,0.14210128904470282,0.045234438140435665,0.06206875073373569,0.993150205946622,100,10000,complete_repeat_5x6_vector,delete_one_complete_repeat_5x6_vector,809a3f2f1d77cce8aa4e86320f229cd025238ab79be8d1df66d61a601099ba7f
bdb2023_sack,p90_va_imprecision,20,boosted_structure,0.005187296231333613,0.004650176990294967,0.0058130184538741775,0.95,BCa,0.10875098682482563,0.023915241521967456,0.04805828015094493,0.9888476971635484,100,10000,complete_repeat_5x6_vector,delete_one_complete_repeat_5x6_vector,809a3f2f1d77cce8aa4e86320f229cd025238ab79be8d1df66d61a601099ba7f
bdb2023_sack,p90_va_imprecision,30,boosted_structure,0.005062554919616062,0.004378119459763105,0.006331422307607897,0.95,BCa,0.13021035781267926,0.09301533297216731,0.07586880388744782,0.9967832232065907,100,10000,complete_repeat_5x6_vector,delete_one_complete_repeat_5x6_vector,809a3f2f1d77cce8aa4e86320f229cd025238ab79be8d1df66d61a601099ba7f
bdb2023_sack,p90_va_imprecision,40,boosted_structure,0.005377563696103424,0.004668961810357741,0.0063782303344147384,0.95,BCa,0.1077424440226698,0.055612819786749944,0.058032758635502224,0.9927395026155295,100,10000,complete_repeat_5x6_vector,delete_one_complete_repeat_5x6_vector,809a3f2f1d77cce8aa4e86320f229cd025238ab79be8d1df66d61a601099ba7f
bdb2023_sack,p90_va_imprecision,50,boosted_structure,0.004901793488346768,0.004311220222995358,0.005692075651382948,0.95,BCa,0.1004337205114699,0.042577602145852204,0.052329890329229856,0.9908370115575085,100,10000,complete_repeat_5x6_vector,delete_one_complete_repeat_5x6_vector,809a3f2f1d77cce8aa4e86320f229cd025238ab79be8d1df66d61a601099ba7f
bdb2023_sack,p90_va_imprecision,60,boosted_structure,0.005011796491042784,0.004391831590496443,0.005787319657949809,0.95,BCa,0.1004337205114699,0.03492061178283043,0.0499118296089886,0.9898449977898253,100,10000,complete_repeat_5x6_vector,delete_one_complete_repeat_5x6_vector,809a3f2f1d77cce8aa4e86320f229cd025238ab79be8d1df66d61a601099ba7f
bdb2023_sack,p90_va_imprecision,10,relnet,0.005020548584569027,0.0044196178549636145,0.005942461748915132,0.95,BCa,0.1193475666922751,0.05908787331042177,0.06169213966391868,0.9936112561526825,100,10000,complete_repeat_5x6_vector,delete_one_complete_repeat_5x6_vector,809a3f2f1d77cce8aa4e86320f229cd025238ab79be8d1df66d61a601099ba7f
bdb2023_sack,p90_va_imprecision,20,relnet,0.005410133181651832,0.004728627555268527,0.006422292717349382,0.95,BCa,0.11177728320980798,0.06110600606939682,0.060707166848220584,0.9935007013960939,100,10000,complete_repeat_5x6_vector,delete_one_complete_repeat_5x6_vector,809a3f2f1d77cce8aa4e86320f229cd025238ab79be8d1df66d61a601099ba7f
bdb2023_sack,p90_va_imprecision,30,relnet,0.005747751129363344,0.005088048186858609,0.0067713029390880225,0.95,BCa,0.12793552140422815,0.05791332307457448,0.06321137918221886,0.9938431417559261,100,10000,complete_repeat_5x6_vector,delete_one_complete_repeat_5x6_vector,809a3f2f1d77cce8aa4e86320f229cd025238ab79be8d1df66d61a601099ba7f
bdb2023_sack,p90_va_imprecision,40,relnet,0.004421257943842279,0.0039391527741665395,0.005202129488148688,0.95,BCa,0.12945200471956322,0.06260934185447149,0.06515997404180235,0.9943508848803727,100,10000,complete_repeat_5x6_vector,delete_one_complete_repeat_5x6_vector,809a3f2f1d77cce8aa4e86320f229cd025238ab79be8d1df66d61a601099ba7f
bdb2023_sack,p90_va_imprecision,50,relnet,0.00476519036893605,0.004262476576542955,0.005394384559827253,0.95,BCa,0.12237757192738684,0.029411199070547234,0.05251015011480409,0.990372848461081,100,10000,complete_repeat_5x6_vector,delete_one_complete_repeat_5x6_vector,809a3f2f1d77cce8aa4e86320f229cd025238ab79be8d1df66d61a601099ba7f
bdb2023_sack,p90_va_imprecision,60,relnet,0.005348325144519646,0.004582373451428901,0.006440175004006718,0.95,BCa,0.10925529964619017,0.059182583027327026,0.059527009706937084,0.9931919926420034,100,10000,complete_repeat_5x6_vector,delete_one_complete_repeat_5x6_vector,809a3f2f1d77cce8aa4e86320f229cd025238ab79be8d1df66d61a601099ba7f
bdb2023_sack,p90_va_imprecision,10,attn_relnet,0.0055348924022577415,0.004834390236176639,0.006489697510782918,0.95,BCa,0.11102061421827876,0.04850377989787178,0.056397484113679563,0.992094888354639,100,10000,complete_repeat_5x6_vector,delete_one_complete_repeat_5x6_vector,809a3f2f1d77cce8aa4e86320f229cd025238ab79be8d1df66d61a601099ba7f
bdb2023_sack,p90_va_imprecision,20,attn_relnet,0.004930222851004974,0.004346889706955032,0.005659009529874147,0.95,BCa,0.09262686539181775,0.04046641069115637,0.0501377622705112,0.9901273216478268,100,10000,complete_repeat_5x6_vector,delete_one_complete_repeat_5x6_vector,809a3f2f1d77cce8aa4e86320f229cd025238ab79be8d1df66d61a601099ba7f
bdb2023_sack,p90_va_imprecision,30,attn_relnet,0.005580406695863444,0.0049617799213064655,0.006309400779164187,0.95,BCa,0.10295334425500394,0.025951113908508454,0.04759044173586391,0.9887717232345099,100,10000,complete_repeat_5x6_vector,delete_one_complete_repeat_5x6_vector,809a3f2f1d77cce8aa4e86320f229cd025238ab79be8d1df66d61a601099ba7f
bdb2023_sack,p90_va_imprecision,40,attn_relnet,0.004554955029604673,0.0040143251764514455,0.0055046126980959524,0.95,BCa,0.12187249377624015,0.08066904021043371,0.06958804583775613,0.9956535171365415,100,10000,complete_repeat_5x6_vector,delete_one_complete_repeat_5x6_vector,809a3f2f1d77cce8aa4e86320f229cd025238ab79be8d1df66d61a601099ba7f
bdb2023_sack,p90_va_imprecision,50,attn_relnet,0.004974260634080422,0.004407196878083404,0.0057268883834745475,0.95,BCa,0.10597775716289191,0.037871593533329015,0.051935045159281046,0.9905444846096094,100,10000,complete_repeat_5x6_vector,delete_one_complete_repeat_5x6_vector,809a3f2f1d77cce8aa4e86320f229cd025238ab79be8d1df66d61a601099ba7f
bdb2023_sack,p90_va_imprecision,60,attn_relnet,0.005321497784905322,0.004641725096676751,0.006206573696369124,0.95,BCa,0.10597775716289191,0.0443789440164575,0.05402027573223267,0.9913543217894764,100,10000,complete_repeat_5x6_vector,delete_one_complete_repeat_5x6_vector,809a3f2f1d77cce8aa4e86320f229cd025238ab79be8d1df66d61a601099ba7f
bdb2023_sack,p90_va_imprecision,10,set_transformer,0.005347988572797687,0.004494759738074204,0.007395004683531831,0.95,BCa,0.1603568225758803,0.12980852905229012,0.09706404800038398,0.9989852752761215,100,10000,complete_repeat_5x6_vector,delete_one_complete_repeat_5x6_vector,809a3f2f1d77cce8aa4e86320f229cd025238ab79be8d1df66d61a601099ba7f
bdb2023_sack,p90_va_imprecision,20,set_transformer,0.005352312745675987,0.004823928629107932,0.006045012710451092,0.95,BCa,0.10421340026908517,0.035869835164594806,0.0509493262688378,0.9901876525548601,100,10000,complete_repeat_5x6_vector,delete_one_complete_repeat_5x6_vector,809a3f2f1d77cce8aa4e86320f229cd025238ab79be8d1df66d61a601099ba7f
bdb2023_sack,p90_va_imprecision,30,set_transformer,0.004957555168993359,0.004395100459690511,0.005663137411616243,0.95,BCa,0.10900313977014242,0.029200709985428647,0.04977445607712544,0.9895837073136085,100,10000,complete_repeat_5x6_vector,delete_one_complete_repeat_5x6_vector,809a3f2f1d77cce8aa4e86320f229cd025238ab79be8d1df66d61a601099ba7f
bdb2023_sack,p90_va_imprecision,40,set_transformer,0.004855427191806988,0.004216744300608446,0.005667123356779481,0.95,BCa,0.11354309385954282,0.03920554972011748,0.05389151584788737,0.991118630162751,100,10000,complete_repeat_5x6_vector,delete_one_complete_repeat_5x6_vector,809a3f2f1d77cce8aa4e86320f229cd025238ab79be8d1df66d61a601099ba7f
bdb2023_sack,p90_va_imprecision,50,set_transformer,0.005026317916664161,0.004457463504537317,0.005757712680915595,0.95,BCa,0.11556159710538327,0.033108948835334245,0.0523276104085067,0.9904670109634597,100,10000,complete_repeat_5x6_vector,delete_one_complete_repeat_5x6_vector,809a3f2f1d77cce8aa4e86320f229cd025238ab79be8d1df66d61a601099ba7f
bdb2023_sack,p90_va_imprecision,60,set_transformer,0.0052158756278231945,0.004575379281479314,0.005986938437905645,0.95,BCa,0.0961518143516292,0.03086296457225416,0.04782879172425086,0.9890352002123122,100,10000,complete_repeat_5x6_vector,delete_one_complete_repeat_5x6_vector,809a3f2f1d77cce8aa4e86320f229cd025238ab79be8d1df66d61a601099ba7f
bdb2023_sack,game_equal_p90_va_imprecision,10,linear_structure,0.005345721937071894,0.004567475631929457,0.006445996649621785,0.95,BCa,0.11001182102288878,0.05791227537606494,0.05927076358678485,0.993090386367647,100,10000,complete_repeat_5x6_vector,delete_one_complete_repeat_5x6_vector,809a3f2f1d77cce8aa4e86320f229cd025238ab79be8d1df66d61a601099ba7f
bdb2023_sack,game_equal_p90_va_imprecision,20,linear_structure,0.005546498948259652,0.004349252664298696,0.007963248279006022,0.95,BCa,0.13273874487280113,0.11258312982684406,0.08337354968303573,0.9979505982740615,100,10000,complete_repeat_5x6_vector,delete_one_complete_repeat_5x6_vector,809a3f2f1d77cce8aa4e86320f229cd025238ab79be8d1df66d61a601099ba7f
bdb2023_sack,game_equal_p90_va_imprecision,30,linear_structure,0.005828619099621589,0.005046897349080131,0.007143300542602998,0.95,BCa,0.13425618348538765,0.08516621284182754,0.07412019043087253,0.9963525754767321,100,10000,complete_repeat_5x6_vector,delete_one_complete_repeat_5x6_vector,809a3f2f1d77cce8aa4e86320f229cd025238ab79be8d1df66d61a601099ba7f
bdb2023_sack,game_equal_p90_va_imprecision,40,linear_structure,0.004842600182514037,0.004026516392441255,0.006774807644486181,0.95,BCa,0.17739262480978815,0.13263308211544442,0.10305794540617924,0.99921217878478,100,10000,complete_repeat_5x6_vector,delete_one_complete_repeat_5x6_vector,809a3f2f1d77cce8aa4e86320f229cd025238ab79be8d1df66d61a601099ba7f
bdb2023_sack,game_equal_p90_va_imprecision,50,linear_structure,0.00577739733646034,0.004784522302184278,0.007588335211725665,0.95,BCa,0.11076840536730806,0.10001446515049177,0.07355646583476422,0.9967592461014537,100,10000,complete_repeat_5x6_vector,delete_one_complete_repeat_5x6_vector,809a3f2f1d77cce8aa4e86320f229cd025238ab79be8d1df66d61a601099ba7f
bdb2023_sack,game_equal_p90_va_imprecision,60,linear_structure,0.006323078894902694,0.0053507309121990695,0.007761643793038604,0.95,BCa,0.0936338743162688,0.06542649544222008,0.05825378724709357,0.9931680402180085,100,10000,complete_repeat_5x6_vector,delete_one_complete_repeat_5x6_vector,809a3f2f1d77cce8aa4e86320f229cd025238ab79be8d1df66d61a601099ba7f
bdb2023_sack,game_equal_p90_va_imprecision,10,boosted_structure,0.004007782864142133,0.0036518964970212366,0.004471397627181725,0.95,BCa,0.1395696774051373,0.02475361563733717,0.054541084916252924,0.9907186897233109,100,10000,complete_repeat_5x6_vector,delete_one_complete_repeat_5x6_vector,809a3f2f1d77cce8aa4e86320f229cd025238ab79be8d1df66d61a601099ba7f
bdb2023_sack,game_equal_p90_va_imprecision,20,boosted_structure,0.00450709747738124,0.004019114263134127,0.005072963823223956,0.95,BCa,0.10875098682482563,0.021837963591249274,0.04740713077130315,0.9885573834439108,100,10000,complete_repeat_5x6_vector,delete_one_complete_repeat_5x6_vector,809a3f2f1d77cce8aa4e86320f229cd025238ab79be8d1df66d61a601099ba7f
bdb2023_sack,game_equal_p90_va_imprecision,30,boosted_structure,0.004297149368947835,0.0037427459051967214,0.005130646792860811,0.95,BCa,0.1079945694091542,0.06377953285620303,0.060771053338361636,0.9936154115851341,100,10000,complete_repeat_5x6_vector,delete_one_complete_repeat_5x6_vector,809a3f2f1d77cce8aa4e86320f229cd025238ab79be8d1df66d61a601099ba7f
bdb2023_sack,game_equal_p90_va_imprecision,40,boosted_structure,0.0043982616675576555,0.003786640601914965,0.005617571053782026,0.95,BCa,0.13830420796140463,0.10060311604860937,0.0805747535673848,0.9974291331148613,100,10000,complete_repeat_5x6_vector,delete_one_complete_repeat_5x6_vector,809a3f2f1d77cce8aa4e86320f229cd025238ab79be8d1df66d61a601099ba7f
bdb2023_sack,game_equal_p90_va_imprecision,50,boosted_structure,0.004179191421066706,0.003629306908632202,0.004936765780816065,0.95,BCa,0.09010975171461971,0.047796492492570036,0.05193856413916598,0.9909333360106003,100,10000,complete_repeat_5x6_vector,delete_one_complete_repeat_5x6_vector,809a3f2f1d77cce8aa4e86320f229cd025238ab79be8d1df66d61a601099ba7f
bdb2023_sack,game_equal_p90_va_imprecision,60,boosted_structure,0.004313663792944404,0.0038105602381330846,0.0049808797846850605,0.95,BCa,0.12313524773483664,0.04086341572500202,0.056432209554948765,0.991803614810506,100,10000,complete_repeat_5x6_vector,delete_one_complete_repeat_5x6_vector,809a3f2f1d77cce8aa4e86320f229cd025238ab79be8d1df66d61a601099ba7f
bdb2023_sack,game_equal_p90_va_imprecision,10,relnet,0.0044569020807559,0.003944167894301543,0.005210808241450767,0.95,BCa,0.12970478079051437,0.0529285456900264,0.061913048663470915,0.9934168554119462,100,10000,complete_repeat_5x6_vector,delete_one_complete_repeat_5x6_vector,809a3f2f1d77cce8aa4e86320f229cd025238ab79be8d1df66d61a601099ba7f
bdb2023_sack,game_equal_p90_va_imprecision,20,relnet,0.004623715421164047,0.004086807722759215,0.005291667534369424,0.95,BCa,0.11960002489866088,0.0316831961727543,0.052684143021453245,0.9905080041729568,100,10000,complete_repeat_5x6_vector,delete_one_complete_repeat_5x6_vector,809a3f2f1d77cce8aa4e86320f229cd025238ab79be8d1df66d61a601099ba7f
bdb2023_sack,game_equal_p90_va_imprecision,30,relnet,0.004985625484302051,0.0043693248689025115,0.005884970674178,0.95,BCa,0.1269246961713192,0.053340567906227106,0.06143339106126561,0.9933422058745262,100,10000,complete_repeat_5x6_vector,delete_one_complete_repeat_5x6_vector,809a3f2f1d77cce8aa4e86320f229cd025238ab79be8d1df66d61a601099ba7f
bdb2023_sack,game_equal_p90_va_imprecision,40,relnet,0.004012099238530226,0.003580624987745636,0.004710889069499482,0.95,BCa,0.12566134685507413,0.05643156384410299,0.062198271746921385,0.9936038316940858,100,10000,complete_repeat_5x6_vector,delete_one_complete_repeat_5x6_vector,809a3f2f1d77cce8aa4e86320f229cd025238ab79be8d1df66d61a601099ba7f
bdb2023_sack,game_equal_p90_va_imprecision,50,relnet,0.00425495752797538,0.00378453924086622,0.004804221865615027,0.95,BCa,0.09690731452396951,0.030313818417946198,0.04780142201825899,0.9890054521260854,100,10000,complete_repeat_5x6_vector,delete_one_complete_repeat_5x6_vector,809a3f2f1d77cce8aa4e86320f229cd025238ab79be8d1df66d61a601099ba7f
bdb2023_sack,game_equal_p90_va_imprecision,60,relnet,0.004520256098017323,0.00391550833884889,0.0053436301725149895,0.95,BCa,0.11253401620461544,0.052985914015948564,0.05818674370846744,0.9926704813276707,100,10000,complete_repeat_5x6_vector,delete_one_complete_repeat_5x6_vector,809a3f2f1d77cce8aa4e86320f229cd025238ab79be8d1df66d61a601099ba7f
bdb2023_sack,game_equal_p90_va_imprecision,10,attn_relnet,0.004567432015209643,0.004016155239972935,0.0053170293235741805,0.95,BCa,0.10723821377940601,0.05017562551448012,0.056153993564289906,0.9921036403209356,100,10000,complete_repeat_5x6_vector,delete_one_complete_repeat_5x6_vector,809a3f2f1d77cce8aa4e86320f229cd025238ab79be8d1df66d61a601099ba7f
bdb2023_sack,game_equal_p90_va_imprecision,20,attn_relnet,0.004618690107740837,0.004024592932025979,0.0055268662834347644,0.95,BCa,0.11707578313820405,0.06640298953737578,0.06364441627664746,0.9942383477644104,100,10000,complete_repeat_5x6_vector,delete_one_complete_repeat_5x6_vector,809a3f2f1d77cce8aa4e86320f229cd025238ab79be8d1df66d61a601099ba7f
bdb2023_sack,game_equal_p90_va_imprecision,30,attn_relnet,0.00483474690414172,0.004263755830005866,0.005543088851260021,0.95,BCa,0.10219738922948704,0.030148377328728892,0.04875601023936027,0.9893059961505771,100,10000,complete_repeat_5x6_vector,delete_one_complete_repeat_5x6_vector,809a3f2f1d77cce8aa4e86320f229cd025238ab79be8d1df66d61a601099ba7f
bdb2023_sack,game_equal_p90_va_imprecision,40,attn_relnet,0.003918534259003618,0.0034670477618137917,0.004578117934279053,0.95,BCa,0.12288268129946614,0.05135141124040042,0.05987378539107091,0.992959409768978,100,10000,complete_repeat_5x6_vector,delete_one_complete_repeat_5x6_vector,809a3f2f1d77cce8aa4e86320f229cd025238ab79be8d1df66d61a601099ba7f
bdb2023_sack,game_equal_p90_va_imprecision,50,attn_relnet,0.0043962283306567635,0.0038759752326827314,0.0050451917148122815,0.95,BCa,0.09816660462125527,0.029362115064172748,0.04774441793098311,0.9889507844293148,100,10000,complete_repeat_5x6_vector,delete_one_complete_repeat_5x6_vector,809a3f2f1d77cce8aa4e86320f229cd025238ab79be8d1df66d61a601099ba7f
bdb2023_sack,game_equal_p90_va_imprecision,60,attn_relnet,0.004708369394365012,0.004150633646957559,0.005350370122570076,0.95,BCa,0.11480460365242844,0.0270964246614836,0.05024376245375811,0.9896431397233725,100,10000,complete_repeat_5x6_vector,delete_one_complete_repeat_5x6_vector,809a3f2f1d77cce8aa4e86320f229cd025238ab79be8d1df66d61a601099ba7f
bdb2023_sack,game_equal_p90_va_imprecision,10,set_transformer,0.004652091727238387,0.003863354767963097,0.006657068241381451,0.95,BCa,0.16010292129646755,0.13858418012477533,0.10019518151463652,0.999217124991713,100,10000,complete_repeat_5x6_vector,delete_one_complete_repeat_5x6_vector,809a3f2f1d77cce8aa4e86320f229cd025238ab79be8d1df66d61a601099ba7f
bdb2023_sack,game_equal_p90_va_imprecision,20,set_transformer,0.004835457254913815,0.0043348846544592635,0.0055791682098611664,0.95,BCa,0.12414559219253689,0.05018235820594745,0.05975741014888042,0.9928904827313703,100,10000,complete_repeat_5x6_vector,delete_one_complete_repeat_5x6_vector,809a3f2f1d77cce8aa4e86320f229cd025238ab79be8d1df66d61a601099ba7f
bdb2023_sack,game_equal_p90_va_imprecision,30,set_transformer,0.004516413014454339,0.003940229691092783,0.005389903948071554,0.95,BCa,0.12894647737445522,0.055079599327780365,0.062474607225424694,0.9936029108591389,100,10000,complete_repeat_5x6_vector,delete_one_complete_repeat_5x6_vector,809a3f2f1d77cce8aa4e86320f229cd025238ab79be8d1df66d61a601099ba7f
bdb2023_sack,game_equal_p90_va_imprecision,40,set_transformer,0.0042294504253049085,0.0036679891973365416,0.00500252797316621,0.95,BCa,0.13476206488943723,0.048157938973914086,0.061418957871797186,0.9931399143371459,100,10000,complete_repeat_5x6_vector,delete_one_complete_repeat_5x6_vector,809a3f2f1d77cce8aa4e86320f229cd025238ab79be8d1df66d61a601099ba7f
bdb2023_sack,game_equal_p90_va_imprecision,50,set_transformer,0.00430223726374941,0.003793398777747219,0.004957796921399373,0.95,BCa,0.12439819806905468,0.035902325170549004,0.055057024984830394,0.9912814001702883,100,10000,complete_repeat_5x6_vector,delete_one_complete_repeat_5x6_vector,809a3f2f1d77cce8aa4e86320f229cd025238ab79be8d1df66d61a601099ba7f
bdb2023_sack,game_equal_p90_va_imprecision,60,set_transformer,0.004271823433604074,0.0037487186470895406,0.004882054215476105,0.95,BCa,0.08683835485087758,0.03030198899990659,0.045928712836733554,0.9883652898939186,100,10000,complete_repeat_5x6_vector,delete_one_complete_repeat_5x6_vector,809a3f2f1d77cce8aa4e86320f229cd025238ab79be8d1df66d61a601099ba7f
bdb2023_sack,label0_set_coverage,10,linear_structure,0.06549408209278179,0.05334235384814012,0.09312308196228261,0.95,BCa,0.14539374874467223,0.12762841569000813,0.09209546961185577,0.9987540869304377,100,10000,complete_repeat_5x6_vector,delete_one_complete_repeat_5x6_vector,809a3f2f1d77cce8aa4e86320f229cd025238ab79be8d1df66d61a601099ba7f
bdb2023_sack,label0_set_coverage,20,linear_structure,0.057297552415283656,0.048852624895791084,0.06724711538668629,0.95,BCa,0.07401305168886022,0.05163824494162109,0.05002926862287377,0.9905295431242067,100,10000,complete_repeat_5x6_vector,delete_one_complete_repeat_5x6_vector,809a3f2f1d77cce8aa4e86320f229cd025238ab79be8d1df66d61a601099ba7f
bdb2023_sack,label0_set_coverage,30,linear_structure,0.054545336709491084,0.04657113221078822,0.06493306318060778,0.95,BCa,0.10144149260200486,0.05543611694390198,0.05665555861783883,0.9924257672704612,100,10000,complete_repeat_5x6_vector,delete_one_complete_repeat_5x6_vector,809a3f2f1d77cce8aa4e86320f229cd025238ab79be8d1df66d61a601099ba7f
bdb2023_sack,label0_set_coverage,40,linear_structure,0.06172906630286571,0.05188849431237161,0.07644104811626401,0.95,BCa,0.1052215641319016,0.07189255129045673,0.06284724823067794,0.9943048382450717,100,10000,complete_repeat_5x6_vector,delete_one_complete_repeat_5x6_vector,809a3f2f1d77cce8aa4e86320f229cd025238ab79be8d1df66d61a601099ba7f
bdb2023_sack,label0_set_coverage,50,linear_structure,0.06513199389167593,0.05357061608016738,0.08421421507003825,0.95,BCa,0.09464097820071736,0.09195957636951996,0.06712325628333182,0.9957040224158731,100,10000,complete_repeat_5x6_vector,delete_one_complete_repeat_5x6_vector,809a3f2f1d77cce8aa4e86320f229cd025238ab79be8d1df66d61a601099ba7f
bdb2023_sack,label0_set_coverage,60,linear_structure,0.05658391920599083,0.04969150852094794,0.06697516602155974,0.95,BCa,0.09489276913113849,0.06682385375295445,0.058968469875201546,0.9933720666939534,100,10000,complete_repeat_5x6_vector,delete_one_complete_repeat_5x6_vector,809a3f2f1d77cce8aa4e86320f229cd025238ab79be8d1df66d61a601099ba7f
bdb2023_sack,label0_set_coverage,10,boosted_structure,0.06412955018875627,0.05481871272303367,0.07719724417771827,0.95,BCa,0.1004337205114699,0.0647986321871845,0.05948308347679726,0.9933995510519306,100,10000,complete_repeat_5x6_vector,delete_one_complete_repeat_5x6_vector,809a3f2f1d77cce8aa4e86320f229cd025238ab79be8d1df66d61a601099ba7f
bdb2023_sack,label0_set_coverage,20,boosted_structure,0.06646433100236591,0.05772306960977857,0.08249323872088755,0.95,BCa,0.14032906623972866,0.09017106652091118,0.07739332147402311,0.9968459246880934,100,10000,complete_repeat_5x6_vector,delete_one_complete_repeat_5x6_vector,809a3f2f1d77cce8aa4e86320f229cd025238ab79be8d1df66d61a601099ba7f
bdb2023_sack,label0_set_coverage,30,boosted_structure,0.06022278421849062,0.05296163193923973,0.06996296888684721,0.95,BCa,0.10194541722009814,0.05138622330077638,0.055452672522739443,0.9919845748834906,100,10000,complete_repeat_5x6_vector,delete_one_complete_repeat_5x6_vector,809a3f2f1d77cce8aa4e86320f229cd025238ab79be8d1df66d61a601099ba7f
bdb2023_sack,label0_set_coverage,40,boosted_structure,0.06397663621491985,0.05577217016174792,0.07372050992171295,0.95,BCa,0.06371143428922374,0.043727886024111706,0.04576851063604276,0.9888098015469777,100,10000,complete_repeat_5x6_vector,delete_one_complete_repeat_5x6_vector,809a3f2f1d77cce8aa4e86320f229cd025238ab79be8d1df66d61a601099ba7f
bdb2023_sack,label0_set_coverage,50,boosted_structure,0.06690905188873626,0.058933507168689114,0.07771060054404243,0.95,BCa,0.10169345168304683,0.04952621686940568,0.054802852775213406,0.9917529995921501,100,10000,complete_repeat_5x6_vector,delete_one_complete_repeat_5x6_vector,809a3f2f1d77cce8aa4e86320f229cd025238ab79be8d1df66d61a601099ba7f
bdb2023_sack,label0_set_coverage,60,boosted_structure,0.06303024103085013,0.05403818502408523,0.07661543621509904,0.95,BCa,0.10925529964619017,0.07248330736021558,0.06393521439816147,0.9945139273618633,100,10000,complete_repeat_5x6_vector,delete_one_complete_repeat_5x6_vector,809a3f2f1d77cce8aa4e86320f229cd025238ab79be8d1df66d61a601099ba7f
bdb2023_sack,label0_set_coverage,10,relnet,0.05825857487027626,0.0510167942223758,0.06783052960362282,0.95,BCa,0.08859975852623243,0.05602221836503402,0.05422590131978622,0.9918637745872543,100,10000,complete_repeat_5x6_vector,delete_one_complete_repeat_5x6_vector,809a3f2f1d77cce8aa4e86320f229cd025238ab79be8d1df66d61a601099ba7f
bdb2023_sack,label0_set_coverage,20,relnet,0.0677208048356452,0.05700002770361125,0.08328511471215312,0.95,BCa,0.10169345168304683,0.06743879397758817,0.06061474587244697,0.993724905203465,100,10000,complete_repeat_5x6_vector,delete_one_complete_repeat_5x6_vector,809a3f2f1d77cce8aa4e86320f229cd025238ab79be8d1df66d61a601099ba7f
bdb2023_sack,label0_set_coverage,30,relnet,0.053377940961975,0.04610124985949974,0.06275438382636785,0.95,BCa,0.10749032548488587,0.04913513837322435,0.05586833746053477,0.9919955724735023,100,10000,complete_repeat_5x6_vector,delete_one_complete_repeat_5x6_vector,809a3f2f1d77cce8aa4e86320f229cd025238ab79be8d1df66d61a601099ba7f
bdb2023_sack,label0_set_coverage,40,relnet,0.07417307656478024,0.06107413048588643,0.09221962614110699,0.95,BCa,0.08734158531365724,0.07029903474015359,0.058505992195376055,0.9934094840074811,100,10000,complete_repeat_5x6_vector,delete_one_complete_repeat_5x6_vector,809a3f2f1d77cce8aa4e86320f229cd025238ab79be8d1df66d61a601099ba7f
bdb2023_sack,label0_set_coverage,50,relnet,0.07007610272518089,0.061455252790703824,0.08153074331480799,0.95,BCa,0.10547362176886818,0.05359547071850126,0.0568980303932744,0.9924090751859707,100,10000,complete_repeat_5x6_vector,delete_one_complete_repeat_5x6_vector,809a3f2f1d77cce8aa4e86320f229cd025238ab79be8d1df66d61a601099ba7f
bdb2023_sack,label0_set_coverage,60,relnet,0.05609055820960096,0.04874199599014427,0.0668231491736957,0.95,BCa,0.10723821377940601,0.06499400184362328,0.061007987288629495,0.9937072658734766,100,10000,complete_repeat_5x6_vector,delete_one_complete_repeat_5x6_vector,809a3f2f1d77cce8aa4e86320f229cd025238ab79be8d1df66d61a601099ba7f
bdb2023_sack,label0_set_coverage,10,attn_relnet,0.058177120370748514,0.050618987651219166,0.06779000070701646,0.95,BCa,0.08507722055425086,0.052917509305349116,0.05255349227396611,0.9913033354777155,100,10000,complete_repeat_5x6_vector,delete_one_complete_repeat_5x6_vector,809a3f2f1d77cce8aa4e86320f229cd025238ab79be8d1df66d61a601099ba7f
bdb2023_sack,label0_set_coverage,20,attn_relnet,0.06826365328409112,0.05703904743139561,0.08480717072517865,0.95,BCa,0.1079945694091542,0.06887222900852698,0.06245597638171019,0.9941221968177107,100,10000,complete_repeat_5x6_vector,delete_one_complete_repeat_5x6_vector,809a3f2f1d77cce8aa4e86320f229cd025238ab79be8d1df66d61a601099ba7f
bdb2023_sack,label0_set_coverage,30,attn_relnet,0.05410980553424388,0.046656545906023084,0.06392883148102119,0.95,BCa,0.10875098682482563,0.05139922433087339,0.05686799861799474,0.992316349298578,100,10000,complete_repeat_5x6_vector,delete_one_complete_repeat_5x6_vector,809a3f2f1d77cce8aa4e86320f229cd025238ab79be8d1df66d61a601099ba7f
bdb2023_sack,label0_set_coverage,40,attn_relnet,0.07115416776603635,0.05919649891525254,0.0901223970266437,0.95,BCa,0.11480460365242844,0.08008127572748527,0.06774354712504332,0.9953791945220125,100,10000,complete_repeat_5x6_vector,delete_one_complete_repeat_5x6_vector,809a3f2f1d77cce8aa4e86320f229cd025238ab79be8d1df66d61a601099ba7f
bdb2023_sack,label0_set_coverage,50,attn_relnet,0.07096350875623327,0.061740916075261956,0.08405661960323585,0.95,BCa,0.1052215641319016,0.06068137457458486,0.059156925728039156,0.9931740100118615,100,10000,complete_repeat_5x6_vector,delete_one_complete_repeat_5x6_vector,809a3f2f1d77cce8aa4e86320f229cd025238ab79be8d1df66d61a601099ba7f
bdb2023_sack,label0_set_coverage,60,attn_relnet,0.05622775617907028,0.048863589494043944,0.06887864504619702,0.95,BCa,0.12439819806905468,0.08397948648105921,0.07132320993549823,0.9959876826716889,100,10000,complete_repeat_5x6_vector,delete_one_complete_repeat_5x6_vector,809a3f2f1d77cce8aa4e86320f229cd025238ab79be8d1df66d61a601099ba7f
bdb2023_sack,label0_set_coverage,10,set_transformer,0.064492263682519,0.05521294558516152,0.08332538128664894,0.95,BCa,0.1271773902812563,0.10359644767881868,0.07880618718400306,0.9973653810862237,100,10000,complete_repeat_5x6_vector,delete_one_complete_repeat_5x6_vector,809a3f2f1d77cce8aa4e86320f229cd025238ab79be8d1df66d61a601099ba7f
bdb2023_sack,label0_set_coverage,20,set_transformer,0.05155254527865257,0.04449696193588144,0.06482631821564279,0.95,BCa,0.12111493479852256,0.09494289886863531,0.07431113224290103,0.9966825081607638,100,10000,complete_repeat_5x6_vector,delete_one_complete_repeat_5x6_vector,809a3f2f1d77cce8aa4e86320f229cd025238ab79be8d1df66d61a601099ba7f
bdb2023_sack,label0_set_coverage,30,set_transformer,0.0703224815448601,0.058474413825584964,0.08926246559608812,0.95,BCa,0.10648191949286798,0.09206590530241067,0.06986177049472203,0.9960747737773608,100,10000,complete_repeat_5x6_vector,delete_one_complete_repeat_5x6_vector,809a3f2f1d77cce8aa4e86320f229cd025238ab79be8d1df66d61a601099ba7f
bdb2023_sack,label0_set_coverage,40,set_transformer,0.07045560805139613,0.059602537504546145,0.08386363250649022,0.95,BCa,0.07401305168886022,0.05847136321339365,0.05212152558901817,0.9914032166816458,100,10000,complete_repeat_5x6_vector,delete_one_complete_repeat_5x6_vector,809a3f2f1d77cce8aa4e86320f229cd025238ab79be8d1df66d61a601099ba7f
bdb2023_sack,label0_set_coverage,50,set_transformer,0.0548524025113683,0.04791194434747434,0.0660186022892604,0.95,BCa,0.12439819806905468,0.07340649100566998,0.06769144618283435,0.9951351586385297,100,10000,complete_repeat_5x6_vector,delete_one_complete_repeat_5x6_vector,809a3f2f1d77cce8aa4e86320f229cd025238ab79be8d1df66d61a601099ba7f
bdb2023_sack,label0_set_coverage,60,set_transformer,0.06844373199519801,0.05942576539809814,0.08084878348281986,0.95,BCa,0.1011895399606471,0.05985895261721657,0.05803596232321784,0.9929053759577475,100,10000,complete_repeat_5x6_vector,delete_one_complete_repeat_5x6_vector,809a3f2f1d77cce8aa4e86320f229cd025238ab79be8d1df66d61a601099ba7f
bdb2023_sack,label1_set_coverage,10,linear_structure,0.07695884300811277,0.06830107993442344,0.0886776772499099,0.95,BCa,0.11026400878604582,0.04880196805695067,0.056336797447165465,0.9920924741798236,100,10000,complete_repeat_5x6_vector,delete_one_complete_repeat_5x6_vector,809a3f2f1d77cce8aa4e86320f229cd025238ab79be8d1df66d61a601099ba7f
bdb2023_sack,label1_set_coverage,20,linear_structure,0.06716363786753832,0.057666672357390376,0.08277351501691313,0.95,BCa,0.10572568610707413,0.08332868097123972,0.06676122271609486,0.9953512301449886,100,10000,complete_repeat_5x6_vector,delete_one_complete_repeat_5x6_vector,809a3f2f1d77cce8aa4e86320f229cd025238ab79be8d1df66d61a601099ba7f
bdb2023_sack,label1_set_coverage,30,linear_structure,0.07589014249104335,0.0658499134324711,0.08904773586320065,0.95,BCa,0.08482565160726441,0.05683586247886388,0.053729863358915775,0.9917689252926882,100,10000,complete_repeat_5x6_vector,delete_one_complete_repeat_5x6_vector,809a3f2f1d77cce8aa4e86320f229cd025238ab79be8d1df66d61a601099ba7f
bdb2023_sack,label1_set_coverage,40,linear_structure,0.07074713016116235,0.059495244838854294,0.08707659669710956,0.95,BCa,0.08809647252220673,0.07116577436652186,0.05894086338065191,0.9935332825513778,100,10000,complete_repeat_5x6_vector,delete_one_complete_repeat_5x6_vector,809a3f2f1d77cce8aa4e86320f229cd025238ab79be8d1df66d61a601099ba7f
bdb2023_sack,label1_set_coverage,50,linear_structure,0.06790975535552335,0.05724332400759172,0.08192607293907721,0.95,BCa,0.0870899673254245,0.06137507367730621,0.055614164343122,0.9924148438557943,100,10000,complete_repeat_5x6_vector,delete_one_complete_repeat_5x6_vector,809a3f2f1d77cce8aa4e86320f229cd025238ab79be8d1df66d61a601099ba7f
bdb2023_sack,label1_set_coverage,60,linear_structure,0.06939061633534999,0.055668316288564695,0.09038776201699142,0.95,BCa,0.10749032548488587,0.08255473949927124,0.06690284619787984,0.9953447307339001,100,10000,complete_repeat_5x6_vector,delete_one_complete_repeat_5x6_vector,809a3f2f1d77cce8aa4e86320f229cd025238ab79be8d1df66d61a601099ba7f
bdb2023_sack,label1_set_coverage,10,boosted_structure,0.06471627582479095,0.055337974520347305,0.07710036046319156,0.95,BCa,0.07929246436054636,0.06312886710196286,0.05460072032003194,0.9922368586278882,100,10000,complete_repeat_5x6_vector,delete_one_complete_repeat_5x6_vector,809a3f2f1d77cce8aa4e86320f229cd025238ab79be8d1df66d61a601099ba7f
bdb2023_sack,label1_set_coverage,20,boosted_structure,0.07349910893149977,0.06464099044269367,0.08508882525244425,0.95,BCa,0.0833163500932955,0.05479639906324951,0.05279428663159513,0.991442211518587,100,10000,complete_repeat_5x6_vector,delete_one_complete_repeat_5x6_vector,809a3f2f1d77cce8aa4e86320f229cd025238ab79be8d1df66d61a601099ba7f
bdb2023_sack,label1_set_coverage,30,boosted_structure,0.06927103731198421,0.05889264612588801,0.0829013430321666,0.95,BCa,0.10446543126475859,0.05654156153438977,0.05764538328632679,0.9926911085988457,100,10000,complete_repeat_5x6_vector,delete_one_complete_repeat_5x6_vector,809a3f2f1d77cce8aa4e86320f229cd025238ab79be8d1df66d61a601099ba7f
bdb2023_sack,label1_set_coverage,40,boosted_structure,0.06432058401192549,0.05676543015241535,0.07383055935289085,0.95,BCa,0.09589999317755757,0.04263697383740473,0.05145362822896732,0.9905952836773051,100,10000,complete_repeat_5x6_vector,delete_one_complete_repeat_5x6_vector,809a3f2f1d77cce8aa4e86320f229cd025238ab79be8d1df66d61a601099ba7f
bdb2023_sack,label1_set_coverage,50,boosted_structure,0.0656676482891457,0.05656252952437079,0.07817161248293246,0.95,BCa,0.09010975171461971,0.055264556340663316,0.05428905183461219,0.99184996967141,100,10000,complete_repeat_5x6_vector,delete_one_complete_repeat_5x6_vector,809a3f2f1d77cce8aa4e86320f229cd025238ab79be8d1df66d61a601099ba7f
bdb2023_sack,label1_set_coverage,60,boosted_structure,0.06457454547483134,0.05326207216790573,0.08193204524883002,0.95,BCa,0.08054978767948894,0.08967825169551118,0.06328227144402782,0.995032553831871,100,10000,complete_repeat_5x6_vector,delete_one_complete_repeat_5x6_vector,809a3f2f1d77cce8aa4e86320f229cd025238ab79be8d1df66d61a601099ba7f
bdb2023_sack,label1_set_coverage,10,relnet,0.062387433494872954,0.05491462748186523,0.07110631623500181,0.95,BCa,0.0870899673254245,0.03919911019068857,0.04868992905320246,0.9896314133479682,100,10000,complete_repeat_5x6_vector,delete_one_complete_repeat_5x6_vector,809a3f2f1d77cce8aa4e86320f229cd025238ab79be8d1df66d61a601099ba7f
bdb2023_sack,label1_set_coverage,20,relnet,0.06412074718537622,0.056461387017580654,0.07874967372222243,0.95,BCa,0.1334974257548597,0.09365863363704341,0.07691017822486257,0.9969049163125115,100,10000,complete_repeat_5x6_vector,delete_one_complete_repeat_5x6_vector,809a3f2f1d77cce8aa4e86320f229cd025238ab79be8d1df66d61a601099ba7f
bdb2023_sack,label1_set_coverage,30,relnet,0.05395670374078615,0.047184088161927505,0.06339194925348005,0.95,BCa,0.10547362176886818,0.05505914107487707,0.057374278517303146,0.9925733034272695,100,10000,complete_repeat_5x6_vector,delete_one_complete_repeat_5x6_vector,809a3f2f1d77cce8aa4e86320f229cd025238ab79be8d1df66d61a601099ba7f
bdb2023_sack,label1_set_coverage,40,relnet,0.05670130667443831,0.04685484349390634,0.07173057128229773,0.95,BCa,0.10370935811965017,0.07772117409027471,0.06444324704464655,0.9947905544290434,100,10000,complete_repeat_5x6_vector,delete_one_complete_repeat_5x6_vector,809a3f2f1d77cce8aa4e86320f229cd025238ab79be8d1df66d61a601099ba7f
bdb2023_sack,label1_set_coverage,50,relnet,0.0727190283480312,0.06113826226272925,0.09334808909071103,0.95,BCa,0.11303854064456521,0.0987401638894966,0.07366588398048568,0.996731636785111,100,10000,complete_repeat_5x6_vector,delete_one_complete_repeat_5x6_vector,809a3f2f1d77cce8aa4e86320f229cd025238ab79be8d1df66d61a601099ba7f
bdb2023_sack,label1_set_coverage,60,relnet,0.06241347519628502,0.04916101745037451,0.09082831339924036,0.95,BCa,0.14564707971509464,0.11889471108357245,0.08903159455737836,0.9984337352983625,100,10000,complete_repeat_5x6_vector,delete_one_complete_repeat_5x6_vector,809a3f2f1d77cce8aa4e86320f229cd025238ab79be8d1df66d61a601099ba7f
bdb2023_sack,label1_set_coverage,10,attn_relnet,0.062319974466099395,0.05513690803098468,0.07064892508067534,0.95,BCa,0.08784483789587182,0.03745794119693702,0.048297137814059865,0.9894386615719565,100,10000,complete_repeat_5x6_vector,delete_one_complete_repeat_5x6_vector,809a3f2f1d77cce8aa4e86320f229cd025238ab79be8d1df66d61a601099ba7f
bdb2023_sack,label1_set_coverage,20,attn_relnet,0.06477119420974932,0.057171030655343194,0.07951826833687765,0.95,BCa,0.1276828028810487,0.09587307918923536,0.0762406924621114,0.9969067372930884,100,10000,complete_repeat_5x6_vector,delete_one_complete_repeat_5x6_vector,809a3f2f1d77cce8aa4e86320f229cd025238ab79be8d1df66d61a601099ba7f
bdb2023_sack,label1_set_coverage,30,attn_relnet,0.05521480501298456,0.048452267695262896,0.06448246864247596,0.95,BCa,0.10950746646938428,0.05171092260851735,0.05712849755428451,0.992387489260737,100,10000,complete_repeat_5x6_vector,delete_one_complete_repeat_5x6_vector,809a3f2f1d77cce8aa4e86320f229cd025238ab79be8d1df66d61a601099ba7f
bdb2023_sack,label1_set_coverage,40,attn_relnet,0.059499141526156624,0.049712623239837085,0.07387624960404382,0.95,BCa,0.09589999317755757,0.06915241998955375,0.05993554432744391,0.9936572946687687,100,10000,complete_repeat_5x6_vector,delete_one_complete_repeat_5x6_vector,809a3f2f1d77cce8aa4e86320f229cd025238ab79be8d1df66d61a601099ba7f
bdb2023_sack,label1_set_coverage,50,attn_relnet,0.07314023113872467,0.06086551339735712,0.09318163535453022,0.95,BCa,0.10622983495269706,0.09339027375770186,0.07024839773870128,0.9961671481546868,100,10000,complete_repeat_5x6_vector,delete_one_complete_repeat_5x6_vector,809a3f2f1d77cce8aa4e86320f229cd025238ab79be8d1df66d61a601099ba7f
bdb2023_sack,label1_set_coverage,60,attn_relnet,0.060174115420171724,0.048325194950402404,0.08371977744395676,0.95,BCa,0.14210128904470282,0.10423765271326475,0.0828475413473388,0.9977015352317926,100,10000,complete_repeat_5x6_vector,delete_one_complete_repeat_5x6_vector,809a3f2f1d77cce8aa4e86320f229cd025238ab79be8d1df66d61a601099ba7f
bdb2023_sack,label1_set_coverage,10,set_transformer,0.07526722755788434,0.06413614540858609,0.09479309968005847,0.95,BCa,0.12136744671333508,0.09671208703276815,0.07498231681548567,0.9968066076511648,100,10000,complete_repeat_5x6_vector,delete_one_complete_repeat_5x6_vector,809a3f2f1d77cce8aa4e86320f229cd025238ab79be8d1df66d61a601099ba7f
bdb2023_sack,label1_set_coverage,20,set_transformer,0.06794841001309718,0.057878653901603946,0.08170454811356397,0.95,BCa,0.0964036416232105,0.06389612688298164,0.05833959282900825,0.9931270836215209,100,10000,complete_repeat_5x6_vector,delete_one_complete_repeat_5x6_vector,809a3f2f1d77cce8aa4e86320f229cd025238ab79be8d1df66d61a601099ba7f
bdb2023_sack,label1_set_coverage,30,set_transformer,0.057021933044519225,0.048812144466121025,0.06802952964121252,0.95,BCa,0.09413741432353637,0.06347212114504593,0.05772977042906674,0.9929792555540129,100,10000,complete_repeat_5x6_vector,delete_one_complete_repeat_5x6_vector,809a3f2f1d77cce8aa4e86320f229cd025238ab79be8d1df66d61a601099ba7f
bdb2023_sack,label1_set_coverage,40,set_transformer,0.06136578560904362,0.05176692451188976,0.07704690604641924,0.95,BCa,0.124903433652905,0.08597470251931763,0.07213212094080373,0.9961515967586141,100,10000,complete_repeat_5x6_vector,delete_one_complete_repeat_5x6_vector,809a3f2f1d77cce8aa4e86320f229cd025238ab79be8d1df66d61a601099ba7f
bdb2023_sack,label1_set_coverage,50,set_transformer,0.0668467200290936,0.054128688033883605,0.08612736472164309,0.95,BCa,0.09212339621491182,0.08151042329436019,0.06314259019487373,0.9947119582613448,100,10000,complete_repeat_5x6_vector,delete_one_complete_repeat_5x6_vector,809a3f2f1d77cce8aa4e86320f229cd025238ab79be8d1df66d61a601099ba7f
bdb2023_sack,label1_set_coverage,60,set_transformer,0.05713011449206693,0.04719191840228527,0.07254411851277656,0.95,BCa,0.11530925861782557,0.08080676445354185,0.06810558080378243,0.9954558862939675,100,10000,complete_repeat_5x6_vector,delete_one_complete_repeat_5x6_vector,809a3f2f1d77cce8aa4e86320f229cd025238ab79be8d1df66d61a601099ba7f
bdb2023_sack,game_equal_label0_set_coverage,10,linear_structure,0.06535342475638663,0.0534220846816241,0.09218934877819937,0.95,BCa,0.14311418785255225,0.1261194989018213,0.09093281465499664,0.9986737381161432,100,10000,complete_repeat_5x6_vector,delete_one_complete_repeat_5x6_vector,809a3f2f1d77cce8aa4e86320f229cd025238ab79be8d1df66d61a601099ba7f
bdb2023_sack,game_equal_label0_set_coverage,20,linear_structure,0.057365649946866874,0.04887743972387161,0.06725488792914158,0.95,BCa,0.07225371305299166,0.050797832138422344,0.04944283461782489,0.9903170581640313,100,10000,complete_repeat_5x6_vector,delete_one_complete_repeat_5x6_vector,809a3f2f1d77cce8aa4e86320f229cd025238ab79be8d1df66d61a601099ba7f
bdb2023_sack,game_equal_label0_set_coverage,30,linear_structure,0.05505215675324875,0.04689536355492841,0.06569757910335525,0.95,BCa,0.09992987277793945,0.056361233878972725,0.056641008631677536,0.9924586107800282,100,10000,complete_repeat_5x6_vector,delete_one_complete_repeat_5x6_vector,809a3f2f1d77cce8aa4e86320f229cd025238ab79be8d1df66d61a601099ba7f
bdb2023_sack,game_equal_label0_set_coverage,40,linear_structure,0.061790577792962945,0.05185268055155912,0.07681305720014285,0.95,BCa,0.10219738922948704,0.07394442499891621,0.06286139905100113,0.9943837946918206,100,10000,complete_repeat_5x6_vector,delete_one_complete_repeat_5x6_vector,809a3f2f1d77cce8aa4e86320f229cd025238ab79be8d1df66d61a601099ba7f
bdb2023_sack,game_equal_label0_set_coverage,50,linear_structure,0.06520079760126027,0.053773203746107515,0.08352850546121701,0.95,BCa,0.0893547296534372,0.08889432460580254,0.06494355466932089,0.9952727059644374,100,10000,complete_repeat_5x6_vector,delete_one_complete_repeat_5x6_vector,809a3f2f1d77cce8aa4e86320f229cd025238ab79be8d1df66d61a601099ba7f
bdb2023_sack,game_equal_label0_set_coverage,60,linear_structure,0.05663026212460107,0.049867066416758504,0.06713007812516562,0.95,BCa,0.0936338743162688,0.06858192130312916,0.05927140559295574,0.9935018769322694,100,10000,complete_repeat_5x6_vector,delete_one_complete_repeat_5x6_vector,809a3f2f1d77cce8aa4e86320f229cd025238ab79be8d1df66d61a601099ba7f
bdb2023_sack,game_equal_label0_set_coverage,10,boosted_structure,0.06431154194546652,0.05494168748634355,0.07714917988912473,0.95,BCa,0.09766287001317432,0.06361872512207531,0.05851413957013518,0.9931533549913082,100,10000,complete_repeat_5x6_vector,delete_one_complete_repeat_5x6_vector,809a3f2f1d77cce8aa4e86320f229cd025238ab79be8d1df66d61a601099ba7f
bdb2023_sack,game_equal_label0_set_coverage,20,boosted_structure,0.06696912201929395,0.058218701100350614,0.08306942295975127,0.95,BCa,0.142354500038514,0.09082069365333845,0.0781358554521438,0.9969355633596759,100,10000,complete_repeat_5x6_vector,delete_one_complete_repeat_5x6_vector,809a3f2f1d77cce8aa4e86320f229cd025238ab79be8d1df66d61a601099ba7f
bdb2023_sack,game_equal_label0_set_coverage,30,boosted_structure,0.06078703147066506,0.05348342390585074,0.07044994808003434,0.95,BCa,0.10446543126475859,0.05020582465550951,0.05559008879020394,0.9919712753382257,100,10000,complete_repeat_5x6_vector,delete_one_complete_repeat_5x6_vector,809a3f2f1d77cce8aa4e86320f229cd025238ab79be8d1df66d61a601099ba7f
bdb2023_sack,game_equal_label0_set_coverage,40,boosted_structure,0.06443564815063108,0.056143985348722066,0.07417897497319993,0.95,BCa,0.06295793605653409,0.04372850671093914,0.04563471381078604,0.9887609921892284,100,10000,complete_repeat_5x6_vector,delete_one_complete_repeat_5x6_vector,809a3f2f1d77cce8aa4e86320f229cd025238ab79be8d1df66d61a601099ba7f
bdb2023_sack,game_equal_label0_set_coverage,50,boosted_structure,0.06744091702041867,0.059377567779619465,0.07833328557459497,0.95,BCa,0.09892225328197578,0.05013650998438272,0.0544350564313863,0.9916853167836528,100,10000,complete_repeat_5x6_vector,delete_one_complete_repeat_5x6_vector,809a3f2f1d77cce8aa4e86320f229cd025238ab79be8d1df66d61a601099ba7f
bdb2023_sack,game_equal_label0_set_coverage,60,boosted_structure,0.06354584158397343,0.05455312595584628,0.07733134748393336,0.95,BCa,0.1127862748359439,0.0741070873326871,0.06526960175515989,0.994791992699624,100,10000,complete_repeat_5x6_vector,delete_one_complete_repeat_5x6_vector,809a3f2f1d77cce8aa4e86320f229cd025238ab79be8d1df66d61a601099ba7f
bdb2023_sack,game_equal_label0_set_coverage,10,relnet,0.05856390277669914,0.0511866348371812,0.06825862592085237,0.95,BCa,0.08558037461755254,0.05743182550348942,0.05406698413998834,0.9918788157311296,100,10000,complete_repeat_5x6_vector,delete_one_complete_repeat_5x6_vector,809a3f2f1d77cce8aa4e86320f229cd025238ab79be8d1df66d61a601099ba7f
bdb2023_sack,game_equal_label0_set_coverage,20,relnet,0.0679531355503951,0.0572387692566984,0.08356482490112756,0.95,BCa,0.10295334425500394,0.0679707431746599,0.06106059841329142,0.9938305810696619,100,10000,complete_repeat_5x6_vector,delete_one_complete_repeat_5x6_vector,809a3f2f1d77cce8aa4e86320f229cd025238ab79be8d1df66d61a601099ba7f
bdb2023_sack,game_equal_label0_set_coverage,30,relnet,0.05397136206482011,0.04669336049543437,0.06325707928070547,0.95,BCa,0.10370935811965017,0.04815284318827001,0.05477272012379769,0.9916916350334632,100,10000,complete_repeat_5x6_vector,delete_one_complete_repeat_5x6_vector,809a3f2f1d77cce8aa4e86320f229cd025238ab79be8d1df66d61a601099ba7f
bdb2023_sack,game_equal_label0_set_coverage,40,relnet,0.07437693632199625,0.061436438783230206,0.09196071654487294,0.95,BCa,0.08784483789587182,0.06808648602170166,0.05790326543448926,0.9931957627961454,100,10000,complete_repeat_5x6_vector,delete_one_complete_repeat_5x6_vector,809a3f2f1d77cce8aa4e86320f229cd025238ab79be8d1df66d61a601099ba7f
bdb2023_sack,game_equal_label0_set_coverage,50,relnet,0.07031586471230473,0.0616358051396677,0.08183007042715912,0.95,BCa,0.10597775716289191,0.05335192188595479,0.056924121690358154,0.9924054719904764,100,10000,complete_repeat_5x6_vector,delete_one_complete_repeat_5x6_vector,809a3f2f1d77cce8aa4e86320f229cd025238ab79be8d1df66d61a601099ba7f
bdb2023_sack,game_equal_label0_set_coverage,60,relnet,0.057054572508093745,0.04960459305108906,0.06819922740151443,0.95,BCa,0.11253401620461544,0.06666676299347968,0.06272260570460725,0.9940869140262489,100,10000,complete_repeat_5x6_vector,delete_one_complete_repeat_5x6_vector,809a3f2f1d77cce8aa4e86320f229cd025238ab79be8d1df66d61a601099ba7f
bdb2023_sack,game_equal_label0_set_coverage,10,attn_relnet,0.05845068814188299,0.0507601245167391,0.06824022756809626,0.95,BCa,0.08306481838496249,0.054306029257937476,0.05259214925541694,0.9913683757544638,100,10000,complete_repeat_5x6_vector,delete_one_complete_repeat_5x6_vector,809a3f2f1d77cce8aa4e86320f229cd025238ab79be8d1df66d61a601099ba7f
bdb2023_sack,game_equal_label0_set_coverage,20,attn_relnet,0.06849945839321508,0.057289610985461294,0.0850075942061547,0.95,BCa,0.11102061421827876,0.06943738868048255,0.06331176032134556,0.9942942827136478,100,10000,complete_repeat_5x6_vector,delete_one_complete_repeat_5x6_vector,809a3f2f1d77cce8aa4e86320f229cd025238ab79be8d1df66d61a601099ba7f
bdb2023_sack,game_equal_label0_set_coverage,30,attn_relnet,0.05470483640475751,0.04730072953245269,0.06463718079473177,0.95,BCa,0.10749032548488587,0.05179688428803234,0.05673394637615292,0.9923013350169703,100,10000,complete_repeat_5x6_vector,delete_one_complete_repeat_5x6_vector,809a3f2f1d77cce8aa4e86320f229cd025238ab79be8d1df66d61a601099ba7f
bdb2023_sack,game_equal_label0_set_coverage,40,attn_relnet,0.07117927016086666,0.0593711178600955,0.08953701187540127,0.95,BCa,0.11076840536730806,0.07806011703298371,0.06614029883069128,0.9950707470387969,100,10000,complete_repeat_5x6_vector,delete_one_complete_repeat_5x6_vector,809a3f2f1d77cce8aa4e86320f229cd025238ab79be8d1df66d61a601099ba7f
bdb2023_sack,game_equal_label0_set_coverage,50,attn_relnet,0.07123853256909099,0.06198831316388099,0.0843087103009531,0.95,BCa,0.10723821377940601,0.06015972139414266,0.05941629869080678,0.9932071384811265,100,10000,complete_repeat_5x6_vector,delete_one_complete_repeat_5x6_vector,809a3f2f1d77cce8aa4e86320f229cd025238ab79be8d1df66d61a601099ba7f
bdb2023_sack,game_equal_label0_set_coverage,60,attn_relnet,0.05717392680148177,0.04967998094147201,0.07019607596165302,0.95,BCa,0.12844098298049186,0.08528193478984429,0.07274426621528823,0.9962006403631432,100,10000,complete_repeat_5x6_vector,delete_one_complete_repeat_5x6_vector,809a3f2f1d77cce8aa4e86320f229cd025238ab79be8d1df66d61a601099ba7f
bdb2023_sack,game_equal_label0_set_coverage,10,set_transformer,0.06379776882631882,0.0546179016347025,0.08303053928481131,0.95,BCa,0.12919923691977347,0.10798050881875933,0.08084885411855458,0.9976502703889716,100,10000,complete_repeat_5x6_vector,delete_one_complete_repeat_5x6_vector,809a3f2f1d77cce8aa4e86320f229cd025238ab79be8d1df66d61a601099ba7f
bdb2023_sack,game_equal_label0_set_coverage,20,set_transformer,0.05168059395551248,0.04482302982783441,0.06414891796312205,0.95,BCa,0.12086243060603684,0.09076294499200642,0.07281178893938345,0.9963862886844665,100,10000,complete_repeat_5x6_vector,delete_one_complete_repeat_5x6_vector,809a3f2f1d77cce8aa4e86320f229cd025238ab79be8d1df66d61a601099ba7f
bdb2023_sack,game_equal_label0_set_coverage,30,set_transformer,0.07102373886544033,0.059247840625750836,0.09023433359852956,0.95,BCa,0.11026400878604582,0.09205329490077106,0.07073889704179886,0.9961837080591494,100,10000,complete_repeat_5x6_vector,delete_one_complete_repeat_5x6_vector,809a3f2f1d77cce8aa4e86320f229cd025238ab79be8d1df66d61a601099ba7f
bdb2023_sack,game_equal_label0_set_coverage,40,set_transformer,0.07079228840488434,0.06004163419226565,0.08428273738661365,0.95,BCa,0.07627539594416351,0.05911773926695748,0.052759619789125745,0.9916027910723559,100,10000,complete_repeat_5x6_vector,delete_one_complete_repeat_5x6_vector,809a3f2f1d77cce8aa4e86320f229cd025238ab79be8d1df66d61a601099ba7f
bdb2023_sack,game_equal_label0_set_coverage,50,set_transformer,0.055583712050768126,0.04859400374545302,0.06663901275463419,0.95,BCa,0.1193475666922751,0.07213082318030728,0.0660926091184742,0.9948493212660889,100,10000,complete_repeat_5x6_vector,delete_one_complete_repeat_5x6_vector,809a3f2f1d77cce8aa4e86320f229cd025238ab79be8d1df66d61a601099ba7f
bdb2023_sack,game_equal_label0_set_coverage,60,set_transformer,0.06915198575666096,0.060201645434634986,0.08162628889268445,0.95,BCa,0.10270135273060467,0.060342718841344026,0.05851174440187329,0.9930259579501024,100,10000,complete_repeat_5x6_vector,delete_one_complete_repeat_5x6_vector,809a3f2f1d77cce8aa4e86320f229cd025238ab79be8d1df66d61a601099ba7f
bdb2023_sack,game_equal_label1_set_coverage,10,linear_structure,0.07671833610908467,0.06812624902488441,0.08830502066555777,0.95,BCa,0.11480460365242844,0.04866467053818277,0.05724582262436939,0.9922947399658473,100,10000,complete_repeat_5x6_vector,delete_one_complete_repeat_5x6_vector,809a3f2f1d77cce8aa4e86320f229cd025238ab79be8d1df66d61a601099ba7f
bdb2023_sack,game_equal_label1_set_coverage,20,linear_structure,0.06933034808310834,0.059332664504600126,0.08667331616206995,0.95,BCa,0.11001182102288878,0.09042306013825151,0.07012905302412187,0.9960539467330202,100,10000,complete_repeat_5x6_vector,delete_one_complete_repeat_5x6_vector,809a3f2f1d77cce8aa4e86320f229cd025238ab79be8d1df66d61a601099ba7f
bdb2023_sack,game_equal_label1_set_coverage,30,linear_structure,0.07676300618203091,0.06680381115864577,0.08993313189765513,0.95,BCa,0.09816660462125527,0.05489829673729366,0.05580663648797923,0.9922068732813438,100,10000,complete_repeat_5x6_vector,delete_one_complete_repeat_5x6_vector,809a3f2f1d77cce8aa4e86320f229cd025238ab79be8d1df66d61a601099ba7f
bdb2023_sack,game_equal_label1_set_coverage,40,linear_structure,0.0691376571899218,0.05774611095307314,0.08661709362010737,0.95,BCa,0.09212339621491182,0.081647904748696,0.06318737848315947,0.9947246382418611,100,10000,complete_repeat_5x6_vector,delete_one_complete_repeat_5x6_vector,809a3f2f1d77cce8aa4e86320f229cd025238ab79be8d1df66d61a601099ba7f
bdb2023_sack,game_equal_label1_set_coverage,50,linear_structure,0.06537858781409446,0.05527329377823314,0.07982630078313618,0.95,BCa,0.09313035804898998,0.06968620867281643,0.059521922543069705,0.9935950078432094,100,10000,complete_repeat_5x6_vector,delete_one_complete_repeat_5x6_vector,809a3f2f1d77cce8aa4e86320f229cd025238ab79be8d1df66d61a601099ba7f
bdb2023_sack,game_equal_label1_set_coverage,60,linear_structure,0.06862482611836941,0.05533139976250748,0.09036680833312276,0.95,BCa,0.10597775716289191,0.09207936197606491,0.0697494553722997,0.9960609435227388,100,10000,complete_repeat_5x6_vector,delete_one_complete_repeat_5x6_vector,809a3f2f1d77cce8aa4e86320f229cd025238ab79be8d1df66d61a601099ba7f
bdb2023_sack,game_equal_label1_set_coverage,10,boosted_structure,0.06612839475481094,0.056303811188518293,0.07939923991302385,0.95,BCa,0.08457408802851875,0.0634700651973289,0.055767556857915235,0.9925332661292946,100,10000,complete_repeat_5x6_vector,delete_one_complete_repeat_5x6_vector,809a3f2f1d77cce8aa4e86320f229cd025238ab79be8d1df66d61a601099ba7f
bdb2023_sack,game_equal_label1_set_coverage,20,boosted_structure,0.07427167412554297,0.06579317370042019,0.08543586127789553,0.95,BCa,0.08885140993629091,0.05127706509597607,0.05278244819223915,0.9913007647707373,100,10000,complete_repeat_5x6_vector,delete_one_complete_repeat_5x6_vector,809a3f2f1d77cce8aa4e86320f229cd025238ab79be8d1df66d61a601099ba7f
bdb2023_sack,game_equal_label1_set_coverage,30,boosted_structure,0.07183578800976548,0.06096357518109233,0.08540816855704682,0.95,BCa,0.08834811272693274,0.056134036014295924,0.05421083452267644,0.9918643538576859,100,10000,complete_repeat_5x6_vector,delete_one_complete_repeat_5x6_vector,809a3f2f1d77cce8aa4e86320f229cd025238ab79be8d1df66d61a601099ba7f
bdb2023_sack,game_equal_label1_set_coverage,40,boosted_structure,0.06589437789798266,0.05781004309131935,0.07632891377661466,0.95,BCa,0.09892225328197578,0.04836025581863516,0.05386780724626161,0.991471499883067,100,10000,complete_repeat_5x6_vector,delete_one_complete_repeat_5x6_vector,809a3f2f1d77cce8aa4e86320f229cd025238ab79be8d1df66d61a601099ba7f
bdb2023_sack,game_equal_label1_set_coverage,50,boosted_structure,0.06877469774219189,0.05892722244418988,0.08232004981473932,0.95,BCa,0.09413741432353637,0.059117464894535496,0.056332371496523426,0.9924952861803844,100,10000,complete_repeat_5x6_vector,delete_one_complete_repeat_5x6_vector,809a3f2f1d77cce8aa4e86320f229cd025238ab79be8d1df66d61a601099ba7f
bdb2023_sack,game_equal_label1_set_coverage,60,boosted_structure,0.06999651146163641,0.05833565777051251,0.08954401198216876,0.95,BCa,0.08809647252220673,0.099752179601789,0.06821139677812238,0.9961161284859424,100,10000,complete_repeat_5x6_vector,delete_one_complete_repeat_5x6_vector,809a3f2f1d77cce8aa4e86320f229cd025238ab79be8d1df66d61a601099ba7f
bdb2023_sack,game_equal_label1_set_coverage,10,relnet,0.0655132782391069,0.05776594184024515,0.0756401117664457,0.95,BCa,0.09816660462125527,0.0519721910871599,0.05486877518081534,0.9918652968899062,100,10000,complete_repeat_5x6_vector,delete_one_complete_repeat_5x6_vector,809a3f2f1d77cce8aa4e86320f229cd025238ab79be8d1df66d61a601099ba7f
bdb2023_sack,game_equal_label1_set_coverage,20,relnet,0.06571103690617637,0.058399660876668744,0.07621700387568667,0.95,BCa,0.10673401079978624,0.0592472632792707,0.05900922070887321,0.9930879329626829,100,10000,complete_repeat_5x6_vector,delete_one_complete_repeat_5x6_vector,809a3f2f1d77cce8aa4e86320f229cd025238ab79be8d1df66d61a601099ba7f
bdb2023_sack,game_equal_label1_set_coverage,30,relnet,0.057067092253254854,0.04942406322131101,0.06813201089193474,0.95,BCa,0.09892225328197578,0.06342068959986298,0.05871503443840381,0.9931879761173004,100,10000,complete_repeat_5x6_vector,delete_one_complete_repeat_5x6_vector,809a3f2f1d77cce8aa4e86320f229cd025238ab79be8d1df66d61a601099ba7f
bdb2023_sack,game_equal_label1_set_coverage,40,relnet,0.059398972932833215,0.04940292212339349,0.0728857062868606,0.95,BCa,0.08985807200790286,0.06106009489349782,0.05607671724333496,0.9925117440090887,100,10000,complete_repeat_5x6_vector,delete_one_complete_repeat_5x6_vector,809a3f2f1d77cce8aa4e86320f229cd025238ab79be8d1df66d61a601099ba7f
bdb2023_sack,game_equal_label1_set_coverage,50,relnet,0.0760726561801761,0.06287787124742768,0.0998524148675362,0.95,BCa,0.10824670166073914,0.10367914093389527,0.07419697601377595,0.9969373685314674,100,10000,complete_repeat_5x6_vector,delete_one_complete_repeat_5x6_vector,809a3f2f1d77cce8aa4e86320f229cd025238ab79be8d1df66d61a601099ba7f
bdb2023_sack,game_equal_label1_set_coverage,60,relnet,0.06630021777067473,0.05207180922532836,0.09655330799638366,0.95,BCa,0.14564707971509464,0.11956483392827318,0.08927202389165412,0.9984604115723354,100,10000,complete_repeat_5x6_vector,delete_one_complete_repeat_5x6_vector,809a3f2f1d77cce8aa4e86320f229cd025238ab79be8d1df66d61a601099ba7f
bdb2023_sack,game_equal_label1_set_coverage,10,attn_relnet,0.06520976435204476,0.057806612675051765,0.07494146666216436,0.95,BCa,0.0961518143516292,0.052949087865629255,0.05477184071246233,0.9918797029459883,100,10000,complete_repeat_5x6_vector,delete_one_complete_repeat_5x6_vector,809a3f2f1d77cce8aa4e86320f229cd025238ab79be8d1df66d61a601099ba7f
bdb2023_sack,game_equal_label1_set_coverage,20,attn_relnet,0.06660580598486845,0.059387318477195826,0.0770186883021868,0.95,BCa,0.09992987277793945,0.059853424781751395,0.05777008536938921,0.9928474056522103,100,10000,complete_repeat_5x6_vector,delete_one_complete_repeat_5x6_vector,809a3f2f1d77cce8aa4e86320f229cd025238ab79be8d1df66d61a601099ba7f
bdb2023_sack,game_equal_label1_set_coverage,30,attn_relnet,0.0582562313200692,0.0507232838131414,0.06913417475138225,0.95,BCa,0.10875098682482563,0.05983451681097341,0.059633491397160066,0.9932387995253305,100,10000,complete_repeat_5x6_vector,delete_one_complete_repeat_5x6_vector,809a3f2f1d77cce8aa4e86320f229cd025238ab79be8d1df66d61a601099ba7f
bdb2023_sack,game_equal_label1_set_coverage,40,attn_relnet,0.06120072385550063,0.05127344474191336,0.07432168121756247,0.95,BCa,0.09287860877725654,0.05871773857213687,0.055946756974024625,0.9923895936375451,100,10000,complete_repeat_5x6_vector,delete_one_complete_repeat_5x6_vector,809a3f2f1d77cce8aa4e86320f229cd025238ab79be8d1df66d61a601099ba7f
bdb2023_sack,game_equal_label1_set_coverage,50,attn_relnet,0.0762461449417364,0.06233337905289324,0.09963215449905863,0.95,BCa,0.10547362176886818,0.09869904329278562,0.07185763739782847,0.9965307067936947,100,10000,complete_repeat_5x6_vector,delete_one_complete_repeat_5x6_vector,809a3f2f1d77cce8aa4e86320f229cd025238ab79be8d1df66d61a601099ba7f
bdb2023_sack,game_equal_label1_set_coverage,60,attn_relnet,0.06415544155831009,0.05159862574861191,0.08915820945193813,0.95,BCa,0.14083537039712735,0.10546562354074375,0.08295528274611269,0.997741299745331,100,10000,complete_repeat_5x6_vector,delete_one_complete_repeat_5x6_vector,809a3f2f1d77cce8aa4e86320f229cd025238ab79be8d1df66d61a601099ba7f
bdb2023_sack,game_equal_label1_set_coverage,10,set_transformer,0.07855720689853689,0.06787406769361301,0.09805571061739002,0.95,BCa,0.12288268129946614,0.09848224702683292,0.07596419705945123,0.9969580266635467,100,10000,complete_repeat_5x6_vector,delete_one_complete_repeat_5x6_vector,809a3f2f1d77cce8aa4e86320f229cd025238ab79be8d1df66d61a601099ba7f
bdb2023_sack,game_equal_label1_set_coverage,20,set_transformer,0.07062987949684375,0.05977969913906508,0.08510702951966878,0.95,BCa,0.0860835503476595,0.06079820438458131,0.055228412466273746,0.9922995235761716,100,10000,complete_repeat_5x6_vector,delete_one_complete_repeat_5x6_vector,809a3f2f1d77cce8aa4e86320f229cd025238ab79be8d1df66d61a601099ba7f
bdb2023_sack,game_equal_label1_set_coverage,30,set_transformer,0.06113541054870166,0.05270850688520894,0.0730932529883737,0.95,BCa,0.10018179346565421,0.06527294105382368,0.059584078548975516,0.9934382409216529,100,10000,complete_repeat_5x6_vector,delete_one_complete_repeat_5x6_vector,809a3f2f1d77cce8aa4e86320f229cd025238ab79be8d1df66d61a601099ba7f
bdb2023_sack,game_equal_label1_set_coverage,40,set_transformer,0.06491730713459958,0.05486099786294806,0.08166458001073824,0.95,BCa,0.124903433652905,0.08953994362113407,0.0733638049073777,0.9964091966275016,100,10000,complete_repeat_5x6_vector,delete_one_complete_repeat_5x6_vector,809a3f2f1d77cce8aa4e86320f229cd025238ab79be8d1df66d61a601099ba7f
bdb2023_sack,game_equal_label1_set_coverage,50,set_transformer,0.06781119566406646,0.056185370329191,0.0843876564728047,0.95,BCa,0.0951445660777794,0.07249761267542311,0.06086100572764269,0.9939643166263648,100,10000,complete_repeat_5x6_vector,delete_one_complete_repeat_5x6_vector,809a3f2f1d77cce8aa4e86320f229cd025238ab79be8d1df66d61a601099ba7f
bdb2023_sack,game_equal_label1_set_coverage,60,set_transformer,0.0616410208842677,0.051491898792606225,0.07622984231889848,0.95,BCa,0.11076840536730806,0.07043267831960909,0.06358779726717229,0.9943789160942695,100,10000,complete_repeat_5x6_vector,delete_one_complete_repeat_5x6_vector,809a3f2f1d77cce8aa4e86320f229cd025238ab79be8d1df66d61a601099ba7f
bdb2023_sack,set_singleton_rate,10,linear_structure,0.10159838770524335,0.09047904561267822,0.11692688634726153,0.95,BCa,0.11859023764536891,0.04523468551822681,0.05691602632296361,0.9920860032043339,100,10000,complete_repeat_5x6_vector,delete_one_complete_repeat_5x6_vector,809a3f2f1d77cce8aa4e86320f229cd025238ab79be8d1df66d61a601099ba7f
bdb2023_sack,set_singleton_rate,20,linear_structure,0.09423529172768612,0.0835288652874891,0.1063852196955609,0.95,BCa,0.08381942934025635,0.031559819998938074,0.04575871181411406,0.9883512072407634,100,10000,complete_repeat_5x6_vector,delete_one_complete_repeat_5x6_vector,809a3f2f1d77cce8aa4e86320f229cd025238ab79be8d1df66d61a601099ba7f
bdb2023_sack,set_singleton_rate,30,linear_structure,0.0994787646323866,0.09017286519882951,0.1100329162830371,0.95,BCa,0.09589999317755757,0.02816683129823453,0.04695003419253552,0.9886406068302316,100,10000,complete_repeat_5x6_vector,delete_one_complete_repeat_5x6_vector,809a3f2f1d77cce8aa4e86320f229cd025238ab79be8d1df66d61a601099ba7f
bdb2023_sack,set_singleton_rate,40,linear_structure,0.10506473886375627,0.09347937523984211,0.11824539272081612,0.95,BCa,0.07275635817603748,0.03382209809475881,0.04445088054968771,0.9879504399912404,100,10000,complete_repeat_5x6_vector,delete_one_complete_repeat_5x6_vector,809a3f2f1d77cce8aa4e86320f229cd025238ab79be8d1df66d61a601099ba7f
bdb2023_sack,set_singleton_rate,50,linear_structure,0.10481036969901573,0.09056583252638897,0.12305618545552746,0.95,BCa,0.09867036414020375,0.041786358668018844,0.05173013052836262,0.9906400379448932,100,10000,complete_repeat_5x6_vector,delete_one_complete_repeat_5x6_vector,809a3f2f1d77cce8aa4e86320f229cd025238ab79be8d1df66d61a601099ba7f
bdb2023_sack,set_singleton_rate,60,linear_structure,0.09966501519154917,0.0858477974879842,0.11893095213487247,0.95,BCa,0.10194541722009814,0.05893574205185782,0.057894851936215186,0.9928388954705387,100,10000,complete_repeat_5x6_vector,delete_one_complete_repeat_5x6_vector,809a3f2f1d77cce8aa4e86320f229cd025238ab79be8d1df66d61a601099ba7f
bdb2023_sack,set_singleton_rate,10,boosted_structure,0.0939277865284591,0.08281361974604749,0.10746591992043718,0.95,BCa,0.10471746889621163,0.034490996598801,0.050611544600841496,0.9900360948936183,100,10000,complete_repeat_5x6_vector,delete_one_complete_repeat_5x6_vector,809a3f2f1d77cce8aa4e86320f229cd025238ab79be8d1df66d61a601099ba7f
bdb2023_sack,set_singleton_rate,20,boosted_structure,0.10692521397720817,0.09669186010443345,0.11862325947247125,0.95,BCa,0.1049695131798047,0.028354892931707357,0.04872626959038501,0.9892283838738951,100,10000,complete_repeat_5x6_vector,delete_one_complete_repeat_5x6_vector,809a3f2f1d77cce8aa4e86320f229cd025238ab79be8d1df66d61a601099ba7f
bdb2023_sack,set_singleton_rate,30,boosted_structure,0.10527904807677183,0.0915140925679841,0.125012897344055,0.95,BCa,0.10975964025614329,0.05916520663097645,0.059629567305843845,0.993212171150789,100,10000,complete_repeat_5x6_vector,delete_one_complete_repeat_5x6_vector,809a3f2f1d77cce8aa4e86320f229cd025238ab79be8d1df66d61a601099ba7f
bdb2023_sack,set_singleton_rate,40,boosted_structure,0.09300443468962923,0.08254463640531615,0.11253710757490372,0.95,BCa,0.1334974257548597,0.08129732161763074,0.07258208417113993,0.9960501412310391,100,10000,complete_repeat_5x6_vector,delete_one_complete_repeat_5x6_vector,809a3f2f1d77cce8aa4e86320f229cd025238ab79be8d1df66d61a601099ba7f
bdb2023_sack,set_singleton_rate,50,boosted_structure,0.09791173567082621,0.08393630501629756,0.12724263563358706,0.95,BCa,0.14210128904470282,0.10757718225696467,0.08403844783540781,0.9978712115243722,100,10000,complete_repeat_5x6_vector,delete_one_complete_repeat_5x6_vector,809a3f2f1d77cce8aa4e86320f229cd025238ab79be8d1df66d61a601099ba7f
bdb2023_sack,set_singleton_rate,60,boosted_structure,0.09382263971052703,0.08072925788299612,0.11184464327853821,0.95,BCa,0.08054978767948894,0.06085037633234134,0.054138393081439196,0.9920312787303589,100,10000,complete_repeat_5x6_vector,delete_one_complete_repeat_5x6_vector,809a3f2f1d77cce8aa4e86320f229cd025238ab79be8d1df66d61a601099ba7f
bdb2023_sack,set_singleton_rate,10,relnet,0.08628812880066652,0.0766115820297682,0.09922663607671285,0.95,BCa,0.12111493479852256,0.03875346835925403,0.05531013466427315,0.9914547308358725,100,10000,complete_repeat_5x6_vector,delete_one_complete_repeat_5x6_vector,809a3f2f1d77cce8aa4e86320f229cd025238ab79be8d1df66d61a601099ba7f
bdb2023_sack,set_singleton_rate,20,relnet,0.09158671905253084,0.08265297388863124,0.10505388545718465,0.95,BCa,0.11859023764536891,0.053034796349781,0.05950301185646273,0.9929491658067165,100,10000,complete_repeat_5x6_vector,delete_one_complete_repeat_5x6_vector,809a3f2f1d77cce8aa4e86320f229cd025238ab79be8d1df66d61a601099ba7f
bdb2023_sack,set_singleton_rate,30,relnet,0.07874388964705138,0.06969792632018866,0.0908761786065196,0.95,BCa,0.11480460365242844,0.04240842609063712,0.05519432693971077,0.9915698343833332,100,10000,complete_repeat_5x6_vector,delete_one_complete_repeat_5x6_vector,809a3f2f1d77cce8aa4e86320f229cd025238ab79be8d1df66d61a601099ba7f
bdb2023_sack,set_singleton_rate,40,relnet,0.09624623842817064,0.08378339796831179,0.11198103056566688,0.95,BCa,0.0893547296534372,0.041262587256914576,0.04975689789725268,0.9900431859112147,100,10000,complete_repeat_5x6_vector,delete_one_complete_repeat_5x6_vector,809a3f2f1d77cce8aa4e86320f229cd025238ab79be8d1df66d61a601099ba7f
bdb2023_sack,set_singleton_rate,50,relnet,0.11215570375636867,0.10046521190495375,0.12809456587863996,0.95,BCa,0.11202952040800261,0.04756269577587949,0.05630082827309357,0.992035545154287,100,10000,complete_repeat_5x6_vector,delete_one_complete_repeat_5x6_vector,809a3f2f1d77cce8aa4e86320f229cd025238ab79be8d1df66d61a601099ba7f
bdb2023_sack,set_singleton_rate,60,relnet,0.09989039626458174,0.07920388632019049,0.14466041850988098,0.95,BCa,0.14336743545776678,0.1241165507539111,0.09028531308287052,0.9986040973490551,100,10000,complete_repeat_5x6_vector,delete_one_complete_repeat_5x6_vector,809a3f2f1d77cce8aa4e86320f229cd025238ab79be8d1df66d61a601099ba7f
bdb2023_sack,set_singleton_rate,10,attn_relnet,0.08746437625856882,0.07729811309048795,0.10067242983577497,0.95,BCa,0.1127862748359439,0.038887096741232224,0.05363364766780637,0.9910396837715895,100,10000,complete_repeat_5x6_vector,delete_one_complete_repeat_5x6_vector,809a3f2f1d77cce8aa4e86320f229cd025238ab79be8d1df66d61a601099ba7f
bdb2023_sack,set_singleton_rate,20,attn_relnet,0.09107551148150045,0.0812915354421103,0.10541787376995349,0.95,BCa,0.10345734693318248,0.05605316490909244,0.057275348458523834,0.9925900470247628,100,10000,complete_repeat_5x6_vector,delete_one_complete_repeat_5x6_vector,809a3f2f1d77cce8aa4e86320f229cd025238ab79be8d1df66d61a601099ba7f
bdb2023_sack,set_singleton_rate,30,attn_relnet,0.08020648709385661,0.07102695266533449,0.09256718698801149,0.95,BCa,0.11354309385954282,0.04270578508355361,0.055029973649585895,0.9915413283388125,100,10000,complete_repeat_5x6_vector,delete_one_complete_repeat_5x6_vector,809a3f2f1d77cce8aa4e86320f229cd025238ab79be8d1df66d61a601099ba7f
bdb2023_sack,set_singleton_rate,40,attn_relnet,0.09602011366549792,0.08312183800442954,0.11356789903540378,0.95,BCa,0.0933821132232494,0.05537098761436379,0.0549823852291898,0.9920266484372814,100,10000,complete_repeat_5x6_vector,delete_one_complete_repeat_5x6_vector,809a3f2f1d77cce8aa4e86320f229cd025238ab79be8d1df66d61a601099ba7f
bdb2023_sack,set_singleton_rate,50,attn_relnet,0.11354365686721211,0.10124207238029254,0.13006759313145652,0.95,BCa,0.1193475666922751,0.04602583425727075,0.05733826104566869,0.9922122405297377,100,10000,complete_repeat_5x6_vector,delete_one_complete_repeat_5x6_vector,809a3f2f1d77cce8aa4e86320f229cd025238ab79be8d1df66d61a601099ba7f
bdb2023_sack,set_singleton_rate,60,attn_relnet,0.09951688041883337,0.07940397387182234,0.14175138350161873,0.95,BCa,0.1418480871615028,0.1183536999431194,0.08781699016841743,0.9983569685412694,100,10000,complete_repeat_5x6_vector,delete_one_complete_repeat_5x6_vector,809a3f2f1d77cce8aa4e86320f229cd025238ab79be8d1df66d61a601099ba7f
bdb2023_sack,set_singleton_rate,10,set_transformer,0.0956152629956865,0.08276861775047623,0.11349392223859012,0.95,BCa,0.09892225328197578,0.05499718171926096,0.05599363023009041,0.9922549176595514,100,10000,complete_repeat_5x6_vector,delete_one_complete_repeat_5x6_vector,809a3f2f1d77cce8aa4e86320f229cd025238ab79be8d1df66d61a601099ba7f
bdb2023_sack,set_singleton_rate,20,set_transformer,0.09794287865271264,0.08398014870254582,0.12142522070288962,0.95,BCa,0.12919923691977347,0.08131024354228443,0.07154918452793263,0.9959259474951754,100,10000,complete_repeat_5x6_vector,delete_one_complete_repeat_5x6_vector,809a3f2f1d77cce8aa4e86320f229cd025238ab79be8d1df66d61a601099ba7f
bdb2023_sack,set_singleton_rate,30,set_transformer,0.09026752813962106,0.07885945883111492,0.10595091271195382,0.95,BCa,0.1105162035620418,0.04819471121252479,0.05619127987260514,0.9920347376578222,100,10000,complete_repeat_5x6_vector,delete_one_complete_repeat_5x6_vector,809a3f2f1d77cce8aa4e86320f229cd025238ab79be8d1df66d61a601099ba7f
bdb2023_sack,set_singleton_rate,40,set_transformer,0.10388401956324862,0.091397915441962,0.12243958690166443,0.95,BCa,0.10950746646938428,0.06222710903273313,0.06058591655753126,0.9935200940394313,100,10000,complete_repeat_5x6_vector,delete_one_complete_repeat_5x6_vector,809a3f2f1d77cce8aa4e86320f229cd025238ab79be8d1df66d61a601099ba7f
bdb2023_sack,set_singleton_rate,50,set_transformer,0.09244092857081478,0.08209631984786309,0.10472152003686845,0.95,BCa,0.08859975852623243,0.03222898831966041,0.04683792012396554,0.9887546555681426,100,10000,complete_repeat_5x6_vector,delete_one_complete_repeat_5x6_vector,809a3f2f1d77cce8aa4e86320f229cd025238ab79be8d1df66d61a601099ba7f
bdb2023_sack,set_singleton_rate,60,set_transformer,0.09598411149729429,0.08488913277835693,0.11097963308373857,0.95,BCa,0.10648191949286798,0.05305679227894131,0.05693345149022139,0.9923960474016278,100,10000,complete_repeat_5x6_vector,delete_one_complete_repeat_5x6_vector,809a3f2f1d77cce8aa4e86320f229cd025238ab79be8d1df66d61a601099ba7f
bdb2023_sack,set_doubleton_rate,10,linear_structure,0.10159838770524339,0.09047904561267821,0.11692688634726156,0.95,BCa,0.11859023764536891,0.045234685518226916,0.05691602632296361,0.9920860032043339,100,10000,complete_repeat_5x6_vector,delete_one_complete_repeat_5x6_vector,809a3f2f1d77cce8aa4e86320f229cd025238ab79be8d1df66d61a601099ba7f
bdb2023_sack,set_doubleton_rate,20,linear_structure,0.09423529172768612,0.08352886528748917,0.10638521969556095,0.95,BCa,0.08381942934025635,0.03155981999893991,0.045758711814114617,0.9883512072407636,100,10000,complete_repeat_5x6_vector,delete_one_complete_repeat_5x6_vector,809a3f2f1d77cce8aa4e86320f229cd025238ab79be8d1df66d61a601099ba7f
bdb2023_sack,set_doubleton_rate,30,linear_structure,0.09947876463238658,0.09017286519882953,0.11003291628303713,0.95,BCa,0.09589999317755757,0.02816683129823523,0.04695003419253574,0.9886406068302317,100,10000,complete_repeat_5x6_vector,delete_one_complete_repeat_5x6_vector,809a3f2f1d77cce8aa4e86320f229cd025238ab79be8d1df66d61a601099ba7f
bdb2023_sack,set_doubleton_rate,40,linear_structure,0.10506473886375634,0.0934793752398421,0.11824539272081613,0.95,BCa,0.07275635817603748,0.03382209809475867,0.044450880549687655,0.9879504399912404,100,10000,complete_repeat_5x6_vector,delete_one_complete_repeat_5x6_vector,809a3f2f1d77cce8aa4e86320f229cd025238ab79be8d1df66d61a601099ba7f
bdb2023_sack,set_doubleton_rate,50,linear_structure,0.1048103696990157,0.090565832526389,0.12305618545552745,0.95,BCa,0.09867036414020375,0.0417863586680192,0.05173013052836273,0.9906400379448932,100,10000,complete_repeat_5x6_vector,delete_one_complete_repeat_5x6_vector,809a3f2f1d77cce8aa4e86320f229cd025238ab79be8d1df66d61a601099ba7f
bdb2023_sack,set_doubleton_rate,60,linear_structure,0.09966501519154919,0.0858477974879842,0.11893095213487247,0.95,BCa,0.10194541722009814,0.05893574205185766,0.057894851936215186,0.9928388954705387,100,10000,complete_repeat_5x6_vector,delete_one_complete_repeat_5x6_vector,809a3f2f1d77cce8aa4e86320f229cd025238ab79be8d1df66d61a601099ba7f
bdb2023_sack,set_doubleton_rate,10,boosted_structure,0.09392778652845911,0.08281361974604749,0.10746591992043718,0.95,BCa,0.10471746889621163,0.03449099659880163,0.05061154460084172,0.9900360948936184,100,10000,complete_repeat_5x6_vector,delete_one_complete_repeat_5x6_vector,809a3f2f1d77cce8aa4e86320f229cd025238ab79be8d1df66d61a601099ba7f
bdb2023_sack,set_doubleton_rate,20,boosted_structure,0.10692521397720813,0.09669186010443348,0.11862325947247128,0.95,BCa,0.1049695131798047,0.02835489293170694,0.04872626959038484,0.9892283838738951,100,10000,complete_repeat_5x6_vector,delete_one_complete_repeat_5x6_vector,809a3f2f1d77cce8aa4e86320f229cd025238ab79be8d1df66d61a601099ba7f
bdb2023_sack,set_doubleton_rate,30,boosted_structure,0.10527904807677185,0.09151409256798408,0.12501289734405502,0.95,BCa,0.10975964025614329,0.05916520663097627,0.059629567305843734,0.993212171150789,100,10000,complete_repeat_5x6_vector,delete_one_complete_repeat_5x6_vector,809a3f2f1d77cce8aa4e86320f229cd025238ab79be8d1df66d61a601099ba7f
bdb2023_sack,set_doubleton_rate,40,boosted_structure,0.09300443468962924,0.08254463640531615,0.1125371075749037,0.95,BCa,0.1334974257548597,0.08129732161762995,0.07258208417113965,0.996050141231039,100,10000,complete_repeat_5x6_vector,delete_one_complete_repeat_5x6_vector,809a3f2f1d77cce8aa4e86320f229cd025238ab79be8d1df66d61a601099ba7f
bdb2023_sack,set_doubleton_rate,50,boosted_structure,0.09791173567082624,0.08393630501629754,0.12724263563358704,0.95,BCa,0.14210128904470282,0.10757718225696516,0.08403844783540798,0.9978712115243722,100,10000,complete_repeat_5x6_vector,delete_one_complete_repeat_5x6_vector,809a3f2f1d77cce8aa4e86320f229cd025238ab79be8d1df66d61a601099ba7f
bdb2023_sack,set_doubleton_rate,60,boosted_structure,0.09382263971052701,0.08072925788299616,0.11184464327853821,0.95,BCa,0.08054978767948894,0.06085037633234246,0.05413839308143947,0.9920312787303591,100,10000,complete_repeat_5x6_vector,delete_one_complete_repeat_5x6_vector,809a3f2f1d77cce8aa4e86320f229cd025238ab79be8d1df66d61a601099ba7f
bdb2023_sack,set_doubleton_rate,10,relnet,0.08628812880066652,0.07661158202976821,0.09922663607671284,0.95,BCa,0.12111493479852256,0.03875346835925352,0.05531013466427298,0.9914547308358725,100,10000,complete_repeat_5x6_vector,delete_one_complete_repeat_5x6_vector,809a3f2f1d77cce8aa4e86320f229cd025238ab79be8d1df66d61a601099ba7f
bdb2023_sack,set_doubleton_rate,20,relnet,0.09158671905253081,0.08265297388863123,0.10505388545718462,0.95,BCa,0.11859023764536891,0.05303479634978086,0.05950301185646267,0.9929491658067164,100,10000,complete_repeat_5x6_vector,delete_one_complete_repeat_5x6_vector,809a3f2f1d77cce8aa4e86320f229cd025238ab79be8d1df66d61a601099ba7f
bdb2023_sack,set_doubleton_rate,30,relnet,0.07874388964705135,0.06969792632018866,0.09087617860651959,0.95,BCa,0.11480460365242844,0.04240842609063738,0.05519432693971088,0.9915698343833332,100,10000,complete_repeat_5x6_vector,delete_one_complete_repeat_5x6_vector,809a3f2f1d77cce8aa4e86320f229cd025238ab79be8d1df66d61a601099ba7f
bdb2023_sack,set_doubleton_rate,40,relnet,0.09624623842817065,0.0837833979683118,0.11198103056566693,0.95,BCa,0.0893547296534372,0.04126258725691521,0.049756897897252905,0.9900431859112148,100,10000,complete_repeat_5x6_vector,delete_one_complete_repeat_5x6_vector,809a3f2f1d77cce8aa4e86320f229cd025238ab79be8d1df66d61a601099ba7f
bdb2023_sack,set_doubleton_rate,50,relnet,0.11215570375636869,0.10046521190495376,0.12809456587864,0.95,BCa,0.11202952040800261,0.047562695775880105,0.056300828273093795,0.9920355451542873,100,10000,complete_repeat_5x6_vector,delete_one_complete_repeat_5x6_vector,809a3f2f1d77cce8aa4e86320f229cd025238ab79be8d1df66d61a601099ba7f
bdb2023_sack,set_doubleton_rate,60,relnet,0.09989039626458174,0.07920388632019047,0.14466041850988096,0.95,BCa,0.14336743545776678,0.12411655075391122,0.09028531308287058,0.9986040973490551,100,10000,complete_repeat_5x6_vector,delete_one_complete_repeat_5x6_vector,809a3f2f1d77cce8aa4e86320f229cd025238ab79be8d1df66d61a601099ba7f
bdb2023_sack,set_doubleton_rate,10,attn_relnet,0.0874643762585688,0.07729811309048794,0.10067242983577497,0.95,BCa,0.1127862748359439,0.038887096741232294,0.05363364766780637,0.9910396837715895,100,10000,complete_repeat_5x6_vector,delete_one_complete_repeat_5x6_vector,809a3f2f1d77cce8aa4e86320f229cd025238ab79be8d1df66d61a601099ba7f
bdb2023_sack,set_doubleton_rate,20,attn_relnet,0.09107551148150045,0.08129153544211029,0.10541787376995347,0.95,BCa,0.10345734693318248,0.05605316490909223,0.05727534845852378,0.9925900470247628,100,10000,complete_repeat_5x6_vector,delete_one_complete_repeat_5x6_vector,809a3f2f1d77cce8aa4e86320f229cd025238ab79be8d1df66d61a601099ba7f
bdb2023_sack,set_doubleton_rate,30,attn_relnet,0.08020648709385662,0.07102695266533453,0.09256718698801149,0.95,BCa,0.11354309385954282,0.04270578508355467,0.05502997364958623,0.9915413283388126,100,10000,complete_repeat_5x6_vector,delete_one_complete_repeat_5x6_vector,809a3f2f1d77cce8aa4e86320f229cd025238ab79be8d1df66d61a601099ba7f
bdb2023_sack,set_doubleton_rate,40,attn_relnet,0.09602011366549791,0.08312183800442957,0.11356789903540378,0.95,BCa,0.0933821132232494,0.05537098761436471,0.05498238522919008,0.9920266484372815,100,10000,complete_repeat_5x6_vector,delete_one_complete_repeat_5x6_vector,809a3f2f1d77cce8aa4e86320f229cd025238ab79be8d1df66d61a601099ba7f
bdb2023_sack,set_doubleton_rate,50,attn_relnet,0.11354365686721211,0.10124207238029252,0.1300675931314565,0.95,BCa,0.1193475666922751,0.046025834257270436,0.05733826104566858,0.9922122405297377,100,10000,complete_repeat_5x6_vector,delete_one_complete_repeat_5x6_vector,809a3f2f1d77cce8aa4e86320f229cd025238ab79be8d1df66d61a601099ba7f
bdb2023_sack,set_doubleton_rate,60,attn_relnet,0.09951688041883337,0.07940397387182233,0.14175138350161876,0.95,BCa,0.1418480871615028,0.11835369994311946,0.08781699016841749,0.9983569685412694,100,10000,complete_repeat_5x6_vector,delete_one_complete_repeat_5x6_vector,809a3f2f1d77cce8aa4e86320f229cd025238ab79be8d1df66d61a601099ba7f
bdb2023_sack,set_doubleton_rate,10,set_transformer,0.0956152629956865,0.08276861775047623,0.1134939222385901,0.95,BCa,0.09892225328197578,0.05499718171926178,0.055993630230090685,0.9922549176595514,100,10000,complete_repeat_5x6_vector,delete_one_complete_repeat_5x6_vector,809a3f2f1d77cce8aa4e86320f229cd025238ab79be8d1df66d61a601099ba7f
bdb2023_sack,set_doubleton_rate,20,set_transformer,0.09794287865271264,0.08398014870254579,0.12142522070288961,0.95,BCa,0.12919923691977347,0.08131024354228439,0.07154918452793263,0.9959259474951754,100,10000,complete_repeat_5x6_vector,delete_one_complete_repeat_5x6_vector,809a3f2f1d77cce8aa4e86320f229cd025238ab79be8d1df66d61a601099ba7f
bdb2023_sack,set_doubleton_rate,30,set_transformer,0.09026752813962106,0.07885945883111488,0.10595091271195377,0.95,BCa,0.1105162035620418,0.04819471121252353,0.056191279872604805,0.992034737657822,100,10000,complete_repeat_5x6_vector,delete_one_complete_repeat_5x6_vector,809a3f2f1d77cce8aa4e86320f229cd025238ab79be8d1df66d61a601099ba7f
bdb2023_sack,set_doubleton_rate,40,set_transformer,0.10388401956324864,0.091397915441962,0.12243958690166443,0.95,BCa,0.10950746646938428,0.06222710903273342,0.06058591655753143,0.9935200940394314,100,10000,complete_repeat_5x6_vector,delete_one_complete_repeat_5x6_vector,809a3f2f1d77cce8aa4e86320f229cd025238ab79be8d1df66d61a601099ba7f
bdb2023_sack,set_doubleton_rate,50,set_transformer,0.0924409285708148,0.0820963198478631,0.10472152003686847,0.95,BCa,0.08859975852623243,0.03222898831966046,0.04683792012396554,0.9887546555681426,100,10000,complete_repeat_5x6_vector,delete_one_complete_repeat_5x6_vector,809a3f2f1d77cce8aa4e86320f229cd025238ab79be8d1df66d61a601099ba7f
bdb2023_sack,set_doubleton_rate,60,set_transformer,0.09598411149729427,0.0848891327783569,0.11097963308373852,0.95,BCa,0.10648191949286798,0.05305679227894079,0.056933451490221165,0.9923960474016278,100,10000,complete_repeat_5x6_vector,delete_one_complete_repeat_5x6_vector,809a3f2f1d77cce8aa4e86320f229cd025238ab79be8d1df66d61a601099ba7f
bdb2023_sack,set_empty_rate,10,linear_structure,0.0,0.0,0.0,0.95,BCa,-3.890591886413094,0.0,0.0,2.9209842322686086e-09,100,10000,complete_repeat_5x6_vector,delete_one_complete_repeat_5x6_vector,809a3f2f1d77cce8aa4e86320f229cd025238ab79be8d1df66d61a601099ba7f
bdb2023_sack,set_empty_rate,20,linear_structure,0.0,0.0,0.0,0.95,BCa,-3.890591886413094,0.0,0.0,2.9209842322686086e-09,100,10000,complete_repeat_5x6_vector,delete_one_complete_repeat_5x6_vector,809a3f2f1d77cce8aa4e86320f229cd025238ab79be8d1df66d61a601099ba7f
bdb2023_sack,set_empty_rate,30,linear_structure,0.0,0.0,0.0,0.95,BCa,-3.890591886413094,0.0,0.0,2.9209842322686086e-09,100,10000,complete_repeat_5x6_vector,delete_one_complete_repeat_5x6_vector,809a3f2f1d77cce8aa4e86320f229cd025238ab79be8d1df66d61a601099ba7f
bdb2023_sack,set_empty_rate,40,linear_structure,0.0,0.0,0.0,0.95,BCa,-3.890591886413094,0.0,0.0,2.9209842322686086e-09,100,10000,complete_repeat_5x6_vector,delete_one_complete_repeat_5x6_vector,809a3f2f1d77cce8aa4e86320f229cd025238ab79be8d1df66d61a601099ba7f
bdb2023_sack,set_empty_rate,50,linear_structure,0.0,0.0,0.0,0.95,BCa,-3.890591886413094,0.0,0.0,2.9209842322686086e-09,100,10000,complete_repeat_5x6_vector,delete_one_complete_repeat_5x6_vector,809a3f2f1d77cce8aa4e86320f229cd025238ab79be8d1df66d61a601099ba7f
bdb2023_sack,set_empty_rate,60,linear_structure,0.0,0.0,0.0,0.95,BCa,-3.890591886413094,0.0,0.0,2.9209842322686086e-09,100,10000,complete_repeat_5x6_vector,delete_one_complete_repeat_5x6_vector,809a3f2f1d77cce8aa4e86320f229cd025238ab79be8d1df66d61a601099ba7f
bdb2023_sack,set_empty_rate,10,boosted_structure,0.0,0.0,0.0,0.95,BCa,-3.890591886413094,0.0,0.0,2.9209842322686086e-09,100,10000,complete_repeat_5x6_vector,delete_one_complete_repeat_5x6_vector,809a3f2f1d77cce8aa4e86320f229cd025238ab79be8d1df66d61a601099ba7f
bdb2023_sack,set_empty_rate,20,boosted_structure,0.0,0.0,0.0,0.95,BCa,-3.890591886413094,0.0,0.0,2.9209842322686086e-09,100,10000,complete_repeat_5x6_vector,delete_one_complete_repeat_5x6_vector,809a3f2f1d77cce8aa4e86320f229cd025238ab79be8d1df66d61a601099ba7f
bdb2023_sack,set_empty_rate,30,boosted_structure,0.0,0.0,0.0,0.95,BCa,-3.890591886413094,0.0,0.0,2.9209842322686086e-09,100,10000,complete_repeat_5x6_vector,delete_one_complete_repeat_5x6_vector,809a3f2f1d77cce8aa4e86320f229cd025238ab79be8d1df66d61a601099ba7f
bdb2023_sack,set_empty_rate,40,boosted_structure,0.0,0.0,0.0,0.95,BCa,-3.890591886413094,0.0,0.0,2.9209842322686086e-09,100,10000,complete_repeat_5x6_vector,delete_one_complete_repeat_5x6_vector,809a3f2f1d77cce8aa4e86320f229cd025238ab79be8d1df66d61a601099ba7f
bdb2023_sack,set_empty_rate,50,boosted_structure,0.0,0.0,0.0,0.95,BCa,-3.890591886413094,0.0,0.0,2.9209842322686086e-09,100,10000,complete_repeat_5x6_vector,delete_one_complete_repeat_5x6_vector,809a3f2f1d77cce8aa4e86320f229cd025238ab79be8d1df66d61a601099ba7f
bdb2023_sack,set_empty_rate,60,boosted_structure,0.0,0.0,0.0,0.95,BCa,-3.890591886413094,0.0,0.0,2.9209842322686086e-09,100,10000,complete_repeat_5x6_vector,delete_one_complete_repeat_5x6_vector,809a3f2f1d77cce8aa4e86320f229cd025238ab79be8d1df66d61a601099ba7f
bdb2023_sack,set_empty_rate,10,relnet,0.0,0.0,0.0,0.95,BCa,-3.890591886413094,0.0,0.0,2.9209842322686086e-09,100,10000,complete_repeat_5x6_vector,delete_one_complete_repeat_5x6_vector,809a3f2f1d77cce8aa4e86320f229cd025238ab79be8d1df66d61a601099ba7f
bdb2023_sack,set_empty_rate,20,relnet,0.0,0.0,0.0,0.95,BCa,-3.890591886413094,0.0,0.0,2.9209842322686086e-09,100,10000,complete_repeat_5x6_vector,delete_one_complete_repeat_5x6_vector,809a3f2f1d77cce8aa4e86320f229cd025238ab79be8d1df66d61a601099ba7f
bdb2023_sack,set_empty_rate,30,relnet,0.0,0.0,0.0,0.95,BCa,-3.890591886413094,0.0,0.0,2.9209842322686086e-09,100,10000,complete_repeat_5x6_vector,delete_one_complete_repeat_5x6_vector,809a3f2f1d77cce8aa4e86320f229cd025238ab79be8d1df66d61a601099ba7f
bdb2023_sack,set_empty_rate,40,relnet,0.0,0.0,0.0,0.95,BCa,-3.890591886413094,0.0,0.0,2.9209842322686086e-09,100,10000,complete_repeat_5x6_vector,delete_one_complete_repeat_5x6_vector,809a3f2f1d77cce8aa4e86320f229cd025238ab79be8d1df66d61a601099ba7f
bdb2023_sack,set_empty_rate,50,relnet,0.0,0.0,0.0,0.95,BCa,-3.890591886413094,0.0,0.0,2.9209842322686086e-09,100,10000,complete_repeat_5x6_vector,delete_one_complete_repeat_5x6_vector,809a3f2f1d77cce8aa4e86320f229cd025238ab79be8d1df66d61a601099ba7f
bdb2023_sack,set_empty_rate,60,relnet,0.0,0.0,0.0,0.95,BCa,-3.890591886413094,0.0,0.0,2.9209842322686086e-09,100,10000,complete_repeat_5x6_vector,delete_one_complete_repeat_5x6_vector,809a3f2f1d77cce8aa4e86320f229cd025238ab79be8d1df66d61a601099ba7f
bdb2023_sack,set_empty_rate,10,attn_relnet,0.0,0.0,0.0,0.95,BCa,-3.890591886413094,0.0,0.0,2.9209842322686086e-09,100,10000,complete_repeat_5x6_vector,delete_one_complete_repeat_5x6_vector,809a3f2f1d77cce8aa4e86320f229cd025238ab79be8d1df66d61a601099ba7f
bdb2023_sack,set_empty_rate,20,attn_relnet,0.0,0.0,0.0,0.95,BCa,-3.890591886413094,0.0,0.0,2.9209842322686086e-09,100,10000,complete_repeat_5x6_vector,delete_one_complete_repeat_5x6_vector,809a3f2f1d77cce8aa4e86320f229cd025238ab79be8d1df66d61a601099ba7f
bdb2023_sack,set_empty_rate,30,attn_relnet,0.0,0.0,0.0,0.95,BCa,-3.890591886413094,0.0,0.0,2.9209842322686086e-09,100,10000,complete_repeat_5x6_vector,delete_one_complete_repeat_5x6_vector,809a3f2f1d77cce8aa4e86320f229cd025238ab79be8d1df66d61a601099ba7f
bdb2023_sack,set_empty_rate,40,attn_relnet,0.0,0.0,0.0,0.95,BCa,-3.890591886413094,0.0,0.0,2.9209842322686086e-09,100,10000,complete_repeat_5x6_vector,delete_one_complete_repeat_5x6_vector,809a3f2f1d77cce8aa4e86320f229cd025238ab79be8d1df66d61a601099ba7f
bdb2023_sack,set_empty_rate,50,attn_relnet,0.0,0.0,0.0,0.95,BCa,-3.890591886413094,0.0,0.0,2.9209842322686086e-09,100,10000,complete_repeat_5x6_vector,delete_one_complete_repeat_5x6_vector,809a3f2f1d77cce8aa4e86320f229cd025238ab79be8d1df66d61a601099ba7f
bdb2023_sack,set_empty_rate,60,attn_relnet,0.0,0.0,0.0,0.95,BCa,-3.890591886413094,0.0,0.0,2.9209842322686086e-09,100,10000,complete_repeat_5x6_vector,delete_one_complete_repeat_5x6_vector,809a3f2f1d77cce8aa4e86320f229cd025238ab79be8d1df66d61a601099ba7f
bdb2023_sack,set_empty_rate,10,set_transformer,0.0,0.0,0.0,0.95,BCa,-3.890591886413094,0.0,0.0,2.9209842322686086e-09,100,10000,complete_repeat_5x6_vector,delete_one_complete_repeat_5x6_vector,809a3f2f1d77cce8aa4e86320f229cd025238ab79be8d1df66d61a601099ba7f
bdb2023_sack,set_empty_rate,20,set_transformer,0.0,0.0,0.0,0.95,BCa,-3.890591886413094,0.0,0.0,2.9209842322686086e-09,100,10000,complete_repeat_5x6_vector,delete_one_complete_repeat_5x6_vector,809a3f2f1d77cce8aa4e86320f229cd025238ab79be8d1df66d61a601099ba7f
bdb2023_sack,set_empty_rate,30,set_transformer,0.0,0.0,0.0,0.95,BCa,-3.890591886413094,0.0,0.0,2.9209842322686086e-09,100,10000,complete_repeat_5x6_vector,delete_one_complete_repeat_5x6_vector,809a3f2f1d77cce8aa4e86320f229cd025238ab79be8d1df66d61a601099ba7f
bdb2023_sack,set_empty_rate,40,set_transformer,0.0,0.0,0.0,0.95,BCa,-3.890591886413094,0.0,0.0,2.9209842322686086e-09,100,10000,complete_repeat_5x6_vector,delete_one_complete_repeat_5x6_vector,809a3f2f1d77cce8aa4e86320f229cd025238ab79be8d1df66d61a601099ba7f
bdb2023_sack,set_empty_rate,50,set_transformer,0.0,0.0,0.0,0.95,BCa,-3.890591886413094,0.0,0.0,2.9209842322686086e-09,100,10000,complete_repeat_5x6_vector,delete_one_complete_repeat_5x6_vector,809a3f2f1d77cce8aa4e86320f229cd025238ab79be8d1df66d61a601099ba7f
bdb2023_sack,set_empty_rate,60,set_transformer,0.0,0.0,0.0,0.95,BCa,-3.890591886413094,0.0,0.0,2.9209842322686086e-09,100,10000,complete_repeat_5x6_vector,delete_one_complete_repeat_5x6_vector,809a3f2f1d77cce8aa4e86320f229cd025238ab79be8d1df66d61a601099ba7f
bdb2023_sack,game_equal_set_singleton_rate,10,linear_structure,0.10147559710683772,0.09052245152308404,0.11685972818601024,0.95,BCa,0.12263012270251442,0.04542886098830269,0.057840934878821915,0.9923003055305132,100,10000,complete_repeat_5x6_vector,delete_one_complete_repeat_5x6_vector,809a3f2f1d77cce8aa4e86320f229cd025238ab79be8d1df66d61a601099ba7f
bdb2023_sack,game_equal_set_singleton_rate,20,linear_structure,0.09376277942078586,0.08313432680618436,0.10574024584481538,0.95,BCa,0.08583195976617664,0.030706661247959326,0.04586748486041098,0.9883584886388582,100,10000,complete_repeat_5x6_vector,delete_one_complete_repeat_5x6_vector,809a3f2f1d77cce8aa4e86320f229cd025238ab79be8d1df66d61a601099ba7f
bdb2023_sack,game_equal_set_singleton_rate,30,linear_structure,0.09953557984469302,0.09027119216673742,0.11018333810860619,0.95,BCa,0.09665547500856761,0.028244996843677404,0.04711526903217972,0.9886994199786143,100,10000,complete_repeat_5x6_vector,delete_one_complete_repeat_5x6_vector,809a3f2f1d77cce8aa4e86320f229cd025238ab79be8d1df66d61a601099ba7f
bdb2023_sack,game_equal_set_singleton_rate,40,linear_structure,0.10488619541068822,0.09325129384007853,0.11800895749554406,0.95,BCa,0.07275635817603748,0.03451162274368397,0.04465466388666761,0.9880531926180909,100,10000,complete_repeat_5x6_vector,delete_one_complete_repeat_5x6_vector,809a3f2f1d77cce8aa4e86320f229cd025238ab79be8d1df66d61a601099ba7f
bdb2023_sack,game_equal_set_singleton_rate,50,linear_structure,0.10459907661297965,0.09052471798279685,0.1227313455101998,0.95,BCa,0.10194541722009814,0.041259803758116075,0.052211733700486485,0.9907531057699468,100,10000,complete_repeat_5x6_vector,delete_one_complete_repeat_5x6_vector,809a3f2f1d77cce8aa4e86320f229cd025238ab79be8d1df66d61a601099ba7f
bdb2023_sack,game_equal_set_singleton_rate,60,linear_structure,0.10004721462989476,0.08616917533765135,0.11943930291781246,0.95,BCa,0.10194541722009814,0.059464510328979224,0.05806666449406406,0.9928966775533685,100,10000,complete_repeat_5x6_vector,delete_one_complete_repeat_5x6_vector,809a3f2f1d77cce8aa4e86320f229cd025238ab79be8d1df66d61a601099ba7f
bdb2023_sack,game_equal_set_singleton_rate,10,boosted_structure,0.09403120256477705,0.08288602920565262,0.10758252440429006,0.95,BCa,0.10673401079978624,0.03457807285619282,0.051035981295057875,0.9901625342894165,100,10000,complete_repeat_5x6_vector,delete_one_complete_repeat_5x6_vector,809a3f2f1d77cce8aa4e86320f229cd025238ab79be8d1df66d61a601099ba7f
bdb2023_sack,game_equal_set_singleton_rate,20,boosted_structure,0.10703524358806916,0.09679802236543741,0.1187164250149612,0.95,BCa,0.10698610888983635,0.027452990873508942,0.04883113908660741,0.9892270378235437,100,10000,complete_repeat_5x6_vector,delete_one_complete_repeat_5x6_vector,809a3f2f1d77cce8aa4e86320f229cd025238ab79be8d1df66d61a601099ba7f
bdb2023_sack,game_equal_set_singleton_rate,30,boosted_structure,0.10549318326718773,0.09175734652547242,0.12518854337743365,0.95,BCa,0.10925529964619017,0.059073039855905556,0.05949093005010614,0.9931804059666473,100,10000,complete_repeat_5x6_vector,delete_one_complete_repeat_5x6_vector,809a3f2f1d77cce8aa4e86320f229cd025238ab79be8d1df66d61a601099ba7f
bdb2023_sack,game_equal_set_singleton_rate,40,boosted_structure,0.0931871786832358,0.08268764442109403,0.11263763423026261,0.95,BCa,0.13248586824472397,0.07960222380298766,0.07174625428950177,0.9958926479396718,100,10000,complete_repeat_5x6_vector,delete_one_complete_repeat_5x6_vector,809a3f2f1d77cce8aa4e86320f229cd025238ab79be8d1df66d61a601099ba7f
bdb2023_sack,game_equal_set_singleton_rate,50,boosted_structure,0.09816641464641217,0.08415574158607807,0.1276036969918141,0.95,BCa,0.14260772015982812,0.10795374614633198,0.08430575069997986,0.9978987932390722,100,10000,complete_repeat_5x6_vector,delete_one_complete_repeat_5x6_vector,809a3f2f1d77cce8aa4e86320f229cd025238ab79be8d1df66d61a601099ba7f
bdb2023_sack,game_equal_set_singleton_rate,60,boosted_structure,0.09384046780313363,0.08070617086317172,0.11175531910647699,0.95,BCa,0.08080126756095994,0.06033246634510603,0.05402641678089298,0.9919824511987858,100,10000,complete_repeat_5x6_vector,delete_one_complete_repeat_5x6_vector,809a3f2f1d77cce8aa4e86320f229cd025238ab79be8d1df66d61a601099ba7f
bdb2023_sack,game_equal_set_singleton_rate,10,relnet,0.08620921255242217,0.0765235852065832,0.09933383282101711,0.95,BCa,0.12616666240147723,0.03882097073066528,0.05639699187206154,0.9917154353048641,100,10000,complete_repeat_5x6_vector,delete_one_complete_repeat_5x6_vector,809a3f2f1d77cce8aa4e86320f229cd025238ab79be8d1df66d61a601099ba7f
bdb2023_sack,game_equal_set_singleton_rate,20,relnet,0.09108038765380626,0.0821659953874509,0.10424030852553919,0.95,BCa,0.11606629617269623,0.050591850403068246,0.05814962577545785,0.9925691444710467,100,10000,complete_repeat_5x6_vector,delete_one_complete_repeat_5x6_vector,809a3f2f1d77cce8aa4e86320f229cd025238ab79be8d1df66d61a601099ba7f
bdb2023_sack,game_equal_set_singleton_rate,30,relnet,0.07891951995714108,0.06979033648446355,0.09116738726631012,0.95,BCa,0.11354309385954282,0.04241079899425721,0.05493383173531308,0.9915061440996487,100,10000,complete_repeat_5x6_vector,delete_one_complete_repeat_5x6_vector,809a3f2f1d77cce8aa4e86320f229cd025238ab79be8d1df66d61a601099ba7f
bdb2023_sack,game_equal_set_singleton_rate,40,relnet,0.09627364732929328,0.0838664031782969,0.11206747463213913,0.95,BCa,0.09136823619113153,0.041401721148551986,0.05018652713779953,0.990178201092992,100,10000,complete_repeat_5x6_vector,delete_one_complete_repeat_5x6_vector,809a3f2f1d77cce8aa4e86320f229cd025238ab79be8d1df66d61a601099ba7f
bdb2023_sack,game_equal_set_singleton_rate,50,relnet,0.11186126236430602,0.10022076962556413,0.12779680194250265,0.95,BCa,0.1105162035620418,0.047754998977480666,0.05604786607046908,0.991983855310357,100,10000,complete_repeat_5x6_vector,delete_one_complete_repeat_5x6_vector,809a3f2f1d77cce8aa4e86320f229cd025238ab79be8d1df66d61a601099ba7f
bdb2023_sack,game_equal_set_singleton_rate,60,relnet,0.09981032742087559,0.07941392417295975,0.1439791780640928,0.95,BCa,0.14336743545776678,0.1229669348487015,0.08987411467256828,0.9985610799100959,100,10000,complete_repeat_5x6_vector,delete_one_complete_repeat_5x6_vector,809a3f2f1d77cce8aa4e86320f229cd025238ab79be8d1df66d61a601099ba7f
bdb2023_sack,game_equal_set_singleton_rate,10,attn_relnet,0.08733891538910946,0.07712788830128553,0.10049006921033185,0.95,BCa,0.11202952040800261,0.039023868154175634,0.053523703247562004,0.9910164820788001,100,10000,complete_repeat_5x6_vector,delete_one_complete_repeat_5x6_vector,809a3f2f1d77cce8aa4e86320f229cd025238ab79be8d1df66d61a601099ba7f
bdb2023_sack,game_equal_set_singleton_rate,20,attn_relnet,0.09060821305927369,0.08093444558945571,0.10465242515303347,0.95,BCa,0.10345734693318248,0.054597562786671515,0.05680301506623836,0.9924266540307158,100,10000,complete_repeat_5x6_vector,delete_one_complete_repeat_5x6_vector,809a3f2f1d77cce8aa4e86320f229cd025238ab79be8d1df66d61a601099ba7f
bdb2023_sack,game_equal_set_singleton_rate,30,attn_relnet,0.08052155793811205,0.07127009174957516,0.09291091327246752,0.95,BCa,0.1127862748359439,0.0424294632573096,0.054783635843213496,0.9914697987367389,100,10000,complete_repeat_5x6_vector,delete_one_complete_repeat_5x6_vector,809a3f2f1d77cce8aa4e86320f229cd025238ab79be8d1df66d61a601099ba7f
bdb2023_sack,game_equal_set_singleton_rate,40,attn_relnet,0.09583708914094871,0.08303536399994545,0.11335099887427098,0.95,BCa,0.09438919327026572,0.05485791860750007,0.05502311735071708,0.9920164932176054,100,10000,complete_repeat_5x6_vector,delete_one_complete_repeat_5x6_vector,809a3f2f1d77cce8aa4e86320f229cd025238ab79be8d1df66d61a601099ba7f
bdb2023_sack,game_equal_set_singleton_rate,50,attn_relnet,0.1131709738527239,0.10082691953122525,0.12969074652152787,0.95,BCa,0.11707578313820405,0.04609313867159978,0.05687895824138356,0.9921111718597669,100,10000,complete_repeat_5x6_vector,delete_one_complete_repeat_5x6_vector,809a3f2f1d77cce8aa4e86320f229cd025238ab79be8d1df66d61a601099ba7f
bdb2023_sack,game_equal_set_singleton_rate,60,attn_relnet,0.09933438505878281,0.07953672373227838,0.14080554163460468,0.95,BCa,0.1405822138137537,0.1171930024352725,0.08706540429784815,0.9982891859843694,100,10000,complete_repeat_5x6_vector,delete_one_complete_repeat_5x6_vector,809a3f2f1d77cce8aa4e86320f229cd025238ab79be8d1df66d61a601099ba7f
bdb2023_sack,game_equal_set_singleton_rate,10,set_transformer,0.09506062558713001,0.08206626301678388,0.11312810138797416,0.95,BCa,0.09791473421149946,0.055995892337887175,0.05610743919507455,0.9923207469520361,100,10000,complete_repeat_5x6_vector,delete_one_complete_repeat_5x6_vector,809a3f2f1d77cce8aa4e86320f229cd025238ab79be8d1df66d61a601099ba7f
bdb2023_sack,game_equal_set_singleton_rate,20,set_transformer,0.09768963032645395,0.0837958211839675,0.12120262820051303,0.95,BCa,0.12793552140422815,0.08305969598840252,0.07185204730497124,0.9960214663929554,100,10000,complete_repeat_5x6_vector,delete_one_complete_repeat_5x6_vector,809a3f2f1d77cce8aa4e86320f229cd025238ab79be8d1df66d61a601099ba7f
bdb2023_sack,game_equal_set_singleton_rate,30,set_transformer,0.09036695750017885,0.07892538190489004,0.1060274173754639,0.95,BCa,0.10824670166073914,0.04859467385711105,0.055849580488260775,0.9919699359433952,100,10000,complete_repeat_5x6_vector,delete_one_complete_repeat_5x6_vector,809a3f2f1d77cce8aa4e86320f229cd025238ab79be8d1df66d61a601099ba7f
bdb2023_sack,game_equal_set_singleton_rate,40,set_transformer,0.10394216600501348,0.09156294135273975,0.12253265422857637,0.95,BCa,0.11480460365242844,0.06198024944524558,0.06165934643959381,0.9937154442998112,100,10000,complete_repeat_5x6_vector,delete_one_complete_repeat_5x6_vector,809a3f2f1d77cce8aa4e86320f229cd025238ab79be8d1df66d61a601099ba7f
bdb2023_sack,game_equal_set_singleton_rate,50,set_transformer,0.09249449692667065,0.08233074940755816,0.104661774621825,0.95,BCa,0.0918716703909955,0.03194292098816235,0.04735841651155093,0.9889201773171409,100,10000,complete_repeat_5x6_vector,delete_one_complete_repeat_5x6_vector,809a3f2f1d77cce8aa4e86320f229cd025238ab79be8d1df66d61a601099ba7f
bdb2023_sack,game_equal_set_singleton_rate,60,set_transformer,0.09609324985345707,0.08497555231021718,0.11118144665386129,0.95,BCa,0.10900313977014242,0.052787520093150166,0.05737446440969368,0.992484646934319,100,10000,complete_repeat_5x6_vector,delete_one_complete_repeat_5x6_vector,809a3f2f1d77cce8aa4e86320f229cd025238ab79be8d1df66d61a601099ba7f
bdb2023_sack,game_equal_set_doubleton_rate,10,linear_structure,0.10147559710683772,0.09052245152308404,0.11685972818601027,0.95,BCa,0.12263012270251442,0.04542886098830349,0.05784093487882219,0.9923003055305133,100,10000,complete_repeat_5x6_vector,delete_one_complete_repeat_5x6_vector,809a3f2f1d77cce8aa4e86320f229cd025238ab79be8d1df66d61a601099ba7f
bdb2023_sack,game_equal_set_doubleton_rate,20,linear_structure,0.09376277942078587,0.08313432680618435,0.10574024584481541,0.95,BCa,0.08583195976617664,0.03070666124795915,0.04586748486041092,0.9883584886388582,100,10000,complete_repeat_5x6_vector,delete_one_complete_repeat_5x6_vector,809a3f2f1d77cce8aa4e86320f229cd025238ab79be8d1df66d61a601099ba7f
bdb2023_sack,game_equal_set_doubleton_rate,30,linear_structure,0.09953557984469302,0.09027119216673744,0.11018333810860614,0.95,BCa,0.09665547500856761,0.02824499684367933,0.04711526903218033,0.9886994199786147,100,10000,complete_repeat_5x6_vector,delete_one_complete_repeat_5x6_vector,809a3f2f1d77cce8aa4e86320f229cd025238ab79be8d1df66d61a601099ba7f
bdb2023_sack,game_equal_set_doubleton_rate,40,linear_structure,0.10488619541068818,0.09325129384007849,0.11800895749554402,0.95,BCa,0.07275635817603748,0.03451162274368331,0.04465466388666739,0.9880531926180907,100,10000,complete_repeat_5x6_vector,delete_one_complete_repeat_5x6_vector,809a3f2f1d77cce8aa4e86320f229cd025238ab79be8d1df66d61a601099ba7f
bdb2023_sack,game_equal_set_doubleton_rate,50,linear_structure,0.10459907661297964,0.09052471798279683,0.1227313455101999,0.95,BCa,0.10194541722009814,0.04125980375811751,0.05221173370048693,0.990753105769947,100,10000,complete_repeat_5x6_vector,delete_one_complete_repeat_5x6_vector,809a3f2f1d77cce8aa4e86320f229cd025238ab79be8d1df66d61a601099ba7f
bdb2023_sack,game_equal_set_doubleton_rate,60,linear_structure,0.10004721462989477,0.08616917533765137,0.11943930291781242,0.95,BCa,0.10194541722009814,0.05946451032897957,0.058066664494064224,0.9928966775533685,100,10000,complete_repeat_5x6_vector,delete_one_complete_repeat_5x6_vector,809a3f2f1d77cce8aa4e86320f229cd025238ab79be8d1df66d61a601099ba7f
bdb2023_sack,game_equal_set_doubleton_rate,10,boosted_structure,0.09403120256477705,0.08288602920565263,0.10758252440429007,0.95,BCa,0.10673401079978624,0.03457807285619292,0.05103598129505793,0.9901625342894165,100,10000,complete_repeat_5x6_vector,delete_one_complete_repeat_5x6_vector,809a3f2f1d77cce8aa4e86320f229cd025238ab79be8d1df66d61a601099ba7f
bdb2023_sack,game_equal_set_doubleton_rate,20,boosted_structure,0.10703524358806915,0.09679802236543741,0.11871642501496116,0.95,BCa,0.10698610888983635,0.027452990873510233,0.0488311390866078,0.9892270378235438,100,10000,complete_repeat_5x6_vector,delete_one_complete_repeat_5x6_vector,809a3f2f1d77cce8aa4e86320f229cd025238ab79be8d1df66d61a601099ba7f
bdb2023_sack,game_equal_set_doubleton_rate,30,boosted_structure,0.10549318326718775,0.09175734652547243,0.12518854337743376,0.95,BCa,0.10925529964619017,0.059073039855905694,0.059490930050106194,0.9931804059666474,100,10000,complete_repeat_5x6_vector,delete_one_complete_repeat_5x6_vector,809a3f2f1d77cce8aa4e86320f229cd025238ab79be8d1df66d61a601099ba7f
bdb2023_sack,game_equal_set_doubleton_rate,40,boosted_structure,0.09318717868323581,0.08268764442109403,0.11263763423026232,0.95,BCa,0.13248586824472397,0.07960222380298641,0.07174625428950132,0.9958926479396717,100,10000,complete_repeat_5x6_vector,delete_one_complete_repeat_5x6_vector,809a3f2f1d77cce8aa4e86320f229cd025238ab79be8d1df66d61a601099ba7f
bdb2023_sack,game_equal_set_doubleton_rate,50,boosted_structure,0.09816641464641217,0.08415574158607804,0.12760369699181406,0.95,BCa,0.14260772015982812,0.10795374614633038,0.08430575069997925,0.9978987932390722,100,10000,complete_repeat_5x6_vector,delete_one_complete_repeat_5x6_vector,809a3f2f1d77cce8aa4e86320f229cd025238ab79be8d1df66d61a601099ba7f
bdb2023_sack,game_equal_set_doubleton_rate,60,boosted_structure,0.09384046780313363,0.08070617086317171,0.11175531910647697,0.95,BCa,0.08080126756095994,0.0603324663451056,0.05402641678089293,0.9919824511987858,100,10000,complete_repeat_5x6_vector,delete_one_complete_repeat_5x6_vector,809a3f2f1d77cce8aa4e86320f229cd025238ab79be8d1df66d61a601099ba7f
bdb2023_sack,game_equal_set_doubleton_rate,10,relnet,0.08620921255242214,0.07652358520658331,0.09933383282101718,0.95,BCa,0.12616666240147723,0.038820970730668716,0.05639699187206265,0.9917154353048645,100,10000,complete_repeat_5x6_vector,delete_one_complete_repeat_5x6_vector,809a3f2f1d77cce8aa4e86320f229cd025238ab79be8d1df66d61a601099ba7f
bdb2023_sack,game_equal_set_doubleton_rate,20,relnet,0.09108038765380624,0.08216599538745085,0.10424030852553919,0.95,BCa,0.11606629617269623,0.05059185040306724,0.058149625775457514,0.9925691444710466,100,10000,complete_repeat_5x6_vector,delete_one_complete_repeat_5x6_vector,809a3f2f1d77cce8aa4e86320f229cd025238ab79be8d1df66d61a601099ba7f
bdb2023_sack,game_equal_set_doubleton_rate,30,relnet,0.07891951995714108,0.06979033648446355,0.09116738726631012,0.95,BCa,0.11354309385954282,0.04241079899425699,0.05493383173531302,0.9915061440996487,100,10000,complete_repeat_5x6_vector,delete_one_complete_repeat_5x6_vector,809a3f2f1d77cce8aa4e86320f229cd025238ab79be8d1df66d61a601099ba7f
bdb2023_sack,game_equal_set_doubleton_rate,40,relnet,0.0962736473292933,0.0838664031782969,0.11206747463213915,0.95,BCa,0.09136823619113153,0.04140172114855298,0.05018652713779986,0.9901782010929923,100,10000,complete_repeat_5x6_vector,delete_one_complete_repeat_5x6_vector,809a3f2f1d77cce8aa4e86320f229cd025238ab79be8d1df66d61a601099ba7f
bdb2023_sack,game_equal_set_doubleton_rate,50,relnet,0.11186126236430603,0.10022076962556417,0.12779680194250267,0.95,BCa,0.1105162035620418,0.04775499897748119,0.05604786607046919,0.991983855310357,100,10000,complete_repeat_5x6_vector,delete_one_complete_repeat_5x6_vector,809a3f2f1d77cce8aa4e86320f229cd025238ab79be8d1df66d61a601099ba7f
bdb2023_sack,game_equal_set_doubleton_rate,60,relnet,0.09981032742087562,0.07941392417295975,0.14397917806409277,0.95,BCa,0.14336743545776678,0.1229669348487019,0.0898741146725684,0.9985610799100959,100,10000,complete_repeat_5x6_vector,delete_one_complete_repeat_5x6_vector,809a3f2f1d77cce8aa4e86320f229cd025238ab79be8d1df66d61a601099ba7f
bdb2023_sack,game_equal_set_doubleton_rate,10,attn_relnet,0.0873389153891095,0.07712788830128549,0.10049006921033182,0.95,BCa,0.11202952040800261,0.039023868154175065,0.05352370324756184,0.9910164820787999,100,10000,complete_repeat_5x6_vector,delete_one_complete_repeat_5x6_vector,809a3f2f1d77cce8aa4e86320f229cd025238ab79be8d1df66d61a601099ba7f
bdb2023_sack,game_equal_set_doubleton_rate,20,attn_relnet,0.09060821305927366,0.08093444558945569,0.10465242515303347,0.95,BCa,0.10345734693318248,0.054597562786671876,0.056803015066238416,0.9924266540307158,100,10000,complete_repeat_5x6_vector,delete_one_complete_repeat_5x6_vector,809a3f2f1d77cce8aa4e86320f229cd025238ab79be8d1df66d61a601099ba7f
bdb2023_sack,game_equal_set_doubleton_rate,30,attn_relnet,0.08052155793811207,0.07127009174957515,0.09291091327246752,0.95,BCa,0.1127862748359439,0.04242946325730954,0.054783635843213496,0.9914697987367389,100,10000,complete_repeat_5x6_vector,delete_one_complete_repeat_5x6_vector,809a3f2f1d77cce8aa4e86320f229cd025238ab79be8d1df66d61a601099ba7f
bdb2023_sack,game_equal_set_doubleton_rate,40,attn_relnet,0.09583708914094873,0.08303536399994543,0.113350998874271,0.95,BCa,0.09438919327026572,0.0548579186074992,0.0550231173507168,0.9920164932176052,100,10000,complete_repeat_5x6_vector,delete_one_complete_repeat_5x6_vector,809a3f2f1d77cce8aa4e86320f229cd025238ab79be8d1df66d61a601099ba7f
bdb2023_sack,game_equal_set_doubleton_rate,50,attn_relnet,0.11317097385272391,0.10082691953122525,0.12969074652152787,0.95,BCa,0.11707578313820405,0.046093138671600566,0.05687895824138378,0.992111171859767,100,10000,complete_repeat_5x6_vector,delete_one_complete_repeat_5x6_vector,809a3f2f1d77cce8aa4e86320f229cd025238ab79be8d1df66d61a601099ba7f
bdb2023_sack,game_equal_set_doubleton_rate,60,attn_relnet,0.09933438505878281,0.07953672373227838,0.14080554163460468,0.95,BCa,0.1405822138137537,0.11719300243527304,0.08706540429784826,0.9982891859843694,100,10000,complete_repeat_5x6_vector,delete_one_complete_repeat_5x6_vector,809a3f2f1d77cce8aa4e86320f229cd025238ab79be8d1df66d61a601099ba7f
bdb2023_sack,game_equal_set_doubleton_rate,10,set_transformer,0.09506062558713002,0.0820662630167839,0.11312810138797418,0.95,BCa,0.09791473421149946,0.05599589233788616,0.056107439195074216,0.992320746952036,100,10000,complete_repeat_5x6_vector,delete_one_complete_repeat_5x6_vector,809a3f2f1d77cce8aa4e86320f229cd025238ab79be8d1df66d61a601099ba7f
bdb2023_sack,game_equal_set_doubleton_rate,20,set_transformer,0.09768963032645395,0.08379582118396753,0.12120262820051306,0.95,BCa,0.12793552140422815,0.0830596959884032,0.07185204730497147,0.9960214663929554,100,10000,complete_repeat_5x6_vector,delete_one_complete_repeat_5x6_vector,809a3f2f1d77cce8aa4e86320f229cd025238ab79be8d1df66d61a601099ba7f
bdb2023_sack,game_equal_set_doubleton_rate,30,set_transformer,0.09036695750017885,0.07892538190489007,0.10602741737546387,0.95,BCa,0.10824670166073914,0.04859467385711089,0.055849580488260775,0.9919699359433952,100,10000,complete_repeat_5x6_vector,delete_one_complete_repeat_5x6_vector,809a3f2f1d77cce8aa4e86320f229cd025238ab79be8d1df66d61a601099ba7f
bdb2023_sack,game_equal_set_doubleton_rate,40,set_transformer,0.10394216600501349,0.09156294135273974,0.12253265422857636,0.95,BCa,0.11480460365242844,0.06198024944524524,0.0616593464395937,0.9937154442998111,100,10000,complete_repeat_5x6_vector,delete_one_complete_repeat_5x6_vector,809a3f2f1d77cce8aa4e86320f229cd025238ab79be8d1df66d61a601099ba7f
bdb2023_sack,game_equal_set_doubleton_rate,50,set_transformer,0.09249449692667067,0.0823307494075582,0.104661774621825,0.95,BCa,0.0918716703909955,0.031942920988160414,0.04735841651155037,0.9889201773171405,100,10000,complete_repeat_5x6_vector,delete_one_complete_repeat_5x6_vector,809a3f2f1d77cce8aa4e86320f229cd025238ab79be8d1df66d61a601099ba7f
bdb2023_sack,game_equal_set_doubleton_rate,60,set_transformer,0.09609324985345714,0.08497555231021721,0.1111814466538613,0.95,BCa,0.10900313977014242,0.05278752009315225,0.05737446440969435,0.9924846469343194,100,10000,complete_repeat_5x6_vector,delete_one_complete_repeat_5x6_vector,809a3f2f1d77cce8aa4e86320f229cd025238ab79be8d1df66d61a601099ba7f
bdb2023_sack,game_equal_set_empty_rate,10,linear_structure,0.0,0.0,0.0,0.95,BCa,-3.890591886413094,0.0,0.0,2.9209842322686086e-09,100,10000,complete_repeat_5x6_vector,delete_one_complete_repeat_5x6_vector,809a3f2f1d77cce8aa4e86320f229cd025238ab79be8d1df66d61a601099ba7f
bdb2023_sack,game_equal_set_empty_rate,20,linear_structure,0.0,0.0,0.0,0.95,BCa,-3.890591886413094,0.0,0.0,2.9209842322686086e-09,100,10000,complete_repeat_5x6_vector,delete_one_complete_repeat_5x6_vector,809a3f2f1d77cce8aa4e86320f229cd025238ab79be8d1df66d61a601099ba7f
bdb2023_sack,game_equal_set_empty_rate,30,linear_structure,0.0,0.0,0.0,0.95,BCa,-3.890591886413094,0.0,0.0,2.9209842322686086e-09,100,10000,complete_repeat_5x6_vector,delete_one_complete_repeat_5x6_vector,809a3f2f1d77cce8aa4e86320f229cd025238ab79be8d1df66d61a601099ba7f
bdb2023_sack,game_equal_set_empty_rate,40,linear_structure,0.0,0.0,0.0,0.95,BCa,-3.890591886413094,0.0,0.0,2.9209842322686086e-09,100,10000,complete_repeat_5x6_vector,delete_one_complete_repeat_5x6_vector,809a3f2f1d77cce8aa4e86320f229cd025238ab79be8d1df66d61a601099ba7f
bdb2023_sack,game_equal_set_empty_rate,50,linear_structure,0.0,0.0,0.0,0.95,BCa,-3.890591886413094,0.0,0.0,2.9209842322686086e-09,100,10000,complete_repeat_5x6_vector,delete_one_complete_repeat_5x6_vector,809a3f2f1d77cce8aa4e86320f229cd025238ab79be8d1df66d61a601099ba7f
bdb2023_sack,game_equal_set_empty_rate,60,linear_structure,0.0,0.0,0.0,0.95,BCa,-3.890591886413094,0.0,0.0,2.9209842322686086e-09,100,10000,complete_repeat_5x6_vector,delete_one_complete_repeat_5x6_vector,809a3f2f1d77cce8aa4e86320f229cd025238ab79be8d1df66d61a601099ba7f
bdb2023_sack,game_equal_set_empty_rate,10,boosted_structure,0.0,0.0,0.0,0.95,BCa,-3.890591886413094,0.0,0.0,2.9209842322686086e-09,100,10000,complete_repeat_5x6_vector,delete_one_complete_repeat_5x6_vector,809a3f2f1d77cce8aa4e86320f229cd025238ab79be8d1df66d61a601099ba7f
bdb2023_sack,game_equal_set_empty_rate,20,boosted_structure,0.0,0.0,0.0,0.95,BCa,-3.890591886413094,0.0,0.0,2.9209842322686086e-09,100,10000,complete_repeat_5x6_vector,delete_one_complete_repeat_5x6_vector,809a3f2f1d77cce8aa4e86320f229cd025238ab79be8d1df66d61a601099ba7f
bdb2023_sack,game_equal_set_empty_rate,30,boosted_structure,0.0,0.0,0.0,0.95,BCa,-3.890591886413094,0.0,0.0,2.9209842322686086e-09,100,10000,complete_repeat_5x6_vector,delete_one_complete_repeat_5x6_vector,809a3f2f1d77cce8aa4e86320f229cd025238ab79be8d1df66d61a601099ba7f
bdb2023_sack,game_equal_set_empty_rate,40,boosted_structure,0.0,0.0,0.0,0.95,BCa,-3.890591886413094,0.0,0.0,2.9209842322686086e-09,100,10000,complete_repeat_5x6_vector,delete_one_complete_repeat_5x6_vector,809a3f2f1d77cce8aa4e86320f229cd025238ab79be8d1df66d61a601099ba7f
bdb2023_sack,game_equal_set_empty_rate,50,boosted_structure,0.0,0.0,0.0,0.95,BCa,-3.890591886413094,0.0,0.0,2.9209842322686086e-09,100,10000,complete_repeat_5x6_vector,delete_one_complete_repeat_5x6_vector,809a3f2f1d77cce8aa4e86320f229cd025238ab79be8d1df66d61a601099ba7f
bdb2023_sack,game_equal_set_empty_rate,60,boosted_structure,0.0,0.0,0.0,0.95,BCa,-3.890591886413094,0.0,0.0,2.9209842322686086e-09,100,10000,complete_repeat_5x6_vector,delete_one_complete_repeat_5x6_vector,809a3f2f1d77cce8aa4e86320f229cd025238ab79be8d1df66d61a601099ba7f
bdb2023_sack,game_equal_set_empty_rate,10,relnet,0.0,0.0,0.0,0.95,BCa,-3.890591886413094,0.0,0.0,2.9209842322686086e-09,100,10000,complete_repeat_5x6_vector,delete_one_complete_repeat_5x6_vector,809a3f2f1d77cce8aa4e86320f229cd025238ab79be8d1df66d61a601099ba7f
bdb2023_sack,game_equal_set_empty_rate,20,relnet,0.0,0.0,0.0,0.95,BCa,-3.890591886413094,0.0,0.0,2.9209842322686086e-09,100,10000,complete_repeat_5x6_vector,delete_one_complete_repeat_5x6_vector,809a3f2f1d77cce8aa4e86320f229cd025238ab79be8d1df66d61a601099ba7f
bdb2023_sack,game_equal_set_empty_rate,30,relnet,0.0,0.0,0.0,0.95,BCa,-3.890591886413094,0.0,0.0,2.9209842322686086e-09,100,10000,complete_repeat_5x6_vector,delete_one_complete_repeat_5x6_vector,809a3f2f1d77cce8aa4e86320f229cd025238ab79be8d1df66d61a601099ba7f
bdb2023_sack,game_equal_set_empty_rate,40,relnet,0.0,0.0,0.0,0.95,BCa,-3.890591886413094,0.0,0.0,2.9209842322686086e-09,100,10000,complete_repeat_5x6_vector,delete_one_complete_repeat_5x6_vector,809a3f2f1d77cce8aa4e86320f229cd025238ab79be8d1df66d61a601099ba7f
bdb2023_sack,game_equal_set_empty_rate,50,relnet,0.0,0.0,0.0,0.95,BCa,-3.890591886413094,0.0,0.0,2.9209842322686086e-09,100,10000,complete_repeat_5x6_vector,delete_one_complete_repeat_5x6_vector,809a3f2f1d77cce8aa4e86320f229cd025238ab79be8d1df66d61a601099ba7f
bdb2023_sack,game_equal_set_empty_rate,60,relnet,0.0,0.0,0.0,0.95,BCa,-3.890591886413094,0.0,0.0,2.9209842322686086e-09,100,10000,complete_repeat_5x6_vector,delete_one_complete_repeat_5x6_vector,809a3f2f1d77cce8aa4e86320f229cd025238ab79be8d1df66d61a601099ba7f
bdb2023_sack,game_equal_set_empty_rate,10,attn_relnet,0.0,0.0,0.0,0.95,BCa,-3.890591886413094,0.0,0.0,2.9209842322686086e-09,100,10000,complete_repeat_5x6_vector,delete_one_complete_repeat_5x6_vector,809a3f2f1d77cce8aa4e86320f229cd025238ab79be8d1df66d61a601099ba7f
bdb2023_sack,game_equal_set_empty_rate,20,attn_relnet,0.0,0.0,0.0,0.95,BCa,-3.890591886413094,0.0,0.0,2.9209842322686086e-09,100,10000,complete_repeat_5x6_vector,delete_one_complete_repeat_5x6_vector,809a3f2f1d77cce8aa4e86320f229cd025238ab79be8d1df66d61a601099ba7f
bdb2023_sack,game_equal_set_empty_rate,30,attn_relnet,0.0,0.0,0.0,0.95,BCa,-3.890591886413094,0.0,0.0,2.9209842322686086e-09,100,10000,complete_repeat_5x6_vector,delete_one_complete_repeat_5x6_vector,809a3f2f1d77cce8aa4e86320f229cd025238ab79be8d1df66d61a601099ba7f
bdb2023_sack,game_equal_set_empty_rate,40,attn_relnet,0.0,0.0,0.0,0.95,BCa,-3.890591886413094,0.0,0.0,2.9209842322686086e-09,100,10000,complete_repeat_5x6_vector,delete_one_complete_repeat_5x6_vector,809a3f2f1d77cce8aa4e86320f229cd025238ab79be8d1df66d61a601099ba7f
bdb2023_sack,game_equal_set_empty_rate,50,attn_relnet,0.0,0.0,0.0,0.95,BCa,-3.890591886413094,0.0,0.0,2.9209842322686086e-09,100,10000,complete_repeat_5x6_vector,delete_one_complete_repeat_5x6_vector,809a3f2f1d77cce8aa4e86320f229cd025238ab79be8d1df66d61a601099ba7f
bdb2023_sack,game_equal_set_empty_rate,60,attn_relnet,0.0,0.0,0.0,0.95,BCa,-3.890591886413094,0.0,0.0,2.9209842322686086e-09,100,10000,complete_repeat_5x6_vector,delete_one_complete_repeat_5x6_vector,809a3f2f1d77cce8aa4e86320f229cd025238ab79be8d1df66d61a601099ba7f
bdb2023_sack,game_equal_set_empty_rate,10,set_transformer,0.0,0.0,0.0,0.95,BCa,-3.890591886413094,0.0,0.0,2.9209842322686086e-09,100,10000,complete_repeat_5x6_vector,delete_one_complete_repeat_5x6_vector,809a3f2f1d77cce8aa4e86320f229cd025238ab79be8d1df66d61a601099ba7f
bdb2023_sack,game_equal_set_empty_rate,20,set_transformer,0.0,0.0,0.0,0.95,BCa,-3.890591886413094,0.0,0.0,2.9209842322686086e-09,100,10000,complete_repeat_5x6_vector,delete_one_complete_repeat_5x6_vector,809a3f2f1d77cce8aa4e86320f229cd025238ab79be8d1df66d61a601099ba7f
bdb2023_sack,game_equal_set_empty_rate,30,set_transformer,0.0,0.0,0.0,0.95,BCa,-3.890591886413094,0.0,0.0,2.9209842322686086e-09,100,10000,complete_repeat_5x6_vector,delete_one_complete_repeat_5x6_vector,809a3f2f1d77cce8aa4e86320f229cd025238ab79be8d1df66d61a601099ba7f
bdb2023_sack,game_equal_set_empty_rate,40,set_transformer,0.0,0.0,0.0,0.95,BCa,-3.890591886413094,0.0,0.0,2.9209842322686086e-09,100,10000,complete_repeat_5x6_vector,delete_one_complete_repeat_5x6_vector,809a3f2f1d77cce8aa4e86320f229cd025238ab79be8d1df66d61a601099ba7f
bdb2023_sack,game_equal_set_empty_rate,50,set_transformer,0.0,0.0,0.0,0.95,BCa,-3.890591886413094,0.0,0.0,2.9209842322686086e-09,100,10000,complete_repeat_5x6_vector,delete_one_complete_repeat_5x6_vector,809a3f2f1d77cce8aa4e86320f229cd025238ab79be8d1df66d61a601099ba7f
bdb2023_sack,game_equal_set_empty_rate,60,set_transformer,0.0,0.0,0.0,0.95,BCa,-3.890591886413094,0.0,0.0,2.9209842322686086e-09,100,10000,complete_repeat_5x6_vector,delete_one_complete_repeat_5x6_vector,809a3f2f1d77cce8aa4e86320f229cd025238ab79be8d1df66d61a601099ba7f
