task_id,metric,n_train,model_left,model_right,sd_left,sd_right,log_sd_ratio,sd_ratio,bca_log_lower,bca_log_upper,bca_ratio_lower,bca_ratio_upper,confidence_level,interval_method,bias_correction,acceleration,adjusted_lower_quantile,adjusted_upper_quantile,bootstrap_zero_sd_draws,jackknife_zero_sd_values,regularized,sd_regularization_floor,repeats,bootstrap_draws,bootstrap_unit,jackknife_unit,bootstrap_index_sha256
bdb2023_sack,primary_loss,10,linear_structure,boosted_structure,0.005060174885047497,0.005472531921482392,-0.07834033850465029,0.9246496790971305,-0.1116094782023204,-0.0407958449021468,0.8943934694540032,0.9600251039616121,0.95,BCa,0.017547298372150796,-0.004339587440553305,0.026105994330284377,0.9760487747117881,0,0,False,1e-12,100,10000,complete_repeat_5x6_vector,delete_one_complete_repeat_5x6_vector,809a3f2f1d77cce8aa4e86320f229cd025238ab79be8d1df66d61a601099ba7f
bdb2023_sack,primary_loss,10,linear_structure,relnet,0.005060174885047497,0.004972736086452317,0.017430835923755245,1.0175836394843871,-0.048452143769652345,0.0718122343083851,0.9527029309858214,1.0744535796027024,0.95,BCa,-0.009776005984788104,-0.021955646950565094,0.019294087393799064,0.9685811469876432,0,0,False,1e-12,100,10000,complete_repeat_5x6_vector,delete_one_complete_repeat_5x6_vector,809a3f2f1d77cce8aa4e86320f229cd025238ab79be8d1df66d61a601099ba7f
bdb2023_sack,primary_loss,10,linear_structure,attn_relnet,0.005060174885047497,0.0049789445235622395,0.016183119450798134,1.0163147753707327,-0.05019169608222855,0.07065298079077441,0.9510470950232183,1.0732087371944177,0.95,BCa,-0.010528033237178321,-0.021662302122390974,0.019278595255637243,0.9685515951543432,0,0,False,1e-12,100,10000,complete_repeat_5x6_vector,delete_one_complete_repeat_5x6_vector,809a3f2f1d77cce8aa4e86320f229cd025238ab79be8d1df66d61a601099ba7f
bdb2023_sack,primary_loss,10,linear_structure,set_transformer,0.005060174885047497,0.005027464018725658,0.006485359217367303,1.0065064346955048,-0.0837166253016982,0.08014266958670781,0.9196918365691428,1.0834416308186574,0.95,BCa,-0.013786892263084284,-0.003801473651375174,0.0226176889236116,0.9724506728141955,0,0,False,1e-12,100,10000,complete_repeat_5x6_vector,delete_one_complete_repeat_5x6_vector,809a3f2f1d77cce8aa4e86320f229cd025238ab79be8d1df66d61a601099ba7f
bdb2023_sack,primary_loss,10,boosted_structure,relnet,0.005472531921482392,0.004972736086452317,0.09577117442840553,1.1005072109882756,0.03313016769470973,0.14489438074100305,1.0336850828887927,1.1559174766730698,0.95,BCa,-0.018800819591187675,-0.015538125458772643,0.01968325137269661,0.9689462266328162,0,0,False,1e-12,100,10000,complete_repeat_5x6_vector,delete_one_complete_repeat_5x6_vector,809a3f2f1d77cce8aa4e86320f229cd025238ab79be8d1df66d61a601099ba7f
bdb2023_sack,primary_loss,10,boosted_structure,attn_relnet,0.005472531921482392,0.0049789445235622395,0.09452345795544836,1.0991349462891806,0.03162747938642988,0.14374411849010332,1.032132942883682,1.1545886328404629,0.95,BCa,-0.016293804724859258,-0.014753502778705208,0.020089530556921475,0.9694791681654291,0,0,False,1e-12,100,10000,complete_repeat_5x6_vector,delete_one_complete_repeat_5x6_vector,809a3f2f1d77cce8aa4e86320f229cd025238ab79be8d1df66d61a601099ba7f
bdb2023_sack,primary_loss,10,boosted_structure,set_transformer,0.005472531921482392,0.005027464018725658,0.08482569772201766,1.0885273173709453,-0.005551482306434598,0.1613257843295797,0.9944638986958482,1.1750677251135209,0.95,BCa,-0.014789645968119597,0.004050145584352998,0.024198010972699913,0.974162474066373,0,0,False,1e-12,100,10000,complete_repeat_5x6_vector,delete_one_complete_repeat_5x6_vector,809a3f2f1d77cce8aa4e86320f229cd025238ab79be8d1df66d61a601099ba7f
bdb2023_sack,primary_loss,10,relnet,attn_relnet,0.004972736086452317,0.0049789445235622395,-0.0012477164729571637,0.9987530616016022,-0.005576771620659557,0.0002538805712603135,0.9944387497038304,1.00025391280166,0.95,BCa,-0.12161996636704842,-0.0833225262300799,0.004145317849791885,0.929562192036576,0,0,False,1e-12,100,10000,complete_repeat_5x6_vector,delete_one_complete_repeat_5x6_vector,809a3f2f1d77cce8aa4e86320f229cd025238ab79be8d1df66d61a601099ba7f
bdb2023_sack,primary_loss,10,relnet,set_transformer,0.004972736086452317,0.005027464018725658,-0.010945476706387939,0.9891142070695091,-0.10332809693024815,0.0700247738035616,0.9018310369414131,1.0725347516903412,0.95,BCa,-0.011029388020359056,-0.00624320262872603,0.022397275149074247,0.9722203464130913,0,0,False,1e-12,100,10000,complete_repeat_5x6_vector,delete_one_complete_repeat_5x6_vector,809a3f2f1d77cce8aa4e86320f229cd025238ab79be8d1df66d61a601099ba7f
bdb2023_sack,primary_loss,10,attn_relnet,set_transformer,0.0049789445235622395,0.005027464018725658,-0.009697760233430717,0.9903491114043385,-0.10139592649457468,0.07085381977114333,0.9035752126887457,1.0734243009890005,0.95,BCa,-0.008271967640830305,-0.006077444230587145,0.02273195997298122,0.9726052514570956,0,0,False,1e-12,100,10000,complete_repeat_5x6_vector,delete_one_complete_repeat_5x6_vector,809a3f2f1d77cce8aa4e86320f229cd025238ab79be8d1df66d61a601099ba7f
bdb2023_sack,primary_loss,20,linear_structure,boosted_structure,0.0049937352431379915,0.005516834802007789,-0.09962011493401879,0.9051812175562296,-0.12616040690309557,-0.07344487770409716,0.8814734410176541,0.9291873633206826,0.95,BCa,0.007519955698540525,0.0010335213957870576,0.026129612662942947,0.9760927175371419,0,0,False,1e-12,100,10000,complete_repeat_5x6_vector,delete_one_complete_repeat_5x6_vector,809a3f2f1d77cce8aa4e86320f229cd025238ab79be8d1df66d61a601099ba7f
bdb2023_sack,primary_loss,20,linear_structure,relnet,0.0049937352431379915,0.005008348622173947,-0.002922068966977354,0.9970821961212412,-0.0383661576026816,0.02610829912599525,0.9623605007569472,1.026452106320175,0.95,BCa,0.00701861679253328,-0.010452750966214189,0.023482024123737344,0.9734664232368908,0,0,False,1e-12,100,10000,complete_repeat_5x6_vector,delete_one_complete_repeat_5x6_vector,809a3f2f1d77cce8aa4e86320f229cd025238ab79be8d1df66d61a601099ba7f
bdb2023_sack,primary_loss,20,linear_structure,attn_relnet,0.0049937352431379915,0.006243474768480517,-0.2233527058570367,0.7998326938627677,-0.7158505162737838,0.005556609449703045,0.4887762228294797,1.0055720760379847,0.95,BCa,-0.09715916018568793,-0.15821235921338606,0.0008252326761732376,0.9101391876011322,0,0,False,1e-12,100,10000,complete_repeat_5x6_vector,delete_one_complete_repeat_5x6_vector,809a3f2f1d77cce8aa4e86320f229cd025238ab79be8d1df66d61a601099ba7f
bdb2023_sack,primary_loss,20,linear_structure,set_transformer,0.0049937352431379915,0.006938925983175629,-0.32896282961320494,0.7196697666535113,-0.8437032214812666,-0.06479625475795163,0.43011476030084683,0.9372584058656961,0.95,BCa,-0.14818090632882375,-0.14883141550496165,0.0006405159161929075,0.8995185317809837,0,0,False,1e-12,100,10000,complete_repeat_5x6_vector,delete_one_complete_repeat_5x6_vector,809a3f2f1d77cce8aa4e86320f229cd025238ab79be8d1df66d61a601099ba7f
bdb2023_sack,primary_loss,20,boosted_structure,relnet,0.005516834802007789,0.005008348622173947,0.09669804596704135,1.1015277126641247,0.06366664018271499,0.1274666914281531,1.0657370656244307,1.1359470308377195,0.95,BCa,0.012533469508069278,0.0013274341424084923,0.026811117319658295,0.9767160518889797,0,0,False,1e-12,100,10000,complete_repeat_5x6_vector,delete_one_complete_repeat_5x6_vector,809a3f2f1d77cce8aa4e86320f229cd025238ab79be8d1df66d61a601099ba7f
bdb2023_sack,primary_loss,20,boosted_structure,attn_relnet,0.005516834802007789,0.006243474768480517,-0.12373259092301793,0.8836160962576339,-0.6168250785451009,0.10576083582015611,0.5396550830766987,1.1115560003345992,0.95,BCa,-0.08809647252220673,-0.15842942715455616,0.0009045829034909914,0.9123904476085475,0,0,False,1e-12,100,10000,complete_repeat_5x6_vector,delete_one_complete_repeat_5x6_vector,809a3f2f1d77cce8aa4e86320f229cd025238ab79be8d1df66d61a601099ba7f
bdb2023_sack,primary_loss,20,boosted_structure,set_transformer,0.005516834802007789,0.006938925983175629,-0.2293427146791862,0.7950560094435517,-0.7389553747510788,0.03519374366836573,0.4776125811778202,1.0358203729991193,0.95,BCa,-0.14488711477847552,-0.14942284109232593,0.000651135901501787,0.9002438830533133,0,0,False,1e-12,100,10000,complete_repeat_5x6_vector,delete_one_complete_repeat_5x6_vector,809a3f2f1d77cce8aa4e86320f229cd025238ab79be8d1df66d61a601099ba7f
bdb2023_sack,primary_loss,20,relnet,attn_relnet,0.005008348622173947,0.006243474768480517,-0.22043063689005937,0.8021732781652349,-0.7185407674377173,0.00046220781061528823,0.48746305918911204,1.0004623146451046,0.95,BCa,-0.08482565160726427,-0.16046693754612126,0.0008793545431691197,0.9125447305834862,0,0,False,1e-12,100,10000,complete_repeat_5x6_vector,delete_one_complete_repeat_5x6_vector,809a3f2f1d77cce8aa4e86320f229cd025238ab79be8d1df66d61a601099ba7f
bdb2023_sack,primary_loss,20,relnet,set_transformer,0.005008348622173947,0.006938925983175629,-0.32604076064622767,0.721775766785432,-0.8349226238826216,-0.06180460066690228,0.4339080542546443,0.9400665572243135,0.95,BCa,-0.15096921549677725,-0.1498154812314783,0.0006013070573760992,0.8983663968967033,0,0,False,1e-12,100,10000,complete_repeat_5x6_vector,delete_one_complete_repeat_5x6_vector,809a3f2f1d77cce8aa4e86320f229cd025238ab79be8d1df66d61a601099ba7f
bdb2023_sack,primary_loss,20,attn_relnet,set_transformer,0.006243474768480517,0.006938925983175629,-0.10561012375616824,0.8997753807460509,-0.5892190199602575,0.3295716707393926,0.5547603723737574,1.3903724636932193,0.95,BCa,-0.06295793605653409,-0.0034691389716318046,0.017856652541362705,0.9657456098149764,0,0,False,1e-12,100,10000,complete_repeat_5x6_vector,delete_one_complete_repeat_5x6_vector,809a3f2f1d77cce8aa4e86320f229cd025238ab79be8d1df66d61a601099ba7f
bdb2023_sack,primary_loss,30,linear_structure,boosted_structure,0.005042161360831466,0.005390127099105029,-0.0667341335899715,0.9354438713826733,-0.09151825729268456,-0.04458111450572975,0.9125446554050601,0.9563980191945873,0.95,BCa,0.0002506628300880075,-0.004730985557234087,0.02397552801257974,0.9739589067041388,0,0,False,1e-12,100,10000,complete_repeat_5x6_vector,delete_one_complete_repeat_5x6_vector,809a3f2f1d77cce8aa4e86320f229cd025238ab79be8d1df66d61a601099ba7f
bdb2023_sack,primary_loss,30,linear_structure,relnet,0.005042161360831466,0.004916645162990186,0.02520841111284392,1.0255288298586396,-0.015503382242450138,0.06327629455652645,0.9846161765354718,1.0653211410046564,0.95,BCa,-0.014789645968119597,-0.008241955009389056,0.02157703111560616,0.971263201818067,0,0,False,1e-12,100,10000,complete_repeat_5x6_vector,delete_one_complete_repeat_5x6_vector,809a3f2f1d77cce8aa4e86320f229cd025238ab79be8d1df66d61a601099ba7f
bdb2023_sack,primary_loss,30,linear_structure,attn_relnet,0.005042161360831466,0.004920582664809474,0.0244078802928829,1.0247081909407776,-0.016708381709264485,0.06262552612865571,0.983430429123707,1.0646280891731317,0.95,BCa,-0.012533469508069278,-0.007211915922811751,0.022031259660854063,0.9717995302252236,0,0,False,1e-12,100,10000,complete_repeat_5x6_vector,delete_one_complete_repeat_5x6_vector,809a3f2f1d77cce8aa4e86320f229cd025238ab79be8d1df66d61a601099ba7f
bdb2023_sack,primary_loss,30,linear_structure,set_transformer,0.005042161360831466,0.005024895383633053,0.0034301970409685097,1.0034360868993712,-0.06048802499012569,0.05365183016460425,0.9413050410880757,1.0551171782215618,0.95,BCa,-0.05115752203633166,-0.019563337076732672,0.015990590790370296,0.9631873622665851,0,0,False,1e-12,100,10000,complete_repeat_5x6_vector,delete_one_complete_repeat_5x6_vector,809a3f2f1d77cce8aa4e86320f229cd025238ab79be8d1df66d61a601099ba7f
bdb2023_sack,primary_loss,30,boosted_structure,relnet,0.005390127099105029,0.004916645162990186,0.09194254470281549,1.096301831923718,0.05070789166732649,0.13271893690359055,1.0520155458889657,1.1419289991221186,0.95,BCa,-0.005263943686483789,-0.007904560517082038,0.022669161467003207,0.9725516867110466,0,0,False,1e-12,100,10000,complete_repeat_5x6_vector,delete_one_complete_repeat_5x6_vector,809a3f2f1d77cce8aa4e86320f229cd025238ab79be8d1df66d61a601099ba7f
bdb2023_sack,primary_loss,30,boosted_structure,attn_relnet,0.005390127099105029,0.004920582664809474,0.09114201388285438,1.0954245597078565,0.049661420761441866,0.13213811017235158,1.0509152180585994,1.1412659288173714,0.95,BCa,-0.0015039775317649809,-0.007495122091197465,0.023172441957681922,0.9731112139710021,0,0,False,1e-12,100,10000,complete_repeat_5x6_vector,delete_one_complete_repeat_5x6_vector,809a3f2f1d77cce8aa4e86320f229cd025238ab79be8d1df66d61a601099ba7f
bdb2023_sack,primary_loss,30,boosted_structure,set_transformer,0.005390127099105029,0.005024895383633053,0.07016433063094014,1.0726844416824275,-0.00012227489214829316,0.1171569617985141,0.9998777325831216,1.124295887346159,0.95,BCa,-0.0687357011322444,-0.03929770578934417,0.011507640145814346,0.9546444422511469,0,0,False,1e-12,100,10000,complete_repeat_5x6_vector,delete_one_complete_repeat_5x6_vector,809a3f2f1d77cce8aa4e86320f229cd025238ab79be8d1df66d61a601099ba7f
bdb2023_sack,primary_loss,30,relnet,attn_relnet,0.004916645162990186,0.004920582664809474,-0.0008005308199611419,0.9991997895193495,-0.004812707840553676,0.001750435423074181,0.9951988546813754,1.0017519683294467,0.95,BCa,-0.045887396163863586,-0.034567343778715766,0.013861634129189226,0.9598894401226236,0,0,False,1e-12,100,10000,complete_repeat_5x6_vector,delete_one_complete_repeat_5x6_vector,809a3f2f1d77cce8aa4e86320f229cd025238ab79be8d1df66d61a601099ba7f
bdb2023_sack,primary_loss,30,relnet,set_transformer,0.004916645162990186,0.005024895383633053,-0.021778214071875336,0.978457219030777,-0.08668376201577066,0.02211431441459814,0.9169670295917136,1.0223606483497223,0.95,BCa,-0.07024331382191672,-0.03113122358783196,0.012629370167226595,0.9567799827336074,0,0,False,1e-12,100,10000,complete_repeat_5x6_vector,delete_one_complete_repeat_5x6_vector,809a3f2f1d77cce8aa4e86320f229cd025238ab79be8d1df66d61a601099ba7f
bdb2023_sack,primary_loss,30,attn_relnet,set_transformer,0.004920582664809474,0.005024895383633053,-0.02097768325191423,0.9792408177962583,-0.08606698467596775,0.0229033846303908,0.9175327685264552,1.0231676810479926,0.95,BCa,-0.07024331382191672,-0.03182181915674847,0.012523702052897656,0.9565780223957934,0,0,False,1e-12,100,10000,complete_repeat_5x6_vector,delete_one_complete_repeat_5x6_vector,809a3f2f1d77cce8aa4e86320f229cd025238ab79be8d1df66d61a601099ba7f
bdb2023_sack,primary_loss,40,linear_structure,boosted_structure,0.005066817872819695,0.005273487576729351,-0.039978940880970856,0.9608096727445343,-0.06330346485137472,-0.018493727752598523,0.9386585805771502,0.9816762318886759,0.95,BCa,-0.013285520672133335,0.00454139152602922,0.02447601719479775,0.9744569792373139,0,0,False,1e-12,100,10000,complete_repeat_5x6_vector,delete_one_complete_repeat_5x6_vector,809a3f2f1d77cce8aa4e86320f229cd025238ab79be8d1df66d61a601099ba7f
bdb2023_sack,primary_loss,40,linear_structure,relnet,0.005066817872819695,0.004990955956023112,0.015085516289761378,1.0151998770305781,-0.03553576993224672,0.05003115493073087,0.9650882124726115,1.0513038491644138,0.95,BCa,-0.03961508598957956,-0.04073913904212007,0.01332768338533491,0.9591931760261297,0,0,False,1e-12,100,10000,complete_repeat_5x6_vector,delete_one_complete_repeat_5x6_vector,809a3f2f1d77cce8aa4e86320f229cd025238ab79be8d1df66d61a601099ba7f
bdb2023_sack,primary_loss,40,linear_structure,attn_relnet,0.005066817872819695,0.005026673235734797,0.007954601303855936,1.0079863232007025,-0.04317033714634708,0.03962467163024489,0.9577482360703808,1.0404202016823438,0.95,BCa,-0.05191050974823991,-0.051080105844582224,0.010888936051983433,0.9541687527647993,0,0,False,1e-12,100,10000,complete_repeat_5x6_vector,delete_one_complete_repeat_5x6_vector,809a3f2f1d77cce8aa4e86320f229cd025238ab79be8d1df66d61a601099ba7f
bdb2023_sack,primary_loss,40,linear_structure,set_transformer,0.005066817872819695,0.0050127586730244695,0.010726585166413347,1.0107843212333638,-0.036829745475802304,0.05997431793025322,0.9638402195385994,1.0618092767352856,0.95,BCa,0.012533469508069278,0.034238843764523255,0.034903293351255305,0.9833270625397469,0,0,False,1e-12,100,10000,complete_repeat_5x6_vector,delete_one_complete_repeat_5x6_vector,809a3f2f1d77cce8aa4e86320f229cd025238ab79be8d1df66d61a601099ba7f
bdb2023_sack,primary_loss,40,boosted_structure,relnet,0.005273487576729351,0.004990955956023112,0.055064457170732224,1.056608718489146,0.004452410095999184,0.08815980000443621,1.0044623368009498,1.0921626356782115,0.95,BCa,-0.05065554636861312,-0.056046472322088946,0.010262147384560105,0.9529433542483072,0,0,False,1e-12,100,10000,complete_repeat_5x6_vector,delete_one_complete_repeat_5x6_vector,809a3f2f1d77cce8aa4e86320f229cd025238ab79be8d1df66d61a601099ba7f
bdb2023_sack,primary_loss,40,boosted_structure,attn_relnet,0.005273487576729351,0.005026673235734797,0.04793354218482678,1.0491009320518276,-0.0036043653042698684,0.0793733318539497,0.9964021226230593,1.0826084188426308,0.95,BCa,-0.06923822116766848,-0.06049176111327497,0.008600605453740306,0.9481774735962958,0,0,False,1e-12,100,10000,complete_repeat_5x6_vector,delete_one_complete_repeat_5x6_vector,809a3f2f1d77cce8aa4e86320f229cd025238ab79be8d1df66d61a601099ba7f
bdb2023_sack,primary_loss,40,boosted_structure,set_transformer,0.005273487576729351,0.0050127586730244695,0.05070552604738412,1.0520130572229542,0.004398123924745621,0.10124616150280832,1.0044078098665592,1.1065489980045173,0.95,BCa,0.015792414544589822,0.03614635224297076,0.03587319713236892,0.9839636008997562,0,0,False,1e-12,100,10000,complete_repeat_5x6_vector,delete_one_complete_repeat_5x6_vector,809a3f2f1d77cce8aa4e86320f229cd025238ab79be8d1df66d61a601099ba7f
bdb2023_sack,primary_loss,40,relnet,attn_relnet,0.004990955956023112,0.005026673235734797,-0.007130914985905649,0.9928944496615039,-0.028075879950469642,-0.0014547913589851677,0.9723145848194588,0.9985462663369927,0.95,BCa,-0.13450911988453296,-0.11518553200737361,0.0018961196149132609,0.9152480625813426,0,0,False,1e-12,100,10000,complete_repeat_5x6_vector,delete_one_complete_repeat_5x6_vector,809a3f2f1d77cce8aa4e86320f229cd025238ab79be8d1df66d61a601099ba7f
bdb2023_sack,primary_loss,40,relnet,set_transformer,0.004990955956023112,0.0050127586730244695,-0.0043589311233482265,0.9956505552284641,-0.05186434219825996,0.04197869777970119,0.949457659445757,1.0428722630194516,0.95,BCa,0.008021296494625931,0.025907090133184575,0.0321593249825714,0.981316630104744,0,0,False,1e-12,100,10000,complete_repeat_5x6_vector,delete_one_complete_repeat_5x6_vector,809a3f2f1d77cce8aa4e86320f229cd025238ab79be8d1df66d61a601099ba7f
bdb2023_sack,primary_loss,40,attn_relnet,set_transformer,0.005026673235734797,0.0050127586730244695,0.0027719838625574413,1.0027758293622246,-0.04233161110682812,0.04886094318657895,0.9585518614189195,1.0500743205981427,0.95,BCa,0.015792414544589822,0.028344743246994236,0.03386211941364803,0.9825173407174234,0,0,False,1e-12,100,10000,complete_repeat_5x6_vector,delete_one_complete_repeat_5x6_vector,809a3f2f1d77cce8aa4e86320f229cd025238ab79be8d1df66d61a601099ba7f
bdb2023_sack,primary_loss,50,linear_structure,boosted_structure,0.0049749255013888756,0.005216684623517867,-0.04745167461679114,0.953656557837694,-0.07311852409318267,-0.020611724793869347,0.929490656459632,0.9795992448366969,0.95,BCa,0.0057652769696068034,-0.022372605735051197,0.020786059301159787,0.9705330766095353,0,0,False,1e-12,100,10000,complete_repeat_5x6_vector,delete_one_complete_repeat_5x6_vector,809a3f2f1d77cce8aa4e86320f229cd025238ab79be8d1df66d61a601099ba7f
bdb2023_sack,primary_loss,50,linear_structure,relnet,0.0049749255013888756,0.004860618997050441,0.02324460045290903,1.0235168616194354,-0.007831696056310239,0.065336643185575,0.992198891771638,1.0675183366743,0.95,BCa,0.020054370352950632,0.01817219919187524,0.03188407344638966,0.9809592045829036,0,0,False,1e-12,100,10000,complete_repeat_5x6_vector,delete_one_complete_repeat_5x6_vector,809a3f2f1d77cce8aa4e86320f229cd025238ab79be8d1df66d61a601099ba7f
bdb2023_sack,primary_loss,50,linear_structure,attn_relnet,0.0049749255013888756,0.004867906070803299,0.02174651619761419,1.0219846950678562,-0.009914335609283854,0.06332651816340822,0.9901346493977433,1.0653746466184562,0.95,BCa,0.015792414544589822,0.016211153316053148,0.030813048899384465,0.980153271707245,0,0,False,1e-12,100,10000,complete_repeat_5x6_vector,delete_one_complete_repeat_5x6_vector,809a3f2f1d77cce8aa4e86320f229cd025238ab79be8d1df66d61a601099ba7f
bdb2023_sack,primary_loss,50,linear_structure,set_transformer,0.0049749255013888756,0.004834997085002294,0.028529869893237747,1.0289407447257055,0.0011436187736087206,0.06301126807884212,1.0011442729549127,1.0650388401053121,0.95,BCa,0.042374695865204634,0.027795018876848047,0.037687143293543945,0.984718691300473,0,0,False,1e-12,100,10000,complete_repeat_5x6_vector,delete_one_complete_repeat_5x6_vector,809a3f2f1d77cce8aa4e86320f229cd025238ab79be8d1df66d61a601099ba7f
bdb2023_sack,primary_loss,50,boosted_structure,relnet,0.005216684623517867,0.004860618997050441,0.07069627506970014,1.073255201998654,0.036955393284889004,0.10203172608382388,1.037646733793568,1.1074186052261037,0.95,BCa,-0.0077706258524470675,-0.009191785362858548,0.022123084091795864,0.9719340247348575,0,0,False,1e-12,100,10000,complete_repeat_5x6_vector,delete_one_complete_repeat_5x6_vector,809a3f2f1d77cce8aa4e86320f229cd025238ab79be8d1df66d61a601099ba7f
bdb2023_sack,primary_loss,50,boosted_structure,attn_relnet,0.005216684623517867,0.004867906070803299,0.06919819081440542,1.0716485790074033,0.03494517339739742,0.1008594252895105,1.035562930845887,1.1061211381749785,0.95,BCa,-0.006517279650583851,-0.010709993534120218,0.021936317238170744,0.9717331074612525,0,0,False,1e-12,100,10000,complete_repeat_5x6_vector,delete_one_complete_repeat_5x6_vector,809a3f2f1d77cce8aa4e86320f229cd025238ab79be8d1df66d61a601099ba7f
bdb2023_sack,primary_loss,50,boosted_structure,set_transformer,0.005216684623517867,0.004834997085002294,0.0759815445100288,1.0789426615580662,0.03981850314074574,0.1167719331205686,1.0406218874474884,1.1238630845131325,0.95,BCa,0.031588768951337685,0.029191279732398923,0.036405007073329665,0.9840662582566027,0,0,False,1e-12,100,10000,complete_repeat_5x6_vector,delete_one_complete_repeat_5x6_vector,809a3f2f1d77cce8aa4e86320f229cd025238ab79be8d1df66d61a601099ba7f
bdb2023_sack,primary_loss,50,relnet,attn_relnet,0.004860618997050441,0.004867906070803299,-0.0014980842552947953,0.9985030373127854,-0.003904124034262773,-0.00026748516030320775,0.9961034871497508,0.9997325506106628,0.95,BCa,-0.06396260838426929,-0.05629672092184562,0.009433446591494699,0.9504446384107095,0,0,False,1e-12,100,10000,complete_repeat_5x6_vector,delete_one_complete_repeat_5x6_vector,809a3f2f1d77cce8aa4e86320f229cd025238ab79be8d1df66d61a601099ba7f
bdb2023_sack,primary_loss,50,relnet,set_transformer,0.004860618997050441,0.004834997085002294,0.005285269440328751,1.0052992611159217,-0.03093691877415346,0.03955153002427836,0.9695367307125329,1.04034410646081,0.95,BCa,0.008271967640830167,0.01638780249571493,0.029854799260176534,0.9794296633742536,0,0,False,1e-12,100,10000,complete_repeat_5x6_vector,delete_one_complete_repeat_5x6_vector,809a3f2f1d77cce8aa4e86320f229cd025238ab79be8d1df66d61a601099ba7f
bdb2023_sack,primary_loss,50,attn_relnet,set_transformer,0.004867906070803299,0.004834997085002294,0.006783353695623407,1.0068064127490552,-0.02922056292086458,0.04112750395954399,0.9712022296408241,1.041984954283386,0.95,BCa,0.008773311508328054,0.017319363218192916,0.030147144263199255,0.9796713941222007,0,0,False,1e-12,100,10000,complete_repeat_5x6_vector,delete_one_complete_repeat_5x6_vector,809a3f2f1d77cce8aa4e86320f229cd025238ab79be8d1df66d61a601099ba7f
bdb2023_sack,primary_loss,60,linear_structure,boosted_structure,0.004918398501428673,0.0051319993698176695,-0.04251235428335606,0.9583786253667086,-0.06716032229222138,-0.020023665931297722,0.9350452807165537,0.9801754762667856,0.95,BCa,-0.034096750130524926,-0.011498430714079765,0.018995521429389206,0.9678466230618078,0,0,False,1e-12,100,10000,complete_repeat_5x6_vector,delete_one_complete_repeat_5x6_vector,809a3f2f1d77cce8aa4e86320f229cd025238ab79be8d1df66d61a601099ba7f
bdb2023_sack,primary_loss,60,linear_structure,relnet,0.004918398501428673,0.004881588427645388,0.0075123053047753295,1.0075405934623292,-0.015899021780993856,0.03224089500075546,0.9842267004968851,1.0327662635714474,0.95,BCa,-0.0010026514778483275,0.01004421034394079,0.027171561690249868,0.9771024647829254,0,0,False,1e-12,100,10000,complete_repeat_5x6_vector,delete_one_complete_repeat_5x6_vector,809a3f2f1d77cce8aa4e86320f229cd025238ab79be8d1df66d61a601099ba7f
bdb2023_sack,primary_loss,60,linear_structure,attn_relnet,0.004918398501428673,0.004882532821499494,0.007318863655915783,1.0073457119983404,-0.016562937604709043,0.03209730646999718,0.9835734736841053,1.0326179808271498,0.95,BCa,-0.008522639306813181,0.009362219031369039,0.026105633705267972,0.9761052048104542,0,0,False,1e-12,100,10000,complete_repeat_5x6_vector,delete_one_complete_repeat_5x6_vector,809a3f2f1d77cce8aa4e86320f229cd025238ab79be8d1df66d61a601099ba7f
bdb2023_sack,primary_loss,60,linear_structure,set_transformer,0.004918398501428673,0.004813738885055694,0.02150887253010086,1.0217418557325357,-0.007816766835715307,0.05604724340830616,0.9922137046383392,1.0576476494360734,0.95,BCa,0.022561568390224718,0.026437643058181987,0.03434589297485552,0.9827741730458406,0,0,False,1e-12,100,10000,complete_repeat_5x6_vector,delete_one_complete_repeat_5x6_vector,809a3f2f1d77cce8aa4e86320f229cd025238ab79be8d1df66d61a601099ba7f
bdb2023_sack,primary_loss,60,boosted_structure,relnet,0.0051319993698176695,0.004881588427645388,0.050024659588131556,1.0512970206079144,0.02273757193179101,0.07638846900321163,1.0229980409183104,1.0793817990956442,0.95,BCa,0.01428826731971852,0.0017642597842151002,0.02713148373280372,0.9770026017863549,0,0,False,1e-12,100,10000,complete_repeat_5x6_vector,delete_one_complete_repeat_5x6_vector,809a3f2f1d77cce8aa4e86320f229cd025238ab79be8d1df66d61a601099ba7f
bdb2023_sack,primary_loss,60,boosted_structure,attn_relnet,0.0051319993698176695,0.004882532821499494,0.04983121793927176,1.051093675647133,0.022420583816653374,0.0766140703664515,1.022673814088271,1.079625336571137,0.95,BCa,0.017547298372150796,0.0013962253954893607,0.02745322960217067,0.9772786681326473,0,0,False,1e-12,100,10000,complete_repeat_5x6_vector,delete_one_complete_repeat_5x6_vector,809a3f2f1d77cce8aa4e86320f229cd025238ab79be8d1df66d61a601099ba7f
bdb2023_sack,primary_loss,60,boosted_structure,set_transformer,0.0051319993698176695,0.004813738885055694,0.06402122681345698,1.066115028746162,0.030169010412951974,0.10300246976552373,1.0306287062178772,1.1084941467932534,0.95,BCa,0.02080651581056588,0.029649131040301577,0.03492192966484464,0.9832134452612147,0,0,False,1e-12,100,10000,complete_repeat_5x6_vector,delete_one_complete_repeat_5x6_vector,809a3f2f1d77cce8aa4e86320f229cd025238ab79be8d1df66d61a601099ba7f
bdb2023_sack,primary_loss,60,relnet,attn_relnet,0.004881588427645388,0.004882532821499494,-0.00019344164885978684,0.9998065770597696,-0.0016932146740264566,0.0005149797238662172,0.9983082180052144,1.0005151123486895,0.95,BCa,-0.11833780976534056,-0.024721065658172347,0.010466203016051834,0.9498184277762867,0,0,False,1e-12,100,10000,complete_repeat_5x6_vector,delete_one_complete_repeat_5x6_vector,809a3f2f1d77cce8aa4e86320f229cd025238ab79be8d1df66d61a601099ba7f
bdb2023_sack,primary_loss,60,relnet,set_transformer,0.004881588427645388,0.004813738885055694,0.0139965672253254,1.01409497777296,-0.016001862226124226,0.048778569663878134,0.9841254873893865,1.0499878258397453,0.95,BCa,0.017547298372150796,0.0240466251995771,0.03301716703207874,0.9818606101291711,0,0,False,1e-12,100,10000,complete_repeat_5x6_vector,delete_one_complete_repeat_5x6_vector,809a3f2f1d77cce8aa4e86320f229cd025238ab79be8d1df66d61a601099ba7f
bdb2023_sack,primary_loss,60,attn_relnet,set_transformer,0.004882532821499494,0.004813738885055694,0.014190008874185367,1.014291164952335,-0.015946540976238998,0.04852097433444048,0.9841799319473494,1.0497173887130082,0.95,BCa,0.013034836136889386,0.022831114235153382,0.03208223417777356,0.9811959745709322,0,0,False,1e-12,100,10000,complete_repeat_5x6_vector,delete_one_complete_repeat_5x6_vector,809a3f2f1d77cce8aa4e86320f229cd025238ab79be8d1df66d61a601099ba7f
bdb2023_sack,game_equal_loss,10,linear_structure,boosted_structure,0.005296346468778187,0.0057540847518643065,-0.08289275689247896,0.9204498538298703,-0.11789591213593867,-0.044415743230285805,0.8887885599028933,0.9565561930331978,0.95,BCa,0.012032106029748956,-0.009870305649586188,0.024185968817680925,0.9741953067983493,0,0,False,1e-12,100,10000,complete_repeat_5x6_vector,delete_one_complete_repeat_5x6_vector,809a3f2f1d77cce8aa4e86320f229cd025238ab79be8d1df66d61a601099ba7f
bdb2023_sack,game_equal_loss,10,linear_structure,relnet,0.005296346468778187,0.005180183873994266,0.022176684785178567,1.0224244153507918,-0.04490822045570808,0.07538508763126867,0.956085226872865,1.0782993106703966,0.95,BCa,-0.018800819591187675,-0.02348809468538129,0.018129265295872943,0.9669478605659658,0,0,False,1e-12,100,10000,complete_repeat_5x6_vector,delete_one_complete_repeat_5x6_vector,809a3f2f1d77cce8aa4e86320f229cd025238ab79be8d1df66d61a601099ba7f
bdb2023_sack,game_equal_loss,10,linear_structure,attn_relnet,0.005296346468778187,0.005186905779348212,0.020879906900411076,1.0210994172798964,-0.04612628301174578,0.07387882733064827,0.9549213642302827,1.0766763338461804,0.95,BCa,-0.021307952628745463,-0.023232379840376793,0.01794473451415296,0.966657784655238,0,0,False,1e-12,100,10000,complete_repeat_5x6_vector,delete_one_complete_repeat_5x6_vector,809a3f2f1d77cce8aa4e86320f229cd025238ab79be8d1df66d61a601099ba7f
bdb2023_sack,game_equal_loss,10,linear_structure,set_transformer,0.005296346468778187,0.00526307712885258,0.006301376150762195,1.0063212715890522,-0.08433378731188453,0.07895714523300902,0.9191244128207349,1.0821579454499926,0.95,BCa,-0.012533469508069278,-0.009013495019438076,0.02165360594801663,0.9713688431969426,0,0,False,1e-12,100,10000,complete_repeat_5x6_vector,delete_one_complete_repeat_5x6_vector,809a3f2f1d77cce8aa4e86320f229cd025238ab79be8d1df66d61a601099ba7f
bdb2023_sack,game_equal_loss,10,boosted_structure,relnet,0.0057540847518643065,0.005180183873994266,0.10506944167765732,1.1107877426419468,0.047098207417931644,0.15460801812113295,1.0482249474904197,1.1672003500371395,0.95,BCa,-0.012282787382975733,-0.003365432814910545,0.02287417697384697,0.9727420680901402,0,0,False,1e-12,100,10000,complete_repeat_5x6_vector,delete_one_complete_repeat_5x6_vector,809a3f2f1d77cce8aa4e86320f229cd025238ab79be8d1df66d61a601099ba7f
bdb2023_sack,game_equal_loss,10,boosted_structure,attn_relnet,0.0057540847518643065,0.005186905779348212,0.10377266379289019,1.1093482312276293,0.04534304743668047,0.15380236451721357,1.0463867586408804,1.1662603695688054,0.95,BCa,-0.008522639306813181,-0.002731774778631866,0.02342509793338221,0.9733554620159631,0,0,False,1e-12,100,10000,complete_repeat_5x6_vector,delete_one_complete_repeat_5x6_vector,809a3f2f1d77cce8aa4e86320f229cd025238ab79be8d1df66d61a601099ba7f
bdb2023_sack,game_equal_loss,10,boosted_structure,set_transformer,0.0057540847518643065,0.00526307712885258,0.0891941330432413,1.0932928799997983,-0.0038523650878018053,0.1644426507063691,0.9961550457511097,1.1787359679380347,0.95,BCa,-0.012533469508069278,-9.202780043304854e-05,0.02355060190748043,0.9734771125728088,0,0,False,1e-12,100,10000,complete_repeat_5x6_vector,delete_one_complete_repeat_5x6_vector,809a3f2f1d77cce8aa4e86320f229cd025238ab79be8d1df66d61a601099ba7f
bdb2023_sack,game_equal_loss,10,relnet,attn_relnet,0.005180183873994266,0.005186905779348212,-0.001296777884767298,0.998704062568341,-0.006030690077831999,0.00018707528410009518,0.9939874580333705,1.0001870927837724,0.95,BCa,-0.12919923691977347,-0.09384407975102818,0.0031875196800047467,0.9240917640733775,0,0,False,1e-12,100,10000,complete_repeat_5x6_vector,delete_one_complete_repeat_5x6_vector,809a3f2f1d77cce8aa4e86320f229cd025238ab79be8d1df66d61a601099ba7f
bdb2023_sack,game_equal_loss,10,relnet,set_transformer,0.005180183873994266,0.00526307712885258,-0.015875308634416184,0.9842500398856238,-0.10937310443368305,0.06024954482136352,0.8963959058114257,1.0621015554211055,0.95,BCa,-0.01980365774256217,-0.01224648544611013,0.020242606792441664,0.9696261976070208,0,0,False,1e-12,100,10000,complete_repeat_5x6_vector,delete_one_complete_repeat_5x6_vector,809a3f2f1d77cce8aa4e86320f229cd025238ab79be8d1df66d61a601099ba7f
bdb2023_sack,game_equal_loss,10,attn_relnet,set_transformer,0.005186905779348212,0.00526307712885258,-0.014578530749648858,0.985527221501887,-0.10740696474168075,0.06123428292052012,0.8981600791188571,1.0631479624217635,0.95,BCa,-0.022812295734333795,-0.012114244343891259,0.01996914159225327,0.969252698855844,0,0,False,1e-12,100,10000,complete_repeat_5x6_vector,delete_one_complete_repeat_5x6_vector,809a3f2f1d77cce8aa4e86320f229cd025238ab79be8d1df66d61a601099ba7f
bdb2023_sack,game_equal_loss,20,linear_structure,boosted_structure,0.00520207144947344,0.0057894011334400745,-0.10697195311794469,0.8985508741872854,-0.1388050210502834,-0.08082571767286179,0.870397721147968,0.9223544275135465,0.95,BCa,-0.01353620604227841,-0.014839920427025912,0.020349806366693535,0.9698263568663621,0,0,False,1e-12,100,10000,complete_repeat_5x6_vector,delete_one_complete_repeat_5x6_vector,809a3f2f1d77cce8aa4e86320f229cd025238ab79be8d1df66d61a601099ba7f
bdb2023_sack,game_equal_loss,20,linear_structure,relnet,0.00520207144947344,0.005222317814983408,-0.0038844272703306673,0.9961231073582159,-0.040888226170066586,0.026987365798164655,0.9599364197217176,1.0273548228733056,0.95,BCa,0.0077706258524470675,-0.010442881637502557,0.02356948744471965,0.9735590920564694,0,0,False,1e-12,100,10000,complete_repeat_5x6_vector,delete_one_complete_repeat_5x6_vector,809a3f2f1d77cce8aa4e86320f229cd025238ab79be8d1df66d61a601099ba7f
bdb2023_sack,game_equal_loss,20,linear_structure,attn_relnet,0.00520207144947344,0.006385029666355863,-0.20489923379868225,0.814729409462936,-0.6748709712271947,0.004625163777216573,0.5092221206741744,1.0046358763566434,0.95,BCa,-0.10043372051146975,-0.15737671410583146,0.0008176782687759343,0.9095698833544308,0,0,False,1e-12,100,10000,complete_repeat_5x6_vector,delete_one_complete_repeat_5x6_vector,809a3f2f1d77cce8aa4e86320f229cd025238ab79be8d1df66d61a601099ba7f
bdb2023_sack,game_equal_loss,20,linear_structure,set_transformer,0.00520207144947344,0.007144178532095682,-0.3172409318240601,0.7281552982057768,-0.8163112851053121,-0.06495251853896848,0.44205928139029216,0.9371119577659707,0.95,BCa,-0.14894123912533572,-0.14655260395102054,0.0006843014185309304,0.9001195951512388,0,0,False,1e-12,100,10000,complete_repeat_5x6_vector,delete_one_complete_repeat_5x6_vector,809a3f2f1d77cce8aa4e86320f229cd025238ab79be8d1df66d61a601099ba7f
bdb2023_sack,game_equal_loss,20,boosted_structure,relnet,0.0057894011334400745,0.005222317814983408,0.10308752584761395,1.1085884349722344,0.07218397050827638,0.13259227149592157,1.0748530671407328,1.1417843653801552,0.95,BCa,0.005514610154793434,0.004694421107756489,0.026731281754112157,0.9766657923067634,0,0,False,1e-12,100,10000,complete_repeat_5x6_vector,delete_one_complete_repeat_5x6_vector,809a3f2f1d77cce8aa4e86320f229cd025238ab79be8d1df66d61a601099ba7f
bdb2023_sack,game_equal_loss,20,boosted_structure,attn_relnet,0.0057894011334400745,0.006385029666355863,-0.09792728068073754,0.9067148370422948,-0.5682727257471754,0.111192503198822,0.5665031003309329,1.1176100296536242,0.95,BCa,-0.08457408802851887,-0.15796756028292103,0.0009531963227757401,0.9134335705628206,0,0,False,1e-12,100,10000,complete_repeat_5x6_vector,delete_one_complete_repeat_5x6_vector,809a3f2f1d77cce8aa4e86320f229cd025238ab79be8d1df66d61a601099ba7f
bdb2023_sack,game_equal_loss,20,boosted_structure,set_transformer,0.0057894011334400745,0.007144178532095682,-0.2102689787061154,0.81036624538858,-0.7078053213239129,0.04081491479936492,0.49272438339430175,1.0416592919835115,0.95,BCa,-0.14843434105448977,-0.1473194697235227,0.000671149138247229,0.8999886774987929,0,0,False,1e-12,100,10000,complete_repeat_5x6_vector,delete_one_complete_repeat_5x6_vector,809a3f2f1d77cce8aa4e86320f229cd025238ab79be8d1df66d61a601099ba7f
bdb2023_sack,game_equal_loss,20,relnet,attn_relnet,0.005222317814983408,0.006385029666355863,-0.20101480652835144,0.817900321199909,-0.6744853788367419,0.0003647597145953889,0.509418510709775,1.0003648262475093,0.95,BCa,-0.08231025472694918,-0.16005319096293852,0.0009156223966164112,0.9133152320942828,0,0,False,1e-12,100,10000,complete_repeat_5x6_vector,delete_one_complete_repeat_5x6_vector,809a3f2f1d77cce8aa4e86320f229cd025238ab79be8d1df66d61a601099ba7f
bdb2023_sack,game_equal_loss,20,relnet,set_transformer,0.005222317814983408,0.007144178532095682,-0.31335650455372943,0.7309892651089007,-0.8016195341316996,-0.0636477253712957,0.44860184947589066,0.9383354931024943,0.95,BCa,-0.15451967387402107,-0.14755356704672346,0.0006235229855392488,0.8981590678982099,0,0,False,1e-12,100,10000,complete_repeat_5x6_vector,delete_one_complete_repeat_5x6_vector,809a3f2f1d77cce8aa4e86320f229cd025238ab79be8d1df66d61a601099ba7f
bdb2023_sack,game_equal_loss,20,attn_relnet,set_transformer,0.006385029666355863,0.007144178532095682,-0.11234169802537787,0.893738816530229,-0.5777958230803002,0.29263718347990386,0.5611338427261797,1.339956543857548,0.95,BCa,-0.06823319845380023,-0.008229648659450799,0.01655040550622039,0.9636331465061578,0,0,False,1e-12,100,10000,complete_repeat_5x6_vector,delete_one_complete_repeat_5x6_vector,809a3f2f1d77cce8aa4e86320f229cd025238ab79be8d1df66d61a601099ba7f
bdb2023_sack,game_equal_loss,30,linear_structure,boosted_structure,0.005264106195250233,0.0056624445274223705,-0.07294432659021467,0.9296525855144284,-0.10290527640754375,-0.05107955689866292,0.9022124302366178,0.9502030723157535,0.95,BCa,-0.02782716476390159,-0.02611676240655536,0.016815658651094745,0.9649678929845928,0,0,False,1e-12,100,10000,complete_repeat_5x6_vector,delete_one_complete_repeat_5x6_vector,809a3f2f1d77cce8aa4e86320f229cd025238ab79be8d1df66d61a601099ba7f
bdb2023_sack,game_equal_loss,30,linear_structure,relnet,0.005264106195250233,0.005153136306829033,0.02130584675646236,1.021534436858218,-0.023100477118382968,0.05966960155211339,0.9771642961878891,1.061485775348792,0.95,BCa,-0.024316690467047396,-0.014458279610241136,0.019357354208028144,0.9684604897887594,0,0,False,1e-12,100,10000,complete_repeat_5x6_vector,delete_one_complete_repeat_5x6_vector,809a3f2f1d77cce8aa4e86320f229cd025238ab79be8d1df66d61a601099ba7f
bdb2023_sack,game_equal_loss,30,linear_structure,attn_relnet,0.005264106195250233,0.0051543992920000635,0.021060786205326212,1.02128412973757,-0.02367067940612146,0.059893004111434084,0.9766072736935488,1.0617229404783497,0.95,BCa,-0.02707489287656524,-0.014043682939583385,0.019172179334459027,0.968182800431909,0,0,False,1e-12,100,10000,complete_repeat_5x6_vector,delete_one_complete_repeat_5x6_vector,809a3f2f1d77cce8aa4e86320f229cd025238ab79be8d1df66d61a601099ba7f
bdb2023_sack,game_equal_loss,30,linear_structure,set_transformer,0.005264106195250233,0.005236003000981065,0.005352946497937602,1.0053672991142102,-0.05337027883170444,0.0529680084949395,0.9480289124457316,1.0543959128676037,0.95,BCa,-0.037608287661255936,-0.008768049158257884,0.019189148104301168,0.968050406251753,0,0,False,1e-12,100,10000,complete_repeat_5x6_vector,delete_one_complete_repeat_5x6_vector,809a3f2f1d77cce8aa4e86320f229cd025238ab79be8d1df66d61a601099ba7f
bdb2023_sack,game_equal_loss,30,boosted_structure,relnet,0.0056624445274223705,0.005153136306829033,0.09425017334667687,1.0988346106658178,0.052308325427831745,0.13422509509664338,1.0537005751143447,1.1436502207306605,0.95,BCa,-0.012533469508069278,-0.011880399322519233,0.021058422922873188,0.970678459815767,0,0,False,1e-12,100,10000,complete_repeat_5x6_vector,delete_one_complete_repeat_5x6_vector,809a3f2f1d77cce8aa4e86320f229cd025238ab79be8d1df66d61a601099ba7f
bdb2023_sack,game_equal_loss,30,boosted_structure,attn_relnet,0.0056624445274223705,0.0051543992920000635,0.09400511279554087,1.0985653626429026,0.05185338664081961,0.134081644509479,1.0532213148781295,1.143486175201481,0.95,BCa,-0.010026681100274767,-0.012059407323740348,0.02128231027729166,0.9709611603478825,0,0,False,1e-12,100,10000,complete_repeat_5x6_vector,delete_one_complete_repeat_5x6_vector,809a3f2f1d77cce8aa4e86320f229cd025238ab79be8d1df66d61a601099ba7f
bdb2023_sack,game_equal_loss,30,boosted_structure,set_transformer,0.0056624445274223705,0.005236003000981065,0.0782972730881522,1.0814440951163327,0.017208490254395196,0.12026180534825125,1.0173574093205167,1.1277920749290953,0.95,BCa,-0.06270677794321383,-0.028491216524281385,0.013584926317815937,0.9588287636831272,0,0,False,1e-12,100,10000,complete_repeat_5x6_vector,delete_one_complete_repeat_5x6_vector,809a3f2f1d77cce8aa4e86320f229cd025238ab79be8d1df66d61a601099ba7f
bdb2023_sack,game_equal_loss,30,relnet,attn_relnet,0.005153136306829033,0.0051543992920000635,-0.00024506055113597254,0.9997549694737482,-0.002832542418629489,0.002069436810019819,0.9971714654446066,1.002071579572224,0.95,BCa,-0.017045897714989152,-0.0025008585457751975,0.022541505119878125,0.9723478132094632,0,0,False,1e-12,100,10000,complete_repeat_5x6_vector,delete_one_complete_repeat_5x6_vector,809a3f2f1d77cce8aa4e86320f229cd025238ab79be8d1df66d61a601099ba7f
bdb2023_sack,game_equal_loss,30,relnet,set_transformer,0.005153136306829033,0.005236003000981065,-0.015952900258524753,0.9841736732892425,-0.07286021739949221,0.023214461471874552,0.9297307811294879,1.0234860143290099,0.95,BCa,-0.05467171978078667,-0.028332220729007304,0.014216415988971165,0.9602022801440332,0,0,False,1e-12,100,10000,complete_repeat_5x6_vector,delete_one_complete_repeat_5x6_vector,809a3f2f1d77cce8aa4e86320f229cd025238ab79be8d1df66d61a601099ba7f
bdb2023_sack,game_equal_loss,30,attn_relnet,set_transformer,0.0051543992920000635,0.005236003000981065,-0.015707839707388753,0.9844148849865609,-0.07260097428196502,0.02330727717828561,0.9299718386805544,1.023581014315109,0.95,BCa,-0.058437682185846274,-0.028589759545551915,0.013887661311317134,0.9595113798502717,0,0,False,1e-12,100,10000,complete_repeat_5x6_vector,delete_one_complete_repeat_5x6_vector,809a3f2f1d77cce8aa4e86320f229cd025238ab79be8d1df66d61a601099ba7f
bdb2023_sack,game_equal_loss,40,linear_structure,boosted_structure,0.005295780104064437,0.005532890586700147,-0.0438000924044686,0.9571452789603915,-0.06778574957100983,-0.021142973019060443,0.9344606607287917,0.9790789726855434,0.95,BCa,-0.013786892263084284,0.004746645168118793,0.02446403527943586,0.9744438813200815,0,0,False,1e-12,100,10000,complete_repeat_5x6_vector,delete_one_complete_repeat_5x6_vector,809a3f2f1d77cce8aa4e86320f229cd025238ab79be8d1df66d61a601099ba7f
bdb2023_sack,game_equal_loss,40,linear_structure,relnet,0.005295780104064437,0.00522127157615613,0.014169327442411603,1.014270188175724,-0.03644380403312659,0.04870231886329909,0.9642122772150571,1.0499077664797607,0.95,BCa,-0.04664018984972238,-0.04726069193876637,0.01180322656532734,0.9561835520199797,0,0,False,1e-12,100,10000,complete_repeat_5x6_vector,delete_one_complete_repeat_5x6_vector,809a3f2f1d77cce8aa4e86320f229cd025238ab79be8d1df66d61a601099ba7f
bdb2023_sack,game_equal_loss,40,linear_structure,attn_relnet,0.005295780104064437,0.0052548412020085285,0.007760511221471808,1.0077907020368684,-0.04349311815699492,0.03901250216373028,0.9574391430141641,1.0397834831122468,0.95,BCa,-0.0599442962483335,-0.05892100676796619,0.009318121910658284,0.9504038158059689,0,0,False,1e-12,100,10000,complete_repeat_5x6_vector,delete_one_complete_repeat_5x6_vector,809a3f2f1d77cce8aa4e86320f229cd025238ab79be8d1df66d61a601099ba7f
bdb2023_sack,game_equal_loss,40,linear_structure,set_transformer,0.005295780104064437,0.005229194503529888,0.012653045042886073,1.0127334335124847,-0.03364519313114199,0.06175098423784176,0.9669145116936259,1.0636974343186563,0.95,BCa,0.011530745575864969,0.038665898784638685,0.03589908823399057,0.9840520742510913,0,0,False,1e-12,100,10000,complete_repeat_5x6_vector,delete_one_complete_repeat_5x6_vector,809a3f2f1d77cce8aa4e86320f229cd025238ab79be8d1df66d61a601099ba7f
bdb2023_sack,game_equal_loss,40,boosted_structure,relnet,0.005532890586700147,0.00522127157615613,0.057969419846880255,1.0596825899589444,0.005826653877952462,0.09105384262476195,1.0058436618427884,1.0953279790041652,0.95,BCa,-0.060697654093910605,-0.06343211448950835,0.008693153465261783,0.9489081237623433,0,0,False,1e-12,100,10000,complete_repeat_5x6_vector,delete_one_complete_repeat_5x6_vector,809a3f2f1d77cce8aa4e86320f229cd025238ab79be8d1df66d61a601099ba7f
bdb2023_sack,game_equal_loss,40,boosted_structure,attn_relnet,0.005532890586700147,0.0052548412020085285,0.05156060362594036,1.052912994703882,-0.001871844552223184,0.08311677430931255,0.9981299062562066,1.0866686961259309,0.95,BCa,-0.06898695897232804,-0.06879876903048734,0.007609900414579429,0.9456760912861899,0,0,False,1e-12,100,10000,complete_repeat_5x6_vector,delete_one_complete_repeat_5x6_vector,809a3f2f1d77cce8aa4e86320f229cd025238ab79be8d1df66d61a601099ba7f
bdb2023_sack,game_equal_loss,40,boosted_structure,set_transformer,0.005532890586700147,0.005229194503529888,0.056453137447354564,1.0580770294478916,0.012786198900962732,0.10647219856437475,1.012868291854615,1.112347001172257,0.95,BCa,0.023815219609409344,0.040879147868429375,0.03833606547611418,0.9854698270114485,0,0,False,1e-12,100,10000,complete_repeat_5x6_vector,delete_one_complete_repeat_5x6_vector,809a3f2f1d77cce8aa4e86320f229cd025238ab79be8d1df66d61a601099ba7f
bdb2023_sack,game_equal_loss,40,relnet,attn_relnet,0.00522127157615613,0.0052548412020085285,-0.00640881622093968,0.9936116764404666,-0.027660870359540086,-0.001047972806439587,0.9727181884414537,0.99895257612529,0.95,BCa,-0.1365329222942297,-0.12626074636256696,0.001405121672376053,0.9107934022124672,0,0,False,1e-12,100,10000,complete_repeat_5x6_vector,delete_one_complete_repeat_5x6_vector,809a3f2f1d77cce8aa4e86320f229cd025238ab79be8d1df66d61a601099ba7f
bdb2023_sack,game_equal_loss,40,relnet,set_transformer,0.00522127157615613,0.005229194503529888,-0.0015162823995254616,0.998484866575835,-0.046773564754495615,0.045110184709326845,0.954303461065747,1.0461431225343816,0.95,BCa,0.021307952628745325,0.03417627009372733,0.036177175360151415,0.9840826729850094,0,0,False,1e-12,100,10000,complete_repeat_5x6_vector,delete_one_complete_repeat_5x6_vector,809a3f2f1d77cce8aa4e86320f229cd025238ab79be8d1df66d61a601099ba7f
bdb2023_sack,game_equal_loss,40,attn_relnet,set_transformer,0.0052548412020085285,0.005229194503529888,0.004892533821414196,1.00490452180758,-0.03804484018449414,0.0502902954076167,0.9626697736331362,1.0515763198478048,0.95,BCa,0.02406595428173628,0.03771122703494071,0.03752836656923719,0.9849414290701114,0,0,False,1e-12,100,10000,complete_repeat_5x6_vector,delete_one_complete_repeat_5x6_vector,809a3f2f1d77cce8aa4e86320f229cd025238ab79be8d1df66d61a601099ba7f
bdb2023_sack,game_equal_loss,50,linear_structure,boosted_structure,0.005206755905818635,0.005474961932074794,-0.05022832763435334,0.9510122573300671,-0.07744040214271782,-0.02342175277338077,0.9254821795079088,0.9768504075136856,0.95,BCa,-0.006015944146675403,-0.02397203747278081,0.01926214866784204,0.9685928792901568,0,0,False,1e-12,100,10000,complete_repeat_5x6_vector,delete_one_complete_repeat_5x6_vector,809a3f2f1d77cce8aa4e86320f229cd025238ab79be8d1df66d61a601099ba7f
bdb2023_sack,game_equal_loss,50,linear_structure,relnet,0.005206755905818635,0.005099409141487196,0.02083231659007621,1.0210508239980391,-0.00945198795486761,0.060320615684845105,0.990592541675002,1.0621770425781913,0.95,BCa,0.022561568390224718,0.008645769521836016,0.029855378993919213,0.9793079557296309,0,0,False,1e-12,100,10000,complete_repeat_5x6_vector,delete_one_complete_repeat_5x6_vector,809a3f2f1d77cce8aa4e86320f229cd025238ab79be8d1df66d61a601099ba7f
bdb2023_sack,game_equal_loss,50,linear_structure,attn_relnet,0.005206755905818635,0.005104424085842745,0.01984936348850997,1.0200476720301728,-0.011079032166357477,0.05883836806843758,0.988982114287674,1.0606037994446118,0.95,BCa,0.017296597500018798,0.00675806524750372,0.02870365901890204,0.9783775060985476,0,0,False,1e-12,100,10000,complete_repeat_5x6_vector,delete_one_complete_repeat_5x6_vector,809a3f2f1d77cce8aa4e86320f229cd025238ab79be8d1df66d61a601099ba7f
bdb2023_sack,game_equal_loss,50,linear_structure,set_transformer,0.005206755905818635,0.00508348382561232,0.023960176012759182,1.0242495273782968,-0.004678022431476988,0.05845074016106161,0.9953329024731691,1.0601927594837046,0.95,BCa,0.032591936696663076,0.028736267484729284,0.03643582469014334,0.9840702241478296,0,0,False,1e-12,100,10000,complete_repeat_5x6_vector,delete_one_complete_repeat_5x6_vector,809a3f2f1d77cce8aa4e86320f229cd025238ab79be8d1df66d61a601099ba7f
bdb2023_sack,game_equal_loss,50,boosted_structure,relnet,0.005474961932074794,0.005099409141487196,0.07106064422442959,1.0736463343433689,0.03782459292289789,0.10078927691322294,1.0385490480477653,1.1060435482945918,0.95,BCa,-0.01804870344078816,-0.014942720755355021,0.01987651811039659,0.9691959705308104,0,0,False,1e-12,100,10000,complete_repeat_5x6_vector,delete_one_complete_repeat_5x6_vector,809a3f2f1d77cce8aa4e86320f229cd025238ab79be8d1df66d61a601099ba7f
bdb2023_sack,game_equal_loss,50,boosted_structure,attn_relnet,0.005474961932074794,0.005104424085842745,0.07007769112286343,1.0725915088559639,0.03613755220414308,0.09983739688242627,1.036798450595076,1.1049912284483594,0.95,BCa,-0.0215586730390873,-0.01610287756883813,0.019301582027364983,0.9684277659820346,0,0,False,1e-12,100,10000,complete_repeat_5x6_vector,delete_one_complete_repeat_5x6_vector,809a3f2f1d77cce8aa4e86320f229cd025238ab79be8d1df66d61a601099ba7f
bdb2023_sack,game_equal_loss,50,boosted_structure,set_transformer,0.005474961932074794,0.00508348382561232,0.07418850364711266,1.0770098066389184,0.03771757527838521,0.11466826007935653,1.0384379109218551,1.1215013290918177,0.95,BCa,0.030836414058675342,0.03364515394152152,0.037479819723695795,0.9847891082127641,0,0,False,1e-12,100,10000,complete_repeat_5x6_vector,delete_one_complete_repeat_5x6_vector,809a3f2f1d77cce8aa4e86320f229cd025238ab79be8d1df66d61a601099ba7f
bdb2023_sack,game_equal_loss,50,relnet,attn_relnet,0.005099409141487196,0.005104424085842745,-0.0009829531015661998,0.9990175298385849,-0.002972678013111785,-1.241884608847417e-05,0.9970317360192574,0.999987581231025,0.95,BCa,-0.07552123838642474,-0.05721504422692044,0.008672632488249177,0.9479738890912339,0,0,False,1e-12,100,10000,complete_repeat_5x6_vector,delete_one_complete_repeat_5x6_vector,809a3f2f1d77cce8aa4e86320f229cd025238ab79be8d1df66d61a601099ba7f
bdb2023_sack,game_equal_loss,50,relnet,set_transformer,0.005099409141487196,0.00508348382561232,0.0031278594226830637,1.0031327562791956,-0.032811325585281756,0.03731923538508744,0.9677211265827985,1.0380243420511805,0.95,BCa,0.011530745575864969,0.022374331304942673,0.0317617808069115,0.9809604806763644,0,0,False,1e-12,100,10000,complete_repeat_5x6_vector,delete_one_complete_repeat_5x6_vector,809a3f2f1d77cce8aa4e86320f229cd025238ab79be8d1df66d61a601099ba7f
bdb2023_sack,game_equal_loss,50,attn_relnet,set_transformer,0.005104424085842745,0.00508348382561232,0.004110812524249328,1.004119273503915,-0.031186672535129936,0.038881421877236914,0.9692946155034832,1.0396471969278007,0.95,BCa,0.018299407668827674,0.02299984108166465,0.03285761664353959,0.9817298694942806,0,0,False,1e-12,100,10000,complete_repeat_5x6_vector,delete_one_complete_repeat_5x6_vector,809a3f2f1d77cce8aa4e86320f229cd025238ab79be8d1df66d61a601099ba7f
bdb2023_sack,game_equal_loss,60,linear_structure,boosted_structure,0.005147950429671688,0.005384929584005969,-0.04500557355922758,0.9559921535393623,-0.06917127512667173,-0.022176765651004876,0.9331668381217119,0.9780673310614154,0.95,BCa,-0.019302236240380063,-0.010086987114421346,0.02073054488008713,0.9702242480009163,0,0,False,1e-12,100,10000,complete_repeat_5x6_vector,delete_one_complete_repeat_5x6_vector,809a3f2f1d77cce8aa4e86320f229cd025238ab79be8d1df66d61a601099ba7f
bdb2023_sack,game_equal_loss,60,linear_structure,relnet,0.005147950429671688,0.005114236565263734,0.0065705264804160795,1.006592159744221,-0.0169519590567517,0.03002010160270649,0.9831909169194007,1.030475247949357,0.95,BCa,-0.014288267319718379,-0.0039042474081206605,0.022541661707897453,0.972363164009407,0,0,False,1e-12,100,10000,complete_repeat_5x6_vector,delete_one_complete_repeat_5x6_vector,809a3f2f1d77cce8aa4e86320f229cd025238ab79be8d1df66d61a601099ba7f
bdb2023_sack,game_equal_loss,60,linear_structure,attn_relnet,0.005147950429671688,0.0051173346384961165,0.005964935556917186,1.0059827612103494,-0.01783837778228924,0.029271790761447095,0.9823197842310688,1.02970442059487,0.95,BCa,-0.019302236240380063,-0.004266632884151213,0.021930051723712263,0.9716374210681332,0,0,False,1e-12,100,10000,complete_repeat_5x6_vector,delete_one_complete_repeat_5x6_vector,809a3f2f1d77cce8aa4e86320f229cd025238ab79be8d1df66d61a601099ba7f
bdb2023_sack,game_equal_loss,60,linear_structure,set_transformer,0.005147950429671688,0.005045530890179561,0.020095781415137078,1.0202990610346818,-0.010058249388646499,0.05411966138156326,0.9899921656312052,1.055610910457755,0.95,BCa,0.008271967640830167,0.0196948486038068,0.030660258073215485,0.9801030391159062,0,0,False,1e-12,100,10000,complete_repeat_5x6_vector,delete_one_complete_repeat_5x6_vector,809a3f2f1d77cce8aa4e86320f229cd025238ab79be8d1df66d61a601099ba7f
bdb2023_sack,game_equal_loss,60,boosted_structure,relnet,0.005384929584005969,0.005114236565263734,0.05157610003964385,1.052929311205665,0.024039719344364798,0.07662121005114418,1.0243310028384718,1.0796330447831433,0.95,BCa,0.0010026514778481883,-0.008412767582668762,0.023252325375535288,0.9732054974174804,0,0,False,1e-12,100,10000,complete_repeat_5x6_vector,delete_one_complete_repeat_5x6_vector,809a3f2f1d77cce8aa4e86320f229cd025238ab79be8d1df66d61a601099ba7f
bdb2023_sack,game_equal_loss,60,boosted_structure,attn_relnet,0.005384929584005969,0.0051173346384961165,0.050970509116144744,1.0522918598085844,0.02324323461523643,0.07634452920514537,1.023515463662502,1.0793343723193247,0.95,BCa,0.004511946203065806,-0.008329783232988292,0.02366591215970998,0.9736492883075724,0,0,False,1e-12,100,10000,complete_repeat_5x6_vector,delete_one_complete_repeat_5x6_vector,809a3f2f1d77cce8aa4e86320f229cd025238ab79be8d1df66d61a601099ba7f
bdb2023_sack,game_equal_loss,60,boosted_structure,set_transformer,0.005384929584005969,0.005045530890179561,0.06510135497436476,1.0672671917413095,0.030021049651268734,0.10417670052062765,1.0304762248903974,1.1097965392172437,0.95,BCa,0.01654450134317476,0.025862794578517496,0.033336719739794796,0.9821149483798177,0,0,False,1e-12,100,10000,complete_repeat_5x6_vector,delete_one_complete_repeat_5x6_vector,809a3f2f1d77cce8aa4e86320f229cd025238ab79be8d1df66d61a601099ba7f
bdb2023_sack,game_equal_loss,60,relnet,attn_relnet,0.005114236565263734,0.0051173346384961165,-0.0006055909234989332,0.9993945924096742,-0.003407567882013062,0.000308680965625202,0.9965982312885298,1.000308728612497,0.95,BCa,-0.13805114071318356,-0.0837743211952841,0.003643409040934409,0.9254343487010235,0,0,False,1e-12,100,10000,complete_repeat_5x6_vector,delete_one_complete_repeat_5x6_vector,809a3f2f1d77cce8aa4e86320f229cd025238ab79be8d1df66d61a601099ba7f
bdb2023_sack,game_equal_loss,60,relnet,set_transformer,0.005114236565263734,0.005045530890179561,0.013525254934721067,1.013617134961536,-0.015633317574647917,0.04737246673017489,0.9844882484168577,1.0485124723699804,0.95,BCa,0.012784152420787679,0.02578161356392864,0.03278754949539764,0.9817469046971883,0,0,False,1e-12,100,10000,complete_repeat_5x6_vector,delete_one_complete_repeat_5x6_vector,809a3f2f1d77cce8aa4e86320f229cd025238ab79be8d1df66d61a601099ba7f
bdb2023_sack,game_equal_loss,60,attn_relnet,set_transformer,0.0051173346384961165,0.005045530890179561,0.014130845858219996,1.014231158203057,-0.015113677316795221,0.04749202852999212,0.984999961085855,1.0486378419028617,0.95,BCa,0.010026681100274767,0.024530234687440446,0.032092107955354776,0.981239518966742,0,0,False,1e-12,100,10000,complete_repeat_5x6_vector,delete_one_complete_repeat_5x6_vector,809a3f2f1d77cce8aa4e86320f229cd025238ab79be8d1df66d61a601099ba7f
bdb2023_sack,skill,10,linear_structure,boosted_structure,0.013649954212608461,0.012736034426316972,0.06930083506793998,1.0717585832214005,-0.23429946774516602,0.42252405869693344,0.7911248640384572,1.5258079281124015,0.95,BCa,0.03560164077923748,0.046362261431852715,0.04171373291707825,0.9872787779887151,0,0,False,1e-12,100,10000,complete_repeat_5x6_vector,delete_one_complete_repeat_5x6_vector,809a3f2f1d77cce8aa4e86320f229cd025238ab79be8d1df66d61a601099ba7f
bdb2023_sack,skill,10,linear_structure,relnet,0.013649954212608461,0.02262857663542971,-0.5054773931883618,0.6032175347359957,-0.9466067469776811,-0.0038736853824526906,0.38805556262187596,0.9961338076584184,0.95,BCa,-0.012032106029748956,-0.016947136852704887,0.02007461372479835,0.9695106513844959,0,0,False,1e-12,100,10000,complete_repeat_5x6_vector,delete_one_complete_repeat_5x6_vector,809a3f2f1d77cce8aa4e86320f229cd025238ab79be8d1df66d61a601099ba7f
bdb2023_sack,skill,10,linear_structure,attn_relnet,0.013649954212608461,0.023098703897037925,-0.5260403403625945,0.5909402654561441,-0.9580892410004741,-0.028813843687981795,0.3836252014191991,0.9715973166059251,0.95,BCa,-0.006767948008927392,-0.013418551903400418,0.021340913539897644,0.9710559305311152,0,0,False,1e-12,100,10000,complete_repeat_5x6_vector,delete_one_complete_repeat_5x6_vector,809a3f2f1d77cce8aa4e86320f229cd025238ab79be8d1df66d61a601099ba7f
bdb2023_sack,skill,10,linear_structure,set_transformer,0.013649954212608461,0.044106153296843364,-1.1728631360223016,0.3094795894065278,-1.601730189982021,-0.719153782315348,0.201547500682012,0.4871643286540199,0.95,BCa,-0.026071887453559334,-0.027694824867855808,0.016680831754589787,0.9648139958939814,0,0,False,1e-12,100,10000,complete_repeat_5x6_vector,delete_one_complete_repeat_5x6_vector,809a3f2f1d77cce8aa4e86320f229cd025238ab79be8d1df66d61a601099ba7f
bdb2023_sack,skill,10,boosted_structure,relnet,0.012736034426316972,0.02262857663542971,-0.574778228256302,0.5628296746855955,-0.9735851735426767,-0.1403275207538735,0.3777263929819439,0.8690735491570329,0.95,BCa,-0.031588768951337824,-0.048251129455044985,0.012713120129327848,0.9584194725019539,0,0,False,1e-12,100,10000,complete_repeat_5x6_vector,delete_one_complete_repeat_5x6_vector,809a3f2f1d77cce8aa4e86320f229cd025238ab79be8d1df66d61a601099ba7f
bdb2023_sack,skill,10,boosted_structure,attn_relnet,0.012736034426316972,0.023098703897037925,-0.5953411754305346,0.55137441836943,-0.9839185302545825,-0.1631202333403406,0.37384330862402104,0.8494890453687061,0.95,BCa,-0.02732564844887671,-0.04484626774730029,0.013585350314476718,0.9600414937673868,0,0,False,1e-12,100,10000,complete_repeat_5x6_vector,delete_one_complete_repeat_5x6_vector,809a3f2f1d77cce8aa4e86320f229cd025238ab79be8d1df66d61a601099ba7f
bdb2023_sack,skill,10,boosted_structure,set_transformer,0.012736034426316972,0.044106153296843364,-1.2421639710902415,0.28875867592897697,-1.614840952984506,-0.8948422314530031,0.19892230592406074,0.40867206915355375,0.95,BCa,-0.060948781010145364,-0.07721401360443629,0.0070341132263314066,0.9446686148842919,0,0,False,1e-12,100,10000,complete_repeat_5x6_vector,delete_one_complete_repeat_5x6_vector,809a3f2f1d77cce8aa4e86320f229cd025238ab79be8d1df66d61a601099ba7f
bdb2023_sack,skill,10,relnet,attn_relnet,0.02262857663542971,0.023098703897037925,-0.020562947174232613,0.9796470285214357,-0.047925931994421536,-0.001645148124277747,0.9532043864107067,0.9983562043901005,0.95,BCa,-0.006517279650583851,0.022994188848614525,0.029517963398761282,0.97926504712516,0,0,False,1e-12,100,10000,complete_repeat_5x6_vector,delete_one_complete_repeat_5x6_vector,809a3f2f1d77cce8aa4e86320f229cd025238ab79be8d1df66d61a601099ba7f
bdb2023_sack,skill,10,relnet,set_transformer,0.02262857663542971,0.044106153296843364,-0.6673857428339397,0.5130480657230476,-1.1242863388791693,-0.12989661744307454,0.32488424189648635,0.8781862153641176,0.95,BCa,0.015541720951108279,0.013088999217152847,0.03001166853532039,0.9794977620336618,0,0,False,1e-12,100,10000,complete_repeat_5x6_vector,delete_one_complete_repeat_5x6_vector,809a3f2f1d77cce8aa4e86320f229cd025238ab79be8d1df66d61a601099ba7f
bdb2023_sack,skill,10,attn_relnet,set_transformer,0.023098703897037925,0.044106153296843364,-0.646822795659707,0.5237070605903661,-1.0963017542092552,-0.11820743176724303,0.3341044019335367,0.888511727939939,0.95,BCa,0.014037579350310981,0.009814451987312003,0.029018285296580015,0.9786707626087469,0,0,False,1e-12,100,10000,complete_repeat_5x6_vector,delete_one_complete_repeat_5x6_vector,809a3f2f1d77cce8aa4e86320f229cd025238ab79be8d1df66d61a601099ba7f
bdb2023_sack,skill,20,linear_structure,boosted_structure,0.009498387676171066,0.011551670890783561,-0.19570802646847893,0.8222522755343821,-0.5703156829874451,0.3151061979892258,0.5653469401155378,1.3704048374677127,0.95,BCa,0.10018179346565421,0.09791484762959979,0.07036142926028915,0.9963288749587456,0,0,False,1e-12,100,10000,complete_repeat_5x6_vector,delete_one_complete_repeat_5x6_vector,809a3f2f1d77cce8aa4e86320f229cd025238ab79be8d1df66d61a601099ba7f
bdb2023_sack,skill,20,linear_structure,relnet,0.009498387676171066,0.016433673155394513,-0.5482104050890505,0.577983241260529,-0.9931693754963712,0.06434399179984689,0.37040088922543724,1.0664591888873391,0.95,BCa,0.057433346709609645,0.06996226080872245,0.05244366245138998,0.9919438654709025,0,0,False,1e-12,100,10000,complete_repeat_5x6_vector,delete_one_complete_repeat_5x6_vector,809a3f2f1d77cce8aa4e86320f229cd025238ab79be8d1df66d61a601099ba7f
bdb2023_sack,skill,20,linear_structure,attn_relnet,0.009498387676171066,0.060246268219454634,-1.847318566281265,0.1576593531332429,-2.8955977043941217,-0.3595585270603905,0.0552659825002373,0.6979843992875883,0.95,BCa,-0.07677819172498321,-0.15413376576628818,0.0011615060116043074,0.9166305724989434,0,0,False,1e-12,100,10000,complete_repeat_5x6_vector,delete_one_complete_repeat_5x6_vector,809a3f2f1d77cce8aa4e86320f229cd025238ab79be8d1df66d61a601099ba7f
bdb2023_sack,skill,20,linear_structure,set_transformer,0.009498387676171066,0.08956481478741972,-2.2438404848475257,0.10605043619768877,-3.0813753355195903,-1.1612077633755404,0.0458960906980656,0.31310779230252767,0.95,BCa,-0.06747947670031154,-0.09083781889504368,0.0053460360423679965,0.9391158129686942,0,0,False,1e-12,100,10000,complete_repeat_5x6_vector,delete_one_complete_repeat_5x6_vector,809a3f2f1d77cce8aa4e86320f229cd025238ab79be8d1df66d61a601099ba7f
bdb2023_sack,skill,20,boosted_structure,relnet,0.011551670890783561,0.016433673155394513,-0.3525023786205716,0.7029268978123502,-0.6941607153774928,0.03465173370351617,0.4994934893176918,1.0352591001566371,0.95,BCa,-0.003759951271145935,-0.02333028838106539,0.0196148160103517,0.9690535352360328,0,0,False,1e-12,100,10000,complete_repeat_5x6_vector,delete_one_complete_repeat_5x6_vector,809a3f2f1d77cce8aa4e86320f229cd025238ab79be8d1df66d61a601099ba7f
bdb2023_sack,skill,20,boosted_structure,attn_relnet,0.011551670890783561,0.060246268219454634,-1.651610539812786,0.19174085353644052,-2.526854112374496,-0.18415989696256832,0.07991001320283274,0.8318027904530886,0.95,BCa,-0.06722824465557493,-0.16193135527640182,0.0010174944140553532,0.916435250049873,0,0,False,1e-12,100,10000,complete_repeat_5x6_vector,delete_one_complete_repeat_5x6_vector,809a3f2f1d77cce8aa4e86320f229cd025238ab79be8d1df66d61a601099ba7f
bdb2023_sack,skill,20,boosted_structure,set_transformer,0.011551670890783561,0.08956481478741972,-2.048132458379047,0.1289755460132555,-2.7696507745216694,-1.0666191101816436,0.06268389173225723,0.3441701539990017,0.95,BCa,-0.11758057130057166,-0.13485173488767863,0.001333580223867481,0.9127931796576565,0,0,False,1e-12,100,10000,complete_repeat_5x6_vector,delete_one_complete_repeat_5x6_vector,809a3f2f1d77cce8aa4e86320f229cd025238ab79be8d1df66d61a601099ba7f
bdb2023_sack,skill,20,relnet,attn_relnet,0.016433673155394513,0.060246268219454634,-1.2991081611922146,0.2727749558783091,-2.3209072639409807,0.03082007584542446,0.09818446595742594,1.031299931424264,0.95,BCa,-0.09187167039099564,-0.16033705860048278,0.0008172415217853057,0.9107920163212314,0,0,False,1e-12,100,10000,complete_repeat_5x6_vector,delete_one_complete_repeat_5x6_vector,809a3f2f1d77cce8aa4e86320f229cd025238ab79be8d1df66d61a601099ba7f
bdb2023_sack,skill,20,relnet,set_transformer,0.016433673155394513,0.08956481478741972,-1.6956300797584754,0.18348358330667577,-2.2104312743590744,-0.7457456076705602,0.10965334763919354,0.47438046633131775,0.95,BCa,-0.08205874394284157,-0.1147173760177791,0.002990928857549535,0.9282659754009089,0,0,False,1e-12,100,10000,complete_repeat_5x6_vector,delete_one_complete_repeat_5x6_vector,809a3f2f1d77cce8aa4e86320f229cd025238ab79be8d1df66d61a601099ba7f
bdb2023_sack,skill,20,attn_relnet,set_transformer,0.060246268219454634,0.08956481478741972,-0.3965219185662607,0.6726555328947862,-1.8739030109908754,1.364632823911693,0.15352328786432656,3.914285556042817,0.95,BCa,0.0782866960453261,0.1273107333341094,0.07497099003706903,0.9976783179436874,0,0,False,1e-12,100,10000,complete_repeat_5x6_vector,delete_one_complete_repeat_5x6_vector,809a3f2f1d77cce8aa4e86320f229cd025238ab79be8d1df66d61a601099ba7f
bdb2023_sack,skill,30,linear_structure,boosted_structure,0.008708301223887634,0.010061046976572736,-0.1443944980733253,0.8655462243805255,-0.5003139042911932,0.3215532150382894,0.6063402970152063,1.3792684018940398,0.95,BCa,0.12414559219253689,0.13208092558515316,0.08796360725466545,0.998649458745092,0,0,False,1e-12,100,10000,complete_repeat_5x6_vector,delete_one_complete_repeat_5x6_vector,809a3f2f1d77cce8aa4e86320f229cd025238ab79be8d1df66d61a601099ba7f
bdb2023_sack,skill,30,linear_structure,relnet,0.008708301223887634,0.01644026922780993,-0.6354570314804155,0.5296933464542599,-1.3801922190348404,-0.028354275481229877,0.25153019952048505,0.9720439344602252,0.95,BCa,-0.029582527813948944,-0.054893455908640344,0.011816202938853548,0.956904722830102,0,0,False,1e-12,100,10000,complete_repeat_5x6_vector,delete_one_complete_repeat_5x6_vector,809a3f2f1d77cce8aa4e86320f229cd025238ab79be8d1df66d61a601099ba7f
bdb2023_sack,skill,30,linear_structure,attn_relnet,0.008708301223887634,0.01661024317503655,-0.6457428293961858,0.5242729520646209,-1.3650131028199253,-0.04482667145324908,0.2553773298029901,0.9561631978485667,0.95,BCa,-0.018299407668827674,-0.04799702895314126,0.013758413736723596,0.96061258475438,0,0,False,1e-12,100,10000,complete_repeat_5x6_vector,delete_one_complete_repeat_5x6_vector,809a3f2f1d77cce8aa4e86320f229cd025238ab79be8d1df66d61a601099ba7f
bdb2023_sack,skill,30,linear_structure,set_transformer,0.008708301223887634,0.018289980757381013,-0.7420766759170851,0.47612413262782444,-1.2195210369768035,-0.15429956748408666,0.29537160512643357,0.8570152486511904,0.95,BCa,0.056680133174162886,0.06731772470548064,0.05150409107989523,0.9915781004264514,0,0,False,1e-12,100,10000,complete_repeat_5x6_vector,delete_one_complete_repeat_5x6_vector,809a3f2f1d77cce8aa4e86320f229cd025238ab79be8d1df66d61a601099ba7f
bdb2023_sack,skill,30,boosted_structure,relnet,0.010061046976572736,0.01644026922780993,-0.49106253340709033,0.6119758038727086,-1.1096543846132776,-0.047953216924707685,0.3296728814081449,0.9531783786502865,0.95,BCa,-0.10043372051146975,-0.15026732874631665,0.0010183340750464231,0.9119682438474581,0,0,False,1e-12,100,10000,complete_repeat_5x6_vector,delete_one_complete_repeat_5x6_vector,809a3f2f1d77cce8aa4e86320f229cd025238ab79be8d1df66d61a601099ba7f
bdb2023_sack,skill,30,boosted_structure,attn_relnet,0.010061046976572736,0.01661024317503655,-0.5013483313228605,0.6057134065137247,-1.1080334758246302,-0.07537612632828279,0.33020768439533643,0.9273946031936312,0.95,BCa,-0.09791473421149931,-0.14877692020327218,0.001092496924202102,0.9131158190954747,0,0,False,1e-12,100,10000,complete_repeat_5x6_vector,delete_one_complete_repeat_5x6_vector,809a3f2f1d77cce8aa4e86320f229cd025238ab79be8d1df66d61a601099ba7f
bdb2023_sack,skill,30,boosted_structure,set_transformer,0.010061046976572736,0.018289980757381013,-0.5976821778437598,0.5500851591936504,-0.9655058745236412,-0.268109919710805,0.38079051878495584,0.7648237072815424,0.95,BCa,-0.06346026421356812,-0.07160476434279842,0.007555139533299893,0.9458952387590698,0,0,False,1e-12,100,10000,complete_repeat_5x6_vector,delete_one_complete_repeat_5x6_vector,809a3f2f1d77cce8aa4e86320f229cd025238ab79be8d1df66d61a601099ba7f
bdb2023_sack,skill,30,relnet,attn_relnet,0.01644026922780993,0.01661024317503655,-0.010285797915770202,0.9897669200001795,-0.04092969297668727,0.004329654387268171,0.9598966150491249,1.004339040882696,0.95,BCa,0.03510000177270884,0.11996520890599946,0.06317380577149939,0.9960685450779163,0,0,False,1e-12,100,10000,complete_repeat_5x6_vector,delete_one_complete_repeat_5x6_vector,809a3f2f1d77cce8aa4e86320f229cd025238ab79be8d1df66d61a601099ba7f
bdb2023_sack,skill,30,relnet,set_transformer,0.01644026922780993,0.018289980757381013,-0.10661964443666963,0.8988674972320776,-0.623849311140469,0.6850871763947946,0.5358777023834589,1.9839447811521551,0.95,BCa,0.08809647252220673,0.10845225204798825,0.07106671903366274,0.9967453690053867,0,0,False,1e-12,100,10000,complete_repeat_5x6_vector,delete_one_complete_repeat_5x6_vector,809a3f2f1d77cce8aa4e86320f229cd025238ab79be8d1df66d61a601099ba7f
bdb2023_sack,skill,30,attn_relnet,set_transformer,0.01661024317503655,0.018289980757381013,-0.09633384652089945,0.9081607791376929,-0.598254340973264,0.6720522931840991,0.5497705107711693,1.9582521069192964,0.95,BCa,0.0860835503476595,0.1043175849268221,0.0692514257185256,0.9963988197611462,0,0,False,1e-12,100,10000,complete_repeat_5x6_vector,delete_one_complete_repeat_5x6_vector,809a3f2f1d77cce8aa4e86320f229cd025238ab79be8d1df66d61a601099ba7f
bdb2023_sack,skill,40,linear_structure,boosted_structure,0.006988646548412688,0.010356950264641437,-0.3933709068332585,0.674778421237754,-0.6273589230411591,-0.04279587400746998,0.5340002760678095,0.9581069446384903,0.95,BCa,0.08432252980186594,0.09781652129585021,0.06673660976019008,0.9958494222087597,0,0,False,1e-12,100,10000,complete_repeat_5x6_vector,delete_one_complete_repeat_5x6_vector,809a3f2f1d77cce8aa4e86320f229cd025238ab79be8d1df66d61a601099ba7f
bdb2023_sack,skill,40,linear_structure,relnet,0.006988646548412688,0.0153810072379741,-0.7888465413873677,0.45436858849909706,-1.2967571120100845,-0.3510379738722827,0.2734170176789219,0.703957021374034,0.95,BCa,-0.04463279759461026,-0.07069827225983627,0.008650808526159015,0.9497333213718314,0,0,False,1e-12,100,10000,complete_repeat_5x6_vector,delete_one_complete_repeat_5x6_vector,809a3f2f1d77cce8aa4e86320f229cd025238ab79be8d1df66d61a601099ba7f
bdb2023_sack,skill,40,linear_structure,attn_relnet,0.006988646548412688,0.012023503461610944,-0.5425764453290165,0.5812487658631512,-0.8790437267867497,-0.13761053871766654,0.4151797471806746,0.8714380170320661,0.95,BCa,0.01654450134317476,0.02734249337059234,0.03371356466945252,0.9823965722613572,0,0,False,1e-12,100,10000,complete_repeat_5x6_vector,delete_one_complete_repeat_5x6_vector,809a3f2f1d77cce8aa4e86320f229cd025238ab79be8d1df66d61a601099ba7f
bdb2023_sack,skill,40,linear_structure,set_transformer,0.006988646548412688,0.017711145706384688,-0.9299072316659377,0.3945903141598204,-1.3196624659001113,-0.49975402607642216,0.26722548445852495,0.6066798687887919,0.95,BCa,0.0030079584654591762,-0.006660661959372186,0.023863389248518496,0.9738493775685341,0,0,False,1e-12,100,10000,complete_repeat_5x6_vector,delete_one_complete_repeat_5x6_vector,809a3f2f1d77cce8aa4e86320f229cd025238ab79be8d1df66d61a601099ba7f
bdb2023_sack,skill,40,boosted_structure,relnet,0.010356950264641437,0.0153810072379741,-0.3954756345541091,0.6733596899344283,-0.87888859173856,-0.027304698069712356,0.4152441611070604,0.9730647054121963,0.95,BCa,-0.08935472965343735,-0.12834868823699427,0.0020518372036756327,0.9220638058440198,0,0,False,1e-12,100,10000,complete_repeat_5x6_vector,delete_one_complete_repeat_5x6_vector,809a3f2f1d77cce8aa4e86320f229cd025238ab79be8d1df66d61a601099ba7f
bdb2023_sack,skill,40,boosted_structure,attn_relnet,0.010356950264641437,0.012023503461610944,-0.14920553849575802,0.8613920474767995,-0.45546662838698293,0.1288697974654211,0.6341519855785784,1.137542003671041,0.95,BCa,-0.04739300996743067,-0.05737833190804231,0.010277732868405776,0.9531355445277012,0,0,False,1e-12,100,10000,complete_repeat_5x6_vector,delete_one_complete_repeat_5x6_vector,809a3f2f1d77cce8aa4e86320f229cd025238ab79be8d1df66d61a601099ba7f
bdb2023_sack,skill,40,boosted_structure,set_transformer,0.010356950264641437,0.017711145706384688,-0.5365363248326792,0.584770202692639,-0.9167124633150744,-0.24120175730555682,0.3998313429901139,0.785683093092374,0.95,BCa,-0.06546973825647305,-0.08927694418657034,0.005574446043893733,0.9400215581779519,0,0,False,1e-12,100,10000,complete_repeat_5x6_vector,delete_one_complete_repeat_5x6_vector,809a3f2f1d77cce8aa4e86320f229cd025238ab79be8d1df66d61a601099ba7f
bdb2023_sack,skill,40,relnet,attn_relnet,0.0153810072379741,0.012023503461610944,0.24627009605835115,1.2792450459288436,-0.005829345984018844,0.827962610747171,0.9941876116865717,2.2886511138100363,0.95,BCa,0.08558037461755254,0.1485027861427307,0.08369014038935646,0.9987510921492753,0,0,False,1e-12,100,10000,complete_repeat_5x6_vector,delete_one_complete_repeat_5x6_vector,809a3f2f1d77cce8aa4e86320f229cd025238ab79be8d1df66d61a601099ba7f
bdb2023_sack,skill,40,relnet,set_transformer,0.0153810072379741,0.017711145706384688,-0.1410606902785701,0.8684366044388311,-0.5499894564758616,0.49266197165480174,0.5769558934968078,1.636667187972059,0.95,BCa,0.0752698620998299,0.08436077180009445,0.060465658314446225,0.9943353362166858,0,0,False,1e-12,100,10000,complete_repeat_5x6_vector,delete_one_complete_repeat_5x6_vector,809a3f2f1d77cce8aa4e86320f229cd025238ab79be8d1df66d61a601099ba7f
bdb2023_sack,skill,40,attn_relnet,set_transformer,0.012023503461610944,0.017711145706384688,-0.38733078633692125,0.6788664980197522,-0.6958747760601331,-0.007467463439990487,0.49863806050430315,0.9925603487931197,0.95,BCa,0.02080651581056588,-0.002634144267483427,0.02690847177795641,0.9767758072561088,0,0,False,1e-12,100,10000,complete_repeat_5x6_vector,delete_one_complete_repeat_5x6_vector,809a3f2f1d77cce8aa4e86320f229cd025238ab79be8d1df66d61a601099ba7f
bdb2023_sack,skill,50,linear_structure,boosted_structure,0.006336249274998314,0.010359937545847181,-0.49165921203687785,0.6116107599063879,-0.8093779068400869,-0.10490949015372215,0.44513489548093677,0.9004060145082601,0.95,BCa,0.07979537853486528,0.07733068741106601,0.05917847014486566,0.9938175051324821,0,0,False,1e-12,100,10000,complete_repeat_5x6_vector,delete_one_complete_repeat_5x6_vector,809a3f2f1d77cce8aa4e86320f229cd025238ab79be8d1df66d61a601099ba7f
bdb2023_sack,skill,50,linear_structure,relnet,0.006336249274998314,0.01645459200745247,-0.9543175912624884,0.3850748333430908,-1.4795758476213359,-0.3441556638130976,0.22773426193031623,0.7088185820580171,0.95,BCa,-0.0015039775317649809,-0.027355499854819092,0.019031034320871276,0.968370565671699,0,0,False,1e-12,100,10000,complete_repeat_5x6_vector,delete_one_complete_repeat_5x6_vector,809a3f2f1d77cce8aa4e86320f229cd025238ab79be8d1df66d61a601099ba7f
bdb2023_sack,skill,50,linear_structure,attn_relnet,0.006336249274998314,0.01655082870342176,-0.960149176900622,0.38283577146130104,-1.5072101641367,-0.3570466437474821,0.22152714102999294,0.6997398584841462,0.95,BCa,-0.014288267319718379,-0.034375846494863194,0.016491855872162287,0.9648063898809115,0,0,False,1e-12,100,10000,complete_repeat_5x6_vector,delete_one_complete_repeat_5x6_vector,809a3f2f1d77cce8aa4e86320f229cd025238ab79be8d1df66d61a601099ba7f
bdb2023_sack,skill,50,linear_structure,set_transformer,0.006336249274998314,0.014026590473762838,-0.7946678513598324,0.45173125192829,-1.2285264424413405,-0.3184305728711721,0.2927236051119122,0.7272895698294668,0.95,BCa,0.02832868807807452,0.0065318816434653095,0.03010597239012175,0.9794630714309915,0,0,False,1e-12,100,10000,complete_repeat_5x6_vector,delete_one_complete_repeat_5x6_vector,809a3f2f1d77cce8aa4e86320f229cd025238ab79be8d1df66d61a601099ba7f
bdb2023_sack,skill,50,boosted_structure,relnet,0.010359937545847181,0.01645459200745247,-0.4626583792256104,0.629607682837414,-0.8876918451835472,-0.021497080417837332,0.41160470454849307,0.9787323349544435,0.95,BCa,-0.07652679141629239,-0.08560547643743066,0.005495078789152785,0.9388755450333681,0,0,False,1e-12,100,10000,complete_repeat_5x6_vector,delete_one_complete_repeat_5x6_vector,809a3f2f1d77cce8aa4e86320f229cd025238ab79be8d1df66d61a601099ba7f
bdb2023_sack,skill,50,boosted_structure,attn_relnet,0.010359937545847181,0.01655082870342176,-0.46848996486374406,0.6259467565938461,-0.9168109177021293,-0.022088880633515277,0.3997919797780867,0.978153292303209,0.95,BCa,-0.08432252980186608,-0.09323866653290423,0.004526788887757871,0.9347493454062545,0,0,False,1e-12,100,10000,complete_repeat_5x6_vector,delete_one_complete_repeat_5x6_vector,809a3f2f1d77cce8aa4e86320f229cd025238ab79be8d1df66d61a601099ba7f
bdb2023_sack,skill,50,boosted_structure,set_transformer,0.010359937545847181,0.014026590473762838,-0.3030086393229544,0.7385927154019188,-0.5875667458971287,-0.0326072154572493,0.555677746216082,0.9679186684253046,0.95,BCa,-0.06798195358342042,-0.06815151157859096,0.0077356580571772415,0.9460723761372019,0,0,False,1e-12,100,10000,complete_repeat_5x6_vector,delete_one_complete_repeat_5x6_vector,809a3f2f1d77cce8aa4e86320f229cd025238ab79be8d1df66d61a601099ba7f
bdb2023_sack,skill,50,relnet,attn_relnet,0.01645459200745247,0.01655082870342176,-0.005831585638133643,0.9941853850526897,-0.03284213783639151,0.03299885104034615,0.967691309375812,1.0335493517341179,0.95,BCa,0.021809394804630424,-0.04216427560796373,0.01836158735128457,0.9678976631533713,0,0,False,1e-12,100,10000,complete_repeat_5x6_vector,delete_one_complete_repeat_5x6_vector,809a3f2f1d77cce8aa4e86320f229cd025238ab79be8d1df66d61a601099ba7f
bdb2023_sack,skill,50,relnet,set_transformer,0.01645459200745247,0.014026590473762838,0.15964973990265593,1.1730999089359087,-0.4052771201394155,0.6755486763803591,0.6667920037597296,1.9651108901599945,0.95,BCa,0.023063024512527855,0.034120362068304225,0.03642513029133121,0.9842224770864485,0,0,False,1e-12,100,10000,complete_repeat_5x6_vector,delete_one_complete_repeat_5x6_vector,809a3f2f1d77cce8aa4e86320f229cd025238ab79be8d1df66d61a601099ba7f
bdb2023_sack,skill,50,attn_relnet,set_transformer,0.01655082870342176,0.014026590473762838,0.1654813255407896,1.1799609273815033,-0.39770993994975284,0.7028925490171557,0.6718568782413208,2.0195860183869465,0.95,BCa,0.030585632994229527,0.0420346385211662,0.0397103772269114,0.9861989939090534,0,0,False,1e-12,100,10000,complete_repeat_5x6_vector,delete_one_complete_repeat_5x6_vector,809a3f2f1d77cce8aa4e86320f229cd025238ab79be8d1df66d61a601099ba7f
bdb2023_sack,skill,60,linear_structure,boosted_structure,0.0058937488144829055,0.0097513083211404,-0.5035091965397165,0.604405954604627,-0.8385663689537857,0.0278529593468208,0.43232988089741237,1.028244479565164,0.95,BCa,0.10396137589283386,0.13402207171667652,0.08343480400806003,0.9984472480479768,0,0,False,1e-12,100,10000,complete_repeat_5x6_vector,delete_one_complete_repeat_5x6_vector,809a3f2f1d77cce8aa4e86320f229cd025238ab79be8d1df66d61a601099ba7f
bdb2023_sack,skill,60,linear_structure,relnet,0.0058937488144829055,0.007655243699641299,-0.2614985977063239,0.7698969550452154,-0.6075780434523599,0.153010054750491,0.5446684361705916,1.1653366960535483,0.95,BCa,0.07979537853486528,0.09736157101194896,0.06559168989602654,0.9956678303769098,0,0,False,1e-12,100,10000,complete_repeat_5x6_vector,delete_one_complete_repeat_5x6_vector,809a3f2f1d77cce8aa4e86320f229cd025238ab79be8d1df66d61a601099ba7f
bdb2023_sack,skill,60,linear_structure,attn_relnet,0.0058937488144829055,0.0076173762012332075,-0.25653971360492833,0.7737242665694708,-0.6044471707536013,0.15093843222298647,0.5463763960145265,1.1629250571670853,0.95,BCa,0.07702959688631178,0.0942446777576342,0.06398895149643957,0.9953113809323735,0,0,False,1e-12,100,10000,complete_repeat_5x6_vector,delete_one_complete_repeat_5x6_vector,809a3f2f1d77cce8aa4e86320f229cd025238ab79be8d1df66d61a601099ba7f
bdb2023_sack,skill,60,linear_structure,set_transformer,0.0058937488144829055,0.010027820391598373,-0.5314710031939898,0.5877397664023655,-1.0700991467281507,0.04337525304101196,0.34297451093232056,1.044329709230454,0.95,BCa,0.015792414544589822,0.008320546168634346,0.028885618906500876,0.9785443283025754,0,0,False,1e-12,100,10000,complete_repeat_5x6_vector,delete_one_complete_repeat_5x6_vector,809a3f2f1d77cce8aa4e86320f229cd025238ab79be8d1df66d61a601099ba7f
bdb2023_sack,skill,60,boosted_structure,relnet,0.0097513083211404,0.007655243699641299,0.2420105988333926,1.2738076936201672,0.015253929006908997,0.49880945390093934,1.0153708639981025,1.6467595600080744,0.95,BCa,0.01027735684581974,-0.009975701425678597,0.023959737066498676,0.9739641760637174,0,0,False,1e-12,100,10000,complete_repeat_5x6_vector,delete_one_complete_repeat_5x6_vector,809a3f2f1d77cce8aa4e86320f229cd025238ab79be8d1df66d61a601099ba7f
bdb2023_sack,skill,60,boosted_structure,attn_relnet,0.0097513083211404,0.0076173762012332075,0.2469694829347883,1.2801400460649064,0.015357848605857276,0.5082601736509037,1.0154763864139016,1.6623963963996062,0.95,BCa,0.003759951271145795,-0.013208783594235314,0.022517291345888646,0.972434083433432,0,0,False,1e-12,100,10000,complete_repeat_5x6_vector,delete_one_complete_repeat_5x6_vector,809a3f2f1d77cce8aa4e86320f229cd025238ab79be8d1df66d61a601099ba7f
bdb2023_sack,skill,60,boosted_structure,set_transformer,0.0097513083211404,0.010027820391598373,-0.027961806654273242,0.9724255062755567,-0.5710503878384979,0.30788343133985513,0.5649317295234023,1.360542383090427,0.95,BCa,-0.10093759374265115,-0.12756343490100427,0.0018844664763429941,0.9195033241180943,0,0,False,1e-12,100,10000,complete_repeat_5x6_vector,delete_one_complete_repeat_5x6_vector,809a3f2f1d77cce8aa4e86320f229cd025238ab79be8d1df66d61a601099ba7f
bdb2023_sack,skill,60,relnet,attn_relnet,0.007655243699641299,0.0076173762012332075,0.004958884101395696,1.0049711997159811,-0.01348996344304883,0.0747302396445829,0.9866006183413355,1.077593419688629,0.95,BCa,0.11001182102288878,0.1152725000162498,0.07856643180850459,0.997663099806601,0,0,False,1e-12,100,10000,complete_repeat_5x6_vector,delete_one_complete_repeat_5x6_vector,809a3f2f1d77cce8aa4e86320f229cd025238ab79be8d1df66d61a601099ba7f
bdb2023_sack,skill,60,relnet,set_transformer,0.007655243699641299,0.010027820391598373,-0.2699724054876659,0.7634005597123683,-0.8042163612216972,0.0938434606648697,0.44743841930783784,1.098387791564108,0.95,BCa,-0.08180723834947223,-0.10514045476010798,0.0036623915885465874,0.9314436988068686,0,0,False,1e-12,100,10000,complete_repeat_5x6_vector,delete_one_complete_repeat_5x6_vector,809a3f2f1d77cce8aa4e86320f229cd025238ab79be8d1df66d61a601099ba7f
bdb2023_sack,skill,60,attn_relnet,set_transformer,0.0076173762012332075,0.010027820391598373,-0.27493128958906143,0.7596243155307496,-0.8073212650771383,0.09114791101865789,0.44605132055314406,1.095431019594295,0.95,BCa,-0.07778384164691525,-0.10274994681418576,0.003963260991738771,0.93311272334458,0,0,False,1e-12,100,10000,complete_repeat_5x6_vector,delete_one_complete_repeat_5x6_vector,809a3f2f1d77cce8aa4e86320f229cd025238ab79be8d1df66d61a601099ba7f
bdb2023_sack,calibrated_brier,10,linear_structure,boosted_structure,0.00493827942423495,0.004815403071471321,0.025197222471035,1.025517355648088,-0.0028518954515639365,0.062181407981067166,0.9971521673391336,1.0641553734968725,0.95,BCa,0.02080651581056588,0.02673564337022508,0.034169014021214195,0.982671293342727,0,0,False,1e-12,100,10000,complete_repeat_5x6_vector,delete_one_complete_repeat_5x6_vector,809a3f2f1d77cce8aa4e86320f229cd025238ab79be8d1df66d61a601099ba7f
bdb2023_sack,calibrated_brier,10,linear_structure,relnet,0.00493827942423495,0.004730932329447871,0.04289468294176768,1.0438279561718604,0.016156539320712354,0.07114983297213612,1.0162877619508068,1.0737420957857668,0.95,BCa,0.0002506628300880075,-0.005347622830798747,0.02383954234997726,0.9738180864304942,0,0,False,1e-12,100,10000,complete_repeat_5x6_vector,delete_one_complete_repeat_5x6_vector,809a3f2f1d77cce8aa4e86320f229cd025238ab79be8d1df66d61a601099ba7f
bdb2023_sack,calibrated_brier,10,linear_structure,attn_relnet,0.00493827942423495,0.004727755770195502,0.04356635312231051,1.0445292997930693,0.017180544655890542,0.07146864729047323,1.0173289790560724,1.074084474714857,0.95,BCa,-0.001253314465432556,-0.005495023545021801,0.0236370188384995,0.973602866649791,0,0,False,1e-12,100,10000,complete_repeat_5x6_vector,delete_one_complete_repeat_5x6_vector,809a3f2f1d77cce8aa4e86320f229cd025238ab79be8d1df66d61a601099ba7f
bdb2023_sack,calibrated_brier,10,linear_structure,set_transformer,0.00493827942423495,0.004778310842922485,0.032929871933717846,1.033478060881997,-0.0010464963859598826,0.06668558540516627,0.9989540510004205,1.0689593289179578,0.95,BCa,-0.006517279650583851,-0.008264953482835463,0.02245547465476261,0.9723105683857205,0,0,False,1e-12,100,10000,complete_repeat_5x6_vector,delete_one_complete_repeat_5x6_vector,809a3f2f1d77cce8aa4e86320f229cd025238ab79be8d1df66d61a601099ba7f
bdb2023_sack,calibrated_brier,10,boosted_structure,relnet,0.004815403071471321,0.004730932329447871,0.017697460470732892,1.0178549884338144,-0.005332730157935117,0.040879275008977714,0.9946814636058212,1.0417263355513344,0.95,BCa,-0.008522639306813181,-0.018751936095199092,0.02006264098660332,0.9695368472684001,0,0,False,1e-12,100,10000,complete_repeat_5x6_vector,delete_one_complete_repeat_5x6_vector,809a3f2f1d77cce8aa4e86320f229cd025238ab79be8d1df66d61a601099ba7f
bdb2023_sack,calibrated_brier,10,boosted_structure,attn_relnet,0.004815403071471321,0.004727755770195502,0.018369130651275503,1.0185388809270481,-0.0050347123556723624,0.041658406540590345,0.9949779405650682,1.0425382936566803,0.95,BCa,-0.010026681100274767,-0.019377167871364617,0.019785372602569518,0.9691827596930761,0,0,False,1e-12,100,10000,complete_repeat_5x6_vector,delete_one_complete_repeat_5x6_vector,809a3f2f1d77cce8aa4e86320f229cd025238ab79be8d1df66d61a601099ba7f
bdb2023_sack,calibrated_brier,10,boosted_structure,set_transformer,0.004815403071471321,0.004778310842922485,0.007732649462682868,1.0077626236065775,-0.017199903485229897,0.03437334260102866,0.9829471704284611,1.0349709333477832,0.95,BCa,0.0007519885532624761,2.2469828362060286e-05,0.025093085702477202,0.9750928041874843,0,0,False,1e-12,100,10000,complete_repeat_5x6_vector,delete_one_complete_repeat_5x6_vector,809a3f2f1d77cce8aa4e86320f229cd025238ab79be8d1df66d61a601099ba7f
bdb2023_sack,calibrated_brier,10,relnet,attn_relnet,0.004730932329447871,0.004727755770195502,0.0006716701805425869,1.0006718958014698,-0.0009839843866531184,0.0025956350262688866,0.9990164995672361,1.0025990066033605,0.95,BCa,0.008021296494625931,0.005873497317332301,0.027315681264651948,0.9771969293521321,0,0,False,1e-12,100,10000,complete_repeat_5x6_vector,delete_one_complete_repeat_5x6_vector,809a3f2f1d77cce8aa4e86320f229cd025238ab79be8d1df66d61a601099ba7f
bdb2023_sack,calibrated_brier,10,relnet,set_transformer,0.004730932329447871,0.004778310842922485,-0.009964811008049869,0.9900846732177774,-0.03638959130978389,0.020219266926982223,0.9642645512054302,1.0204250609658918,0.95,BCa,0.027074892876565376,0.01865606377067127,0.0329914412583423,0.9817184660413201,0,0,False,1e-12,100,10000,complete_repeat_5x6_vector,delete_one_complete_repeat_5x6_vector,809a3f2f1d77cce8aa4e86320f229cd025238ab79be8d1df66d61a601099ba7f
bdb2023_sack,calibrated_brier,10,attn_relnet,set_transformer,0.004727755770195502,0.004778310842922485,-0.010636481188592473,0.9894198861503822,-0.0374890754637464,0.020109548852868038,0.9632049402306341,1.020313108035167,0.95,BCa,0.02732564844887671,0.01862184463520833,0.03301833663436676,0.9817353012964404,0,0,False,1e-12,100,10000,complete_repeat_5x6_vector,delete_one_complete_repeat_5x6_vector,809a3f2f1d77cce8aa4e86320f229cd025238ab79be8d1df66d61a601099ba7f
bdb2023_sack,calibrated_brier,20,linear_structure,boosted_structure,0.004834983220618782,0.0049115821704958885,-0.015718465717172447,0.9844044246399378,-0.04867549633125288,0.01684663280759361,0.9524901661074162,1.0169893375646646,0.95,BCa,0.002005303963673465,-0.021675134793671315,0.020539589999610475,0.9702136833717405,0,0,False,1e-12,100,10000,complete_repeat_5x6_vector,delete_one_complete_repeat_5x6_vector,809a3f2f1d77cce8aa4e86320f229cd025238ab79be8d1df66d61a601099ba7f
bdb2023_sack,calibrated_brier,20,linear_structure,relnet,0.004834983220618782,0.004792025235116228,0.008924531607826747,1.0089644739739172,-0.02669383422449925,0.0490169176343793,0.9736592970485626,1.0502381181342304,0.95,BCa,0.013786892263084145,0.005923777014379741,0.02805315493652777,0.9778313556689959,0,0,False,1e-12,100,10000,complete_repeat_5x6_vector,delete_one_complete_repeat_5x6_vector,809a3f2f1d77cce8aa4e86320f229cd025238ab79be8d1df66d61a601099ba7f
bdb2023_sack,calibrated_brier,20,linear_structure,attn_relnet,0.004834983220618782,0.004788957376527119,0.009564937465620368,1.009610827675614,-0.025865104722947303,0.049622769112104746,0.974466531675862,1.0508745992371054,0.95,BCa,0.014037579350310981,0.006929930611656496,0.02832530381530779,0.9780695339478898,0,0,False,1e-12,100,10000,complete_repeat_5x6_vector,delete_one_complete_repeat_5x6_vector,809a3f2f1d77cce8aa4e86320f229cd025238ab79be8d1df66d61a601099ba7f
bdb2023_sack,calibrated_brier,20,linear_structure,set_transformer,0.004834983220618782,0.004793441331076063,0.008629064306291028,1.008666402000876,-0.022984134474470296,0.04877434543700511,0.977277988679159,1.049983390462323,0.95,BCa,0.02682413900666731,0.02272326262556191,0.0340026704070695,0.9824650044960329,0,0,False,1e-12,100,10000,complete_repeat_5x6_vector,delete_one_complete_repeat_5x6_vector,809a3f2f1d77cce8aa4e86320f229cd025238ab79be8d1df66d61a601099ba7f
bdb2023_sack,calibrated_brier,20,boosted_structure,relnet,0.0049115821704958885,0.004792025235116228,0.024642997324999187,1.0249491456145807,-0.000715716734589403,0.05208797342656953,0.9992845393295392,1.0534684156632264,0.95,BCa,0.01955294637696234,0.01558958928975721,0.031169016689167495,0.9804010187688902,0,0,False,1e-12,100,10000,complete_repeat_5x6_vector,delete_one_complete_repeat_5x6_vector,809a3f2f1d77cce8aa4e86320f229cd025238ab79be8d1df66d61a601099ba7f
bdb2023_sack,calibrated_brier,20,boosted_structure,attn_relnet,0.0049115821704958885,0.004788957376527119,0.025283403182793006,1.0256057392721452,-6.756141374723829e-05,0.0527827904581363,0.9999324408684737,1.0542006378113986,0.95,BCa,0.023815219609409344,0.016847809200888342,0.03207242609892269,0.9810617889317794,0,0,False,1e-12,100,10000,complete_repeat_5x6_vector,delete_one_complete_repeat_5x6_vector,809a3f2f1d77cce8aa4e86320f229cd025238ab79be8d1df66d61a601099ba7f
bdb2023_sack,calibrated_brier,20,boosted_structure,set_transformer,0.0049115821704958885,0.004793441331076063,0.02434753002346342,1.0246463513914135,-0.010564963968083206,0.05759509187719403,0.9894906492409159,1.0592859953593898,0.95,BCa,0.0057652769696068034,0.0033824401122957287,0.02645828921857246,0.9764084031691374,0,0,False,1e-12,100,10000,complete_repeat_5x6_vector,delete_one_complete_repeat_5x6_vector,809a3f2f1d77cce8aa4e86320f229cd025238ab79be8d1df66d61a601099ba7f
bdb2023_sack,calibrated_brier,20,relnet,attn_relnet,0.004792025235116228,0.004788957376527119,0.0006404058577936888,1.0006406109614059,-0.0015978244336137667,0.002923415232096332,0.9984034514082323,1.0029276925775426,0.95,BCa,0.0005013256759256268,0.00925865098896415,0.027174394605271546,0.9770987804548096,0,0,False,1e-12,100,10000,complete_repeat_5x6_vector,delete_one_complete_repeat_5x6_vector,809a3f2f1d77cce8aa4e86320f229cd025238ab79be8d1df66d61a601099ba7f
bdb2023_sack,calibrated_brier,20,relnet,set_transformer,0.004792025235116228,0.004793441331076063,-0.0002954673015358573,0.9997045763446285,-0.03461707960308601,0.030931323611327267,0.965975237068269,1.0314146676195648,0.95,BCa,0.004010615991203968,-0.013813958871783912,0.02241430271295497,0.9723244183659621,0,0,False,1e-12,100,10000,complete_repeat_5x6_vector,delete_one_complete_repeat_5x6_vector,809a3f2f1d77cce8aa4e86320f229cd025238ab79be8d1df66d61a601099ba7f
bdb2023_sack,calibrated_brier,20,attn_relnet,set_transformer,0.004788957376527119,0.004793441331076063,-0.0009358731593294813,0.9990645646333722,-0.0353226547737429,0.03053898963866566,0.965293909317762,1.0310100879759152,0.95,BCa,0.0030079584654591762,-0.013981706349873018,0.02226857813262406,0.9721607711050504,0,0,False,1e-12,100,10000,complete_repeat_5x6_vector,delete_one_complete_repeat_5x6_vector,809a3f2f1d77cce8aa4e86320f229cd025238ab79be8d1df66d61a601099ba7f
bdb2023_sack,calibrated_brier,30,linear_structure,boosted_structure,0.004834786710807116,0.004831673240090204,0.0006441801528985394,1.0006443876814928,-0.027278299412053553,0.031186539374958064,0.9730903933532964,1.0316779344950808,0.95,BCa,0.013536206042278273,0.01060699035858882,0.029144441628678797,0.9787826021757743,0,0,False,1e-12,100,10000,complete_repeat_5x6_vector,delete_one_complete_repeat_5x6_vector,809a3f2f1d77cce8aa4e86320f229cd025238ab79be8d1df66d61a601099ba7f
bdb2023_sack,calibrated_brier,30,linear_structure,relnet,0.004834786710807116,0.004761201077649583,0.015337050693805993,1.015455266844949,-0.012910938776788325,0.04782190592912383,0.9871720498556086,1.0489838208889664,0.95,BCa,0.0010026514778481883,0.0047657806735369335,0.02619962829815209,0.9761745429100129,0,0,False,1e-12,100,10000,complete_repeat_5x6_vector,delete_one_complete_repeat_5x6_vector,809a3f2f1d77cce8aa4e86320f229cd025238ab79be8d1df66d61a601099ba7f
bdb2023_sack,calibrated_brier,30,linear_structure,attn_relnet,0.004834786710807116,0.0047505897797793725,0.017568239842382333,1.0177234690703296,-0.010631841741707145,0.04988804248883178,0.9894244765220397,1.0511534052688354,0.95,BCa,0.0012533144654324167,0.004182610391163338,0.026096347644582518,0.9760746278145565,0,0,False,1e-12,100,10000,complete_repeat_5x6_vector,delete_one_complete_repeat_5x6_vector,809a3f2f1d77cce8aa4e86320f229cd025238ab79be8d1df66d61a601099ba7f
bdb2023_sack,calibrated_brier,30,linear_structure,set_transformer,0.004834786710807116,0.004724012729025725,0.02317842146982092,1.0234491285556373,-0.008577720275018037,0.06151045776931102,0.9914589634051594,1.063441617697762,0.95,BCa,0.013536206042278273,0.006749726956208432,0.028218150793312802,0.9779784021116441,0,0,False,1e-12,100,10000,complete_repeat_5x6_vector,delete_one_complete_repeat_5x6_vector,809a3f2f1d77cce8aa4e86320f229cd025238ab79be8d1df66d61a601099ba7f
bdb2023_sack,calibrated_brier,30,boosted_structure,relnet,0.004831673240090204,0.004761201077649583,0.014692870540907493,1.0148013413614134,-0.009048326733480501,0.0391623650220543,0.9909924861858858,1.0399393197138318,0.95,BCa,-0.012533469508069278,-0.010455052185660329,0.021353437686191468,0.9710224641109324,0,0,False,1e-12,100,10000,complete_repeat_5x6_vector,delete_one_complete_repeat_5x6_vector,809a3f2f1d77cce8aa4e86320f229cd025238ab79be8d1df66d61a601099ba7f
bdb2023_sack,calibrated_brier,30,boosted_structure,attn_relnet,0.004831673240090204,0.0047505897797793725,0.016924059689483684,1.0170680829264522,-0.007861175403582785,0.042026331005985816,0.992169642827066,1.0429219395730598,0.95,BCa,-0.017045897714989152,-0.009961336123636541,0.020987268812487914,0.970552932948052,0,0,False,1e-12,100,10000,complete_repeat_5x6_vector,delete_one_complete_repeat_5x6_vector,809a3f2f1d77cce8aa4e86320f229cd025238ab79be8d1df66d61a601099ba7f
bdb2023_sack,calibrated_brier,30,boosted_structure,set_transformer,0.004831673240090204,0.004724012729025725,0.022534241316922315,1.0227900552432851,-0.0021057053225927887,0.05156808621766512,0.9978965101195644,1.052920873251419,0.95,BCa,-0.007519955698540525,-0.0006997955289457881,0.0239803469588869,0.9739471876087789,0,0,False,1e-12,100,10000,complete_repeat_5x6_vector,delete_one_complete_repeat_5x6_vector,809a3f2f1d77cce8aa4e86320f229cd025238ab79be8d1df66d61a601099ba7f
bdb2023_sack,calibrated_brier,30,relnet,attn_relnet,0.004761201077649583,0.0047505897797793725,0.002231189148576202,1.0022336801033371,-0.0004099021055390876,0.006167123380292143,0.9995901818928515,1.0061861792388225,0.95,BCa,0.045887396163863586,0.03561500603771956,0.040402507294049206,0.9863100278126462,0,0,False,1e-12,100,10000,complete_repeat_5x6_vector,delete_one_complete_repeat_5x6_vector,809a3f2f1d77cce8aa4e86320f229cd025238ab79be8d1df66d61a601099ba7f
bdb2023_sack,calibrated_brier,30,relnet,set_transformer,0.004761201077649583,0.004724012729025725,0.007841370776014916,1.0078721948387992,-0.01738700964701163,0.03915448118468785,0.982763272160954,1.0399311210336828,0.95,BCa,0.02632263631095264,0.01141598858451518,0.031051715899952204,0.9802382262961946,0,0,False,1e-12,100,10000,complete_repeat_5x6_vector,delete_one_complete_repeat_5x6_vector,809a3f2f1d77cce8aa4e86320f229cd025238ab79be8d1df66d61a601099ba7f
bdb2023_sack,calibrated_brier,30,attn_relnet,set_transformer,0.0047505897797793725,0.004724012729025725,0.005610181627438561,1.005625948166979,-0.020437457562737498,0.037021548137827924,0.9797699717603355,1.037715381431307,0.95,BCa,0.031087197062473485,0.008977389152417794,0.031093704646226517,0.980222925917881,0,0,False,1e-12,100,10000,complete_repeat_5x6_vector,delete_one_complete_repeat_5x6_vector,809a3f2f1d77cce8aa4e86320f229cd025238ab79be8d1df66d61a601099ba7f
bdb2023_sack,calibrated_brier,40,linear_structure,boosted_structure,0.004799015780398542,0.004811650379619723,-0.002629288394698233,0.9973741651565758,-0.039814416958094706,0.030039906619655332,0.9609677619254011,1.0304956567312056,0.95,BCa,-0.015291028334377803,-0.009877407054732158,0.02118584833798437,0.9708032406230518,0,0,False,1e-12,100,10000,complete_repeat_5x6_vector,delete_one_complete_repeat_5x6_vector,809a3f2f1d77cce8aa4e86320f229cd025238ab79be8d1df66d61a601099ba7f
bdb2023_sack,calibrated_brier,40,linear_structure,relnet,0.004799015780398542,0.004794142792174724,0.0010159299684407888,1.0010164462000948,-0.03483439853237087,0.031910194701685386,0.9657653351726875,1.0324247839260372,0.95,BCa,-0.01855011304703817,-0.014455990233090589,0.019924120918528576,0.9692487349718892,0,0,False,1e-12,100,10000,complete_repeat_5x6_vector,delete_one_complete_repeat_5x6_vector,809a3f2f1d77cce8aa4e86320f229cd025238ab79be8d1df66d61a601099ba7f
bdb2023_sack,calibrated_brier,40,linear_structure,attn_relnet,0.004799015780398542,0.004788335654457036,0.0022279626301227556,1.0022304463830904,-0.033976685713943466,0.03335327133295165,0.9665940398247548,1.033915727519453,0.95,BCa,-0.018299407668827674,-0.015224650254859255,0.019795301595086745,0.9690921462480264,0,0,False,1e-12,100,10000,complete_repeat_5x6_vector,delete_one_complete_repeat_5x6_vector,809a3f2f1d77cce8aa4e86320f229cd025238ab79be8d1df66d61a601099ba7f
bdb2023_sack,calibrated_brier,40,linear_structure,set_transformer,0.004799015780398542,0.004848114932198885,-0.01017910448394969,0.9898725272632772,-0.060502638215175,0.02554501085580082,0.9412912856861758,1.0258740807015776,0.95,BCa,-0.03484918558952907,-0.03810627320567096,0.014125877129478992,0.9606851855784488,0,0,False,1e-12,100,10000,complete_repeat_5x6_vector,delete_one_complete_repeat_5x6_vector,809a3f2f1d77cce8aa4e86320f229cd025238ab79be8d1df66d61a601099ba7f
bdb2023_sack,calibrated_brier,40,boosted_structure,relnet,0.004811650379619723,0.004794142792174724,0.003645218363139053,1.0036518702516695,-0.0217987934686654,0.027995713243467786,0.978437083178617,1.0283912759489562,0.95,BCa,0.004010615991203968,-0.0031040135014964395,0.0247713969606142,0.9747724275182033,0,0,False,1e-12,100,10000,complete_repeat_5x6_vector,delete_one_complete_repeat_5x6_vector,809a3f2f1d77cce8aa4e86320f229cd025238ab79be8d1df66d61a601099ba7f
bdb2023_sack,calibrated_brier,40,boosted_structure,attn_relnet,0.004811650379619723,0.004788335654457036,0.004857251024820965,1.0048690665912248,-0.02074827735342849,0.029559912846856932,0.9794654871851549,1.030001143924107,0.95,BCa,0.0050132775489266585,-0.0036343972593402855,0.024769285930521745,0.9747707885850946,0,0,False,1e-12,100,10000,complete_repeat_5x6_vector,delete_one_complete_repeat_5x6_vector,809a3f2f1d77cce8aa4e86320f229cd025238ab79be8d1df66d61a601099ba7f
bdb2023_sack,calibrated_brier,40,boosted_structure,set_transformer,0.004811650379619723,0.004848114932198885,-0.0075498160892514005,0.9924786121845046,-0.04113568253262556,0.020895353023357315,0.9596989067352673,1.021115189428845,0.95,BCa,-0.027576405739391723,-0.01352739168606424,0.01922473448374351,0.9682436351065471,0,0,False,1e-12,100,10000,complete_repeat_5x6_vector,delete_one_complete_repeat_5x6_vector,809a3f2f1d77cce8aa4e86320f229cd025238ab79be8d1df66d61a601099ba7f
bdb2023_sack,calibrated_brier,40,relnet,attn_relnet,0.004794142792174724,0.004788335654457036,0.0012120326616816798,1.0012127674701088,-0.0015676275195741342,0.005376160069969234,0.9984336005666349,1.0053906375513095,0.95,BCa,0.03710661205920444,0.030924605666228528,0.03771603835031406,0.984830340497759,0,0,False,1e-12,100,10000,complete_repeat_5x6_vector,delete_one_complete_repeat_5x6_vector,809a3f2f1d77cce8aa4e86320f229cd025238ab79be8d1df66d61a601099ba7f
bdb2023_sack,calibrated_brier,40,relnet,set_transformer,0.004794142792174724,0.004848114932198885,-0.01119503445239059,0.9888673967554474,-0.05099867092776551,0.012100031188950387,0.9502799335222623,1.0121735327241241,0.95,BCa,-0.06848444763140535,-0.05982098249714116,0.008725512628364018,0.9485262245488216,0,0,False,1e-12,100,10000,complete_repeat_5x6_vector,delete_one_complete_repeat_5x6_vector,809a3f2f1d77cce8aa4e86320f229cd025238ab79be8d1df66d61a601099ba7f
bdb2023_sack,calibrated_brier,40,attn_relnet,set_transformer,0.004788335654457036,0.004848114932198885,-0.012407067114072313,0.9876695832137099,-0.05285922541768111,0.010664366255870708,0.9485135296801284,1.010721433290533,0.95,BCa,-0.0652185397095437,-0.060015634736260835,0.00887953328711738,0.9490871536725988,0,0,False,1e-12,100,10000,complete_repeat_5x6_vector,delete_one_complete_repeat_5x6_vector,809a3f2f1d77cce8aa4e86320f229cd025238ab79be8d1df66d61a601099ba7f
bdb2023_sack,calibrated_brier,50,linear_structure,boosted_structure,0.004752455363870894,0.0047863272059635795,-0.007101951263228567,0.9929232079974637,-0.04050998427171255,0.024709201236531815,0.9602995765716509,1.0250170035033466,0.95,BCa,-0.001754640692595318,-0.01078288214338169,0.022435262697161562,0.9723150240802028,0,0,False,1e-12,100,10000,complete_repeat_5x6_vector,delete_one_complete_repeat_5x6_vector,809a3f2f1d77cce8aa4e86320f229cd025238ab79be8d1df66d61a601099ba7f
bdb2023_sack,calibrated_brier,50,linear_structure,relnet,0.004752455363870894,0.004744952958407275,0.0015798851159308732,1.0015811337919223,-0.03296646129334303,0.03210104850601118,0.9675710101251328,1.0326218449280526,0.95,BCa,-0.022060117941149964,-0.024955329017466103,0.017549232834917272,0.9661085960014273,0,0,False,1e-12,100,10000,complete_repeat_5x6_vector,delete_one_complete_repeat_5x6_vector,809a3f2f1d77cce8aa4e86320f229cd025238ab79be8d1df66d61a601099ba7f
bdb2023_sack,calibrated_brier,50,linear_structure,attn_relnet,0.004752455363870894,0.004744373019833189,0.001702114782429295,1.0017035642020384,-0.03203777793591884,0.032257884048386545,0.968469994590707,1.0327838094357342,0.95,BCa,-0.015291028334377803,-0.024043467890808197,0.018352416300799645,0.9673002181421295,0,0,False,1e-12,100,10000,complete_repeat_5x6_vector,delete_one_complete_repeat_5x6_vector,809a3f2f1d77cce8aa4e86320f229cd025238ab79be8d1df66d61a601099ba7f
bdb2023_sack,calibrated_brier,50,linear_structure,set_transformer,0.004752455363870894,0.004709041296104576,0.009177062364439813,1.0092193007103656,-0.02726075334301283,0.04460660160562541,0.9731074674143119,1.0456164351603816,0.95,BCa,0.0030079584654591762,-0.012014542712018607,0.022692544123796676,0.972618474192209,0,0,False,1e-12,100,10000,complete_repeat_5x6_vector,delete_one_complete_repeat_5x6_vector,809a3f2f1d77cce8aa4e86320f229cd025238ab79be8d1df66d61a601099ba7f
bdb2023_sack,calibrated_brier,50,boosted_structure,relnet,0.0047863272059635795,0.004744952958407275,0.008681836379159605,1.0087196328222805,-0.016249470711227995,0.03357142188244057,0.9838818397341603,1.0341413014071759,0.95,BCa,-0.008271967640830305,-0.007516643420760387,0.022424693311663246,0.9722666484357027,0,0,False,1e-12,100,10000,complete_repeat_5x6_vector,delete_one_complete_repeat_5x6_vector,809a3f2f1d77cce8aa4e86320f229cd025238ab79be8d1df66d61a601099ba7f
bdb2023_sack,calibrated_brier,50,boosted_structure,attn_relnet,0.0047863272059635795,0.004744373019833189,0.008804066045657893,1.0088429358220794,-0.015613872358197563,0.033493683338328896,0.9845073921900678,1.034060911892721,0.95,BCa,-0.009525331483604745,-0.006705217661436445,0.022461673001198945,0.972300553839224,0,0,False,1e-12,100,10000,complete_repeat_5x6_vector,delete_one_complete_repeat_5x6_vector,809a3f2f1d77cce8aa4e86320f229cd025238ab79be8d1df66d61a601099ba7f
bdb2023_sack,calibrated_brier,50,boosted_structure,set_transformer,0.0047863272059635795,0.004709041296104576,0.016279013627668378,1.0164122387125667,-0.014360032056326816,0.04934402544208996,0.9857425814390941,1.0505817154162405,0.95,BCa,0.01504033667863567,0.005715070951276534,0.028163156048554572,0.977921194194959,0,0,False,1e-12,100,10000,complete_repeat_5x6_vector,delete_one_complete_repeat_5x6_vector,809a3f2f1d77cce8aa4e86320f229cd025238ab79be8d1df66d61a601099ba7f
bdb2023_sack,calibrated_brier,50,relnet,attn_relnet,0.004744952958407275,0.004744373019833189,0.00012222966649828631,1.0001222371368483,-0.0021886311858319075,0.003383273035779934,0.9978137621210614,1.0033890027639198,0.95,BCa,0.045887396163863586,0.029736387019307507,0.038772533218491945,0.9853330622333323,0,0,False,1e-12,100,10000,complete_repeat_5x6_vector,delete_one_complete_repeat_5x6_vector,809a3f2f1d77cce8aa4e86320f229cd025238ab79be8d1df66d61a601099ba7f
bdb2023_sack,calibrated_brier,50,relnet,set_transformer,0.004744952958407275,0.004709041296104576,0.007597177248509003,1.0076261090197713,-0.016865650529918803,0.0339794242631616,0.983275778341115,1.0345633196065127,0.95,BCa,0.022561568390224718,0.015587428302411898,0.031581092821974355,0.9806943558755719,0,0,False,1e-12,100,10000,complete_repeat_5x6_vector,delete_one_complete_repeat_5x6_vector,809a3f2f1d77cce8aa4e86320f229cd025238ab79be8d1df66d61a601099ba7f
bdb2023_sack,calibrated_brier,50,attn_relnet,set_transformer,0.004744373019833189,0.004709041296104576,0.007474947582010474,1.007502954743217,-0.01701284859504945,0.03364640592158138,0.9831310527009818,1.034218848406355,0.95,BCa,0.022812295734333795,0.015273665495754067,0.031536880749089446,0.9806569742845495,0,0,False,1e-12,100,10000,complete_repeat_5x6_vector,delete_one_complete_repeat_5x6_vector,809a3f2f1d77cce8aa4e86320f229cd025238ab79be8d1df66d61a601099ba7f
bdb2023_sack,calibrated_brier,60,linear_structure,boosted_structure,0.004745052081105792,0.004791476739988152,-0.009736252359043943,0.9903109914956042,-0.04381428573557757,0.026996388118423222,0.9571316939769361,1.0273640920393514,0.95,BCa,-0.003258622524023968,0.007599172825718935,0.026334635018517905,0.9763152136346852,0,0,False,1e-12,100,10000,complete_repeat_5x6_vector,delete_one_complete_repeat_5x6_vector,809a3f2f1d77cce8aa4e86320f229cd025238ab79be8d1df66d61a601099ba7f
bdb2023_sack,calibrated_brier,60,linear_structure,relnet,0.004745052081105792,0.004770345499197004,-0.005316325976025141,0.9946977806753264,-0.04521972688416967,0.033366567419002256,0.9557874465611856,1.0339294746433265,0.95,BCa,-0.01353620604227841,-0.00816225656117513,0.021725613223603002,0.9714439431031878,0,0,False,1e-12,100,10000,complete_repeat_5x6_vector,delete_one_complete_repeat_5x6_vector,809a3f2f1d77cce8aa4e86320f229cd025238ab79be8d1df66d61a601099ba7f
bdb2023_sack,calibrated_brier,60,linear_structure,attn_relnet,0.004745052081105792,0.0047691310062933446,-0.005061701330842181,0.9949510874925058,-0.044517766130693436,0.03287029965577114,0.9564586073740523,1.0334164960734984,0.95,BCa,-0.016293804724859258,-0.009684606575191861,0.021121726127321327,0.9707188722961229,0,0,False,1e-12,100,10000,complete_repeat_5x6_vector,delete_one_complete_repeat_5x6_vector,809a3f2f1d77cce8aa4e86320f229cd025238ab79be8d1df66d61a601099ba7f
bdb2023_sack,calibrated_brier,60,linear_structure,set_transformer,0.004745052081105792,0.004665628880247907,0.01687977458625431,1.0170230429587157,-0.01599690969776501,0.05081238777620171,0.984130361310841,1.052125483163896,0.95,BCa,0.011530745575864969,0.0022015669107621092,0.026891500665976897,0.9767936059206215,0,0,False,1e-12,100,10000,complete_repeat_5x6_vector,delete_one_complete_repeat_5x6_vector,809a3f2f1d77cce8aa4e86320f229cd025238ab79be8d1df66d61a601099ba7f
bdb2023_sack,calibrated_brier,60,boosted_structure,relnet,0.004791476739988152,0.004770345499197004,0.004419926383018903,1.004429708664646,-0.021436886369026364,0.03741927428135284,0.9787912505895541,1.0381281900549892,0.95,BCa,0.033344333975214316,0.020709801515345964,0.034428806518001565,0.9826774168926209,0,0,False,1e-12,100,10000,complete_repeat_5x6_vector,delete_one_complete_repeat_5x6_vector,809a3f2f1d77cce8aa4e86320f229cd025238ab79be8d1df66d61a601099ba7f
bdb2023_sack,calibrated_brier,60,boosted_structure,attn_relnet,0.004791476739988152,0.0047691310062933446,0.004674551028201764,1.0046854937860419,-0.021058593651610998,0.03662837249419498,0.979161590235501,1.0373074572164926,0.95,BCa,0.027074892876565376,0.017794083844174486,0.03277087303723414,0.9815534796664007,0,0,False,1e-12,100,10000,complete_repeat_5x6_vector,delete_one_complete_repeat_5x6_vector,809a3f2f1d77cce8aa4e86320f229cd025238ab79be8d1df66d61a601099ba7f
bdb2023_sack,calibrated_brier,60,boosted_structure,set_transformer,0.004791476739988152,0.004665628880247907,0.026616026945298223,1.0269733969354111,-0.004643783122606219,0.05824462686745987,0.9953669825672822,1.0599742621805677,0.95,BCa,0.013034836136889386,0.006571500698915632,0.028111733813552364,0.9778874343528388,0,0,False,1e-12,100,10000,complete_repeat_5x6_vector,delete_one_complete_repeat_5x6_vector,809a3f2f1d77cce8aa4e86320f229cd025238ab79be8d1df66d61a601099ba7f
bdb2023_sack,calibrated_brier,60,relnet,attn_relnet,0.004770345499197004,0.0047691310062933446,0.0002546246451829239,1.0002546570647894,-0.0026790648663426175,0.0038377926103796397,0.9973245206253001,1.0038451663664043,0.95,BCa,0.0461383244820596,0.016580143589638212,0.03523898012558363,0.9830501322690375,0,0,False,1e-12,100,10000,complete_repeat_5x6_vector,delete_one_complete_repeat_5x6_vector,809a3f2f1d77cce8aa4e86320f229cd025238ab79be8d1df66d61a601099ba7f
bdb2023_sack,calibrated_brier,60,relnet,set_transformer,0.004770345499197004,0.004665628880247907,0.022196100562279476,1.0224442667080569,-0.002002142802079579,0.045883227366963805,0.9979998601488661,1.0469521484595807,0.95,BCa,0.005263943686483789,0.011865797217454434,0.02838182366272035,0.9781737930878047,0,0,False,1e-12,100,10000,complete_repeat_5x6_vector,delete_one_complete_repeat_5x6_vector,809a3f2f1d77cce8aa4e86320f229cd025238ab79be8d1df66d61a601099ba7f
bdb2023_sack,calibrated_brier,60,attn_relnet,set_transformer,0.0047691310062933446,0.004665628880247907,0.021941475917096394,1.0221839603410414,-0.002604323264627171,0.0455469181169299,0.9973990650431517,1.0466001079682659,0.95,BCa,0.0002506628300880075,0.012322749205111306,0.027857813727333425,0.9777307332170881,0,0,False,1e-12,100,10000,complete_repeat_5x6_vector,delete_one_complete_repeat_5x6_vector,809a3f2f1d77cce8aa4e86320f229cd025238ab79be8d1df66d61a601099ba7f
bdb2023_sack,calibrated_log_loss,10,linear_structure,boosted_structure,0.015155837348919536,0.014891183885082305,0.017616409032584063,1.0177724931664,-0.021764400678670276,0.06445253558920162,0.9784707349384278,1.0665749526915005,0.95,BCa,0.022561568390224718,0.011285675852821822,0.030507540662317145,0.9798401987111923,0,0,False,1e-12,100,10000,complete_repeat_5x6_vector,delete_one_complete_repeat_5x6_vector,809a3f2f1d77cce8aa4e86320f229cd025238ab79be8d1df66d61a601099ba7f
bdb2023_sack,calibrated_log_loss,10,linear_structure,relnet,0.015155837348919536,0.01417679439915682,0.06677933069619302,1.069059543518593,0.029132687576243006,0.10244288262004896,1.0295611953919186,1.1078740212411997,0.95,BCa,-0.025821140235424707,-0.019857052770680728,0.018169051732282226,0.966879232846471,0,0,False,1e-12,100,10000,complete_repeat_5x6_vector,delete_one_complete_repeat_5x6_vector,809a3f2f1d77cce8aa4e86320f229cd025238ab79be8d1df66d61a601099ba7f
bdb2023_sack,calibrated_log_loss,10,linear_structure,attn_relnet,0.015155837348919536,0.014139458440954504,0.0694164013601512,1.071882449544257,0.032416354427135946,0.10432523072427594,1.032947488045945,1.1099613897655616,0.95,BCa,-0.025570394640762426,-0.021256675119597168,0.017926144855345216,0.9665559153382195,0,0,False,1e-12,100,10000,complete_repeat_5x6_vector,delete_one_complete_repeat_5x6_vector,809a3f2f1d77cce8aa4e86320f229cd025238ab79be8d1df66d61a601099ba7f
bdb2023_sack,calibrated_log_loss,10,linear_structure,set_transformer,0.015155837348919536,0.014496809582226641,0.04445716489938636,1.0454601933587426,-0.001936567313797976,0.09084021064511191,0.9980653066228191,1.095094006912495,0.95,BCa,-0.013786892263084284,-0.007984630694759515,0.02173625729323836,0.9714542952112428,0,0,False,1e-12,100,10000,complete_repeat_5x6_vector,delete_one_complete_repeat_5x6_vector,809a3f2f1d77cce8aa4e86320f229cd025238ab79be8d1df66d61a601099ba7f
bdb2023_sack,calibrated_log_loss,10,boosted_structure,relnet,0.014891183885082305,0.01417679439915682,0.049162921663609055,1.0503914683257292,0.00992832805647964,0.09024065114581184,1.009977777419825,1.094437629686287,0.95,BCa,-0.01153074557586483,-0.0019629937047259093,0.023257771836235452,0.9731642625166332,0,0,False,1e-12,100,10000,complete_repeat_5x6_vector,delete_one_complete_repeat_5x6_vector,809a3f2f1d77cce8aa4e86320f229cd025238ab79be8d1df66d61a601099ba7f
bdb2023_sack,calibrated_log_loss,10,boosted_structure,attn_relnet,0.014891183885082305,0.014139458440954504,0.051799992327567296,1.0531650803506343,0.012775557226190849,0.0928293882406418,1.0128575132970175,1.0972745113623537,0.95,BCa,-0.00726928601715347,-0.004036480524813454,0.023281767534024778,0.9732061581582051,0,0,False,1e-12,100,10000,complete_repeat_5x6_vector,delete_one_complete_repeat_5x6_vector,809a3f2f1d77cce8aa4e86320f229cd025238ab79be8d1df66d61a601099ba7f
bdb2023_sack,calibrated_log_loss,10,boosted_structure,set_transformer,0.014891183885082305,0.014496809582226641,0.026840755866802332,1.0272042134939245,-0.012467048604878746,0.07173494933492962,0.9876103430963576,1.074370543695079,0.95,BCa,0.00676794800892753,0.010730891485608839,0.028303673870799573,0.978094899884714,0,0,False,1e-12,100,10000,complete_repeat_5x6_vector,delete_one_complete_repeat_5x6_vector,809a3f2f1d77cce8aa4e86320f229cd025238ab79be8d1df66d61a601099ba7f
bdb2023_sack,calibrated_log_loss,10,relnet,attn_relnet,0.01417679439915682,0.014139458440954504,0.002637070663958395,1.002640550793245,-1.3545140756913476e-05,0.00702180019688325,0.999986454950978,1.0070465108397584,0.95,BCa,0.050906532599046574,0.035574474408638763,0.041216106913501194,0.9866785142931488,0,0,False,1e-12,100,10000,complete_repeat_5x6_vector,delete_one_complete_repeat_5x6_vector,809a3f2f1d77cce8aa4e86320f229cd025238ab79be8d1df66d61a601099ba7f
bdb2023_sack,calibrated_log_loss,10,relnet,set_transformer,0.01417679439915682,0.014496809582226641,-0.022322165796806754,0.9779251302671337,-0.063089079934278,0.0239913543968111,0.9388598363914641,1.0242814623212637,0.95,BCa,0.030836414058675342,0.012898706542458756,0.0320521576609763,0.9809652387121268,0,0,False,1e-12,100,10000,complete_repeat_5x6_vector,delete_one_complete_repeat_5x6_vector,809a3f2f1d77cce8aa4e86320f229cd025238ab79be8d1df66d61a601099ba7f
bdb2023_sack,calibrated_log_loss,10,attn_relnet,set_transformer,0.014139458440954504,0.014496809582226641,-0.02495923646076507,0.9753496699225286,-0.06530443678735098,0.022349828750933467,0.9367822289894451,1.02260145729518,0.95,BCa,0.042374695865204634,0.014993728059921961,0.034256231172489604,0.9824277401251921,0,0,False,1e-12,100,10000,complete_repeat_5x6_vector,delete_one_complete_repeat_5x6_vector,809a3f2f1d77cce8aa4e86320f229cd025238ab79be8d1df66d61a601099ba7f
bdb2023_sack,calibrated_log_loss,20,linear_structure,boosted_structure,0.0149252306856146,0.015312361085508463,-0.025607300815196743,0.974717785341397,-0.06675547795527774,0.018986497399859626,0.9354239051400431,1.0191678871080445,0.95,BCa,0.013034836136889386,-0.01139877944424871,0.023959705141557097,0.9739700030671872,0,0,False,1e-12,100,10000,complete_repeat_5x6_vector,delete_one_complete_repeat_5x6_vector,809a3f2f1d77cce8aa4e86320f229cd025238ab79be8d1df66d61a601099ba7f
bdb2023_sack,calibrated_log_loss,20,linear_structure,relnet,0.0149252306856146,0.01479551043658249,0.00872932961087452,1.008767541315193,-0.03239080535504083,0.05835252770184781,0.9681281584703315,1.0600886404585315,0.95,BCa,0.0233137547405855,0.017672962549214504,0.032211177870059005,0.9811743684781273,0,0,False,1e-12,100,10000,complete_repeat_5x6_vector,delete_one_complete_repeat_5x6_vector,809a3f2f1d77cce8aa4e86320f229cd025238ab79be8d1df66d61a601099ba7f
bdb2023_sack,calibrated_log_loss,20,linear_structure,attn_relnet,0.0149252306856146,0.014796621469138198,0.00865423988366126,1.0086917960795743,-0.03199331477638192,0.0591891599799376,0.9685130567839167,1.060975915942676,0.95,BCa,0.02732564844887671,0.018421672514322203,0.03296704192700506,0.981697073256814,0,0,False,1e-12,100,10000,complete_repeat_5x6_vector,delete_one_complete_repeat_5x6_vector,809a3f2f1d77cce8aa4e86320f229cd025238ab79be8d1df66d61a601099ba7f
bdb2023_sack,calibrated_log_loss,20,linear_structure,set_transformer,0.0149252306856146,0.014510417544422049,0.028186272678439105,1.0285872642825504,-0.01838735644431396,0.07798509609660749,0.981780659627733,1.081106545842495,0.95,BCa,0.009776005984788104,0.019275775827389527,0.03075873676925217,0.980169159469342,0,0,False,1e-12,100,10000,complete_repeat_5x6_vector,delete_one_complete_repeat_5x6_vector,809a3f2f1d77cce8aa4e86320f229cd025238ab79be8d1df66d61a601099ba7f
bdb2023_sack,calibrated_log_loss,20,boosted_structure,relnet,0.015312361085508463,0.01479551043658249,0.0343366304260714,1.0349329380112524,-0.01237259866590479,0.0799164159264982,0.9877036272382645,1.0831965259130478,0.95,BCa,0.008271967640830167,0.010420679423943978,0.028421389485718596,0.9781899130733763,0,0,False,1e-12,100,10000,complete_repeat_5x6_vector,delete_one_complete_repeat_5x6_vector,809a3f2f1d77cce8aa4e86320f229cd025238ab79be8d1df66d61a601099ba7f
bdb2023_sack,calibrated_log_loss,20,boosted_structure,attn_relnet,0.015312361085508463,0.014796621469138198,0.03426154069885804,1.0348552280968977,-0.01345608642390227,0.07990931348628548,0.9866340419955167,1.0831888326018047,0.95,BCa,0.0030079584654591762,0.011079887949037448,0.027911415482588464,0.9777644362944518,0,0,False,1e-12,100,10000,complete_repeat_5x6_vector,delete_one_complete_repeat_5x6_vector,809a3f2f1d77cce8aa4e86320f229cd025238ab79be8d1df66d61a601099ba7f
bdb2023_sack,calibrated_log_loss,20,boosted_structure,set_transformer,0.015312361085508463,0.014510417544422049,0.05379357349363585,1.0552667446426922,0.003253877177530104,0.10916350801275435,1.0032591767824022,1.1153447032289234,0.95,BCa,0.009023984261129213,0.02772079708643519,0.03275078412219917,0.9817667706119022,0,0,False,1e-12,100,10000,complete_repeat_5x6_vector,delete_one_complete_repeat_5x6_vector,809a3f2f1d77cce8aa4e86320f229cd025238ab79be8d1df66d61a601099ba7f
bdb2023_sack,calibrated_log_loss,20,relnet,attn_relnet,0.01479551043658249,0.014796621469138198,-7.508972721325073e-05,0.9999249130919498,-0.0035282586801241365,0.0036232558575563494,0.9964779583106662,1.0036298277839208,0.95,BCa,-0.0015039775317649809,0.018165388800419003,0.02901390788946595,0.9787810769981735,0,0,False,1e-12,100,10000,complete_repeat_5x6_vector,delete_one_complete_repeat_5x6_vector,809a3f2f1d77cce8aa4e86320f229cd025238ab79be8d1df66d61a601099ba7f
bdb2023_sack,calibrated_log_loss,20,relnet,set_transformer,0.01479551043658249,0.014510417544422049,0.019456943067564493,1.0196474630235595,-0.028280934333787686,0.06345203286329902,0.9721152278920818,1.0655083751897731,0.95,BCa,-0.0002506628300880075,-0.001551431873043877,0.024623627481696275,0.9746211420054304,0,0,False,1e-12,100,10000,complete_repeat_5x6_vector,delete_one_complete_repeat_5x6_vector,809a3f2f1d77cce8aa4e86320f229cd025238ab79be8d1df66d61a601099ba7f
bdb2023_sack,calibrated_log_loss,20,attn_relnet,set_transformer,0.014796621469138198,0.014510417544422049,0.01953203279477778,1.019724030948108,-0.028387018154782475,0.06374133716473725,0.9720121076640504,1.0658166759401502,0.95,BCa,0.002757294595891845,-0.0018327776596872942,0.0249106296810378,0.97491100367492,0,0,False,1e-12,100,10000,complete_repeat_5x6_vector,delete_one_complete_repeat_5x6_vector,809a3f2f1d77cce8aa4e86320f229cd025238ab79be8d1df66d61a601099ba7f
bdb2023_sack,calibrated_log_loss,30,linear_structure,boosted_structure,0.014761825155217363,0.014821966392884887,-0.004065829115859769,0.995942425176703,-0.0375363932621359,0.034064521532712264,0.9631593645717429,1.0346513618662132,0.95,BCa,0.02632263631095264,0.010779827290501079,0.030892448921456872,0.9801121081934905,0,0,False,1e-12,100,10000,complete_repeat_5x6_vector,delete_one_complete_repeat_5x6_vector,809a3f2f1d77cce8aa4e86320f229cd025238ab79be8d1df66d61a601099ba7f
bdb2023_sack,calibrated_log_loss,30,linear_structure,relnet,0.014761825155217363,0.01461309999681032,0.010126080557532311,1.0101775228007408,-0.03214840824556084,0.04998807306233733,0.9683628583816918,1.0512585580059632,0.95,BCa,-0.021307952628745463,-0.015681468383867102,0.019409029456118998,0.9685678415434266,0,0,False,1e-12,100,10000,complete_repeat_5x6_vector,delete_one_complete_repeat_5x6_vector,809a3f2f1d77cce8aa4e86320f229cd025238ab79be8d1df66d61a601099ba7f
bdb2023_sack,calibrated_log_loss,30,linear_structure,attn_relnet,0.014761825155217363,0.014565745025246811,0.013371926176401207,1.013461730219133,-0.028691159141762658,0.05323155083249221,0.9717165238941171,1.0546738274507077,0.95,BCa,-0.016544501343174617,-0.014691280788015279,0.020076955035751354,0.9694608390041008,0,0,False,1e-12,100,10000,complete_repeat_5x6_vector,delete_one_complete_repeat_5x6_vector,809a3f2f1d77cce8aa4e86320f229cd025238ab79be8d1df66d61a601099ba7f
bdb2023_sack,calibrated_log_loss,30,linear_structure,set_transformer,0.014761825155217363,0.014457611874766617,0.020823417827825347,1.0210417379499377,-0.024728826871237876,0.06383434914282599,0.9755744257315735,1.065915814267914,0.95,BCa,-0.01980365774256217,-0.010267593602906163,0.020642816692105104,0.9701133464961942,0,0,False,1e-12,100,10000,complete_repeat_5x6_vector,delete_one_complete_repeat_5x6_vector,809a3f2f1d77cce8aa4e86320f229cd025238ab79be8d1df66d61a601099ba7f
bdb2023_sack,calibrated_log_loss,30,boosted_structure,relnet,0.014821966392884887,0.01461309999681032,0.014191909673392025,1.014293092918009,-0.028733266320497677,0.0548789603467703,0.9716756085141873,1.0564127391050344,0.95,BCa,-0.02531965065378632,-0.008881873011630783,0.020366469447602564,0.9697164635782016,0,0,False,1e-12,100,10000,complete_repeat_5x6_vector,delete_one_complete_repeat_5x6_vector,809a3f2f1d77cce8aa4e86320f229cd025238ab79be8d1df66d61a601099ba7f
bdb2023_sack,calibrated_log_loss,30,boosted_structure,attn_relnet,0.014821966392884887,0.014565745025246811,0.017437755292260774,1.0175906805449337,-0.02590478021081373,0.059750069692788205,0.9744278700077735,1.0615711945722042,0.95,BCa,-0.021307952628745463,-0.006136587799055868,0.021332987399876935,0.9709243466549757,0,0,False,1e-12,100,10000,complete_repeat_5x6_vector,delete_one_complete_repeat_5x6_vector,809a3f2f1d77cce8aa4e86320f229cd025238ab79be8d1df66d61a601099ba7f
bdb2023_sack,calibrated_log_loss,30,boosted_structure,set_transformer,0.014821966392884887,0.014457611874766617,0.02488924694368509,1.0252015700292931,-0.020302900918876158,0.06669935261912345,0.9799018151894975,1.0689740456110541,0.95,BCa,-0.032591936696663076,-0.0033872651287325966,0.02074060655004417,0.9701009169340028,0,0,False,1e-12,100,10000,complete_repeat_5x6_vector,delete_one_complete_repeat_5x6_vector,809a3f2f1d77cce8aa4e86320f229cd025238ab79be8d1df66d61a601099ba7f
bdb2023_sack,calibrated_log_loss,30,relnet,attn_relnet,0.01461309999681032,0.014565745025246811,0.0032458456188687026,1.0032511190798292,-0.0014774488206147568,0.00889942214837478,0.9985236420695831,1.0089391397394352,0.95,BCa,0.02632263631095264,0.010291222088904766,0.030770323684851164,0.9800150021771157,0,0,False,1e-12,100,10000,complete_repeat_5x6_vector,delete_one_complete_repeat_5x6_vector,809a3f2f1d77cce8aa4e86320f229cd025238ab79be8d1df66d61a601099ba7f
bdb2023_sack,calibrated_log_loss,30,relnet,set_transformer,0.01461309999681032,0.014457611874766617,0.010697337270292788,1.0107547583508643,-0.028536464365389282,0.06128052634128965,0.9718668549918972,1.063197127157094,0.95,BCa,0.03409675013052479,0.03261134725145866,0.03770490067561716,0.984876784351504,0,0,False,1e-12,100,10000,complete_repeat_5x6_vector,delete_one_complete_repeat_5x6_vector,809a3f2f1d77cce8aa4e86320f229cd025238ab79be8d1df66d61a601099ba7f
bdb2023_sack,calibrated_log_loss,30,attn_relnet,set_transformer,0.014565745025246811,0.014457611874766617,0.007451491651424213,1.0074793231009973,-0.033022664653619783,0.05743879016433473,0.967516630911219,1.059120440082531,0.95,BCa,0.02958252781394908,0.029620226245596556,0.03621604165937731,0.9839722031891965,0,0,False,1e-12,100,10000,complete_repeat_5x6_vector,delete_one_complete_repeat_5x6_vector,809a3f2f1d77cce8aa4e86320f229cd025238ab79be8d1df66d61a601099ba7f
bdb2023_sack,calibrated_log_loss,40,linear_structure,boosted_structure,0.014798300366283972,0.014667012915209573,0.008911381232801862,1.0089512057999386,-0.03983839083065919,0.056132545228811684,0.9609447240828924,1.057737872554067,0.95,BCa,-0.013034836136889386,-0.010529568956205264,0.02128563767427899,0.9709394495810608,0,0,False,1e-12,100,10000,complete_repeat_5x6_vector,delete_one_complete_repeat_5x6_vector,809a3f2f1d77cce8aa4e86320f229cd025238ab79be8d1df66d61a601099ba7f
bdb2023_sack,calibrated_log_loss,40,linear_structure,relnet,0.014798300366283972,0.014746895277723857,0.0034797630755566415,1.0034858244797986,-0.03772226940522812,0.03996981640532018,0.9629803528613917,1.0407793592559518,0.95,BCa,-0.0025066308995717666,-0.005344949429935932,0.02352885582387776,0.9734853873570342,0,0,False,1e-12,100,10000,complete_repeat_5x6_vector,delete_one_complete_repeat_5x6_vector,809a3f2f1d77cce8aa4e86320f229cd025238ab79be8d1df66d61a601099ba7f
bdb2023_sack,calibrated_log_loss,40,linear_structure,attn_relnet,0.014798300366283972,0.014761121490120339,0.002515536058158407,1.0025187026736768,-0.039196891255681626,0.039883129501691233,0.9615613674820609,1.0406891412263544,0.95,BCa,-0.002757294595891845,-0.006242831255521024,0.023305052978020935,0.9732475838964298,0,0,False,1e-12,100,10000,complete_repeat_5x6_vector,delete_one_complete_repeat_5x6_vector,809a3f2f1d77cce8aa4e86320f229cd025238ab79be8d1df66d61a601099ba7f
bdb2023_sack,calibrated_log_loss,40,linear_structure,set_transformer,0.014798300366283972,0.01491061800672413,-0.0075612430012987055,0.9924672712834902,-0.05441843361033823,0.035645154069228704,0.9470357519947311,1.0362880586400565,0.95,BCa,-0.009776005984788104,0.0057772762131612886,0.025152984764738484,0.975155680942859,0,0,False,1e-12,100,10000,complete_repeat_5x6_vector,delete_one_complete_repeat_5x6_vector,809a3f2f1d77cce8aa4e86320f229cd025238ab79be8d1df66d61a601099ba7f
bdb2023_sack,calibrated_log_loss,40,boosted_structure,relnet,0.014667012915209573,0.014746895277723857,-0.005431618157245422,0.9945831064091876,-0.05242068207969938,0.04004258967309862,0.9489295851920736,1.040855102926985,0.95,BCa,0.0032586225240238288,0.01749438901559147,0.029467159222358152,0.9791402338478958,0,0,False,1e-12,100,10000,complete_repeat_5x6_vector,delete_one_complete_repeat_5x6_vector,809a3f2f1d77cce8aa4e86320f229cd025238ab79be8d1df66d61a601099ba7f
bdb2023_sack,calibrated_log_loss,40,boosted_structure,attn_relnet,0.014667012915209573,0.014761121490120339,-0.006395845174643642,0.9936245647071089,-0.05368851262743317,0.039718753958540604,0.9477272656061185,1.0405180914421,0.95,BCa,0.004511946203065806,0.017988064744406222,0.02974904779423898,0.9793720876545564,0,0,False,1e-12,100,10000,complete_repeat_5x6_vector,delete_one_complete_repeat_5x6_vector,809a3f2f1d77cce8aa4e86320f229cd025238ab79be8d1df66d61a601099ba7f
bdb2023_sack,calibrated_log_loss,40,boosted_structure,set_transformer,0.014667012915209573,0.01491061800672413,-0.01647262423410063,0.9836623075311365,-0.06969920661228614,0.03671325204696705,0.932674319985891,1.0373955071463148,0.95,BCa,0.0002506628300880075,0.024529611940401624,0.030771213952040577,0.9802758535433305,0,0,False,1e-12,100,10000,complete_repeat_5x6_vector,delete_one_complete_repeat_5x6_vector,809a3f2f1d77cce8aa4e86320f229cd025238ab79be8d1df66d61a601099ba7f
bdb2023_sack,calibrated_log_loss,40,relnet,attn_relnet,0.014746895277723857,0.014761121490120339,-0.0009642270173981767,0.999036237700096,-0.006273079320698214,0.0047999758891688294,0.9937465553632867,1.0048115142272986,0.95,BCa,0.00676794800892753,0.004165732753683699,0.026762297302915683,0.9766905487316554,0,0,False,1e-12,100,10000,complete_repeat_5x6_vector,delete_one_complete_repeat_5x6_vector,809a3f2f1d77cce8aa4e86320f229cd025238ab79be8d1df66d61a601099ba7f
bdb2023_sack,calibrated_log_loss,40,relnet,set_transformer,0.014746895277723857,0.01491061800672413,-0.011041006076855223,0.989019722125103,-0.044357945482909396,0.018036512916560683,0.956611481424151,1.018200153168308,0.95,BCa,-0.021307952628745463,-0.008555729372434363,0.02083785123452775,0.9703334488088982,0,0,False,1e-12,100,10000,complete_repeat_5x6_vector,delete_one_complete_repeat_5x6_vector,809a3f2f1d77cce8aa4e86320f229cd025238ab79be8d1df66d61a601099ba7f
bdb2023_sack,calibrated_log_loss,40,attn_relnet,set_transformer,0.014761121490120339,0.01491061800672413,-0.010076779059457058,0.9899738215722262,-0.04375397167529783,0.01977434887529699,0.9571894242165774,1.019971156418527,0.95,BCa,-0.012032106029748956,-0.009384266013987968,0.021629041205670607,0.9713444730408224,0,0,False,1e-12,100,10000,complete_repeat_5x6_vector,delete_one_complete_repeat_5x6_vector,809a3f2f1d77cce8aa4e86320f229cd025238ab79be8d1df66d61a601099ba7f
bdb2023_sack,calibrated_log_loss,50,linear_structure,boosted_structure,0.014620255713292814,0.014445070723333429,0.012054714869296573,1.0121276657840383,-0.023131561530334948,0.05275818007517354,0.9771339220824448,1.0541746938492293,0.95,BCa,0.02105723355782968,0.005496900611996483,0.02888741037853748,0.9785091735469567,0,0,False,1e-12,100,10000,complete_repeat_5x6_vector,delete_one_complete_repeat_5x6_vector,809a3f2f1d77cce8aa4e86320f229cd025238ab79be8d1df66d61a601099ba7f
bdb2023_sack,calibrated_log_loss,50,linear_structure,relnet,0.014620255713292814,0.0144574179737006,0.011200307399563752,1.01126326567361,-0.02333263753026269,0.04986835437110967,0.9769374636541981,1.051132710240572,0.95,BCa,0.0017546406925954574,-0.005245899384042309,0.024033289544036718,0.9740215630720844,0,0,False,1e-12,100,10000,complete_repeat_5x6_vector,delete_one_complete_repeat_5x6_vector,809a3f2f1d77cce8aa4e86320f229cd025238ab79be8d1df66d61a601099ba7f
bdb2023_sack,calibrated_log_loss,50,linear_structure,attn_relnet,0.014620255713292814,0.014460225292345526,0.01100614782522227,1.0110669382884372,-0.022476970873482428,0.04753046992838442,0.977773754209553,1.0486781537827292,0.95,BCa,-0.0030079584654591762,-0.005693231348848548,0.02339670387397219,0.9733440024807215,0,0,False,1e-12,100,10000,complete_repeat_5x6_vector,delete_one_complete_repeat_5x6_vector,809a3f2f1d77cce8aa4e86320f229cd025238ab79be8d1df66d61a601099ba7f
bdb2023_sack,calibrated_log_loss,50,linear_structure,set_transformer,0.014620255713292814,0.014385720826865504,0.01617183945117472,1.016303311405106,-0.028296219804718453,0.06433221906018204,0.9721003687665892,1.0664466338148493,0.95,BCa,0.010778710290106094,0.001219290539738468,0.02656977968401203,0.97649823110037,0,0,False,1e-12,100,10000,complete_repeat_5x6_vector,delete_one_complete_repeat_5x6_vector,809a3f2f1d77cce8aa4e86320f229cd025238ab79be8d1df66d61a601099ba7f
bdb2023_sack,calibrated_log_loss,50,boosted_structure,relnet,0.014445070723333429,0.0144574179737006,-0.0008544074697328639,0.9991459574323969,-0.03743648608790873,0.03353014892802452,0.9632555959092082,1.0340986202211786,0.95,BCa,-0.011029388020359056,-0.014194805081323479,0.02073728397863578,0.9703147620763883,0,0,False,1e-12,100,10000,complete_repeat_5x6_vector,delete_one_complete_repeat_5x6_vector,809a3f2f1d77cce8aa4e86320f229cd025238ab79be8d1df66d61a601099ba7f
bdb2023_sack,calibrated_log_loss,50,boosted_structure,attn_relnet,0.014445070723333429,0.014460225292345526,-0.0010485670440742447,0.9989519825102504,-0.03701769431073002,0.0324573479786617,0.9636590839149286,1.0329898330999507,0.95,BCa,-0.014037579350310843,-0.014556466318877708,0.020356591252146117,0.9698290559833107,0,0,False,1e-12,100,10000,complete_repeat_5x6_vector,delete_one_complete_repeat_5x6_vector,809a3f2f1d77cce8aa4e86320f229cd025238ab79be8d1df66d61a601099ba7f
bdb2023_sack,calibrated_log_loss,50,boosted_structure,set_transformer,0.014445070723333429,0.014385720826865504,0.004117124581878078,1.0041256115826387,-0.040401459562648886,0.05549788448627832,0.9604037984590349,1.0570667808307779,0.95,BCa,0.020054370352950632,0.012265014085856622,0.030412074973624248,0.9797862526550587,0,0,False,1e-12,100,10000,complete_repeat_5x6_vector,delete_one_complete_repeat_5x6_vector,809a3f2f1d77cce8aa4e86320f229cd025238ab79be8d1df66d61a601099ba7f
bdb2023_sack,calibrated_log_loss,50,relnet,attn_relnet,0.0144574179737006,0.014460225292345526,-0.00019415957434138514,0.9998058592734089,-0.00472301767090516,0.004565989018978619,0.9952881182384578,1.0045764290304506,0.95,BCa,0.021809394804630424,0.009182023872187745,0.029887028195249077,0.9793404124628275,0,0,False,1e-12,100,10000,complete_repeat_5x6_vector,delete_one_complete_repeat_5x6_vector,809a3f2f1d77cce8aa4e86320f229cd025238ab79be8d1df66d61a601099ba7f
bdb2023_sack,calibrated_log_loss,50,relnet,set_transformer,0.0144574179737006,0.014385720826865504,0.004971532051611127,1.0049839106220664,-0.027298092926488538,0.04431431068218774,0.973071132665168,1.0453108556282242,0.95,BCa,0.030585632994229527,0.027480935625358107,0.03580057888524146,0.9836734800888232,0,0,False,1e-12,100,10000,complete_repeat_5x6_vector,delete_one_complete_repeat_5x6_vector,809a3f2f1d77cce8aa4e86320f229cd025238ab79be8d1df66d61a601099ba7f
bdb2023_sack,calibrated_log_loss,50,attn_relnet,set_transformer,0.014460225292345526,0.014385720826865504,0.005165691625952508,1.0051790568145105,-0.027837267454019883,0.04367493381823112,0.9725466189118931,1.044642721668952,0.95,BCa,0.022812295734333795,0.022196662799072064,0.03329145974060055,0.9819974558925877,0,0,False,1e-12,100,10000,complete_repeat_5x6_vector,delete_one_complete_repeat_5x6_vector,809a3f2f1d77cce8aa4e86320f229cd025238ab79be8d1df66d61a601099ba7f
bdb2023_sack,calibrated_log_loss,60,linear_structure,boosted_structure,0.014467165426160885,0.014538005915250797,-0.004884689637696369,0.9951272210574905,-0.044895510773259116,0.03533684593339022,0.9560973784897142,1.0359686118470586,0.95,BCa,0.0002506628300880075,0.0028679137699815435,0.02567698109216171,0.9756693516360333,0,0,False,1e-12,100,10000,complete_repeat_5x6_vector,delete_one_complete_repeat_5x6_vector,809a3f2f1d77cce8aa4e86320f229cd025238ab79be8d1df66d61a601099ba7f
bdb2023_sack,calibrated_log_loss,60,linear_structure,relnet,0.014467165426160885,0.014520545897209108,-0.0036829766097683505,0.9963237972300695,-0.05036340855276864,0.04849111681156688,0.9508838023970232,1.049686047219956,0.95,BCa,0.01027735684581974,0.011733383624823292,0.028992921889230527,0.9786761459334457,0,0,False,1e-12,100,10000,complete_repeat_5x6_vector,delete_one_complete_repeat_5x6_vector,809a3f2f1d77cce8aa4e86320f229cd025238ab79be8d1df66d61a601099ba7f
bdb2023_sack,calibrated_log_loss,60,linear_structure,attn_relnet,0.014467165426160885,0.014535090431283553,-0.004684127307336548,0.9953268261079082,-0.05072500024708623,0.04612637764149148,0.9505400328676643,1.0472067461133863,0.95,BCa,0.010778710290106094,0.009009148523030513,0.028405078866490463,0.9781597478060584,0,0,False,1e-12,100,10000,complete_repeat_5x6_vector,delete_one_complete_repeat_5x6_vector,809a3f2f1d77cce8aa4e86320f229cd025238ab79be8d1df66d61a601099ba7f
bdb2023_sack,calibrated_log_loss,60,linear_structure,set_transformer,0.014467165426160885,0.013943644251576811,0.036857833066682784,1.0375455056897964,-0.004476222451971774,0.07939425179269294,0.9955337809004385,1.082631067181336,0.95,BCa,-0.008021296494625931,0.013749985534179325,0.027167490928398708,0.9771283742119802,0,0,False,1e-12,100,10000,complete_repeat_5x6_vector,delete_one_complete_repeat_5x6_vector,809a3f2f1d77cce8aa4e86320f229cd025238ab79be8d1df66d61a601099ba7f
bdb2023_sack,calibrated_log_loss,60,boosted_structure,relnet,0.014538005915250797,0.014520545897209108,0.001201713027927916,1.0012024353743507,-0.037736491818675805,0.0458449819911332,0.9629666570540653,1.0469121081468695,0.95,BCa,0.013285520672133198,0.014062014792892538,0.029950336311316494,0.9794664116452518,0,0,False,1e-12,100,10000,complete_repeat_5x6_vector,delete_one_complete_repeat_5x6_vector,809a3f2f1d77cce8aa4e86320f229cd025238ab79be8d1df66d61a601099ba7f
bdb2023_sack,calibrated_log_loss,60,boosted_structure,attn_relnet,0.014538005915250797,0.014535090431283553,0.00020056233035966445,1.0002005824443285,-0.038350591804099596,0.043442979743522195,0.9623754807832531,1.0444004406331688,0.95,BCa,0.011029388020358915,0.013078327324201723,0.029414847376596887,0.9790329703756487,0,0,False,1e-12,100,10000,complete_repeat_5x6_vector,delete_one_complete_repeat_5x6_vector,809a3f2f1d77cce8aa4e86320f229cd025238ab79be8d1df66d61a601099ba7f
bdb2023_sack,calibrated_log_loss,60,boosted_structure,set_transformer,0.014538005915250797,0.013943644251576811,0.04174252270437902,1.0426259916669038,-0.0025192150762816646,0.08837521165703484,0.9974839554830195,1.0923979255776526,0.95,BCa,0.004010615991203968,0.00685249888200364,0.02704759785283195,0.9769664085139946,0,0,False,1e-12,100,10000,complete_repeat_5x6_vector,delete_one_complete_repeat_5x6_vector,809a3f2f1d77cce8aa4e86320f229cd025238ab79be8d1df66d61a601099ba7f
bdb2023_sack,calibrated_log_loss,60,relnet,attn_relnet,0.014520545897209108,0.014535090431283553,-0.0010011506975682006,0.9989993502865906,-0.006255775834985802,0.00415447113402029,0.9937637507913791,1.0041631129124173,0.95,BCa,0.022812295734333795,0.0045841286488244514,0.02889492909859792,0.9785033944617596,0,0,False,1e-12,100,10000,complete_repeat_5x6_vector,delete_one_complete_repeat_5x6_vector,809a3f2f1d77cce8aa4e86320f229cd025238ab79be8d1df66d61a601099ba7f
bdb2023_sack,calibrated_log_loss,60,relnet,set_transformer,0.014520545897209108,0.013943644251576811,0.040540809676451024,1.0413738069634886,0.0054502631210244,0.07888744610678938,1.0054651428255545,1.0820825226152464,0.95,BCa,0.01980365774256217,0.01702676598287501,0.03156223913903816,0.980709845818909,0,0,False,1e-12,100,10000,complete_repeat_5x6_vector,delete_one_complete_repeat_5x6_vector,809a3f2f1d77cce8aa4e86320f229cd025238ab79be8d1df66d61a601099ba7f
bdb2023_sack,calibrated_log_loss,60,attn_relnet,set_transformer,0.014535090431283553,0.013943644251576811,0.04154196037401938,1.0424169011368645,0.006559041187535598,0.07980933331579272,1.0065805988048455,1.0830805406112611,0.95,BCa,0.01855011304703803,0.014912697849286428,0.03086445212343608,0.9801672245232093,0,0,False,1e-12,100,10000,complete_repeat_5x6_vector,delete_one_complete_repeat_5x6_vector,809a3f2f1d77cce8aa4e86320f229cd025238ab79be8d1df66d61a601099ba7f
bdb2023_sack,game_equal_calibrated_brier,10,linear_structure,boosted_structure,0.0051602548758299446,0.005053485275975193,0.020907813915082264,1.0211279135139357,-0.006022911375833982,0.058539155871903975,0.9939951899956686,1.060286501324229,0.95,BCa,0.031087197062473485,0.0297587229708416,0.036480011111517,0.9841248681104364,0,0,False,1e-12,100,10000,complete_repeat_5x6_vector,delete_one_complete_repeat_5x6_vector,809a3f2f1d77cce8aa4e86320f229cd025238ab79be8d1df66d61a601099ba7f
bdb2023_sack,game_equal_calibrated_brier,10,linear_structure,relnet,0.0051602548758299446,0.004952995149409202,0.04099349853247042,1.0418453319998637,0.013542210360604401,0.07118768063647941,1.0136343214174433,1.0737827351852476,0.95,BCa,-0.0002506628300880075,-0.005176403341517285,0.023820362588701127,0.9737969325541308,0,0,False,1e-12,100,10000,complete_repeat_5x6_vector,delete_one_complete_repeat_5x6_vector,809a3f2f1d77cce8aa4e86320f229cd025238ab79be8d1df66d61a601099ba7f
bdb2023_sack,game_equal_calibrated_brier,10,linear_structure,attn_relnet,0.0051602548758299446,0.0049497259441013035,0.041653762594397375,1.0425334521761822,0.014472597581572905,0.07176351414546171,1.0145778326841777,1.0744012333244206,0.95,BCa,0.0010026514778481883,-0.00540098225395576,0.023913253217310915,0.973896205544112,0,0,False,1e-12,100,10000,complete_repeat_5x6_vector,delete_one_complete_repeat_5x6_vector,809a3f2f1d77cce8aa4e86320f229cd025238ab79be8d1df66d61a601099ba7f
bdb2023_sack,game_equal_calibrated_brier,10,linear_structure,set_transformer,0.0051602548758299446,0.005006697911222298,0.030209374575542264,1.0306703075221404,-0.002967101634257486,0.06399909789872812,0.9970372958614491,1.06609143703863,0.95,BCa,0.005514610154793434,-0.006181040411773168,0.024257223760962177,0.974256708475097,0,0,False,1e-12,100,10000,complete_repeat_5x6_vector,delete_one_complete_repeat_5x6_vector,809a3f2f1d77cce8aa4e86320f229cd025238ab79be8d1df66d61a601099ba7f
bdb2023_sack,game_equal_calibrated_brier,10,boosted_structure,relnet,0.005053485275975193,0.004952995149409202,0.020085684617388053,1.0202887593334262,-0.0035749621131692974,0.04407462351077228,0.9964314204558066,1.0450603380501131,0.95,BCa,-0.006517279650583851,-0.02046586934448174,0.019917308867260064,0.9693852699711051,0,0,False,1e-12,100,10000,complete_repeat_5x6_vector,delete_one_complete_repeat_5x6_vector,809a3f2f1d77cce8aa4e86320f229cd025238ab79be8d1df66d61a601099ba7f
bdb2023_sack,game_equal_calibrated_brier,10,boosted_structure,attn_relnet,0.005053485275975193,0.0049497259441013035,0.020745948679315084,1.0209626417797013,-0.00305988721151494,0.04486605321009971,0.9969447894721011,1.0458877572180982,0.95,BCa,-0.003759951271145935,-0.020799747211739737,0.020128228446888052,0.9696696798907654,0,0,False,1e-12,100,10000,complete_repeat_5x6_vector,delete_one_complete_repeat_5x6_vector,809a3f2f1d77cce8aa4e86320f229cd025238ab79be8d1df66d61a601099ba7f
bdb2023_sack,game_equal_calibrated_brier,10,boosted_structure,set_transformer,0.005053485275975193,0.005006697911222298,0.009301560660460112,1.009344954615301,-0.014652841244183683,0.03543474682892783,0.9854539892076773,1.036070039066734,0.95,BCa,0.01504033667863567,0.002825491293132411,0.02747611975759301,0.9773106869624761,0,0,False,1e-12,100,10000,complete_repeat_5x6_vector,delete_one_complete_repeat_5x6_vector,809a3f2f1d77cce8aa4e86320f229cd025238ab79be8d1df66d61a601099ba7f
bdb2023_sack,game_equal_calibrated_brier,10,relnet,attn_relnet,0.004952995149409202,0.0049497259441013035,0.0006602640619270092,1.0006604820842242,-0.000777316199538002,0.0025024687707742165,0.9992229858324359,1.0025056025592727,0.95,BCa,0.015541720951108279,0.01656215340867736,0.03086596122530505,0.980198673362118,0,0,False,1e-12,100,10000,complete_repeat_5x6_vector,delete_one_complete_repeat_5x6_vector,809a3f2f1d77cce8aa4e86320f229cd025238ab79be8d1df66d61a601099ba7f
bdb2023_sack,game_equal_calibrated_brier,10,relnet,set_transformer,0.004952995149409202,0.005006697911222298,-0.010784123956928042,0.9892738162426928,-0.03848036021494983,0.019002469791089462,0.9622506029492448,1.0191841657862708,0.95,BCa,0.013536206042278273,0.018319149240450933,0.03102925282439517,0.9803513520453571,0,0,False,1e-12,100,10000,complete_repeat_5x6_vector,delete_one_complete_repeat_5x6_vector,809a3f2f1d77cce8aa4e86320f229cd025238ab79be8d1df66d61a601099ba7f
bdb2023_sack,game_equal_calibrated_brier,10,attn_relnet,set_transformer,0.0049497259441013035,0.005006697911222298,-0.011444388018855002,0.9886208498832545,-0.039346248236491,0.01887455922210859,0.9614177623038357,1.0190538096968673,0.95,BCa,0.015541720951108279,0.01843623432722212,0.031330489124235916,0.9805723771314614,0,0,False,1e-12,100,10000,complete_repeat_5x6_vector,delete_one_complete_repeat_5x6_vector,809a3f2f1d77cce8aa4e86320f229cd025238ab79be8d1df66d61a601099ba7f
bdb2023_sack,game_equal_calibrated_brier,20,linear_structure,boosted_structure,0.005033429935827561,0.005155101186885745,-0.023885098640975665,0.9763978927576227,-0.06319122993979877,0.011239566595234406,0.9387639367521512,1.011302967835364,0.95,BCa,-0.01855011304703817,-0.023742957615937935,0.018103830337194482,0.9669184960543752,0,0,False,1e-12,100,10000,complete_repeat_5x6_vector,delete_one_complete_repeat_5x6_vector,809a3f2f1d77cce8aa4e86320f229cd025238ab79be8d1df66d61a601099ba7f
bdb2023_sack,game_equal_calibrated_brier,20,linear_structure,relnet,0.005033429935827561,0.005008682790805573,0.004928682995687158,1.0049408489328604,-0.035185297482949345,0.048407106106078485,0.9654265085804947,1.0495978660587204,0.95,BCa,0.003509286787335955,0.0005053380305045891,0.025527747807237267,0.9755195892529485,0,0,False,1e-12,100,10000,complete_repeat_5x6_vector,delete_one_complete_repeat_5x6_vector,809a3f2f1d77cce8aa4e86320f229cd025238ab79be8d1df66d61a601099ba7f
bdb2023_sack,game_equal_calibrated_brier,20,linear_structure,attn_relnet,0.005033429935827561,0.005005889447451253,0.005486538760327938,1.0055016173779727,-0.03449547367029711,0.04889339916940496,0.9660927125307356,1.0501084023453333,0.95,BCa,0.007519955698540525,0.0013652244749497399,0.02620603567185975,0.976165248645201,0,0,False,1e-12,100,10000,complete_repeat_5x6_vector,delete_one_complete_repeat_5x6_vector,809a3f2f1d77cce8aa4e86320f229cd025238ab79be8d1df66d61a601099ba7f
bdb2023_sack,game_equal_calibrated_brier,20,linear_structure,set_transformer,0.005033429935827561,0.00501186726212939,0.004293094846494291,1.0043023233797717,-0.027858057410111513,0.048319714640372574,0.9725263999205656,1.0495061441707172,0.95,BCa,0.043629169413567426,0.026303575855254748,0.03747702752078663,0.9845628689899887,0,0,False,1e-12,100,10000,complete_repeat_5x6_vector,delete_one_complete_repeat_5x6_vector,809a3f2f1d77cce8aa4e86320f229cd025238ab79be8d1df66d61a601099ba7f
bdb2023_sack,game_equal_calibrated_brier,20,boosted_structure,relnet,0.005155101186885745,0.005008682790805573,0.028813781636662796,1.0292329145596826,0.003342029124951761,0.05615262094037439,1.0033476199307647,1.0577591076076591,0.95,BCa,0.013285520672133198,0.006469970779388541,0.028119464396487548,0.9778928260844211,0,0,False,1e-12,100,10000,complete_repeat_5x6_vector,delete_one_complete_repeat_5x6_vector,809a3f2f1d77cce8aa4e86320f229cd025238ab79be8d1df66d61a601099ba7f
bdb2023_sack,game_equal_calibrated_brier,20,boosted_structure,attn_relnet,0.005155101186885745,0.005005889447451253,0.02937163740130361,1.0298072382542254,0.003535420184141045,0.05650581642740971,1.0035416771535794,1.05813276933477,0.95,BCa,0.0057652769696068034,0.007410129151759625,0.027394933465884064,0.9772796116945788,0,0,False,1e-12,100,10000,complete_repeat_5x6_vector,delete_one_complete_repeat_5x6_vector,809a3f2f1d77cce8aa4e86320f229cd025238ab79be8d1df66d61a601099ba7f
bdb2023_sack,game_equal_calibrated_brier,20,boosted_structure,set_transformer,0.005155101186885745,0.00501186726212939,0.02817819348746988,1.0285789541631833,-0.005759242327491021,0.05998181774818298,0.9942573103164615,1.0618172401413992,0.95,BCa,-0.0005013256759256268,-0.00128035023879386,0.024655084541158223,0.9746528053525472,0,0,False,1e-12,100,10000,complete_repeat_5x6_vector,delete_one_complete_repeat_5x6_vector,809a3f2f1d77cce8aa4e86320f229cd025238ab79be8d1df66d61a601099ba7f
bdb2023_sack,game_equal_calibrated_brier,20,relnet,attn_relnet,0.005008682790805573,0.005005889447451253,0.0005578557646409622,1.0005580113951065,-0.0017223943962576872,0.0029579434869452578,0.9982790880737157,1.0029623225183593,0.95,BCa,0.009023984261129213,0.014985827044695529,0.02961395953917484,0.9792188897113524,0,0,False,1e-12,100,10000,complete_repeat_5x6_vector,delete_one_complete_repeat_5x6_vector,809a3f2f1d77cce8aa4e86320f229cd025238ab79be8d1df66d61a601099ba7f
bdb2023_sack,game_equal_calibrated_brier,20,relnet,set_transformer,0.005008682790805573,0.00501186726212939,-0.0006355881491928627,0.9993646137941683,-0.03546420858502795,0.0295466258830157,0.965157277956461,1.029987458427071,0.95,BCa,-0.0042612809632602226,-0.015152044933038556,0.02124243478062754,0.9709641434569083,0,0,False,1e-12,100,10000,complete_repeat_5x6_vector,delete_one_complete_repeat_5x6_vector,809a3f2f1d77cce8aa4e86320f229cd025238ab79be8d1df66d61a601099ba7f
bdb2023_sack,game_equal_calibrated_brier,20,attn_relnet,set_transformer,0.005005889447451253,0.00501186726212939,-0.0011934439138337309,0.9988072679571331,-0.03633490953149886,0.029088020931331088,0.9643172803474759,1.0295152093746172,0.95,BCa,-0.006266611701750475,-0.015467020210105558,0.020967267810906576,0.9706294319248714,0,0,False,1e-12,100,10000,complete_repeat_5x6_vector,delete_one_complete_repeat_5x6_vector,809a3f2f1d77cce8aa4e86320f229cd025238ab79be8d1df66d61a601099ba7f
bdb2023_sack,game_equal_calibrated_brier,30,linear_structure,boosted_structure,0.00503216061721172,0.005079204988417261,-0.009305312951732493,0.9907378474952632,-0.039020556158285445,0.02323188535129982,0.9617309394497535,1.0235038475812788,0.95,BCa,0.013034836136889386,0.007548250917647918,0.02834477701847604,0.9780927503284815,0,0,False,1e-12,100,10000,complete_repeat_5x6_vector,delete_one_complete_repeat_5x6_vector,809a3f2f1d77cce8aa4e86320f229cd025238ab79be8d1df66d61a601099ba7f
bdb2023_sack,game_equal_calibrated_brier,30,linear_structure,relnet,0.00503216061721172,0.0049686624837565856,0.012698752115075162,1.0127797236505238,-0.017056142743200626,0.04853036523169707,0.983088489800903,1.049727246547441,0.95,BCa,0.017296597500018798,0.00903929887719901,0.029255778992529624,0.9788491591011806,0,0,False,1e-12,100,10000,complete_repeat_5x6_vector,delete_one_complete_repeat_5x6_vector,809a3f2f1d77cce8aa4e86320f229cd025238ab79be8d1df66d61a601099ba7f
bdb2023_sack,game_equal_calibrated_brier,30,linear_structure,attn_relnet,0.00503216061721172,0.004958446814697969,0.014756888548865466,1.0148663090012877,-0.014970759996215215,0.050402005264957334,0.9851407447010336,1.051693797850081,0.95,BCa,0.018299407668827674,0.008238423341354075,0.02919258041890871,0.9787880750951672,0,0,False,1e-12,100,10000,complete_repeat_5x6_vector,delete_one_complete_repeat_5x6_vector,809a3f2f1d77cce8aa4e86320f229cd025238ab79be8d1df66d61a601099ba7f
bdb2023_sack,game_equal_calibrated_brier,30,linear_structure,set_transformer,0.00503216061721172,0.0049513804999605756,0.01618301146920715,1.0163146656274522,-0.01740390735050333,0.05649992206710228,0.9827466658588832,1.058126532337356,0.95,BCa,0.011781425432631174,0.007680627223677089,0.02821631158974225,0.9779871789438952,0,0,False,1e-12,100,10000,complete_repeat_5x6_vector,delete_one_complete_repeat_5x6_vector,809a3f2f1d77cce8aa4e86320f229cd025238ab79be8d1df66d61a601099ba7f
bdb2023_sack,game_equal_calibrated_brier,30,boosted_structure,relnet,0.005079204988417261,0.0049686624837565856,0.022004065066807535,1.0222479399681619,-0.002033763183407753,0.046922835684343904,0.9979683035116418,1.0480411345824536,0.95,BCa,-0.017798000347151635,-0.00885215990681742,0.021137511931111796,0.9707239795107954,0,0,False,1e-12,100,10000,complete_repeat_5x6_vector,delete_one_complete_repeat_5x6_vector,809a3f2f1d77cce8aa4e86320f229cd025238ab79be8d1df66d61a601099ba7f
bdb2023_sack,game_equal_calibrated_brier,30,boosted_structure,attn_relnet,0.005079204988417261,0.004958446814697969,0.024062201500597926,1.0243540322669866,-0.0003228817451955764,0.04969731763736715,0.9996771703755054,1.0509529433088953,0.95,BCa,-0.01504033667863567,-0.008881100007053064,0.02141802123759251,0.9710767222128474,0,0,False,1e-12,100,10000,complete_repeat_5x6_vector,delete_one_complete_repeat_5x6_vector,809a3f2f1d77cce8aa4e86320f229cd025238ab79be8d1df66d61a601099ba7f
bdb2023_sack,game_equal_calibrated_brier,30,boosted_structure,set_transformer,0.005079204988417261,0.0049513804999605756,0.025488324420939807,1.0258159292055424,0.0014973500201976842,0.054354489124059,1.0014984716084727,1.0558588262924302,0.95,BCa,-0.0002506628300880075,0.0027940896224950347,0.02560071612374193,0.9755952731223071,0,0,False,1e-12,100,10000,complete_repeat_5x6_vector,delete_one_complete_repeat_5x6_vector,809a3f2f1d77cce8aa4e86320f229cd025238ab79be8d1df66d61a601099ba7f
bdb2023_sack,game_equal_calibrated_brier,30,relnet,attn_relnet,0.0049686624837565856,0.004958446814697969,0.0020581364337903035,1.002060255850347,-0.0006099281168265955,0.006036526123219957,0.9993902578515163,1.0060547826639128,0.95,BCa,0.047894904941883386,0.03951322577150172,0.04182754555037488,0.9870856775068113,0,0,False,1e-12,100,10000,complete_repeat_5x6_vector,delete_one_complete_repeat_5x6_vector,809a3f2f1d77cce8aa4e86320f229cd025238ab79be8d1df66d61a601099ba7f
bdb2023_sack,game_equal_calibrated_brier,30,relnet,set_transformer,0.0049686624837565856,0.0049513804999605756,0.003484259354132147,1.0034903364417556,-0.022545728029142512,0.035405201370596516,0.977706527578517,1.0360394283547725,0.95,BCa,0.02632263631095264,0.018416410541034434,0.03282337636586219,0.9816022984881336,0,0,False,1e-12,100,10000,complete_repeat_5x6_vector,delete_one_complete_repeat_5x6_vector,809a3f2f1d77cce8aa4e86320f229cd025238ab79be8d1df66d61a601099ba7f
bdb2023_sack,game_equal_calibrated_brier,30,attn_relnet,set_transformer,0.004958446814697969,0.0049513804999605756,0.001426122920341762,1.0014271403172206,-0.025387353149030154,0.03380578064983866,0.9749321958221319,1.0343836898897127,0.95,BCa,0.02832868807807452,0.014627209428386544,0.03214027374417883,0.9810613171027738,0,0,False,1e-12,100,10000,complete_repeat_5x6_vector,delete_one_complete_repeat_5x6_vector,809a3f2f1d77cce8aa4e86320f229cd025238ab79be8d1df66d61a601099ba7f
bdb2023_sack,game_equal_calibrated_brier,40,linear_structure,boosted_structure,0.004975651061474134,0.0050556288699506345,-0.015946021587780607,0.9841804431191798,-0.057997670179732806,0.017987618835733885,0.9436521459741323,1.0181503704247719,0.95,BCa,-0.0215586730390873,-0.02028408290889324,0.018486566089591705,0.9673730189876807,0,0,False,1e-12,100,10000,complete_repeat_5x6_vector,delete_one_complete_repeat_5x6_vector,809a3f2f1d77cce8aa4e86320f229cd025238ab79be8d1df66d61a601099ba7f
bdb2023_sack,game_equal_calibrated_brier,40,linear_structure,relnet,0.004975651061474134,0.005004094769754858,-0.005700302549026857,0.9943159133490758,-0.04646090232937746,0.026184277455155155,0.954601882550344,1.0265300973989544,0.95,BCa,-0.022060117941149964,-0.02480865314122352,0.017576869821931518,0.9661463051100243,0,0,False,1e-12,100,10000,complete_repeat_5x6_vector,delete_one_complete_repeat_5x6_vector,809a3f2f1d77cce8aa4e86320f229cd025238ab79be8d1df66d61a601099ba7f
bdb2023_sack,game_equal_calibrated_brier,40,linear_structure,attn_relnet,0.004975651061474134,0.00499608303527886,-0.004097983801035768,0.9959104014764267,-0.044769340822490636,0.027959300395130757,0.9562180168591966,1.0283538299751553,0.95,BCa,-0.025570394640762426,-0.025652782285988288,0.017101745629613363,0.965419887947305,0,0,False,1e-12,100,10000,complete_repeat_5x6_vector,delete_one_complete_repeat_5x6_vector,809a3f2f1d77cce8aa4e86320f229cd025238ab79be8d1df66d61a601099ba7f
bdb2023_sack,game_equal_calibrated_brier,40,linear_structure,set_transformer,0.004975651061474134,0.0050762068436827155,-0.020008069692153237,0.9801907634371279,-0.07159434302973004,0.017996209785552383,0.9309084487284519,1.018159117341084,0.95,BCa,-0.024065954281736145,-0.035414196491339756,0.015462572529058527,0.9630817861635196,0,0,False,1e-12,100,10000,complete_repeat_5x6_vector,delete_one_complete_repeat_5x6_vector,809a3f2f1d77cce8aa4e86320f229cd025238ab79be8d1df66d61a601099ba7f
bdb2023_sack,game_equal_calibrated_brier,40,boosted_structure,relnet,0.0050556288699506345,0.005004094769754858,0.01024571903875365,1.0102983861351413,-0.016288579361504126,0.03508214671060721,0.9838433621957843,1.0357047850464602,0.95,BCa,0.004010615991203968,-0.006910905903883371,0.02392239195997009,0.9739124049417235,0,0,False,1e-12,100,10000,complete_repeat_5x6_vector,delete_one_complete_repeat_5x6_vector,809a3f2f1d77cce8aa4e86320f229cd025238ab79be8d1df66d61a601099ba7f
bdb2023_sack,game_equal_calibrated_brier,40,boosted_structure,attn_relnet,0.0050556288699506345,0.00499608303527886,0.011848037786744868,1.0119185038061425,-0.014709845859316594,0.03758848030397268,0.9853978153833902,1.0383038624589933,0.95,BCa,0.004261280963260362,-0.006790777036682252,0.023977657544802855,0.9739696432398328,0,0,False,1e-12,100,10000,complete_repeat_5x6_vector,delete_one_complete_repeat_5x6_vector,809a3f2f1d77cce8aa4e86320f229cd025238ab79be8d1df66d61a601099ba7f
bdb2023_sack,game_equal_calibrated_brier,40,boosted_structure,set_transformer,0.0050556288699506345,0.0050762068436827155,-0.004062048104372677,0.995946190853572,-0.03827408537001779,0.024853268666460253,0.962449111516112,1.0251646857065164,0.95,BCa,-0.033344333975214316,-0.012032970005596574,0.018963725754631955,0.9678160167424001,0,0,False,1e-12,100,10000,complete_repeat_5x6_vector,delete_one_complete_repeat_5x6_vector,809a3f2f1d77cce8aa4e86320f229cd025238ab79be8d1df66d61a601099ba7f
bdb2023_sack,game_equal_calibrated_brier,40,relnet,attn_relnet,0.005004094769754858,0.00499608303527886,0.0016023187479912364,1.00160360314659,-0.0012393268257689836,0.005634566992434911,0.9987614408225665,1.0056504710217729,0.95,BCa,0.02832868807807452,0.026058642418951308,0.03509087637172531,0.9832178898873127,0,0,False,1e-12,100,10000,complete_repeat_5x6_vector,delete_one_complete_repeat_5x6_vector,809a3f2f1d77cce8aa4e86320f229cd025238ab79be8d1df66d61a601099ba7f
bdb2023_sack,game_equal_calibrated_brier,40,relnet,set_transformer,0.005004094769754858,0.0050762068436827155,-0.014307767143126295,0.9857941025359122,-0.05381410507015376,0.008694814872685034,0.9476082456979551,1.0087327245684594,0.95,BCa,-0.061702184885339184,-0.058300228157743335,0.00929914721975339,0.9502634428028062,0,0,False,1e-12,100,10000,complete_repeat_5x6_vector,delete_one_complete_repeat_5x6_vector,809a3f2f1d77cce8aa4e86320f229cd025238ab79be8d1df66d61a601099ba7f
bdb2023_sack,game_equal_calibrated_brier,40,attn_relnet,set_transformer,0.00499608303527886,0.0050762068436827155,-0.0159100858911175,0.9842158109645258,-0.05646286559551868,0.007003121769228191,0.9451015796278581,1.0070277009700304,0.95,BCa,-0.06546973825647305,-0.05792198724004245,0.009134922811235513,0.9496731446918962,0,0,False,1e-12,100,10000,complete_repeat_5x6_vector,delete_one_complete_repeat_5x6_vector,809a3f2f1d77cce8aa4e86320f229cd025238ab79be8d1df66d61a601099ba7f
bdb2023_sack,game_equal_calibrated_brier,50,linear_structure,boosted_structure,0.0049258483325742616,0.00502708906684378,-0.020344592187130764,0.9798609626916593,-0.05911465598529474,0.012165302887489042,0.9425986883798104,1.012239601165997,0.95,BCa,-0.013034836136889386,-0.019648969836350987,0.019432824511552926,0.9687096243372955,0,0,False,1e-12,100,10000,complete_repeat_5x6_vector,delete_one_complete_repeat_5x6_vector,809a3f2f1d77cce8aa4e86320f229cd025238ab79be8d1df66d61a601099ba7f
bdb2023_sack,game_equal_calibrated_brier,50,linear_structure,relnet,0.0049258483325742616,0.0049474723543198465,-0.00438030061139342,0.9956292789131598,-0.04244010009594395,0.026608644198711028,0.958447874737266,1.0269658150790573,0.95,BCa,-0.028830218517740515,-0.03233952679547207,0.015607172867460661,0.9631756499165254,0,0,False,1e-12,100,10000,complete_repeat_5x6_vector,delete_one_complete_repeat_5x6_vector,809a3f2f1d77cce8aa4e86320f229cd025238ab79be8d1df66d61a601099ba7f
bdb2023_sack,game_equal_calibrated_brier,50,linear_structure,attn_relnet,0.0049258483325742616,0.004946334036292794,-0.004150193413590211,0.9958584067375511,-0.04125143378633574,0.026792118782184658,0.9595878268125725,1.0271542544906131,0.95,BCa,-0.023063024512527855,-0.03200993619351406,0.016157291006438035,0.9641296990780104,0,0,False,1e-12,100,10000,complete_repeat_5x6_vector,delete_one_complete_repeat_5x6_vector,809a3f2f1d77cce8aa4e86320f229cd025238ab79be8d1df66d61a601099ba7f
bdb2023_sack,game_equal_calibrated_brier,50,linear_structure,set_transformer,0.0049258483325742616,0.004934697247263444,-0.0017948128717609271,0.9982067968416726,-0.04432151362695947,0.03387832900689823,0.9566463331906956,1.0344587354491666,0.95,BCa,-0.017547298372150796,-0.020432370767006307,0.01883972694874747,0.9678951647856264,0,0,False,1e-12,100,10000,complete_repeat_5x6_vector,delete_one_complete_repeat_5x6_vector,809a3f2f1d77cce8aa4e86320f229cd025238ab79be8d1df66d61a601099ba7f
bdb2023_sack,game_equal_calibrated_brier,50,boosted_structure,relnet,0.00502708906684378,0.0049474723543198465,0.015964291575737324,1.0160924016997117,-0.008355332179644289,0.04351908747213549,0.9916794765945176,1.0444799306033303,0.95,BCa,0.0010026514778481883,0.0004760570313485913,0.025224714821057814,0.9752234490969898,0,0,False,1e-12,100,10000,complete_repeat_5x6_vector,delete_one_complete_repeat_5x6_vector,809a3f2f1d77cce8aa4e86320f229cd025238ab79be8d1df66d61a601099ba7f
bdb2023_sack,game_equal_calibrated_brier,50,boosted_structure,attn_relnet,0.00502708906684378,0.004946334036292794,0.016194398773540616,1.0163262387777416,-0.007585434521147733,0.04339424212527658,0.9924432622822057,1.0443495402835887,0.95,BCa,0.002005303963673465,0.0005097339501381766,0.025350537177992016,0.9753471532807748,0,0,False,1e-12,100,10000,complete_repeat_5x6_vector,delete_one_complete_repeat_5x6_vector,809a3f2f1d77cce8aa4e86320f229cd025238ab79be8d1df66d61a601099ba7f
bdb2023_sack,game_equal_calibrated_brier,50,boosted_structure,set_transformer,0.00502708906684378,0.004934697247263444,0.01854977931536982,1.0187228952356848,-0.01218201891795797,0.05186716429344608,0.9878918814847434,1.0532358258955083,0.95,BCa,0.014037579350310981,0.006714322937993222,0.028273758963220208,0.9780243075729165,0,0,False,1e-12,100,10000,complete_repeat_5x6_vector,delete_one_complete_repeat_5x6_vector,809a3f2f1d77cce8aa4e86320f229cd025238ab79be8d1df66d61a601099ba7f
bdb2023_sack,game_equal_calibrated_brier,50,relnet,attn_relnet,0.0049474723543198465,0.004946334036292794,0.0002301071978031759,1.0002301336744952,-0.002068455796151624,0.003694817552582142,0.9979336819843165,1.003701651805469,0.95,BCa,0.049149695440031456,0.03395861419488008,0.04047243707763848,0.986286125175927,0,0,False,1e-12,100,10000,complete_repeat_5x6_vector,delete_one_complete_repeat_5x6_vector,809a3f2f1d77cce8aa4e86320f229cd025238ab79be8d1df66d61a601099ba7f
bdb2023_sack,game_equal_calibrated_brier,50,relnet,set_transformer,0.0049474723543198465,0.004934697247263444,0.0025854877396324694,1.0025888329954764,-0.0219768459186366,0.02997858213311871,0.9782628855674304,1.0304324640518274,0.95,BCa,0.0335951372418185,0.022006626478643303,0.03480573080265603,0.9829390324580605,0,0,False,1e-12,100,10000,complete_repeat_5x6_vector,delete_one_complete_repeat_5x6_vector,809a3f2f1d77cce8aa4e86320f229cd025238ab79be8d1df66d61a601099ba7f
bdb2023_sack,game_equal_calibrated_brier,50,attn_relnet,set_transformer,0.004946334036292794,0.004934697247263444,0.002355380541829368,1.002358156629731,-0.022045786591684387,0.029193554039852944,0.9781954457903801,1.029623863048112,0.95,BCa,0.03409675013052479,0.02181311296754139,0.03482900229327879,0.9829478665314733,0,0,False,1e-12,100,10000,complete_repeat_5x6_vector,delete_one_complete_repeat_5x6_vector,809a3f2f1d77cce8aa4e86320f229cd025238ab79be8d1df66d61a601099ba7f
bdb2023_sack,game_equal_calibrated_brier,60,linear_structure,boosted_structure,0.004906130150987521,0.005019086124791343,-0.022762395850765962,0.9774947129825317,-0.06263378492989584,0.013810540090716982,0.9392873919093481,1.0139063461358695,0.95,BCa,-0.011781425432631035,-0.007560876555967152,0.022038032201430968,0.9718122125360517,0,0,False,1e-12,100,10000,complete_repeat_5x6_vector,delete_one_complete_repeat_5x6_vector,809a3f2f1d77cce8aa4e86320f229cd025238ab79be8d1df66d61a601099ba7f
bdb2023_sack,game_equal_calibrated_brier,60,linear_structure,relnet,0.004906130150987521,0.004994206170991896,-0.017793000318279482,0.9823643604230935,-0.06243911520321184,0.021601542046945116,0.9394702605281233,1.0218365444439568,0.95,BCa,-0.019302236240380063,-0.01849101968973487,0.019050858873360388,0.9681398385461915,0,0,False,1e-12,100,10000,complete_repeat_5x6_vector,delete_one_complete_repeat_5x6_vector,809a3f2f1d77cce8aa4e86320f229cd025238ab79be8d1df66d61a601099ba7f
bdb2023_sack,game_equal_calibrated_brier,60,linear_structure,attn_relnet,0.004906130150987521,0.004989899991476394,-0.016930393348272364,0.9832121203567273,-0.061693931516140624,0.0213647687199293,0.9401705993488816,1.021594629446302,0.95,BCa,-0.025821140235424707,-0.020440492868830464,0.0180579436703166,0.9667296519826312,0,0,False,1e-12,100,10000,complete_repeat_5x6_vector,delete_one_complete_repeat_5x6_vector,809a3f2f1d77cce8aa4e86320f229cd025238ab79be8d1df66d61a601099ba7f
bdb2023_sack,game_equal_calibrated_brier,60,linear_structure,set_transformer,0.004906130150987521,0.004888177765058064,0.0036658855711069116,1.0036726131479474,-0.03483960022707172,0.03771986814564199,0.9657603115693268,1.038440291924869,0.95,BCa,-0.00726928601715347,-0.008293129807741615,0.022367947789035836,0.9722095612089378,0,0,False,1e-12,100,10000,complete_repeat_5x6_vector,delete_one_complete_repeat_5x6_vector,809a3f2f1d77cce8aa4e86320f229cd025238ab79be8d1df66d61a601099ba7f
bdb2023_sack,game_equal_calibrated_brier,60,boosted_structure,relnet,0.005019086124791343,0.004994206170991896,0.004969395532486443,1.004981763457015,-0.020143473312135306,0.0363095330714139,0.9800580510445575,1.0369767754255843,0.95,BCa,0.01980365774256217,0.017816544432804934,0.031760144907275134,0.980865231786147,0,0,False,1e-12,100,10000,complete_repeat_5x6_vector,delete_one_complete_repeat_5x6_vector,809a3f2f1d77cce8aa4e86320f229cd025238ab79be8d1df66d61a601099ba7f
bdb2023_sack,game_equal_calibrated_brier,60,boosted_structure,attn_relnet,0.005019086124791343,0.004989899991476394,0.005832002502493579,1.00584904173727,-0.01925061596261561,0.03644945934243508,0.9809334938429987,1.0371218858710503,0.95,BCa,0.01955294637696234,0.013906526560160089,0.03075072066808099,0.9800655665142797,0,0,False,1e-12,100,10000,complete_repeat_5x6_vector,delete_one_complete_repeat_5x6_vector,809a3f2f1d77cce8aa4e86320f229cd025238ab79be8d1df66d61a601099ba7f
bdb2023_sack,game_equal_calibrated_brier,60,boosted_structure,set_transformer,0.005019086124791343,0.004888177765058064,0.026428281421872972,1.026780605375902,-0.00410007721467011,0.056509027330092644,0.9959083166261959,1.0581361669015725,0.95,BCa,0.011029388020358915,0.00446926319014702,0.027361064170482785,0.9772249841476413,0,0,False,1e-12,100,10000,complete_repeat_5x6_vector,delete_one_complete_repeat_5x6_vector,809a3f2f1d77cce8aa4e86320f229cd025238ab79be8d1df66d61a601099ba7f
bdb2023_sack,game_equal_calibrated_brier,60,relnet,attn_relnet,0.004994206170991896,0.004989899991476394,0.0008626069700071125,1.0008629791223989,-0.0022823901655272135,0.004302393757245721,0.9977202125064258,1.0043116623408652,0.95,BCa,0.027074892876565376,0.0042891056414598935,0.029384223309096624,0.9788823464881254,0,0,False,1e-12,100,10000,complete_repeat_5x6_vector,delete_one_complete_repeat_5x6_vector,809a3f2f1d77cce8aa4e86320f229cd025238ab79be8d1df66d61a601099ba7f
bdb2023_sack,game_equal_calibrated_brier,60,relnet,set_transformer,0.004994206170991896,0.004888177765058064,0.021458885889386322,1.0216907835659639,-0.0037826876741358243,0.044043288944829714,0.9962244576765016,1.04502759205108,0.95,BCa,-0.0050132775489266585,0.006941506829236321,0.02597492453715916,0.9759696695515618,0,0,False,1e-12,100,10000,complete_repeat_5x6_vector,delete_one_complete_repeat_5x6_vector,809a3f2f1d77cce8aa4e86320f229cd025238ab79be8d1df66d61a601099ba7f
bdb2023_sack,game_equal_calibrated_brier,60,attn_relnet,set_transformer,0.004989899991476394,0.004888177765058064,0.020596278919379228,1.0208098459809432,-0.004707520614316822,0.04326253191569214,0.995303542394262,1.044211997844829,0.95,BCa,-0.005514610154793434,0.006843063277710631,0.025892992244770263,0.9758902426677931,0,0,False,1e-12,100,10000,complete_repeat_5x6_vector,delete_one_complete_repeat_5x6_vector,809a3f2f1d77cce8aa4e86320f229cd025238ab79be8d1df66d61a601099ba7f
bdb2023_sack,game_equal_calibrated_log_loss,10,linear_structure,boosted_structure,0.01584458070221805,0.015656416352297017,0.011946706801124266,1.0120183537335112,-0.026204142597345128,0.05721142648608024,0.9741362066138084,1.058879661936699,0.95,BCa,0.01955294637696234,0.011402785452000139,0.03013223119638464,0.979561891128375,0,0,False,1e-12,100,10000,complete_repeat_5x6_vector,delete_one_complete_repeat_5x6_vector,809a3f2f1d77cce8aa4e86320f229cd025238ab79be8d1df66d61a601099ba7f
bdb2023_sack,game_equal_calibrated_log_loss,10,linear_structure,relnet,0.01584458070221805,0.014858748781519623,0.06423869501776863,1.0663469000784604,0.026518926186344365,0.10284857725755955,1.0268736818804254,1.1083235709744468,0.95,BCa,-0.012784152420787679,-0.015351196270179033,0.02032212921619314,0.9698012627877961,0,0,False,1e-12,100,10000,complete_repeat_5x6_vector,delete_one_complete_repeat_5x6_vector,809a3f2f1d77cce8aa4e86320f229cd025238ab79be8d1df66d61a601099ba7f
bdb2023_sack,game_equal_calibrated_log_loss,10,linear_structure,attn_relnet,0.01584458070221805,0.01481637314315039,0.06709466759170822,1.0693967105939826,0.03019887385674631,0.10507858347984017,1.030659484799893,1.110797897290173,0.95,BCa,-0.01504033667863567,-0.016821059535420516,0.019799278066958637,0.9691377459317263,0,0,False,1e-12,100,10000,complete_repeat_5x6_vector,delete_one_complete_repeat_5x6_vector,809a3f2f1d77cce8aa4e86320f229cd025238ab79be8d1df66d61a601099ba7f
bdb2023_sack,game_equal_calibrated_log_loss,10,linear_structure,set_transformer,0.01584458070221805,0.015197260849407314,0.041712325989116686,1.0425945082620585,-0.001821608084264362,0.0857896766347502,0.9981800500367736,1.0895771406732908,0.95,BCa,-0.010026681100274767,-0.008275132384791549,0.022074983450574792,0.9718654772741165,0,0,False,1e-12,100,10000,complete_repeat_5x6_vector,delete_one_complete_repeat_5x6_vector,809a3f2f1d77cce8aa4e86320f229cd025238ab79be8d1df66d61a601099ba7f
bdb2023_sack,game_equal_calibrated_log_loss,10,boosted_structure,relnet,0.015656416352297017,0.014858748781519623,0.05229198821664445,1.0536833607261389,0.01360484157224802,0.09365358286649082,1.0136978085512744,1.0981792519076317,0.95,BCa,-0.007519955698540525,-0.005346324173891726,0.022971343619360873,0.9728699434199337,0,0,False,1e-12,100,10000,complete_repeat_5x6_vector,delete_one_complete_repeat_5x6_vector,809a3f2f1d77cce8aa4e86320f229cd025238ab79be8d1df66d61a601099ba7f
bdb2023_sack,game_equal_calibrated_log_loss,10,boosted_structure,attn_relnet,0.015656416352297017,0.01481637314315039,0.05514796079058385,1.0566969528257986,0.016362552641715062,0.09637049601672303,1.0164971523356046,1.101166966401003,0.95,BCa,-0.011029388020359056,-0.007240630810739631,0.022186055029561835,0.971983923262119,0,0,False,1e-12,100,10000,complete_repeat_5x6_vector,delete_one_complete_repeat_5x6_vector,809a3f2f1d77cce8aa4e86320f229cd025238ab79be8d1df66d61a601099ba7f
bdb2023_sack,game_equal_calibrated_log_loss,10,boosted_structure,set_transformer,0.015656416352297017,0.015197260849407314,0.029765619187992406,1.0302130434845835,-0.007602863549413659,0.07249753714712533,0.992425965111272,1.0751901580517225,0.95,BCa,0.005514610154793434,0.01275345693276148,0.028624625830033112,0.9783874262708627,0,0,False,1e-12,100,10000,complete_repeat_5x6_vector,delete_one_complete_repeat_5x6_vector,809a3f2f1d77cce8aa4e86320f229cd025238ab79be8d1df66d61a601099ba7f
bdb2023_sack,game_equal_calibrated_log_loss,10,relnet,attn_relnet,0.014858748781519623,0.01481637314315039,0.0028559725739393817,1.002860054748879,0.00033386155439698955,0.007419760419703197,1.0003339172923684,1.0074473550483374,0.95,BCa,0.06195332727242649,0.04530085746437188,0.04591868446268044,0.9889236875164129,0,0,False,1e-12,100,10000,complete_repeat_5x6_vector,delete_one_complete_repeat_5x6_vector,809a3f2f1d77cce8aa4e86320f229cd025238ab79be8d1df66d61a601099ba7f
bdb2023_sack,game_equal_calibrated_log_loss,10,relnet,set_transformer,0.014858748781519623,0.015197260849407314,-0.022526369028651936,0.9777254551828731,-0.06457107222188606,0.021480143205996814,0.9374694838551243,1.0217125022012672,0.95,BCa,0.01804870344078816,0.010666426636318518,0.02975143328666363,0.9792596924993319,0,0,False,1e-12,100,10000,complete_repeat_5x6_vector,delete_one_complete_repeat_5x6_vector,809a3f2f1d77cce8aa4e86320f229cd025238ab79be8d1df66d61a601099ba7f
bdb2023_sack,game_equal_calibrated_log_loss,10,attn_relnet,set_transformer,0.01481637314315039,0.015197260849407314,-0.025382341602591393,0.9749370817523489,-0.06698466757974982,0.01989534995669374,0.9352095402525443,1.0200945814985807,0.95,BCa,0.028830218517740373,0.01309129060011144,0.031820517875376486,0.9808107224955636,0,0,False,1e-12,100,10000,complete_repeat_5x6_vector,delete_one_complete_repeat_5x6_vector,809a3f2f1d77cce8aa4e86320f229cd025238ab79be8d1df66d61a601099ba7f
bdb2023_sack,game_equal_calibrated_log_loss,20,linear_structure,boosted_structure,0.015557265084893959,0.016067532145945893,-0.032272861393227985,0.9682423500748568,-0.07607619988955343,0.014351915632642405,0.9267455859574812,1.0144553988419136,0.95,BCa,0.010528033237178321,-0.010687778421459201,0.02382992025639813,0.973833059934316,0,0,False,1e-12,100,10000,complete_repeat_5x6_vector,delete_one_complete_repeat_5x6_vector,809a3f2f1d77cce8aa4e86320f229cd025238ab79be8d1df66d61a601099ba7f
bdb2023_sack,game_equal_calibrated_log_loss,20,linear_structure,relnet,0.015557265084893959,0.015450030189439998,0.006916780198412425,1.0069407563699944,-0.03704218520054189,0.060251179266896646,0.963635483335489,1.0621032913696673,0.95,BCa,0.02531965065378632,0.012295804741732188,0.031134694372961125,0.980314012211964,0,0,False,1e-12,100,10000,complete_repeat_5x6_vector,delete_one_complete_repeat_5x6_vector,809a3f2f1d77cce8aa4e86320f229cd025238ab79be8d1df66d61a601099ba7f
bdb2023_sack,game_equal_calibrated_log_loss,20,linear_structure,attn_relnet,0.015557265084893959,0.015457299120517657,0.006446410782874724,1.0064672336089822,-0.03803616020701854,0.059791543453035646,0.9626781296213527,1.061615222834416,0.95,BCa,0.01804870344078816,0.01293623949265694,0.030308488364394204,0.9797201952960517,0,0,False,1e-12,100,10000,complete_repeat_5x6_vector,delete_one_complete_repeat_5x6_vector,809a3f2f1d77cce8aa4e86320f229cd025238ab79be8d1df66d61a601099ba7f
bdb2023_sack,game_equal_calibrated_log_loss,20,linear_structure,set_transformer,0.015557265084893959,0.015160018683521199,0.02586612491361043,1.0262035561872074,-0.01885375595764899,0.07840356834370725,0.9813228643719217,1.0815590536024542,0.95,BCa,0.022561568390224718,0.024774162751495438,0.03391690515952955,0.9824624014823964,0,0,False,1e-12,100,10000,complete_repeat_5x6_vector,delete_one_complete_repeat_5x6_vector,809a3f2f1d77cce8aa4e86320f229cd025238ab79be8d1df66d61a601099ba7f
bdb2023_sack,game_equal_calibrated_log_loss,20,boosted_structure,relnet,0.016067532145945893,0.015450030189439998,0.039189641591640435,1.0399676860779181,-0.007628720765945723,0.08416888500312511,0.992400304069963,1.0878125935295833,0.95,BCa,-0.001253314465432556,0.0024890378813622657,0.02541315397306948,0.9754114755673147,0,0,False,1e-12,100,10000,complete_repeat_5x6_vector,delete_one_complete_repeat_5x6_vector,809a3f2f1d77cce8aa4e86320f229cd025238ab79be8d1df66d61a601099ba7f
bdb2023_sack,game_equal_calibrated_log_loss,20,boosted_structure,attn_relnet,0.016067532145945893,0.015457299120517657,0.038719272176102576,1.0394786321122702,-0.009105145600353883,0.08377994361208334,0.9909361807153623,1.0873895804552427,0.95,BCa,-0.0015039775317649809,0.0033738747759231337,0.025583484346114682,0.9755798304148648,0,0,False,1e-12,100,10000,complete_repeat_5x6_vector,delete_one_complete_repeat_5x6_vector,809a3f2f1d77cce8aa4e86320f229cd025238ab79be8d1df66d61a601099ba7f
bdb2023_sack,game_equal_calibrated_log_loss,20,boosted_structure,set_transformer,0.016067532145945893,0.015160018683521199,0.05813898630683831,1.0598622918196765,0.008894332662571816,0.11035924194273115,1.0089340047710746,1.1166791564006642,0.95,BCa,0.015291028334377803,0.022263352338062637,0.03225191863034049,0.98130157680718,0,0,False,1e-12,100,10000,complete_repeat_5x6_vector,delete_one_complete_repeat_5x6_vector,809a3f2f1d77cce8aa4e86320f229cd025238ab79be8d1df66d61a601099ba7f
bdb2023_sack,game_equal_calibrated_log_loss,20,relnet,attn_relnet,0.015450030189439998,0.015457299120517657,-0.00047036941553773855,0.9995297411908132,-0.004040324138701708,0.003586351195202328,0.9959678269894428,1.0035927898474384,0.95,BCa,0.011280066443692957,0.0244197609513319,0.03223718928155389,0.9813385030462096,0,0,False,1e-12,100,10000,complete_repeat_5x6_vector,delete_one_complete_repeat_5x6_vector,809a3f2f1d77cce8aa4e86320f229cd025238ab79be8d1df66d61a601099ba7f
bdb2023_sack,game_equal_calibrated_log_loss,20,relnet,set_transformer,0.015450030189439998,0.015160018683521199,0.018949344715197856,1.0191300229882987,-0.028474184919535017,0.06210541628977238,0.9719273842059136,1.064074509602771,0.95,BCa,0.005263943686483789,-0.00030757506788005247,0.025551609137502707,0.9755409439514721,0,0,False,1e-12,100,10000,complete_repeat_5x6_vector,delete_one_complete_repeat_5x6_vector,809a3f2f1d77cce8aa4e86320f229cd025238ab79be8d1df66d61a601099ba7f
bdb2023_sack,game_equal_calibrated_log_loss,20,attn_relnet,set_transformer,0.015457299120517657,0.015160018683521199,0.0194197141307356,1.0196095033391745,-0.02848033370169245,0.06289958529628188,0.9719214080545283,1.0649199002460052,0.95,BCa,0.0057652769696068034,-0.0012148178243245262,0.02540483731330545,0.9753975299794773,0,0,False,1e-12,100,10000,complete_repeat_5x6_vector,delete_one_complete_repeat_5x6_vector,809a3f2f1d77cce8aa4e86320f229cd025238ab79be8d1df66d61a601099ba7f
bdb2023_sack,game_equal_calibrated_log_loss,30,linear_structure,boosted_structure,0.015376052949860332,0.01558962033072212,-0.013794033496385374,0.9863006682439267,-0.04885217354113365,0.02542200372885839,0.9523218976674663,1.0257478986391115,0.95,BCa,0.021809394804630424,0.006828200121756603,0.029310138675811948,0.9788607271413966,0,0,False,1e-12,100,10000,complete_repeat_5x6_vector,delete_one_complete_repeat_5x6_vector,809a3f2f1d77cce8aa4e86320f229cd025238ab79be8d1df66d61a601099ba7f
bdb2023_sack,game_equal_calibrated_log_loss,30,linear_structure,relnet,0.015376052949860332,0.015239720309377997,0.00890609820430945,1.008945875496051,-0.034354536048262975,0.051268659388833,0.9662288809357044,1.0526056476891805,0.95,BCa,-0.008773311508328193,-0.013898409105506309,0.021031552357807404,0.9706812290142103,0,0,False,1e-12,100,10000,complete_repeat_5x6_vector,delete_one_complete_repeat_5x6_vector,809a3f2f1d77cce8aa4e86320f229cd025238ab79be8d1df66d61a601099ba7f
bdb2023_sack,game_equal_calibrated_log_loss,30,linear_structure,attn_relnet,0.015376052949860332,0.015204059387953961,0.011248838697690083,1.0113123447835675,-0.03228628691294936,0.05306758456114764,0.9682293510053507,1.0545009106923815,0.95,BCa,-0.014789645968119597,-0.013861568414793453,0.020421520572686702,0.9698991617666737,0,0,False,1e-12,100,10000,complete_repeat_5x6_vector,delete_one_complete_repeat_5x6_vector,809a3f2f1d77cce8aa4e86320f229cd025238ab79be8d1df66d61a601099ba7f
bdb2023_sack,game_equal_calibrated_log_loss,30,linear_structure,set_transformer,0.015376052949860332,0.015158452245471037,0.014253015515090138,1.0143550740448655,-0.03400738955021713,0.05798940705507242,0.9665643621352247,1.0597037702671543,0.95,BCa,-0.0215586730390873,-0.014299206097098902,0.019658036922737487,0.9688789836018392,0,0,False,1e-12,100,10000,complete_repeat_5x6_vector,delete_one_complete_repeat_5x6_vector,809a3f2f1d77cce8aa4e86320f229cd025238ab79be8d1df66d61a601099ba7f
bdb2023_sack,game_equal_calibrated_log_loss,30,boosted_structure,relnet,0.01558962033072212,0.015239720309377997,0.022700131700694896,1.022959740352243,-0.019987210821499738,0.06283559803230025,0.9802112093227164,1.0648517611152706,0.95,BCa,-0.02732564844887671,-0.010595871874689864,0.019825714105624836,0.9690163974507904,0,0,False,1e-12,100,10000,complete_repeat_5x6_vector,delete_one_complete_repeat_5x6_vector,809a3f2f1d77cce8aa4e86320f229cd025238ab79be8d1df66d61a601099ba7f
bdb2023_sack,game_equal_calibrated_log_loss,30,boosted_structure,attn_relnet,0.01558962033072212,0.015204059387953961,0.02504287219407544,1.0253590789755553,-0.01767785659536292,0.06637309677040022,0.9824774800251942,1.0686253434626911,0.95,BCa,-0.031588768951337824,-0.006619387577873246,0.0201945818375579,0.9694299994751076,0,0,False,1e-12,100,10000,complete_repeat_5x6_vector,delete_one_complete_repeat_5x6_vector,809a3f2f1d77cce8aa4e86320f229cd025238ab79be8d1df66d61a601099ba7f
bdb2023_sack,game_equal_calibrated_log_loss,30,boosted_structure,set_transformer,0.01558962033072212,0.015158452245471037,0.028047049011475634,1.028444070560034,-0.017977808523013037,0.06853583968137125,0.9821828282040879,1.0709390063759427,0.95,BCa,-0.03209034878725276,-0.009123645134108169,0.01965056281728389,0.968730832723421,0,0,False,1e-12,100,10000,complete_repeat_5x6_vector,delete_one_complete_repeat_5x6_vector,809a3f2f1d77cce8aa4e86320f229cd025238ab79be8d1df66d61a601099ba7f
bdb2023_sack,game_equal_calibrated_log_loss,30,relnet,attn_relnet,0.015239720309377997,0.015204059387953961,0.002342740493380625,1.0023454868541417,-0.0025740492965406823,0.007909210626297536,0.9974292607276856,1.007940571056891,0.95,BCa,0.023815219609409344,0.005071233563849241,0.02914517297074143,0.9787073432817828,0,0,False,1e-12,100,10000,complete_repeat_5x6_vector,delete_one_complete_repeat_5x6_vector,809a3f2f1d77cce8aa4e86320f229cd025238ab79be8d1df66d61a601099ba7f
bdb2023_sack,game_equal_calibrated_log_loss,30,relnet,set_transformer,0.015239720309377997,0.015158452245471037,0.005346917310780733,1.0053612375848755,-0.035278793097214184,0.05647028767618466,0.96533624965552,1.0580951758666737,0.95,BCa,0.03535082016400561,0.029862618209511343,0.037158313229912476,0.9845006795597341,0,0,False,1e-12,100,10000,complete_repeat_5x6_vector,delete_one_complete_repeat_5x6_vector,809a3f2f1d77cce8aa4e86320f229cd025238ab79be8d1df66d61a601099ba7f
bdb2023_sack,game_equal_calibrated_log_loss,30,attn_relnet,set_transformer,0.015204059387953961,0.015158452245471037,0.003004176817400153,1.003008693878793,-0.038842791750871526,0.05347523094356874,0.9619019161766346,1.0549308618019382,0.95,BCa,0.029331756209256883,0.026633978542711424,0.03539036990493449,0.9834110070726478,0,0,False,1e-12,100,10000,complete_repeat_5x6_vector,delete_one_complete_repeat_5x6_vector,809a3f2f1d77cce8aa4e86320f229cd025238ab79be8d1df66d61a601099ba7f
bdb2023_sack,game_equal_calibrated_log_loss,40,linear_structure,boosted_structure,0.015390395836286026,0.015422904879245188,-0.002110066384719406,0.9978921582403772,-0.05323294153777764,0.04736486983090022,0.9481591211121795,1.0485045069565957,0.95,BCa,-0.004762611726370971,-0.011915598879157508,0.021869271781258248,0.9716700135365914,0,0,False,1e-12,100,10000,complete_repeat_5x6_vector,delete_one_complete_repeat_5x6_vector,809a3f2f1d77cce8aa4e86320f229cd025238ab79be8d1df66d61a601099ba7f
bdb2023_sack,game_equal_calibrated_log_loss,40,linear_structure,relnet,0.015390395836286026,0.015358776651579233,0.0020565884082807163,1.0020587046367095,-0.04124816844839211,0.03987585224170413,0.9595909601962295,1.0406815678884644,0.95,BCa,-0.010778710290106233,-0.008439346818868123,0.021960041308504485,0.9717307483409096,0,0,False,1e-12,100,10000,complete_repeat_5x6_vector,delete_one_complete_repeat_5x6_vector,809a3f2f1d77cce8aa4e86320f229cd025238ab79be8d1df66d61a601099ba7f
bdb2023_sack,game_equal_calibrated_log_loss,40,linear_structure,attn_relnet,0.015390395836286026,0.015367929733717043,0.0014608146671077724,1.0014618821766015,-0.041864285324336135,0.03965676776146449,0.958999922104617,1.0404535956815668,0.95,BCa,-0.01153074557586483,-0.009079093193085839,0.02174583550415926,0.9714819346435607,0,0,False,1e-12,100,10000,complete_repeat_5x6_vector,delete_one_complete_repeat_5x6_vector,809a3f2f1d77cce8aa4e86320f229cd025238ab79be8d1df66d61a601099ba7f
bdb2023_sack,game_equal_calibrated_log_loss,40,linear_structure,set_transformer,0.015390395836286026,0.015629396251099728,-0.01540984824203399,0.984708275932483,-0.06408932364759855,0.028781036794577476,0.9379212172446312,1.0291992130422047,0.95,BCa,-0.0077706258524470675,0.0025193996095620725,0.024660957431271335,0.9746536349875958,0,0,False,1e-12,100,10000,complete_repeat_5x6_vector,delete_one_complete_repeat_5x6_vector,809a3f2f1d77cce8aa4e86320f229cd025238ab79be8d1df66d61a601099ba7f
bdb2023_sack,game_equal_calibrated_log_loss,40,boosted_structure,relnet,0.015422904879245188,0.015358776651579233,0.004166654793000061,1.0041753473678752,-0.0452225383290255,0.05058281948285621,0.9557847594212631,1.0518839762345682,0.95,BCa,-0.0050132775489266585,0.010127955917167553,0.026701471973270385,0.9766729348017128,0,0,False,1e-12,100,10000,complete_repeat_5x6_vector,delete_one_complete_repeat_5x6_vector,809a3f2f1d77cce8aa4e86320f229cd025238ab79be8d1df66d61a601099ba7f
bdb2023_sack,game_equal_calibrated_log_loss,40,boosted_structure,attn_relnet,0.015422904879245188,0.015367929733717043,0.0035708810518270176,1.003577264243181,-0.046262365164897484,0.050284507640311706,0.9547914253163318,1.051570233586375,0.95,BCa,-0.0030079584654591762,0.011218850150799835,0.027197211581260927,0.9771350065894087,0,0,False,1e-12,100,10000,complete_repeat_5x6_vector,delete_one_complete_repeat_5x6_vector,809a3f2f1d77cce8aa4e86320f229cd025238ab79be8d1df66d61a601099ba7f
bdb2023_sack,game_equal_calibrated_log_loss,40,boosted_structure,set_transformer,0.015422904879245188,0.015629396251099728,-0.013299781857314655,0.9867882694547455,-0.06758645212206688,0.04410477372847981,0.9346469149139881,1.045091847321826,0.95,BCa,0.003759951271145795,0.027333910609686932,0.03193017283164035,0.9811852535363179,0,0,False,1e-12,100,10000,complete_repeat_5x6_vector,delete_one_complete_repeat_5x6_vector,809a3f2f1d77cce8aa4e86320f229cd025238ab79be8d1df66d61a601099ba7f
bdb2023_sack,game_equal_calibrated_log_loss,40,relnet,attn_relnet,0.015358776651579233,0.015367929733717043,-0.000595773741173099,0.9994044036967629,-0.006290780583540451,0.004899064466312749,0.9937289649499983,1.0049110845035982,0.95,BCa,-0.017296597500018798,-0.002290593509289778,0.02255897519382688,0.9723660706852773,0,0,False,1e-12,100,10000,complete_repeat_5x6_vector,delete_one_complete_repeat_5x6_vector,809a3f2f1d77cce8aa4e86320f229cd025238ab79be8d1df66d61a601099ba7f
bdb2023_sack,game_equal_calibrated_log_loss,40,relnet,set_transformer,0.015358776651579233,0.015629396251099728,-0.017466436650314797,0.982685217319162,-0.051991486134668405,0.012895506103805287,0.9493369493354239,1.012979011705574,0.95,BCa,-0.017296597500018798,-0.004904795410075295,0.0220089375081593,0.9717419733043324,0,0,False,1e-12,100,10000,complete_repeat_5x6_vector,delete_one_complete_repeat_5x6_vector,809a3f2f1d77cce8aa4e86320f229cd025238ab79be8d1df66d61a601099ba7f
bdb2023_sack,game_equal_calibrated_log_loss,40,attn_relnet,set_transformer,0.015367929733717043,0.015629396251099728,-0.01687066290914165,0.9832708498023852,-0.05156161812612921,0.013926365346754625,0.9497451266441653,1.0140237888992967,0.95,BCa,-0.009776005984788104,-0.00536199060147771,0.022720888838377085,0.9725855801464629,0,0,False,1e-12,100,10000,complete_repeat_5x6_vector,delete_one_complete_repeat_5x6_vector,809a3f2f1d77cce8aa4e86320f229cd025238ab79be8d1df66d61a601099ba7f
bdb2023_sack,game_equal_calibrated_log_loss,50,linear_structure,boosted_structure,0.015184018252633633,0.015174720466738399,0.000612527830743252,1.0006127154642233,-0.03890171136607783,0.0424194124939167,0.9618452429554658,1.0433319734639492,0.95,BCa,0.008271967640830167,0.0018238865417385824,0.026403410083205736,0.9763497210622767,0,0,False,1e-12,100,10000,complete_repeat_5x6_vector,delete_one_complete_repeat_5x6_vector,809a3f2f1d77cce8aa4e86320f229cd025238ab79be8d1df66d61a601099ba7f
bdb2023_sack,game_equal_calibrated_log_loss,50,linear_structure,relnet,0.015184018252633633,0.015043025813513883,0.009328961267382304,1.0093726116585595,-0.02665919096068905,0.05171473024674441,0.9736930283687296,1.0530752891323811,0.95,BCa,0.010778710290106094,-0.0013645784579356158,0.025971559348768214,0.9759359633697072,0,0,False,1e-12,100,10000,complete_repeat_5x6_vector,delete_one_complete_repeat_5x6_vector,809a3f2f1d77cce8aa4e86320f229cd025238ab79be8d1df66d61a601099ba7f
bdb2023_sack,game_equal_calibrated_log_loss,50,linear_structure,attn_relnet,0.015184018252633633,0.01503619396001269,0.009783218636430318,1.0098312307631883,-0.024456206157902866,0.050499940035713495,0.9758404237840698,1.0517968002847566,0.95,BCa,0.015541720951108279,-0.001013685576570658,0.026635311095838277,0.9765443031104065,0,0,False,1e-12,100,10000,complete_repeat_5x6_vector,delete_one_complete_repeat_5x6_vector,809a3f2f1d77cce8aa4e86320f229cd025238ab79be8d1df66d61a601099ba7f
bdb2023_sack,game_equal_calibrated_log_loss,50,linear_structure,set_transformer,0.015184018252633633,0.015040187757130119,0.009517641667866603,1.0095630784552758,-0.039423010723995316,0.06076106904685937,0.9613439643173652,1.062644985073507,0.95,BCa,0.009776005984788104,-0.0016829028060966183,0.025777348463412397,0.9757526811493948,0,0,False,1e-12,100,10000,complete_repeat_5x6_vector,delete_one_complete_repeat_5x6_vector,809a3f2f1d77cce8aa4e86320f229cd025238ab79be8d1df66d61a601099ba7f
bdb2023_sack,game_equal_calibrated_log_loss,50,boosted_structure,relnet,0.015174720466738399,0.015043025813513883,0.008716433436639135,1.0087545321571016,-0.02743924011050061,0.04539235484976145,0.972933796107511,1.0464383545370508,0.95,BCa,-0.011781425432631035,-0.009713496597039004,0.021586720800999992,0.9712978121303012,0,0,False,1e-12,100,10000,complete_repeat_5x6_vector,delete_one_complete_repeat_5x6_vector,809a3f2f1d77cce8aa4e86320f229cd025238ab79be8d1df66d61a601099ba7f
bdb2023_sack,game_equal_calibrated_log_loss,50,boosted_structure,attn_relnet,0.015174720466738399,0.01503619396001269,0.009170690805687226,1.0092128704307823,-0.02635851329003184,0.044938929294263165,0.9739858401392092,1.0459639801997012,0.95,BCa,-0.011781425432631035,-0.010722692615252596,0.021376515215640213,0.971055451887997,0,0,False,1e-12,100,10000,complete_repeat_5x6_vector,delete_one_complete_repeat_5x6_vector,809a3f2f1d77cce8aa4e86320f229cd025238ab79be8d1df66d61a601099ba7f
bdb2023_sack,game_equal_calibrated_log_loss,50,boosted_structure,set_transformer,0.015174720466738399,0.015040187757130119,0.008905113837123519,1.0089448823233276,-0.03561460412698481,0.060600004406226565,0.9650121335193809,1.0624738443235975,0.95,BCa,0.01704589771498929,0.01304566167056217,0.030201316300290604,0.9796412653641464,0,0,False,1e-12,100,10000,complete_repeat_5x6_vector,delete_one_complete_repeat_5x6_vector,809a3f2f1d77cce8aa4e86320f229cd025238ab79be8d1df66d61a601099ba7f
bdb2023_sack,game_equal_calibrated_log_loss,50,relnet,attn_relnet,0.015043025813513883,0.01503619396001269,0.0004542573690481899,1.0004543605595513,-0.003983787816300295,0.00551708650418832,0.9960241369393746,1.0055323336529856,0.95,BCa,0.029331756209256883,0.013710158052843082,0.03204769159012055,0.980979091941538,0,0,False,1e-12,100,10000,complete_repeat_5x6_vector,delete_one_complete_repeat_5x6_vector,809a3f2f1d77cce8aa4e86320f229cd025238ab79be8d1df66d61a601099ba7f
bdb2023_sack,game_equal_calibrated_log_loss,50,relnet,set_transformer,0.015043025813513883,0.015040187757130119,0.00018868040048438517,1.0001886982017507,-0.032654864664829655,0.04042595140970291,0.9678725489665385,1.041254203441842,0.95,BCa,0.03560164077923748,0.03246914451503563,0.03790001876976429,0.9849748597215107,0,0,False,1e-12,100,10000,complete_repeat_5x6_vector,delete_one_complete_repeat_5x6_vector,809a3f2f1d77cce8aa4e86320f229cd025238ab79be8d1df66d61a601099ba7f
bdb2023_sack,game_equal_calibrated_log_loss,50,attn_relnet,set_transformer,0.01503619396001269,0.015040187757130119,-0.000265576968563779,0.9997344582938776,-0.033698974923678134,0.03803463192071744,0.9668625106963238,1.0387672067591203,0.95,BCa,0.029331756209256883,0.025861784166584724,0.03518754128898943,0.983270050485205,0,0,False,1e-12,100,10000,complete_repeat_5x6_vector,delete_one_complete_repeat_5x6_vector,809a3f2f1d77cce8aa4e86320f229cd025238ab79be8d1df66d61a601099ba7f
bdb2023_sack,game_equal_calibrated_log_loss,60,linear_structure,boosted_structure,0.0149695895170576,0.015207796630522321,-0.015787454878632198,0.9843365137467294,-0.058142494585322516,0.02448247896470772,0.9435154920086617,1.0247846356621317,0.95,BCa,-0.0025066308995717666,-0.0003334621385188417,0.024634156923473927,0.9746300995924106,0,0,False,1e-12,100,10000,complete_repeat_5x6_vector,delete_one_complete_repeat_5x6_vector,809a3f2f1d77cce8aa4e86320f229cd025238ab79be8d1df66d61a601099ba7f
bdb2023_sack,game_equal_calibrated_log_loss,60,linear_structure,relnet,0.0149695895170576,0.015209835954131815,-0.015921543132007818,0.9842045346314895,-0.06520395044717799,0.03834664242352946,0.9368763675369152,1.0390913636051462,0.95,BCa,0.006015944146675264,0.0056338668327955265,0.027011214411692408,0.9769247972052654,0,0,False,1e-12,100,10000,complete_repeat_5x6_vector,delete_one_complete_repeat_5x6_vector,809a3f2f1d77cce8aa4e86320f229cd025238ab79be8d1df66d61a601099ba7f
bdb2023_sack,game_equal_calibrated_log_loss,60,linear_structure,attn_relnet,0.0149695895170576,0.015209200483118546,-0.015879761991788425,0.9842456566782125,-0.06462838238939546,0.03620056373358104,0.9374157588614785,1.0368637829094898,0.95,BCa,0.0025066308995717666,0.003061320897401918,0.025990521256484822,0.9759700583070761,0,0,False,1e-12,100,10000,complete_repeat_5x6_vector,delete_one_complete_repeat_5x6_vector,809a3f2f1d77cce8aa4e86320f229cd025238ab79be8d1df66d61a601099ba7f
bdb2023_sack,game_equal_calibrated_log_loss,60,linear_structure,set_transformer,0.0149695895170576,0.014619834255810434,0.023641660239859513,1.0239233396991598,-0.02054525921624285,0.06817501395966194,0.9796643566301699,1.0705526537432362,0.95,BCa,-0.011029388020359056,0.011980904651919195,0.026400009952798564,0.9763999826433242,0,0,False,1e-12,100,10000,complete_repeat_5x6_vector,delete_one_complete_repeat_5x6_vector,809a3f2f1d77cce8aa4e86320f229cd025238ab79be8d1df66d61a601099ba7f
bdb2023_sack,game_equal_calibrated_log_loss,60,boosted_structure,relnet,0.015207796630522321,0.015209835954131815,-0.00013408825337564513,0.9998659207360524,-0.03891534066490572,0.04417914543051218,0.961832133768558,1.0451695754716432,0.95,BCa,0.0077706258524470675,0.008436552656592758,0.027887375308157103,0.9777167322906359,0,0,False,1e-12,100,10000,complete_repeat_5x6_vector,delete_one_complete_repeat_5x6_vector,809a3f2f1d77cce8aa4e86320f229cd025238ab79be8d1df66d61a601099ba7f
bdb2023_sack,game_equal_calibrated_log_loss,60,boosted_structure,attn_relnet,0.015207796630522321,0.015209200483118546,-9.230711315626894e-05,0.9999076971470142,-0.03812309698432475,0.04232694120215924,0.962594441125037,1.0432354996692281,0.95,BCa,0.0077706258524470675,0.00778040957160319,0.02773255985341938,0.9775771679098475,0,0,False,1e-12,100,10000,complete_repeat_5x6_vector,delete_one_complete_repeat_5x6_vector,809a3f2f1d77cce8aa4e86320f229cd025238ab79be8d1df66d61a601099ba7f
bdb2023_sack,game_equal_calibrated_log_loss,60,boosted_structure,set_transformer,0.015207796630522321,0.014619834255810434,0.039429115118491606,1.0402167606297048,-0.004601938090632095,0.08486218616539763,0.995408634601953,1.0885670367629778,0.95,BCa,-0.0025066308995717666,0.00370504711700345,0.025539764322134617,0.9755378532099844,0,0,False,1e-12,100,10000,complete_repeat_5x6_vector,delete_one_complete_repeat_5x6_vector,809a3f2f1d77cce8aa4e86320f229cd025238ab79be8d1df66d61a601099ba7f
bdb2023_sack,game_equal_calibrated_log_loss,60,relnet,attn_relnet,0.015209835954131815,0.015209200483118546,4.178114021937881e-05,1.0000417820130634,-0.005539837561165186,0.0053942240661574775,0.9944754790420531,1.0054087990879885,0.95,BCa,0.006015944146675264,0.0042959096698524405,0.026700296956161773,0.9766351187365065,0,0,False,1e-12,100,10000,complete_repeat_5x6_vector,delete_one_complete_repeat_5x6_vector,809a3f2f1d77cce8aa4e86320f229cd025238ab79be8d1df66d61a601099ba7f
bdb2023_sack,game_equal_calibrated_log_loss,60,relnet,set_transformer,0.015209835954131815,0.014619834255810434,0.03956320337186731,1.0403562508300594,0.004089377684021559,0.07603993098443888,1.0040977505983888,1.0790056590552481,0.95,BCa,0.0077706258524470675,0.015970713558922538,0.029688083441431923,0.9792924407315364,0,0,False,1e-12,100,10000,complete_repeat_5x6_vector,delete_one_complete_repeat_5x6_vector,809a3f2f1d77cce8aa4e86320f229cd025238ab79be8d1df66d61a601099ba7f
bdb2023_sack,game_equal_calibrated_log_loss,60,attn_relnet,set_transformer,0.015209200483118546,0.014619834255810434,0.03952142223164803,1.040312784467709,0.004424733018640364,0.07535207984049618,1.004434536603866,1.0782637189797646,0.95,BCa,0.0025066308995717666,0.012443623969312137,0.028169445648650704,0.9780005280694628,0,0,False,1e-12,100,10000,complete_repeat_5x6_vector,delete_one_complete_repeat_5x6_vector,809a3f2f1d77cce8aa4e86320f229cd025238ab79be8d1df66d61a601099ba7f
bdb2023_sack,calibration_bias,10,linear_structure,boosted_structure,0.009177110490715533,0.009274536328302876,-0.010560221961556758,0.9894953414231576,-0.06345808755225078,0.03289752615373655,0.9385134538724516,1.0334446327686562,0.95,BCa,-0.03861166738810877,-0.02200205571957699,0.01662247961170149,0.96444797025351,0,0,False,1e-12,100,10000,complete_repeat_5x6_vector,delete_one_complete_repeat_5x6_vector,809a3f2f1d77cce8aa4e86320f229cd025238ab79be8d1df66d61a601099ba7f
bdb2023_sack,calibration_bias,10,linear_structure,relnet,0.009177110490715533,0.009099005461971505,0.008547276067693428,1.008583908326076,-0.040313286312071435,0.058320160557761125,0.9604884841172621,1.0600543289720465,0.95,BCa,-0.011781425432631035,-0.004715646642414238,0.022640629052694705,0.972486705783401,0,0,False,1e-12,100,10000,complete_repeat_5x6_vector,delete_one_complete_repeat_5x6_vector,809a3f2f1d77cce8aa4e86320f229cd025238ab79be8d1df66d61a601099ba7f
bdb2023_sack,calibration_bias,10,linear_structure,attn_relnet,0.009177110490715533,0.009117489503673037,0.00651790125326779,1.0065391889969797,-0.04233702571398107,0.05608392964882971,0.9585466712512055,1.057686451263872,0.95,BCa,-0.005263943686483789,-0.006037879128745895,0.023071060102658247,0.9729874552061664,0,0,False,1e-12,100,10000,complete_repeat_5x6_vector,delete_one_complete_repeat_5x6_vector,809a3f2f1d77cce8aa4e86320f229cd025238ab79be8d1df66d61a601099ba7f
bdb2023_sack,calibration_bias,10,linear_structure,set_transformer,0.009177110490715533,0.009104473249980418,0.007946535048916499,1.007978192558836,-0.04604519245997964,0.05788018545799855,0.9549988024703138,1.059588034049503,0.95,BCa,-0.029080986449119495,-0.004976732841311944,0.02077435347596074,0.9701785224816544,0,0,False,1e-12,100,10000,complete_repeat_5x6_vector,delete_one_complete_repeat_5x6_vector,809a3f2f1d77cce8aa4e86320f229cd025238ab79be8d1df66d61a601099ba7f
bdb2023_sack,calibration_bias,10,boosted_structure,relnet,0.009274536328302876,0.009099005461971505,0.019107498029250356,1.0192912145250366,-0.028317143414101003,0.06787765666834786,0.9720800291309826,1.070234364431079,0.95,BCa,0.0030079584654591762,-0.0018083135834111015,0.024945466104484004,0.974945752440441,0,0,False,1e-12,100,10000,complete_repeat_5x6_vector,delete_one_complete_repeat_5x6_vector,809a3f2f1d77cce8aa4e86320f229cd025238ab79be8d1df66d61a601099ba7f
bdb2023_sack,calibration_bias,10,boosted_structure,attn_relnet,0.009274536328302876,0.009117489503673037,0.01707812321482447,1.0172247880917846,-0.031025191380296205,0.06579002680849323,0.9694511509557915,1.0680024417396747,0.95,BCa,-0.0010026514778483275,-0.0031115115130970882,0.02419043276341465,0.9741780655143674,0,0,False,1e-12,100,10000,complete_repeat_5x6_vector,delete_one_complete_repeat_5x6_vector,809a3f2f1d77cce8aa4e86320f229cd025238ab79be8d1df66d61a601099ba7f
bdb2023_sack,calibration_bias,10,boosted_structure,set_transformer,0.009274536328302876,0.009104473249980418,0.0185067570104732,1.018679068371454,-0.01972117208524595,0.05819688035952418,0.9804720181651956,1.0599236533192546,0.95,BCa,-0.008271967640830305,0.005653070890756506,0.025300437326500447,0.975304071093685,0,0,False,1e-12,100,10000,complete_repeat_5x6_vector,delete_one_complete_repeat_5x6_vector,809a3f2f1d77cce8aa4e86320f229cd025238ab79be8d1df66d61a601099ba7f
bdb2023_sack,calibration_bias,10,relnet,attn_relnet,0.009099005461971505,0.009117489503673037,-0.0020293748144257252,0.9979726829743993,-0.006895788820751477,0.004180941054122821,0.9931279325737509,1.004189693381576,0.95,BCa,0.019302236240380202,0.025429251974823704,0.03361804238080157,0.982287520828791,0,0,False,1e-12,100,10000,complete_repeat_5x6_vector,delete_one_complete_repeat_5x6_vector,809a3f2f1d77cce8aa4e86320f229cd025238ab79be8d1df66d61a601099ba7f
bdb2023_sack,calibration_bias,10,relnet,set_transformer,0.009099005461971505,0.009104473249980418,-0.0006007410187771502,0.9993994393899805,-0.05314658287103618,0.05189740798779544,0.9482410064054391,1.0532676801195968,0.95,BCa,0.0007519885532624761,0.0037359777173092113,0.025934245454080407,0.9759190189597875,0,0,False,1e-12,100,10000,complete_repeat_5x6_vector,delete_one_complete_repeat_5x6_vector,809a3f2f1d77cce8aa4e86320f229cd025238ab79be8d1df66d61a601099ba7f
bdb2023_sack,calibration_bias,10,attn_relnet,set_transformer,0.009117489503673037,0.009104473249980418,0.0014286337956485994,1.0014296547790555,-0.05151388813326377,0.05402229293895817,0.9497904590541332,1.055508132271164,0.95,BCa,-0.002255967360748947,0.0037396647365493,0.025577218116584755,0.9755745376959158,0,0,False,1e-12,100,10000,complete_repeat_5x6_vector,delete_one_complete_repeat_5x6_vector,809a3f2f1d77cce8aa4e86320f229cd025238ab79be8d1df66d61a601099ba7f
bdb2023_sack,calibration_bias,20,linear_structure,boosted_structure,0.009246983168411214,0.009567625974365165,-0.03408775076391947,0.9664866909708784,-0.09299800272316469,0.018045660367144774,0.9111953202036286,1.0182094671464934,0.95,BCa,-0.018800819591187675,-0.011037516812685848,0.02058826207171971,0.9700578250303612,0,0,False,1e-12,100,10000,complete_repeat_5x6_vector,delete_one_complete_repeat_5x6_vector,809a3f2f1d77cce8aa4e86320f229cd025238ab79be8d1df66d61a601099ba7f
bdb2023_sack,calibration_bias,20,linear_structure,relnet,0.009246983168411214,0.009397102427287135,-0.01610403496787165,0.984024941726717,-0.07401323089563014,0.03674983712703428,0.928659406764316,1.037433461038274,0.95,BCa,-0.024567428181125114,-0.0016316886763448452,0.021923740742174624,0.9715928311271225,0,0,False,1e-12,100,10000,complete_repeat_5x6_vector,delete_one_complete_repeat_5x6_vector,809a3f2f1d77cce8aa4e86320f229cd025238ab79be8d1df66d61a601099ba7f
bdb2023_sack,calibration_bias,20,linear_structure,attn_relnet,0.009246983168411214,0.00931821022860505,-0.007673220326630416,0.9923561436749749,-0.06386466959877336,0.04731554252590271,0.9381319487135168,1.0484527883305705,0.95,BCa,-0.005514610154793434,-0.0017481044267263347,0.023977352195314328,0.9739483914609253,0,0,False,1e-12,100,10000,complete_repeat_5x6_vector,delete_one_complete_repeat_5x6_vector,809a3f2f1d77cce8aa4e86320f229cd025238ab79be8d1df66d61a601099ba7f
bdb2023_sack,calibration_bias,20,linear_structure,set_transformer,0.009246983168411214,0.009261981314045754,-0.0016206361983595347,0.9983806763233484,-0.06113967429969216,0.05697759898368806,0.9406918401256505,1.0586320956950404,0.95,BCa,-0.016544501343174617,0.0006464455455328521,0.023266246489422993,0.9731544009986857,0,0,False,1e-12,100,10000,complete_repeat_5x6_vector,delete_one_complete_repeat_5x6_vector,809a3f2f1d77cce8aa4e86320f229cd025238ab79be8d1df66d61a601099ba7f
bdb2023_sack,calibration_bias,20,boosted_structure,relnet,0.009567625974365165,0.009397102427287135,0.017983715796047788,1.0181463965512247,-0.04308564602865449,0.08050921493357184,0.9578293522738243,1.0838388340990928,0.95,BCa,-0.014288267319718379,0.01037697890996314,0.025653299785661332,0.9756655345816285,0,0,False,1e-12,100,10000,complete_repeat_5x6_vector,delete_one_complete_repeat_5x6_vector,809a3f2f1d77cce8aa4e86320f229cd025238ab79be8d1df66d61a601099ba7f
bdb2023_sack,calibration_bias,20,boosted_structure,attn_relnet,0.009567625974365165,0.00931821022860505,0.02641453043728894,1.0267664862287027,-0.034610863141823864,0.09000677586609739,0.9659812420345754,1.0941816977087622,0.95,BCa,-0.007519955698540525,0.007015783500890265,0.025694584457514658,0.9756974760904733,0,0,False,1e-12,100,10000,complete_repeat_5x6_vector,delete_one_complete_repeat_5x6_vector,809a3f2f1d77cce8aa4e86320f229cd025238ab79be8d1df66d61a601099ba7f
bdb2023_sack,calibration_bias,20,boosted_structure,set_transformer,0.009567625974365165,0.009261981314045754,0.03246711456555983,1.0329999219341872,-0.017924673914922865,0.08624964535195738,0.9822350174902538,1.0900784273522417,0.95,BCa,-0.0030079584654591762,0.0077143114456189954,0.0263911305092685,0.9763689710999011,0,0,False,1e-12,100,10000,complete_repeat_5x6_vector,delete_one_complete_repeat_5x6_vector,809a3f2f1d77cce8aa4e86320f229cd025238ab79be8d1df66d61a601099ba7f
bdb2023_sack,calibration_bias,20,relnet,attn_relnet,0.009397102427287135,0.00931821022860505,0.008430814641241185,1.0084664540449948,-0.0022342190974631113,0.030730406159613505,0.9977682749122908,1.0312074592294744,0.95,BCa,0.06923822116766833,0.06761452998673757,0.05400809132923051,0.9922637874668871,0,0,False,1e-12,100,10000,complete_repeat_5x6_vector,delete_one_complete_repeat_5x6_vector,809a3f2f1d77cce8aa4e86320f229cd025238ab79be8d1df66d61a601099ba7f
bdb2023_sack,calibration_bias,20,relnet,set_transformer,0.009397102427287135,0.009261981314045754,0.014483398769512159,1.0145887913892109,-0.055939627928991535,0.07302437466647606,0.9455962217694286,1.0757567578073204,0.95,BCa,-0.019552946376962203,-0.02726355233241772,0.017343385665638533,0.9658758017198854,0,0,False,1e-12,100,10000,complete_repeat_5x6_vector,delete_one_complete_repeat_5x6_vector,809a3f2f1d77cce8aa4e86320f229cd025238ab79be8d1df66d61a601099ba7f
bdb2023_sack,calibration_bias,20,attn_relnet,set_transformer,0.00931821022860505,0.009261981314045754,0.006052584128270928,1.0060709380264055,-0.06538551342235899,0.0656140760465871,0.9367062809174319,1.0678145424273313,0.95,BCa,-0.021809394804630282,-0.02200171967795891,0.018133003297093497,0.9669007494283731,0,0,False,1e-12,100,10000,complete_repeat_5x6_vector,delete_one_complete_repeat_5x6_vector,809a3f2f1d77cce8aa4e86320f229cd025238ab79be8d1df66d61a601099ba7f
bdb2023_sack,calibration_bias,30,linear_structure,boosted_structure,0.00914409954993422,0.00916875661267705,-0.0026928707814933843,0.9973107517426368,-0.04383643069776155,0.04402371866000715,0.9571104985664546,1.0450071407635755,0.95,BCa,0.027576405739391723,0.017286641563589798,0.03271218097038098,0.9815031782211425,0,0,False,1e-12,100,10000,complete_repeat_5x6_vector,delete_one_complete_repeat_5x6_vector,809a3f2f1d77cce8aa4e86320f229cd025238ab79be8d1df66d61a601099ba7f
bdb2023_sack,calibration_bias,30,linear_structure,relnet,0.00914409954993422,0.009208145475725541,-0.006979656789083215,0.9930446444444043,-0.0639001928669982,0.05392892202939463,0.9380986237925809,1.0554095831176857,0.95,BCa,0.03133798202142648,0.010287479736986923,0.03145923711897847,0.9805046895043708,0,0,False,1e-12,100,10000,complete_repeat_5x6_vector,delete_one_complete_repeat_5x6_vector,809a3f2f1d77cce8aa4e86320f229cd025238ab79be8d1df66d61a601099ba7f
bdb2023_sack,calibration_bias,30,linear_structure,attn_relnet,0.00914409954993422,0.009147334832415303,-0.0003537483662782726,0.9996463141952978,-0.05805283765825003,0.05917593762998421,0.9436000885005945,1.0609618874405684,0.95,BCa,0.026071887453559192,0.008319708465325499,0.030245500731976183,0.9795959662919919,0,0,False,1e-12,100,10000,complete_repeat_5x6_vector,delete_one_complete_repeat_5x6_vector,809a3f2f1d77cce8aa4e86320f229cd025238ab79be8d1df66d61a601099ba7f
bdb2023_sack,calibration_bias,30,linear_structure,set_transformer,0.00914409954993422,0.009703364309741887,-0.05936384808504219,0.9423638294971383,-0.10601232061407788,-0.0068187943680559325,0.8994135666802079,0.9932044008591552,0.95,BCa,0.009023984261129213,0.008284702237465188,0.028009705246209993,0.9778195024372001,0,0,False,1e-12,100,10000,complete_repeat_5x6_vector,delete_one_complete_repeat_5x6_vector,809a3f2f1d77cce8aa4e86320f229cd025238ab79be8d1df66d61a601099ba7f
bdb2023_sack,calibration_bias,30,boosted_structure,relnet,0.00916875661267705,0.009208145475725541,-0.004286786007589806,0.995722389144228,-0.06026168738661596,0.049180384562922036,0.9415181179279882,1.0504098113663407,0.95,BCa,0.002255967360748947,0.0008778879490847559,0.02546356956200385,0.9754580346227826,0,0,False,1e-12,100,10000,complete_repeat_5x6_vector,delete_one_complete_repeat_5x6_vector,809a3f2f1d77cce8aa4e86320f229cd025238ab79be8d1df66d61a601099ba7f
bdb2023_sack,calibration_bias,30,boosted_structure,attn_relnet,0.00916875661267705,0.009147334832415303,0.00233912241521516,1.002341860296382,-0.0513944624307733,0.05465795920747872,0.9499038952203865,1.0561792964826229,0.95,BCa,0.015291028334377803,-0.0003794015488591759,0.02675279475976633,0.9766530884213416,0,0,False,1e-12,100,10000,complete_repeat_5x6_vector,delete_one_complete_repeat_5x6_vector,809a3f2f1d77cce8aa4e86320f229cd025238ab79be8d1df66d61a601099ba7f
bdb2023_sack,calibration_bias,30,boosted_structure,set_transformer,0.00916875661267705,0.009703364309741887,-0.05667097730354871,0.9449049133888432,-0.11518762899293583,-0.0012238128940294671,0.8911989134640435,0.998776935659576,0.95,BCa,-0.02807792553819829,-0.0175191460739059,0.018405252919422854,0.9671572583682586,0,0,False,1e-12,100,10000,complete_repeat_5x6_vector,delete_one_complete_repeat_5x6_vector,809a3f2f1d77cce8aa4e86320f229cd025238ab79be8d1df66d61a601099ba7f
bdb2023_sack,calibration_bias,30,relnet,attn_relnet,0.009208145475725541,0.009147334832415303,0.006625908422804984,1.0066479083169388,-0.0035502761620736915,0.016553485271000097,0.9964560186167353,1.0166912533390786,0.95,BCa,-0.012784152420787679,-0.00011611591876197066,0.02351753442674659,0.9734407018125858,0,0,False,1e-12,100,10000,complete_repeat_5x6_vector,delete_one_complete_repeat_5x6_vector,809a3f2f1d77cce8aa4e86320f229cd025238ab79be8d1df66d61a601099ba7f
bdb2023_sack,calibration_bias,30,relnet,set_transformer,0.009208145475725541,0.009703364309741887,-0.052384191295959,0.9489642130081459,-0.11697919392578052,0.007304647165349741,0.8896037021315136,1.0073313911793251,0.95,BCa,-0.030084076620189106,-0.023393935637876787,0.01711708214292751,0.9653478081937423,0,0,False,1e-12,100,10000,complete_repeat_5x6_vector,delete_one_complete_repeat_5x6_vector,809a3f2f1d77cce8aa4e86320f229cd025238ab79be8d1df66d61a601099ba7f
bdb2023_sack,calibration_bias,30,attn_relnet,set_transformer,0.009147334832415303,0.009703364309741887,-0.05901009971876392,0.9426972481319343,-0.12302484011900958,0.0006367953528536938,0.884241697619014,1.000636998150059,0.95,BCa,-0.032591936696663076,-0.019913044712210146,0.017538223729842928,0.9658893273521447,0,0,False,1e-12,100,10000,complete_repeat_5x6_vector,delete_one_complete_repeat_5x6_vector,809a3f2f1d77cce8aa4e86320f229cd025238ab79be8d1df66d61a601099ba7f
bdb2023_sack,calibration_bias,40,linear_structure,boosted_structure,0.009347436686276852,0.009181132396809923,0.017951602716801376,1.0181137012602839,-0.024455572256521372,0.06131133217748048,0.9758410423708586,1.0632298803381237,0.95,BCa,0.004511946203065806,-0.004456137744686005,0.024526585729465977,0.9745273439546098,0,0,False,1e-12,100,10000,complete_repeat_5x6_vector,delete_one_complete_repeat_5x6_vector,809a3f2f1d77cce8aa4e86320f229cd025238ab79be8d1df66d61a601099ba7f
bdb2023_sack,calibration_bias,40,linear_structure,relnet,0.009347436686276852,0.009399922820052729,-0.005599324095613455,0.9944163229017254,-0.07418707285930017,0.05238056357973275,0.9284979808211714,1.0537766952459038,0.95,BCa,-0.029582527813948944,-0.02763466751445938,0.016385438858492307,0.9643087991691204,0,0,False,1e-12,100,10000,complete_repeat_5x6_vector,delete_one_complete_repeat_5x6_vector,809a3f2f1d77cce8aa4e86320f229cd025238ab79be8d1df66d61a601099ba7f
bdb2023_sack,calibration_bias,40,linear_structure,attn_relnet,0.009347436686276852,0.009358390773847272,-0.0011711953235870544,0.9988294902579798,-0.07561882773206186,0.05269242100820913,0.927169550532982,1.0541053745841542,0.95,BCa,-0.04864777006503447,-0.041980544544504395,0.012473322082942384,0.9573473071058911,0,0,False,1e-12,100,10000,complete_repeat_5x6_vector,delete_one_complete_repeat_5x6_vector,809a3f2f1d77cce8aa4e86320f229cd025238ab79be8d1df66d61a601099ba7f
bdb2023_sack,calibration_bias,40,linear_structure,set_transformer,0.009347436686276852,0.008984586595628046,0.03959164584022041,1.0403858415506142,-0.005240225330168822,0.08724874382245018,0.9947734806992415,1.0911680672798796,0.95,BCa,0.02030508422389927,0.011412006661339676,0.030235172874476524,0.9796395505229323,0,0,False,1e-12,100,10000,complete_repeat_5x6_vector,delete_one_complete_repeat_5x6_vector,809a3f2f1d77cce8aa4e86320f229cd025238ab79be8d1df66d61a601099ba7f
bdb2023_sack,calibration_bias,40,boosted_structure,relnet,0.009181132396809923,0.009399922820052729,-0.02355092681241472,0.9767242319504941,-0.10536083301309307,0.03237616918766468,0.8999997143803052,1.0329059796377948,0.95,BCa,-0.04287647717179934,-0.04310500026230209,0.012709813005380988,0.9579953529311416,0,0,False,1e-12,100,10000,complete_repeat_5x6_vector,delete_one_complete_repeat_5x6_vector,809a3f2f1d77cce8aa4e86320f229cd025238ab79be8d1df66d61a601099ba7f
bdb2023_sack,calibration_bias,40,boosted_structure,attn_relnet,0.009181132396809923,0.009358390773847272,-0.01912279804038844,0.981058882737328,-0.10759458414212365,0.036633959507904684,0.8979915826704066,1.037313252683667,0.95,BCa,-0.06119991177015732,-0.050823557899318444,0.010340660840729266,0.9525854106846576,0,0,False,1e-12,100,10000,complete_repeat_5x6_vector,delete_one_complete_repeat_5x6_vector,809a3f2f1d77cce8aa4e86320f229cd025238ab79be8d1df66d61a601099ba7f
bdb2023_sack,calibration_bias,40,boosted_structure,set_transformer,0.009181132396809923,0.008984586595628046,0.02164004312341898,1.021875887008259,-0.040450490143618054,0.07318627683193532,0.9603567104572169,1.075930939255713,0.95,BCa,-0.014789645968119597,-0.009106808171280102,0.021397408640843718,0.971054803371725,0,0,False,1e-12,100,10000,complete_repeat_5x6_vector,delete_one_complete_repeat_5x6_vector,809a3f2f1d77cce8aa4e86320f229cd025238ab79be8d1df66d61a601099ba7f
bdb2023_sack,calibration_bias,40,relnet,attn_relnet,0.009399922820052729,0.009358390773847272,0.00442812877202629,1.0044379474216358,-0.013412605948329562,0.01733724527827511,0.9866769422455338,1.0174884076312125,0.95,BCa,-0.06019541172895663,-0.02616236219291815,0.014150719378700938,0.9599081234208232,0,0,False,1e-12,100,10000,complete_repeat_5x6_vector,delete_one_complete_repeat_5x6_vector,809a3f2f1d77cce8aa4e86320f229cd025238ab79be8d1df66d61a601099ba7f
bdb2023_sack,calibration_bias,40,relnet,set_transformer,0.009399922820052729,0.008984586595628046,0.0451909699358337,1.0462276388572833,-0.011861945142142123,0.1039636616158403,0.9882081303781368,1.1095601345605808,0.95,BCa,0.014789645968119597,0.01349840253176934,0.030011986836303184,0.9795046429357824,0,0,False,1e-12,100,10000,complete_repeat_5x6_vector,delete_one_complete_repeat_5x6_vector,809a3f2f1d77cce8aa4e86320f229cd025238ab79be8d1df66d61a601099ba7f
bdb2023_sack,calibration_bias,40,attn_relnet,set_transformer,0.009358390773847272,0.008984586595628046,0.04076284116380744,1.0416050504094558,-0.009717060184855924,0.10255955125699052,0.9903299978990399,1.108003282933407,0.95,BCa,0.043629169413567426,0.030937254549873467,0.0387438986542189,0.9853573040152317,0,0,False,1e-12,100,10000,complete_repeat_5x6_vector,delete_one_complete_repeat_5x6_vector,809a3f2f1d77cce8aa4e86320f229cd025238ab79be8d1df66d61a601099ba7f
bdb2023_sack,calibration_bias,50,linear_structure,boosted_structure,0.009520891649418545,0.009200163404617068,0.03426725980191355,1.0348611465575188,-0.002287883501126597,0.07137652694131012,0.9977147317095182,1.0739855342353013,0.95,BCa,0.0010026514778481883,-0.009041222802514374,0.023115384718954135,0.9730604891009833,0,0,False,1e-12,100,10000,complete_repeat_5x6_vector,delete_one_complete_repeat_5x6_vector,809a3f2f1d77cce8aa4e86320f229cd025238ab79be8d1df66d61a601099ba7f
bdb2023_sack,calibration_bias,50,linear_structure,relnet,0.009520891649418545,0.009101791701001125,0.04501722070822461,1.0460458734043894,-0.014404473141058525,0.10381706292968791,0.98569877494292,1.1093974864249398,0.95,BCa,0.011781425432631174,-0.008249739425683675,0.024521147982702107,0.9745289403136589,0,0,False,1e-12,100,10000,complete_repeat_5x6_vector,delete_one_complete_repeat_5x6_vector,809a3f2f1d77cce8aa4e86320f229cd025238ab79be8d1df66d61a601099ba7f
bdb2023_sack,calibration_bias,50,linear_structure,attn_relnet,0.009520891649418545,0.008994179453594743,0.056910864331100555,1.05856145060718,-0.0029391779659345167,0.11721240106276903,0.9970651371889185,1.1243582192107586,0.95,BCa,0.011280066443692957,0.0007997908274052409,0.02653373540209164,0.9764631694351333,0,0,False,1e-12,100,10000,complete_repeat_5x6_vector,delete_one_complete_repeat_5x6_vector,809a3f2f1d77cce8aa4e86320f229cd025238ab79be8d1df66d61a601099ba7f
bdb2023_sack,calibration_bias,50,linear_structure,set_transformer,0.009520891649418545,0.009065246158911102,0.04904050636086442,1.0502628922061366,-0.0065137075870836635,0.1104306396278456,0.9935074606200736,1.1167588875537227,0.95,BCa,0.029331756209256883,0.013822098840691759,0.03207615379720652,0.9810008082853048,0,0,False,1e-12,100,10000,complete_repeat_5x6_vector,delete_one_complete_repeat_5x6_vector,809a3f2f1d77cce8aa4e86320f229cd025238ab79be8d1df66d61a601099ba7f
bdb2023_sack,calibration_bias,50,boosted_structure,relnet,0.009200163404617068,0.009101791701001125,0.010749960906311019,1.0108079493409108,-0.042264924775951396,0.06561433772457845,0.958615785856932,1.0678148218509325,0.95,BCa,0.012282787382975733,0.0011811067387354683,0.026745965532332827,0.9766568206551189,0,0,False,1e-12,100,10000,complete_repeat_5x6_vector,delete_one_complete_repeat_5x6_vector,809a3f2f1d77cce8aa4e86320f229cd025238ab79be8d1df66d61a601099ba7f
bdb2023_sack,calibration_bias,50,boosted_structure,attn_relnet,0.009200163404617068,0.008994179453594743,0.022643604529186876,1.022901916965866,-0.03125048512327021,0.0771059168562485,0.9692327642788618,1.0801564771123233,0.95,BCa,0.013786892263084145,0.006135073160010281,0.028103506097087283,0.9778758541313597,0,0,False,1e-12,100,10000,complete_repeat_5x6_vector,delete_one_complete_repeat_5x6_vector,809a3f2f1d77cce8aa4e86320f229cd025238ab79be8d1df66d61a601099ba7f
bdb2023_sack,calibration_bias,50,boosted_structure,set_transformer,0.009200163404617068,0.009065246158911102,0.01477324655895099,1.0148829103303878,-0.04648677788159386,0.07384448634416875,0.9545771820190575,1.0766393603536137,0.95,BCa,0.01504033667863567,0.0017525260254659329,0.027222667040156745,0.9770822142283766,0,0,False,1e-12,100,10000,complete_repeat_5x6_vector,delete_one_complete_repeat_5x6_vector,809a3f2f1d77cce8aa4e86320f229cd025238ab79be8d1df66d61a601099ba7f
bdb2023_sack,calibration_bias,50,relnet,attn_relnet,0.009101791701001125,0.008994179453594743,0.01189364362287583,1.0119646542479617,2.9956449791789917e-05,0.02558575030304614,1.0000299568984907,1.0259158750959032,0.95,BCa,0.032341141724867746,0.03564177719834578,0.03825039748065728,0.9852571854661751,0,0,False,1e-12,100,10000,complete_repeat_5x6_vector,delete_one_complete_repeat_5x6_vector,809a3f2f1d77cce8aa4e86320f229cd025238ab79be8d1df66d61a601099ba7f
bdb2023_sack,calibration_bias,50,relnet,set_transformer,0.009101791701001125,0.009065246158911102,0.00402328565263975,1.0040313899313256,-0.04824748279526129,0.057988520498519464,0.9528979320498554,1.0597028307802492,0.95,BCa,0.01679519900129641,0.007135142887056461,0.02872965941634692,0.9784032674271593,0,0,False,1e-12,100,10000,complete_repeat_5x6_vector,delete_one_complete_repeat_5x6_vector,809a3f2f1d77cce8aa4e86320f229cd025238ab79be8d1df66d61a601099ba7f
bdb2023_sack,calibration_bias,50,attn_relnet,set_transformer,0.008994179453594743,0.009065246158911102,-0.007870357970235971,0.992160532205019,-0.05891417849834048,0.044440472039553564,0.942787677139426,1.045442741783933,0.95,BCa,0.014037579350310981,0.0022957198640025656,0.02722530650009286,0.9770887966756263,0,0,False,1e-12,100,10000,complete_repeat_5x6_vector,delete_one_complete_repeat_5x6_vector,809a3f2f1d77cce8aa4e86320f229cd025238ab79be8d1df66d61a601099ba7f
bdb2023_sack,calibration_bias,60,linear_structure,boosted_structure,0.009446175043522919,0.009110747461370373,0.03615514591506815,1.0368166918877688,-0.015629864559158723,0.08163801527467336,0.9844916478758976,1.0850629625130273,0.95,BCa,-0.010528033237178321,-0.015704018172125925,0.02047957140341139,0.9700140881755751,0,0,False,1e-12,100,10000,complete_repeat_5x6_vector,delete_one_complete_repeat_5x6_vector,809a3f2f1d77cce8aa4e86320f229cd025238ab79be8d1df66d61a601099ba7f
bdb2023_sack,calibration_bias,60,linear_structure,relnet,0.009446175043522919,0.009328740230833516,0.012509920017895821,1.012588496386817,-0.03258247719126719,0.06007274408479001,0.96794261335095,1.061913791682664,0.95,BCa,0.0012533144654324167,0.0002286669330067899,0.025198407286979196,0.9751972720462171,0,0,False,1e-12,100,10000,complete_repeat_5x6_vector,delete_one_complete_repeat_5x6_vector,809a3f2f1d77cce8aa4e86320f229cd025238ab79be8d1df66d61a601099ba7f
bdb2023_sack,calibration_bias,60,linear_structure,attn_relnet,0.009446175043522919,0.009303851377680389,0.015181461205400043,1.0152972849699597,-0.028766907172107635,0.0618313709304727,0.9716429210690481,1.0637829448742704,0.95,BCa,0.005263943686483789,-0.00040346458770134877,0.025529778364117905,0.9755197150949027,0,0,False,1e-12,100,10000,complete_repeat_5x6_vector,delete_one_complete_repeat_5x6_vector,809a3f2f1d77cce8aa4e86320f229cd025238ab79be8d1df66d61a601099ba7f
bdb2023_sack,calibration_bias,60,linear_structure,set_transformer,0.009446175043522919,0.009106508365218176,0.03662053941550132,1.0372993319373738,-0.010105086443101605,0.089687912562044,0.9899457984000941,1.0938328589362933,0.95,BCa,0.02055579937118015,0.006404871101354438,0.029042405920788716,0.9786442988641749,0,0,False,1e-12,100,10000,complete_repeat_5x6_vector,delete_one_complete_repeat_5x6_vector,809a3f2f1d77cce8aa4e86320f229cd025238ab79be8d1df66d61a601099ba7f
bdb2023_sack,calibration_bias,60,boosted_structure,relnet,0.009110747461370373,0.009328740230833516,-0.02364522589717229,0.976632132091895,-0.0720642663898532,0.033594563770621415,0.9304710958714688,1.034165233666454,0.95,BCa,0.01855011304703803,0.007241658132428582,0.028983478511526106,0.9786085816688351,0,0,False,1e-12,100,10000,complete_repeat_5x6_vector,delete_one_complete_repeat_5x6_vector,809a3f2f1d77cce8aa4e86320f229cd025238ab79be8d1df66d61a601099ba7f
bdb2023_sack,calibration_bias,60,boosted_structure,attn_relnet,0.009110747461370373,0.009303851377680389,-0.020973684709668185,0.9792447333398655,-0.06935639925758363,0.0360878531502739,0.9329941024110763,1.036746923973451,0.95,BCa,0.021809394804630424,0.009101298083035468,0.02986717490766516,0.9793240405606367,0,0,False,1e-12,100,10000,complete_repeat_5x6_vector,delete_one_complete_repeat_5x6_vector,809a3f2f1d77cce8aa4e86320f229cd025238ab79be8d1df66d61a601099ba7f
bdb2023_sack,calibration_bias,60,boosted_structure,set_transformer,0.009110747461370373,0.009106508365218176,0.00046539350043305446,1.0004655018127901,-0.05749101918511966,0.0657910137758514,0.9441303694084184,1.0680034958237434,0.95,BCa,0.014789645968119597,0.005386942393084198,0.028052866990508407,0.9778254574558314,0,0,False,1e-12,100,10000,complete_repeat_5x6_vector,delete_one_complete_repeat_5x6_vector,809a3f2f1d77cce8aa4e86320f229cd025238ab79be8d1df66d61a601099ba7f
bdb2023_sack,calibration_bias,60,relnet,attn_relnet,0.009328740230833516,0.009303851377680389,0.0026715411875043067,1.0026751129336433,-0.006564719792043711,0.011145516296898266,0.993456780906516,1.0112078589621099,0.95,BCa,-0.0010026514778483275,-0.004869533875182357,0.023802642377681427,0.9737766115502844,0,0,False,1e-12,100,10000,complete_repeat_5x6_vector,delete_one_complete_repeat_5x6_vector,809a3f2f1d77cce8aa4e86320f229cd025238ab79be8d1df66d61a601099ba7f
bdb2023_sack,calibration_bias,60,relnet,set_transformer,0.009328740230833516,0.009106508365218176,0.024110619397605285,1.0244036305357322,-0.018152279713960835,0.06547950072731704,0.9820114805443725,1.0676708506132657,0.95,BCa,0.0030079584654591762,-0.0016389248971225999,0.024983591302488395,0.9749836874340254,0,0,False,1e-12,100,10000,complete_repeat_5x6_vector,delete_one_complete_repeat_5x6_vector,809a3f2f1d77cce8aa4e86320f229cd025238ab79be8d1df66d61a601099ba7f
bdb2023_sack,calibration_bias,60,attn_relnet,set_transformer,0.009303851377680389,0.009106508365218176,0.021439078210101124,1.0216705464430202,-0.01892928526466971,0.0632502103668793,0.9812487485350063,1.0652933533283904,0.95,BCa,0.01428826731971852,0.00013246648674391335,0.026748569332458394,0.9766525421650936,0,0,False,1e-12,100,10000,complete_repeat_5x6_vector,delete_one_complete_repeat_5x6_vector,809a3f2f1d77cce8aa4e86320f229cd025238ab79be8d1df66d61a601099ba7f
bdb2023_sack,game_equal_calibration_bias,10,linear_structure,boosted_structure,0.009517651407129554,0.00955003544480267,-0.0033967485475893586,0.9966090138764102,-0.05596774931338843,0.039600848872236374,0.945569630668483,1.0403954162988813,0.95,BCa,-0.0363541161267396,-0.023764219824862782,0.016499469662371036,0.964318896353242,0,0,False,1e-12,100,10000,complete_repeat_5x6_vector,delete_one_complete_repeat_5x6_vector,809a3f2f1d77cce8aa4e86320f229cd025238ab79be8d1df66d61a601099ba7f
bdb2023_sack,game_equal_calibration_bias,10,linear_structure,relnet,0.009517651407129554,0.009356723420715713,0.017052950121636178,1.0171991817196977,-0.03082845925824841,0.06678740347682273,0.9696418918997608,1.0690681738366032,0.95,BCa,-0.012533469508069278,-0.0036693052029381163,0.022781932989118014,0.9726391881379859,0,0,False,1e-12,100,10000,complete_repeat_5x6_vector,delete_one_complete_repeat_5x6_vector,809a3f2f1d77cce8aa4e86320f229cd025238ab79be8d1df66d61a601099ba7f
bdb2023_sack,game_equal_calibration_bias,10,linear_structure,attn_relnet,0.009517651407129554,0.009377095018342125,0.0148781019215828,1.014989331825314,-0.03390546505010172,0.06374827202681106,0.9666628837454623,1.0658240672574226,0.95,BCa,-0.017798000347151635,-0.004608588388096373,0.022017762846592348,0.9717486766322518,0,0,False,1e-12,100,10000,complete_repeat_5x6_vector,delete_one_complete_repeat_5x6_vector,809a3f2f1d77cce8aa4e86320f229cd025238ab79be8d1df66d61a601099ba7f
bdb2023_sack,game_equal_calibration_bias,10,linear_structure,set_transformer,0.009517651407129554,0.009382430063988817,0.014309319314655587,1.0144121876974854,-0.03882007048034451,0.06446323743053958,0.9619237720585881,1.0665863670684965,0.95,BCa,-0.028830218517740515,-0.004462071298669804,0.02090374813243534,0.970339408973014,0,0,False,1e-12,100,10000,complete_repeat_5x6_vector,delete_one_complete_repeat_5x6_vector,809a3f2f1d77cce8aa4e86320f229cd025238ab79be8d1df66d61a601099ba7f
bdb2023_sack,game_equal_calibration_bias,10,boosted_structure,relnet,0.00955003544480267,0.009356723420715713,0.020449698669225563,1.0206602263842668,-0.02693361470449602,0.0692771345124061,0.9734258605428401,1.0717331822485898,0.95,BCa,0.0002506628300880075,0.001415529596203748,0.02534816126555195,0.9753460468718897,0,0,False,1e-12,100,10000,complete_repeat_5x6_vector,delete_one_complete_repeat_5x6_vector,809a3f2f1d77cce8aa4e86320f229cd025238ab79be8d1df66d61a601099ba7f
bdb2023_sack,game_equal_calibration_bias,10,boosted_structure,attn_relnet,0.00955003544480267,0.009377095018342125,0.018274850469172127,1.0184428574225028,-0.029517665568677107,0.06762782165008932,0.970913725746594,1.0699670158070154,0.95,BCa,0.0007519885532624761,0.00039050038597602263,0.025175955576671127,0.9751751905828041,0,0,False,1e-12,100,10000,complete_repeat_5x6_vector,delete_one_complete_repeat_5x6_vector,809a3f2f1d77cce8aa4e86320f229cd025238ab79be8d1df66d61a601099ba7f
bdb2023_sack,game_equal_calibration_bias,10,boosted_structure,set_transformer,0.00955003544480267,0.009382430063988817,0.017706067862244976,1.0178637495479075,-0.01976558608244263,0.05749282820242219,0.9804284724507561,1.059177674419613,0.95,BCa,-0.002757294595891845,0.008168569924588755,0.026525377685800655,0.9764971470377113,0,0,False,1e-12,100,10000,complete_repeat_5x6_vector,delete_one_complete_repeat_5x6_vector,809a3f2f1d77cce8aa4e86320f229cd025238ab79be8d1df66d61a601099ba7f
bdb2023_sack,game_equal_calibration_bias,10,relnet,attn_relnet,0.009356723420715713,0.009377095018342125,-0.002174848200053427,0.9978275150687325,-0.00697320327476879,0.0035448846972082294,0.9930510530929112,1.0035511752318436,0.95,BCa,0.010528033237178321,0.019454232340197528,0.030903525959233735,0.9802801101993611,0,0,False,1e-12,100,10000,complete_repeat_5x6_vector,delete_one_complete_repeat_5x6_vector,809a3f2f1d77cce8aa4e86320f229cd025238ab79be8d1df66d61a601099ba7f
bdb2023_sack,game_equal_calibration_bias,10,relnet,set_transformer,0.009356723420715713,0.009382430063988817,-0.0027436308069805353,0.9972601295082636,-0.05395239135780404,0.04808035702710615,0.9474772135316955,1.0492549669467297,0.95,BCa,-0.003509286787336094,0.006664294900810636,0.02609143677524073,0.9760802527036706,0,0,False,1e-12,100,10000,complete_repeat_5x6_vector,delete_one_complete_repeat_5x6_vector,809a3f2f1d77cce8aa4e86320f229cd025238ab79be8d1df66d61a601099ba7f
bdb2023_sack,game_equal_calibration_bias,10,attn_relnet,set_transformer,0.009377095018342125,0.009382430063988817,-0.0005687826069271011,0.9994313791192361,-0.05184877036313336,0.05056117057369971,0.9494724443590035,1.0518612043404176,0.95,BCa,-0.0002506628300880075,0.006401847739991759,0.026423353050267384,0.9763922045238504,0,0,False,1e-12,100,10000,complete_repeat_5x6_vector,delete_one_complete_repeat_5x6_vector,809a3f2f1d77cce8aa4e86320f229cd025238ab79be8d1df66d61a601099ba7f
bdb2023_sack,game_equal_calibration_bias,20,linear_structure,boosted_structure,0.009662436196014545,0.009827190556616634,-0.016907279687247066,0.9832348462510315,-0.0757558742187451,0.037704024826458536,0.9270424939100526,1.0384238397142,0.95,BCa,-0.017798000347151635,-0.0027236062437859844,0.022413661347032487,0.9721994128085583,0,0,False,1e-12,100,10000,complete_repeat_5x6_vector,delete_one_complete_repeat_5x6_vector,809a3f2f1d77cce8aa4e86320f229cd025238ab79be8d1df66d61a601099ba7f
bdb2023_sack,game_equal_calibration_bias,20,linear_structure,relnet,0.009662436196014545,0.00966859865116266,-0.0006375711808069074,0.9993626320245101,-0.05839532521944725,0.05694047557454094,0.9432769725422951,1.0585927963920823,0.95,BCa,-0.010026681100274767,0.009604833494275374,0.025981841013586415,0.9759864004413232,0,0,False,1e-12,100,10000,complete_repeat_5x6_vector,delete_one_complete_repeat_5x6_vector,809a3f2f1d77cce8aa4e86320f229cd025238ab79be8d1df66d61a601099ba7f
bdb2023_sack,game_equal_calibration_bias,20,linear_structure,attn_relnet,0.009662436196014545,0.009605970655994236,0.005860962153294536,1.0058781711960647,-0.05117400844082497,0.06454369272550686,0.9501133284084982,1.0666721830413957,0.95,BCa,0.0007519885532624761,0.007847620470534639,0.02687828506872947,0.9768204435762806,0,0,False,1e-12,100,10000,complete_repeat_5x6_vector,delete_one_complete_repeat_5x6_vector,809a3f2f1d77cce8aa4e86320f229cd025238ab79be8d1df66d61a601099ba7f
bdb2023_sack,game_equal_calibration_bias,20,linear_structure,set_transformer,0.009662436196014545,0.009535057208114586,0.01327057179657066,1.0133590166393083,-0.048896651206501544,0.07656053666634381,0.9522795415547369,1.0795675417791386,0.95,BCa,-0.0050132775489266585,0.0037380326164557854,0.02525244904405133,0.9752540090034738,0,0,False,1e-12,100,10000,complete_repeat_5x6_vector,delete_one_complete_repeat_5x6_vector,809a3f2f1d77cce8aa4e86320f229cd025238ab79be8d1df66d61a601099ba7f
bdb2023_sack,game_equal_calibration_bias,20,boosted_structure,relnet,0.009827190556616634,0.00966859865116266,0.016269708506440213,1.0164027809174707,-0.04378911141993182,0.07923891742334162,0.9571557894156066,1.082462910427875,0.95,BCa,0.0005013256759256268,0.00979930870899217,0.027299998991697882,0.9772156841133641,0,0,False,1e-12,100,10000,complete_repeat_5x6_vector,delete_one_complete_repeat_5x6_vector,809a3f2f1d77cce8aa4e86320f229cd025238ab79be8d1df66d61a601099ba7f
bdb2023_sack,game_equal_calibration_bias,20,boosted_structure,attn_relnet,0.009827190556616634,0.009605970655994236,0.022768241840541718,1.0230294166560205,-0.03834191080685347,0.0866297690154845,0.9623838351984138,1.0904928707224546,0.95,BCa,-0.006015944146675403,0.006376555542507785,0.02572812096145377,0.9757285332162327,0,0,False,1e-12,100,10000,complete_repeat_5x6_vector,delete_one_complete_repeat_5x6_vector,809a3f2f1d77cce8aa4e86320f229cd025238ab79be8d1df66d61a601099ba7f
bdb2023_sack,game_equal_calibration_bias,20,boosted_structure,set_transformer,0.009827190556616634,0.009535057208114586,0.03017785148381776,1.0306378181195845,-0.018784708864505485,0.08404727690483337,0.9813906242024246,1.0876803147520346,0.95,BCa,-0.0010026514778483275,0.0088846155920156,0.026903347466513017,0.9768505221270534,0,0,False,1e-12,100,10000,complete_repeat_5x6_vector,delete_one_complete_repeat_5x6_vector,809a3f2f1d77cce8aa4e86320f229cd025238ab79be8d1df66d61a601099ba7f
bdb2023_sack,game_equal_calibration_bias,20,relnet,attn_relnet,0.00966859865116266,0.009605970655994236,0.00649853333410161,1.006519694616113,-0.003376799265152749,0.025524728197627113,0.9966288957094204,1.0258532734592833,0.95,BCa,0.05592695179372389,0.056137082494857514,0.04803165656098052,0.9900720503119063,0,0,False,1e-12,100,10000,complete_repeat_5x6_vector,delete_one_complete_repeat_5x6_vector,809a3f2f1d77cce8aa4e86320f229cd025238ab79be8d1df66d61a601099ba7f
bdb2023_sack,game_equal_calibration_bias,20,relnet,set_transformer,0.00966859865116266,0.009535057208114586,0.013908142977377594,1.014005311151613,-0.05491178193486944,0.07117320049256233,0.9465686487249952,1.0737671867692784,0.95,BCa,-0.01504033667863567,-0.02819662992660272,0.017579789829070713,0.9662828375993049,0,0,False,1e-12,100,10000,complete_repeat_5x6_vector,delete_one_complete_repeat_5x6_vector,809a3f2f1d77cce8aa4e86320f229cd025238ab79be8d1df66d61a601099ba7f
bdb2023_sack,game_equal_calibration_bias,20,attn_relnet,set_transformer,0.009605970655994236,0.009535057208114586,0.007409609643276146,1.007437128727377,-0.06312761660894725,0.06582014960441739,0.9388236565525189,1.0680346134438221,0.95,BCa,-0.015291028334377803,-0.02334871137793078,0.018487106931194597,0.9674752665502246,0,0,False,1e-12,100,10000,complete_repeat_5x6_vector,delete_one_complete_repeat_5x6_vector,809a3f2f1d77cce8aa4e86320f229cd025238ab79be8d1df66d61a601099ba7f
bdb2023_sack,game_equal_calibration_bias,30,linear_structure,boosted_structure,0.009543708089949102,0.009427939789967548,0.012204499860320286,1.0122792786717567,-0.029553650761588293,0.06193847808764031,0.9708787878575,1.0638968897433858,0.95,BCa,0.029080986449119637,0.021360982491110105,0.033976651493883625,0.9824145998842455,0,0,False,1e-12,100,10000,complete_repeat_5x6_vector,delete_one_complete_repeat_5x6_vector,809a3f2f1d77cce8aa4e86320f229cd025238ab79be8d1df66d61a601099ba7f
bdb2023_sack,game_equal_calibration_bias,30,linear_structure,relnet,0.009543708089949102,0.00955194776426284,-0.0008629894556145205,0.9991373828126902,-0.05645187838174707,0.058852806231920476,0.9451119637179954,1.0606191127262061,0.95,BCa,0.02958252781394908,0.012462509191222914,0.031765999717051574,0.9807604120227955,0,0,False,1e-12,100,10000,complete_repeat_5x6_vector,delete_one_complete_repeat_5x6_vector,809a3f2f1d77cce8aa4e86320f229cd025238ab79be8d1df66d61a601099ba7f
bdb2023_sack,game_equal_calibration_bias,30,linear_structure,attn_relnet,0.009543708089949102,0.009492569231376077,0.0053727922458896155,1.0053872515782127,-0.049309636034808445,0.06462535716605762,0.9518863457493073,1.066759295785433,0.95,BCa,0.032090348787252906,0.011238316030055706,0.03180527820183132,0.9807627158526933,0,0,False,1e-12,100,10000,complete_repeat_5x6_vector,delete_one_complete_repeat_5x6_vector,809a3f2f1d77cce8aa4e86320f229cd025238ab79be8d1df66d61a601099ba7f
bdb2023_sack,game_equal_calibration_bias,30,linear_structure,set_transformer,0.009543708089949102,0.009988415179106494,-0.04554384073137883,0.9554777128119765,-0.09120802780834125,0.008366568656101386,0.9128277975802014,1.0084016662053759,0.95,BCa,0.004511946203065806,0.013693218307313572,0.02872013494496528,0.978478530300077,0,0,False,1e-12,100,10000,complete_repeat_5x6_vector,delete_one_complete_repeat_5x6_vector,809a3f2f1d77cce8aa4e86320f229cd025238ab79be8d1df66d61a601099ba7f
bdb2023_sack,game_equal_calibration_bias,30,boosted_structure,relnet,0.009427939789967548,0.00955194776426284,-0.013067489315934634,0.9870175196351838,-0.0677376433109811,0.04062617123071671,0.9345056152176109,1.0414627040443651,0.95,BCa,0.010778710290106094,0.004719200844668868,0.027388540455002053,0.9772510572077925,0,0,False,1e-12,100,10000,complete_repeat_5x6_vector,delete_one_complete_repeat_5x6_vector,809a3f2f1d77cce8aa4e86320f229cd025238ab79be8d1df66d61a601099ba7f
bdb2023_sack,game_equal_calibration_bias,30,boosted_structure,attn_relnet,0.009427939789967548,0.009492569231376077,-0.006831707614430559,0.9931915754488355,-0.05965555840122465,0.04497751966201372,0.9420889723377602,1.0460043451131944,0.95,BCa,0.012784152420787679,0.003328932610712962,0.02731198461095491,0.9771727267583648,0,0,False,1e-12,100,10000,complete_repeat_5x6_vector,delete_one_complete_repeat_5x6_vector,809a3f2f1d77cce8aa4e86320f229cd025238ab79be8d1df66d61a601099ba7f
bdb2023_sack,game_equal_calibration_bias,30,boosted_structure,set_transformer,0.009427939789967548,0.009988415179106494,-0.057748340591698984,0.9438874557085558,-0.11336401189972406,-0.002593292165120885,0.8928256018136213,0.9974100675121702,0.95,BCa,-0.020054370352950632,-0.010578110347509977,0.02055439331616049,0.9700036759743298,0,0,False,1e-12,100,10000,complete_repeat_5x6_vector,delete_one_complete_repeat_5x6_vector,809a3f2f1d77cce8aa4e86320f229cd025238ab79be8d1df66d61a601099ba7f
bdb2023_sack,game_equal_calibration_bias,30,relnet,attn_relnet,0.00955194776426284,0.009492569231376077,0.006235781701504166,1.0062552646643332,-0.003675785848392055,0.015764007548184477,0.9963309615825074,1.0158889149993817,0.95,BCa,-0.009776005984788104,-0.0009494919937096984,0.023672166761716573,0.9736155610619933,0,0,False,1e-12,100,10000,complete_repeat_5x6_vector,delete_one_complete_repeat_5x6_vector,809a3f2f1d77cce8aa4e86320f229cd025238ab79be8d1df66d61a601099ba7f
bdb2023_sack,game_equal_calibration_bias,30,relnet,set_transformer,0.00955194776426284,0.009988415179106494,-0.04468085127576424,0.9563026359019753,-0.10725277296636837,0.013577073984344198,0.8982985786934443,1.0136696609990643,0.95,BCa,-0.032341141724867746,-0.020981536792545833,0.01736205882832237,0.9656471796927732,0,0,False,1e-12,100,10000,complete_repeat_5x6_vector,delete_one_complete_repeat_5x6_vector,809a3f2f1d77cce8aa4e86320f229cd025238ab79be8d1df66d61a601099ba7f
bdb2023_sack,game_equal_calibration_bias,30,attn_relnet,set_transformer,0.009492569231376077,0.009988415179106494,-0.050916632977268415,0.9503578957382934,-0.1117835818366467,0.006685629120175247,0.8942377658551282,1.0067080278272016,0.95,BCa,-0.03359513724181864,-0.017805066330185193,0.017841530050503984,0.9662921077621283,0,0,False,1e-12,100,10000,complete_repeat_5x6_vector,delete_one_complete_repeat_5x6_vector,809a3f2f1d77cce8aa4e86320f229cd025238ab79be8d1df66d61a601099ba7f
bdb2023_sack,game_equal_calibration_bias,40,linear_structure,boosted_structure,0.009725954248934602,0.009470553543123355,0.02661065020142732,1.0269678751773381,-0.01494924282176834,0.07065275720385354,0.9851619423743483,1.0732084972390075,0.95,BCa,0.006015944146675264,-0.003121399382479704,0.025002427167554242,0.9750023974567334,0,0,False,1e-12,100,10000,complete_repeat_5x6_vector,delete_one_complete_repeat_5x6_vector,809a3f2f1d77cce8aa4e86320f229cd025238ab79be8d1df66d61a601099ba7f
bdb2023_sack,game_equal_calibration_bias,40,linear_structure,relnet,0.009725954248934602,0.009759067433344005,-0.0033988380230283695,0.996606931488529,-0.07061282735573625,0.05475426549725009,0.931822598514715,1.0562810180901372,0.95,BCa,-0.014288267319718379,-0.031489422746796794,0.017027832423750056,0.9655489688633649,0,0,False,1e-12,100,10000,complete_repeat_5x6_vector,delete_one_complete_repeat_5x6_vector,809a3f2f1d77cce8aa4e86320f229cd025238ab79be8d1df66d61a601099ba7f
bdb2023_sack,game_equal_calibration_bias,40,linear_structure,attn_relnet,0.009725954248934602,0.009715007629254984,0.0011261398386635344,1.0011267741722254,-0.07295130633953935,0.05428154133021822,0.9296460967950674,1.05578180652969,0.95,BCa,-0.04814585694552707,-0.04787525241977034,0.011608423684571045,0.9557495623134484,0,0,False,1e-12,100,10000,complete_repeat_5x6_vector,delete_one_complete_repeat_5x6_vector,809a3f2f1d77cce8aa4e86320f229cd025238ab79be8d1df66d61a601099ba7f
bdb2023_sack,game_equal_calibration_bias,40,linear_structure,set_transformer,0.009725954248934602,0.009322267361144596,0.04239212977179161,1.04330350891593,-0.0024503680976912198,0.09026252616021513,0.9975526316035915,1.0944615707870549,0.95,BCa,0.016043109130585577,0.01112877213566114,0.02959936487364112,0.9791489454931417,0,0,False,1e-12,100,10000,complete_repeat_5x6_vector,delete_one_complete_repeat_5x6_vector,809a3f2f1d77cce8aa4e86320f229cd025238ab79be8d1df66d61a601099ba7f
bdb2023_sack,game_equal_calibration_bias,40,boosted_structure,relnet,0.009470553543123355,0.009759067433344005,-0.0300094882244557,0.9704363257871466,-0.11329798312735301,0.026920040043652477,0.8928845559383634,1.0272856577630267,0.95,BCa,-0.047894904941883386,-0.04188976222052892,0.012540891195331527,0.9574998175778336,0,0,False,1e-12,100,10000,complete_repeat_5x6_vector,delete_one_complete_repeat_5x6_vector,809a3f2f1d77cce8aa4e86320f229cd025238ab79be8d1df66d61a601099ba7f
bdb2023_sack,game_equal_calibration_bias,40,boosted_structure,attn_relnet,0.009470553543123355,0.009715007629254984,-0.025484510362763644,0.9748374787277058,-0.1143422328731302,0.030756254643812687,0.8919526481247488,1.031234114723691,0.95,BCa,-0.05592695179372389,-0.05147840580284599,0.010576567393858205,0.9533403277745106,0,0,False,1e-12,100,10000,complete_repeat_5x6_vector,delete_one_complete_repeat_5x6_vector,809a3f2f1d77cce8aa4e86320f229cd025238ab79be8d1df66d61a601099ba7f
bdb2023_sack,game_equal_calibration_bias,40,boosted_structure,set_transformer,0.009470553543123355,0.009322267361144596,0.01578147957036423,1.0159066647880985,-0.044776457603047236,0.06474091150014852,0.9562112116896219,1.0668825715678811,0.95,BCa,-0.017296597500018798,-0.008482086343035851,0.021265633292208985,0.9708794429603046,0,0,False,1e-12,100,10000,complete_repeat_5x6_vector,delete_one_complete_repeat_5x6_vector,809a3f2f1d77cce8aa4e86320f229cd025238ab79be8d1df66d61a601099ba7f
bdb2023_sack,game_equal_calibration_bias,40,relnet,attn_relnet,0.009759067433344005,0.009715007629254984,0.004524977861692107,1.004535231033308,-0.012229752606327159,0.017103227457290014,0.9878447268869706,1.0172503250700486,0.95,BCa,-0.054420683778092324,-0.021240912587541932,0.015430970076766082,0.9622154838182344,0,0,False,1e-12,100,10000,complete_repeat_5x6_vector,delete_one_complete_repeat_5x6_vector,809a3f2f1d77cce8aa4e86320f229cd025238ab79be8d1df66d61a601099ba7f
bdb2023_sack,game_equal_calibration_bias,40,relnet,set_transformer,0.009759067433344005,0.009322267361144596,0.04579096779481985,1.0468555615579103,-0.011035438188514154,0.10308986920558687,0.9890252288918134,1.1085910327948258,0.95,BCa,0.01654450134317476,0.013998393560070016,0.030368516094916143,0.9797833620332863,0,0,False,1e-12,100,10000,complete_repeat_5x6_vector,delete_one_complete_repeat_5x6_vector,809a3f2f1d77cce8aa4e86320f229cd025238ab79be8d1df66d61a601099ba7f
bdb2023_sack,game_equal_calibration_bias,40,attn_relnet,set_transformer,0.009715007629254984,0.009322267361144596,0.04126598993312799,1.0421292645764848,-0.008926642270617536,0.10222754467995952,0.9911130819114328,1.10763547961604,0.95,BCa,0.049149695440031456,0.03169979421356803,0.039841155925822935,0.9859154942487836,0,0,False,1e-12,100,10000,complete_repeat_5x6_vector,delete_one_complete_repeat_5x6_vector,809a3f2f1d77cce8aa4e86320f229cd025238ab79be8d1df66d61a601099ba7f
bdb2023_sack,game_equal_calibration_bias,50,linear_structure,boosted_structure,0.009921851066542203,0.009466184676673197,0.04701356257215156,1.0481362244064254,0.01063087379057875,0.08583199839295733,1.0106875823048884,1.089623254469388,0.95,BCa,0.0077706258524470675,-0.005305283416256034,0.024715622518718894,0.9747188213829355,0,0,False,1e-12,100,10000,complete_repeat_5x6_vector,delete_one_complete_repeat_5x6_vector,809a3f2f1d77cce8aa4e86320f229cd025238ab79be8d1df66d61a601099ba7f
bdb2023_sack,game_equal_calibration_bias,50,linear_structure,relnet,0.009921851066542203,0.009435623634076358,0.0502472287616271,1.051531032957891,-0.008954507698812522,0.10899537136543994,0.9910854645058028,1.1151571886743987,0.95,BCa,0.013034836136889386,-0.010119638257792584,0.024246409499912913,0.9742573089150772,0,0,False,1e-12,100,10000,complete_repeat_5x6_vector,delete_one_complete_repeat_5x6_vector,809a3f2f1d77cce8aa4e86320f229cd025238ab79be8d1df66d61a601099ba7f
bdb2023_sack,game_equal_calibration_bias,50,linear_structure,attn_relnet,0.009921851066542203,0.009329377555777908,0.06157120498422761,1.063506220776472,0.0030650134094613447,0.12012630637998105,1.0030697153656871,1.127639270619166,0.95,BCa,0.013536206042278273,-0.003027501735868412,0.025921839718565876,0.9758838057743361,0,0,False,1e-12,100,10000,complete_repeat_5x6_vector,delete_one_complete_repeat_5x6_vector,809a3f2f1d77cce8aa4e86320f229cd025238ab79be8d1df66d61a601099ba7f
bdb2023_sack,game_equal_calibration_bias,50,linear_structure,set_transformer,0.009921851066542203,0.009352989633046937,0.05904346429668294,1.0608213475919301,0.00462412592195113,0.11844464551962461,1.0046348336905504,1.1257445573722376,0.95,BCa,0.026071887453559192,0.008915847191657372,0.030393563495970277,0.9797155325056344,0,0,False,1e-12,100,10000,complete_repeat_5x6_vector,delete_one_complete_repeat_5x6_vector,809a3f2f1d77cce8aa4e86320f229cd025238ab79be8d1df66d61a601099ba7f
bdb2023_sack,game_equal_calibration_bias,50,boosted_structure,relnet,0.009466184676673197,0.009435623634076358,0.003233666189475722,1.003238900128071,-0.0489275727357468,0.05721922911805948,0.9522500960702951,1.0588879240172442,0.95,BCa,0.011280066443692957,0.0037749644465391477,0.027229125827112233,0.977103853576234,0,0,False,1e-12,100,10000,complete_repeat_5x6_vector,delete_one_complete_repeat_5x6_vector,809a3f2f1d77cce8aa4e86320f229cd025238ab79be8d1df66d61a601099ba7f
bdb2023_sack,game_equal_calibration_bias,50,boosted_structure,attn_relnet,0.009466184676673197,0.009329377555777908,0.014557642412076128,1.0146641209531242,-0.03756804945682588,0.06665604693905662,0.9631288750939735,1.068927753965388,0.95,BCa,0.01504033667863567,0.0069491603926054996,0.028458538915159315,0.9781797812838138,0,0,False,1e-12,100,10000,complete_repeat_5x6_vector,delete_one_complete_repeat_5x6_vector,809a3f2f1d77cce8aa4e86320f229cd025238ab79be8d1df66d61a601099ba7f
bdb2023_sack,game_equal_calibration_bias,50,boosted_structure,set_transformer,0.009466184676673197,0.009352989633046937,0.012029901724531326,1.0121025520253233,-0.048129361563053905,0.0696347067376315,0.9530104961757327,1.0721164727903563,0.95,BCa,0.009023984261129213,1.1532235900649315e-05,0.026076291446080924,0.976038842653735,0,0,False,1e-12,100,10000,complete_repeat_5x6_vector,delete_one_complete_repeat_5x6_vector,809a3f2f1d77cce8aa4e86320f229cd025238ab79be8d1df66d61a601099ba7f
bdb2023_sack,game_equal_calibration_bias,50,relnet,attn_relnet,0.009435623634076358,0.009329377555777908,0.01132397622260058,1.011388335144894,-0.0003949754301032933,0.024709456940183692,0.9996051025624232,1.025017265603971,0.95,BCa,0.034347559784252864,0.03578140194962673,0.03860207057636611,0.98544181586538,0,0,False,1e-12,100,10000,complete_repeat_5x6_vector,delete_one_complete_repeat_5x6_vector,809a3f2f1d77cce8aa4e86320f229cd025238ab79be8d1df66d61a601099ba7f
bdb2023_sack,game_equal_calibration_bias,50,relnet,set_transformer,0.009435623634076358,0.009352989633046937,0.008796235535055808,1.008835036097704,-0.04407683390271626,0.06303727428379509,0.9568804337903661,1.065066538083829,0.95,BCa,0.01804870344078816,0.0061891594344136835,0.02866383034263842,0.9783382043899342,0,0,False,1e-12,100,10000,complete_repeat_5x6_vector,delete_one_complete_repeat_5x6_vector,809a3f2f1d77cce8aa4e86320f229cd025238ab79be8d1df66d61a601099ba7f
bdb2023_sack,game_equal_calibration_bias,50,attn_relnet,set_transformer,0.009329377555777908,0.009352989633046937,-0.0025277406875446997,0.9974754513588254,-0.05426504310083753,0.04887409109721985,0.9471810294330503,1.0500881269722386,0.95,BCa,0.00701861679253328,-0.0006124941364329636,0.02569159559914813,0.9756743166502688,0,0,False,1e-12,100,10000,complete_repeat_5x6_vector,delete_one_complete_repeat_5x6_vector,809a3f2f1d77cce8aa4e86320f229cd025238ab79be8d1df66d61a601099ba7f
bdb2023_sack,game_equal_calibration_bias,60,linear_structure,boosted_structure,0.009870667028721879,0.009375519582729062,0.05146544011416618,1.0528128005732016,-0.0022530946007112843,0.09681243110919063,0.9977494417117204,1.1016537182745667,0.95,BCa,-0.016043109130585716,-0.021848775208429903,0.018707327852992228,0.9677478936273602,0,0,False,1e-12,100,10000,complete_repeat_5x6_vector,delete_one_complete_repeat_5x6_vector,809a3f2f1d77cce8aa4e86320f229cd025238ab79be8d1df66d61a601099ba7f
bdb2023_sack,game_equal_calibration_bias,60,linear_structure,relnet,0.009870667028721879,0.009655533656006533,0.022036245737675784,1.0222808371219871,-0.02313150672103051,0.07118944626833902,0.9771339756384768,1.073784631091929,0.95,BCa,0.010778710290106094,-0.003018392641807238,0.025591499368306514,0.975573238865203,0,0,False,1e-12,100,10000,complete_repeat_5x6_vector,delete_one_complete_repeat_5x6_vector,809a3f2f1d77cce8aa4e86320f229cd025238ab79be8d1df66d61a601099ba7f
bdb2023_sack,game_equal_calibration_bias,60,linear_structure,attn_relnet,0.009870667028721879,0.009636094277628435,0.02405156399121062,1.0243431357493085,-0.020046558448333102,0.07208228351383221,0.9801530378398344,1.0747437741197998,0.95,BCa,0.010528033237178321,-0.003362170323574939,0.02548278997249298,0.9754689268687016,0,0,False,1e-12,100,10000,complete_repeat_5x6_vector,delete_one_complete_repeat_5x6_vector,809a3f2f1d77cce8aa4e86320f229cd025238ab79be8d1df66d61a601099ba7f
bdb2023_sack,game_equal_calibration_bias,60,linear_structure,set_transformer,0.009870667028721879,0.009392921372523929,0.04961107247404596,1.0508623076091583,0.002971278264264093,0.10399148874745894,1.0029756968867611,1.1095910108660816,0.95,BCa,0.024567428181125256,0.0076941516335945455,0.02988872217469596,0.9793184164647235,0,0,False,1e-12,100,10000,complete_repeat_5x6_vector,delete_one_complete_repeat_5x6_vector,809a3f2f1d77cce8aa4e86320f229cd025238ab79be8d1df66d61a601099ba7f
bdb2023_sack,game_equal_calibration_bias,60,boosted_structure,relnet,0.009375519582729062,0.009655533656006533,-0.029429194376490518,0.9709996274412778,-0.07841836352619712,0.029393833008111325,0.9245775361005116,1.02983009570444,0.95,BCa,0.01504033667863567,0.010136768838926545,0.029226840141304167,0.9788416622539378,0,0,False,1e-12,100,10000,complete_repeat_5x6_vector,delete_one_complete_repeat_5x6_vector,809a3f2f1d77cce8aa4e86320f229cd025238ab79be8d1df66d61a601099ba7f
bdb2023_sack,game_equal_calibration_bias,60,boosted_structure,attn_relnet,0.009375519582729062,0.009636094277628435,-0.027413876122955646,0.9729584739011599,-0.07630182643658275,0.031646082932198435,0.9265365111382488,1.0321521443947317,0.95,BCa,0.0220601179411501,0.012618442367100528,0.03077061761723021,0.9800569390747045,0,0,False,1e-12,100,10000,complete_repeat_5x6_vector,delete_one_complete_repeat_5x6_vector,809a3f2f1d77cce8aa4e86320f229cd025238ab79be8d1df66d61a601099ba7f
bdb2023_sack,game_equal_calibration_bias,60,boosted_structure,set_transformer,0.009375519582729062,0.009392921372523929,-0.0018543676401202574,0.998147350637282,-0.05898395930836856,0.06397931323585032,0.9427218909469643,1.0660703449876017,0.95,BCa,0.01679519900129641,0.009037631402012605,0.029189754639794452,0.9787969166655055,0,0,False,1e-12,100,10000,complete_repeat_5x6_vector,delete_one_complete_repeat_5x6_vector,809a3f2f1d77cce8aa4e86320f229cd025238ab79be8d1df66d61a601099ba7f
bdb2023_sack,game_equal_calibration_bias,60,relnet,attn_relnet,0.009655533656006533,0.009636094277628435,0.0020153182535349334,1.0020173503722591,-0.007070731562306478,0.010330199696941413,0.9929542072469472,1.0103837404131102,0.95,BCa,0.0032586225240238288,-0.006113000547473054,0.02401319179578948,0.9740039795999472,0,0,False,1e-12,100,10000,complete_repeat_5x6_vector,delete_one_complete_repeat_5x6_vector,809a3f2f1d77cce8aa4e86320f229cd025238ab79be8d1df66d61a601099ba7f
bdb2023_sack,game_equal_calibration_bias,60,relnet,set_transformer,0.009655533656006533,0.009392921372523929,0.02757482673637032,1.0279585310115333,-0.013544394399185528,0.06834528777665479,0.9865469181878427,1.0707349563501207,0.95,BCa,0.003509286787335955,-0.0001978762189239001,0.02536816867246755,0.9753633982161307,0,0,False,1e-12,100,10000,complete_repeat_5x6_vector,delete_one_complete_repeat_5x6_vector,809a3f2f1d77cce8aa4e86320f229cd025238ab79be8d1df66d61a601099ba7f
bdb2023_sack,game_equal_calibration_bias,60,attn_relnet,set_transformer,0.009636094277628435,0.009392921372523929,0.025559508482835457,1.0258889535491944,-0.014294019558157772,0.06658077996445971,0.9858076549172543,1.068847302035009,0.95,BCa,0.013034836136889386,0.0017605910748635495,0.026974643670186704,0.97686440551181,0,0,False,1e-12,100,10000,complete_repeat_5x6_vector,delete_one_complete_repeat_5x6_vector,809a3f2f1d77cce8aa4e86320f229cd025238ab79be8d1df66d61a601099ba7f
bdb2023_sack,rms_reliability,10,linear_structure,boosted_structure,0.007913666814295083,0.007503160049494783,0.053266969544131695,1.0547111833004201,-0.20340325760978542,0.26375988330492717,0.8159491373743691,1.3018155711166024,0.95,BCa,-0.03459837159864899,-0.03387336748456984,0.014864486144998412,0.9618761702127975,0,0,False,1e-12,100,10000,complete_repeat_5x6_vector,delete_one_complete_repeat_5x6_vector,809a3f2f1d77cce8aa4e86320f229cd025238ab79be8d1df66d61a601099ba7f
bdb2023_sack,rms_reliability,10,linear_structure,relnet,0.007913666814295083,0.007400885855581699,0.0669915380211189,1.0692864298571296,-0.19022485250304247,0.294610770256627,0.8267732110155825,1.3426036756868516,0.95,BCa,-0.024316690467047396,-0.03396119754963532,0.01569957009787759,0.9634283743724736,0,0,False,1e-12,100,10000,complete_repeat_5x6_vector,delete_one_complete_repeat_5x6_vector,809a3f2f1d77cce8aa4e86320f229cd025238ab79be8d1df66d61a601099ba7f
bdb2023_sack,rms_reliability,10,linear_structure,attn_relnet,0.007913666814295083,0.007185948930164263,0.09646365946583636,1.1012695596925408,-0.17998444101815084,0.3363542031553582,0.8352832074664329,1.399834762899749,0.95,BCa,-0.031588768951337824,-0.04507232572516797,0.013224982529940144,0.9592966708613415,0,0,False,1e-12,100,10000,complete_repeat_5x6_vector,delete_one_complete_repeat_5x6_vector,809a3f2f1d77cce8aa4e86320f229cd025238ab79be8d1df66d61a601099ba7f
bdb2023_sack,rms_reliability,10,linear_structure,set_transformer,0.007913666814295083,0.008491032186915388,-0.07041932843937211,0.9320029226234684,-0.2503200208773296,0.11838437479872245,0.7785515904370909,1.1256767099808391,0.95,BCa,0.021809394804630424,0.011832276402881613,0.030541486478130042,0.979874754415515,0,0,False,1e-12,100,10000,complete_repeat_5x6_vector,delete_one_complete_repeat_5x6_vector,809a3f2f1d77cce8aa4e86320f229cd025238ab79be8d1df66d61a601099ba7f
bdb2023_sack,rms_reliability,10,boosted_structure,relnet,0.007503160049494783,0.007400885855581699,0.013724568476987073,1.0138191827179648,-0.2580372807928279,0.267683881555957,0.7725664296810321,1.3069339287864967,0.95,BCa,-0.010778710290106233,-0.010513446364475466,0.021525352348027216,0.9712351593954968,0,0,False,1e-12,100,10000,complete_repeat_5x6_vector,delete_one_complete_repeat_5x6_vector,809a3f2f1d77cce8aa4e86320f229cd025238ab79be8d1df66d61a601099ba7f
bdb2023_sack,rms_reliability,10,boosted_structure,attn_relnet,0.007503160049494783,0.007185948930164263,0.0431966899217046,1.044143247108113,-0.24682154688553914,0.30147440006015325,0.7812801029596226,1.3518505074034586,0.95,BCa,-0.021307952628745463,-0.025713765019914597,0.01747504827397406,0.9660217129305173,0,0,False,1e-12,100,10000,complete_repeat_5x6_vector,delete_one_complete_repeat_5x6_vector,809a3f2f1d77cce8aa4e86320f229cd025238ab79be8d1df66d61a601099ba7f
bdb2023_sack,rms_reliability,10,boosted_structure,set_transformer,0.007503160049494783,0.008491032186915388,-0.12368629798350388,0.8836570023909569,-0.2808271635252748,0.1265665180501947,0.7551588431939518,1.1349249416595402,0.95,BCa,0.08507722055425086,0.07378604779782068,0.059148952778352415,0.9936762807052762,0,0,False,1e-12,100,10000,complete_repeat_5x6_vector,delete_one_complete_repeat_5x6_vector,809a3f2f1d77cce8aa4e86320f229cd025238ab79be8d1df66d61a601099ba7f
bdb2023_sack,rms_reliability,10,relnet,attn_relnet,0.007400885855581699,0.007185948930164263,0.029472121444717475,1.0299107226486401,-0.012498636124232979,0.0902164576326656,0.98757914742823,1.0944111517154043,0.95,BCa,0.00726928601715347,-0.0010673703378658173,0.02561764390671256,0.9756026095854587,0,0,False,1e-12,100,10000,complete_repeat_5x6_vector,delete_one_complete_repeat_5x6_vector,809a3f2f1d77cce8aa4e86320f229cd025238ab79be8d1df66d61a601099ba7f
bdb2023_sack,rms_reliability,10,relnet,set_transformer,0.007400885855581699,0.008491032186915388,-0.13741086646049094,0.8716120364007575,-0.31967225736688865,0.13525089883213232,0.7263870660751279,1.1448239833212772,0.95,BCa,0.06697701685404801,0.0726609654417492,0.05511951676986793,0.9927373988912744,0,0,False,1e-12,100,10000,complete_repeat_5x6_vector,delete_one_complete_repeat_5x6_vector,809a3f2f1d77cce8aa4e86320f229cd025238ab79be8d1df66d61a601099ba7f
bdb2023_sack,rms_reliability,10,attn_relnet,set_transformer,0.007185948930164263,0.008491032186915388,-0.1668829879052085,0.8462986327195593,-0.3672830865978741,0.1276782605725156,0.6926135476765797,1.1361873876042161,0.95,BCa,0.07677819172498306,0.07885272523665901,0.0590355309118879,0.9938464125019684,0,0,False,1e-12,100,10000,complete_repeat_5x6_vector,delete_one_complete_repeat_5x6_vector,809a3f2f1d77cce8aa4e86320f229cd025238ab79be8d1df66d61a601099ba7f
bdb2023_sack,rms_reliability,20,linear_structure,boosted_structure,0.008478065527963171,0.008841646574094116,-0.0419908212647138,0.9588785818247665,-0.2956518050836614,0.14033317686509234,0.7440464561149687,1.1506571073267398,0.95,BCa,-0.037608287661255936,-0.048700668865148546,0.012210103110677384,0.9573004067808766,0,0,False,1e-12,100,10000,complete_repeat_5x6_vector,delete_one_complete_repeat_5x6_vector,809a3f2f1d77cce8aa4e86320f229cd025238ab79be8d1df66d61a601099ba7f
bdb2023_sack,rms_reliability,20,linear_structure,relnet,0.008478065527963171,0.007796852211464896,0.08376221246811609,1.0873702999649761,-0.1322150436361961,0.31861835902491353,0.876152563786445,1.3752263820051576,0.95,BCa,0.009525331483604745,0.017980933322976785,0.030408213705675147,0.9798821657814895,0,0,False,1e-12,100,10000,complete_repeat_5x6_vector,delete_one_complete_repeat_5x6_vector,809a3f2f1d77cce8aa4e86320f229cd025238ab79be8d1df66d61a601099ba7f
bdb2023_sack,rms_reliability,20,linear_structure,attn_relnet,0.008478065527963171,0.007986577610223242,0.0597199682005,1.0615392401760173,-0.1559396097799888,0.2934194496128705,0.855610859338892,1.3410051565750885,0.95,BCa,0.006015944146675264,0.020174470642200383,0.030477008395216054,0.9799730304377995,0,0,False,1e-12,100,10000,complete_repeat_5x6_vector,delete_one_complete_repeat_5x6_vector,809a3f2f1d77cce8aa4e86320f229cd025238ab79be8d1df66d61a601099ba7f
bdb2023_sack,rms_reliability,20,linear_structure,set_transformer,0.008478065527963171,0.007778264813693227,0.08614902042156931,1.0899687438049142,-0.07328349781989442,0.2914508558569745,0.929337327570059,1.3383678589327728,0.95,BCa,0.0233137547405855,0.04169593180549182,0.03847733870826764,0.9855696108386603,0,0,False,1e-12,100,10000,complete_repeat_5x6_vector,delete_one_complete_repeat_5x6_vector,809a3f2f1d77cce8aa4e86320f229cd025238ab79be8d1df66d61a601099ba7f
bdb2023_sack,rms_reliability,20,boosted_structure,relnet,0.008841646574094116,0.007796852211464896,0.12575303373282973,1.134002073438419,-0.09226184313992282,0.388726826233416,0.9118663523338639,1.4751015372460996,0.95,BCa,0.01980365774256217,0.04027574852040283,0.03755942820247948,0.9850385381725939,0,0,False,1e-12,100,10000,complete_repeat_5x6_vector,delete_one_complete_repeat_5x6_vector,809a3f2f1d77cce8aa4e86320f229cd025238ab79be8d1df66d61a601099ba7f
bdb2023_sack,rms_reliability,20,boosted_structure,attn_relnet,0.008841646574094116,0.007986577610223242,0.10171078946521374,1.1070632510696874,-0.1178164232705999,0.3670443647011625,0.8888592115050167,1.4434619564530062,0.95,BCa,0.01855011304703803,0.04144221867438482,0.03767764073794316,0.9851391759233545,0,0,False,1e-12,100,10000,complete_repeat_5x6_vector,delete_one_complete_repeat_5x6_vector,809a3f2f1d77cce8aa4e86320f229cd025238ab79be8d1df66d61a601099ba7f
bdb2023_sack,rms_reliability,20,boosted_structure,set_transformer,0.008841646574094116,0.007778264813693227,0.12813984168628295,1.1367119512990687,-0.0811985729237217,0.3923987724164137,0.9220105869274615,1.4805279874246817,0.95,BCa,0.029080986449119637,0.04511996050788525,0.0403132911497085,0.986593652877765,0,0,False,1e-12,100,10000,complete_repeat_5x6_vector,delete_one_complete_repeat_5x6_vector,809a3f2f1d77cce8aa4e86320f229cd025238ab79be8d1df66d61a601099ba7f
bdb2023_sack,rms_reliability,20,relnet,attn_relnet,0.007796852211464896,0.007986577610223242,-0.024042244267616163,0.9762444681542333,-0.07500251976382569,0.016989607073612478,0.9277411486370217,1.0171347512637126,0.95,BCa,-0.02807792553819829,-0.01839700701135128,0.018237568167310814,0.9669322106030636,0,0,False,1e-12,100,10000,complete_repeat_5x6_vector,delete_one_complete_repeat_5x6_vector,809a3f2f1d77cce8aa4e86320f229cd025238ab79be8d1df66d61a601099ba7f
bdb2023_sack,rms_reliability,20,relnet,set_transformer,0.007796852211464896,0.007778264813693227,0.002386807953453221,1.0023896586471248,-0.18652264793077128,0.1804174569584189,0.8298397675849124,1.197717254175025,0.95,BCa,0.006266611701750336,-0.007567982677397849,0.024034905050605793,0.974032244237042,0,0,False,1e-12,100,10000,complete_repeat_5x6_vector,delete_one_complete_repeat_5x6_vector,809a3f2f1d77cce8aa4e86320f229cd025238ab79be8d1df66d61a601099ba7f
bdb2023_sack,rms_reliability,20,attn_relnet,set_transformer,0.007986577610223242,0.007778264813693227,0.026429052221069258,1.0267813968178725,-0.16447269485457475,0.20309759036552605,0.8483409207003031,1.2251920293513823,0.95,BCa,0.008773311508328054,-0.009351433978223187,0.023925949006615155,0.9739266295607001,0,0,False,1e-12,100,10000,complete_repeat_5x6_vector,delete_one_complete_repeat_5x6_vector,809a3f2f1d77cce8aa4e86320f229cd025238ab79be8d1df66d61a601099ba7f
bdb2023_sack,rms_reliability,30,linear_structure,boosted_structure,0.007938598656699113,0.007277955643538833,0.08688676350639445,1.0907731573971298,-0.0879975050343077,0.2739948151546297,0.9157631615181456,1.3152079830710244,0.95,BCa,0.023564486434286026,0.019696232268842245,0.032759927761636554,0.9815891763389455,0,0,False,1e-12,100,10000,complete_repeat_5x6_vector,delete_one_complete_repeat_5x6_vector,809a3f2f1d77cce8aa4e86320f229cd025238ab79be8d1df66d61a601099ba7f
bdb2023_sack,rms_reliability,30,linear_structure,relnet,0.007938598656699113,0.008203806042333896,-0.032861430006390566,0.9676726406906453,-0.1994052886371268,0.1513600798969366,0.8192178063736806,1.1634155052032886,0.95,BCa,0.037608287661255936,0.018785201354657836,0.034551396582761906,0.9827022487466968,0,0,False,1e-12,100,10000,complete_repeat_5x6_vector,delete_one_complete_repeat_5x6_vector,809a3f2f1d77cce8aa4e86320f229cd025238ab79be8d1df66d61a601099ba7f
bdb2023_sack,rms_reliability,30,linear_structure,attn_relnet,0.007938598656699113,0.00827233573835071,-0.0411801361842644,0.9596562455626185,-0.20853090393685972,0.14238668812411265,0.8117759472422773,1.1530224224213028,0.95,BCa,0.029080986449119637,0.018500851040336528,0.03323772014042503,0.9818752328989011,0,0,False,1e-12,100,10000,complete_repeat_5x6_vector,delete_one_complete_repeat_5x6_vector,809a3f2f1d77cce8aa4e86320f229cd025238ab79be8d1df66d61a601099ba7f
bdb2023_sack,rms_reliability,30,linear_structure,set_transformer,0.007938598656699113,0.008754796967310623,-0.09786500690172681,0.9067713033598498,-0.24956090144054477,0.06264809366555094,0.7791428284636779,1.06465211547792,0.95,BCa,0.029331756209256883,0.002819824318041339,0.02932238985754776,0.97881407151218,0,0,False,1e-12,100,10000,complete_repeat_5x6_vector,delete_one_complete_repeat_5x6_vector,809a3f2f1d77cce8aa4e86320f229cd025238ab79be8d1df66d61a601099ba7f
bdb2023_sack,rms_reliability,30,boosted_structure,relnet,0.007277955643538833,0.008203806042333896,-0.11974819351278507,0.8871437971573901,-0.2741073439037708,0.03535868614533515,0.7602504626281491,1.0359912378681873,0.95,BCa,0.009023984261129213,-0.00567905589651002,0.024778175208395425,0.974781450806619,0,0,False,1e-12,100,10000,complete_repeat_5x6_vector,delete_one_complete_repeat_5x6_vector,809a3f2f1d77cce8aa4e86320f229cd025238ab79be8d1df66d61a601099ba7f
bdb2023_sack,rms_reliability,30,boosted_structure,attn_relnet,0.007277955643538833,0.00827233573835071,-0.1280668996906589,0.879794519194632,-0.2795328599049938,0.029286221410685855,0.7561368808208697,1.0297192800053985,0.95,BCa,0.0002506628300880075,-0.002541238708283168,0.024460985572315408,0.9744565531973155,0,0,False,1e-12,100,10000,complete_repeat_5x6_vector,delete_one_complete_repeat_5x6_vector,809a3f2f1d77cce8aa4e86320f229cd025238ab79be8d1df66d61a601099ba7f
bdb2023_sack,rms_reliability,30,boosted_structure,set_transformer,0.007277955643538833,0.008754796967310623,-0.1847517704081214,0.8313106141368966,-0.3328878274321982,-0.025327867312973117,0.7168506006185166,0.9749901922038638,0.95,BCa,0.017547298372150796,-0.0026691499718814334,0.026495606265122207,0.9764097090078332,0,0,False,1e-12,100,10000,complete_repeat_5x6_vector,delete_one_complete_repeat_5x6_vector,809a3f2f1d77cce8aa4e86320f229cd025238ab79be8d1df66d61a601099ba7f
bdb2023_sack,rms_reliability,30,relnet,attn_relnet,0.008203806042333896,0.00827233573835071,-0.00831870617787388,0.9917157985139423,-0.0658362498633948,0.044225872079428366,0.9362841683999688,1.045218413884473,0.95,BCa,-0.014288267319718379,-0.016343507814166297,0.019970136122221926,0.9693567903942046,0,0,False,1e-12,100,10000,complete_repeat_5x6_vector,delete_one_complete_repeat_5x6_vector,809a3f2f1d77cce8aa4e86320f229cd025238ab79be8d1df66d61a601099ba7f
bdb2023_sack,rms_reliability,30,relnet,set_transformer,0.008203806042333896,0.008754796967310623,-0.06500357689533635,0.9370641115911583,-0.21549886611883362,0.09347591687945524,0.8061391843236377,1.0979841601379985,0.95,BCa,0.021558673039087442,-0.004675874211801172,0.02652114069983036,0.976421665198308,0,0,False,1e-12,100,10000,complete_repeat_5x6_vector,delete_one_complete_repeat_5x6_vector,809a3f2f1d77cce8aa4e86320f229cd025238ab79be8d1df66d61a601099ba7f
bdb2023_sack,rms_reliability,30,attn_relnet,set_transformer,0.00827233573835071,0.008754796967310623,-0.05668487071746244,0.944891785524968,-0.21156851317099296,0.10156689446669291,0.8093138304963451,1.1069039616655614,0.95,BCa,0.010778710290106094,-0.0027480847469020923,0.025653465808973097,0.9756326748651691,0,0,False,1e-12,100,10000,complete_repeat_5x6_vector,delete_one_complete_repeat_5x6_vector,809a3f2f1d77cce8aa4e86320f229cd025238ab79be8d1df66d61a601099ba7f
bdb2023_sack,rms_reliability,40,linear_structure,boosted_structure,0.007851410653803173,0.008183751434449061,-0.04145743928188715,0.9593901668070076,-0.23619689758148854,0.15288696450895475,0.7896251833365625,1.165193263305927,0.95,BCa,-0.009023984261129074,-0.007705103710845193,0.022303366560948723,0.972127473132198,0,0,False,1e-12,100,10000,complete_repeat_5x6_vector,delete_one_complete_repeat_5x6_vector,809a3f2f1d77cce8aa4e86320f229cd025238ab79be8d1df66d61a601099ba7f
bdb2023_sack,rms_reliability,40,linear_structure,relnet,0.007851410653803173,0.008626779926725114,-0.0941780931709391,0.9101206615321313,-0.25081805500643684,0.07530696292563765,0.7781639417129425,1.078215072144766,0.95,BCa,-0.003759951271145935,-0.00474722921360118,0.02351874565785389,0.9734707715855236,0,0,False,1e-12,100,10000,complete_repeat_5x6_vector,delete_one_complete_repeat_5x6_vector,809a3f2f1d77cce8aa4e86320f229cd025238ab79be8d1df66d61a601099ba7f
bdb2023_sack,rms_reliability,40,linear_structure,attn_relnet,0.007851410653803173,0.008579115170917988,-0.08863756447785989,0.91517720620168,-0.27905649047782405,0.09409491470286117,0.7564971671215244,1.0986640203375422,0.95,BCa,-0.033344333975214316,-0.04339520426297814,0.013366291346482206,0.9594750228204453,0,0,False,1e-12,100,10000,complete_repeat_5x6_vector,delete_one_complete_repeat_5x6_vector,809a3f2f1d77cce8aa4e86320f229cd025238ab79be8d1df66d61a601099ba7f
bdb2023_sack,rms_reliability,40,linear_structure,set_transformer,0.007851410653803173,0.008183419793259879,-0.041416914112984884,0.9594290470433694,-0.21068584019245487,0.12055474425816871,0.8100285053113542,1.1281224975045903,0.95,BCa,0.0007519885532624761,-0.00529099830749698,0.023908999335097936,0.9738912359012228,0,0,False,1e-12,100,10000,complete_repeat_5x6_vector,delete_one_complete_repeat_5x6_vector,809a3f2f1d77cce8aa4e86320f229cd025238ab79be8d1df66d61a601099ba7f
bdb2023_sack,rms_reliability,40,boosted_structure,relnet,0.008183751434449061,0.008626779926725114,-0.052720653889051936,0.9486449757569931,-0.3065921272932683,0.1688478751091744,0.7359507139088447,1.1839400184778601,0.95,BCa,-0.02030508422389927,-0.0173011116549358,0.019187493220694796,0.9682999859169352,0,0,False,1e-12,100,10000,complete_repeat_5x6_vector,delete_one_complete_repeat_5x6_vector,809a3f2f1d77cce8aa4e86320f229cd025238ab79be8d1df66d61a601099ba7f
bdb2023_sack,rms_reliability,40,boosted_structure,attn_relnet,0.008183751434449061,0.008579115170917988,-0.04718012519597269,0.9539155578876998,-0.3666583850380698,0.1777442446561142,0.6930463596152259,1.1945197773477914,0.95,BCa,-0.05818659283016712,-0.059249614501426136,0.00937582829312611,0.95063074705493,0,0,False,1e-12,100,10000,complete_repeat_5x6_vector,delete_one_complete_repeat_5x6_vector,809a3f2f1d77cce8aa4e86320f229cd025238ab79be8d1df66d61a601099ba7f
bdb2023_sack,rms_reliability,40,boosted_structure,set_transformer,0.008183751434449061,0.008183419793259879,4.0525168902243777e-05,1.000040525990058,-0.17610033149305035,0.21151414133908672,0.8385338477635014,1.2355474378004354,0.95,BCa,0.046389255705389855,0.02095085130134733,0.03645246245873118,0.9838541002082928,0,0,False,1e-12,100,10000,complete_repeat_5x6_vector,delete_one_complete_repeat_5x6_vector,809a3f2f1d77cce8aa4e86320f229cd025238ab79be8d1df66d61a601099ba7f
bdb2023_sack,rms_reliability,40,relnet,attn_relnet,0.008626779926725114,0.008579115170917988,0.005540528693079125,1.0055559058081773,-0.08172515301074812,0.08954289908373472,0.9215252023205082,1.0936742499292298,0.95,BCa,-0.04137116513242771,-0.06259975164618652,0.009920224703360625,0.9526885158306104,0,0,False,1e-12,100,10000,complete_repeat_5x6_vector,delete_one_complete_repeat_5x6_vector,809a3f2f1d77cce8aa4e86320f229cd025238ab79be8d1df66d61a601099ba7f
bdb2023_sack,rms_reliability,40,relnet,set_transformer,0.008626779926725114,0.008183419793259879,0.05276117905795433,1.0541778553057246,-0.12862486009330093,0.23206941377373116,0.8793037656137245,1.2612072709461135,0.95,BCa,0.01704589771498929,0.008573786026051059,0.02911004573121928,0.9787272657405183,0,0,False,1e-12,100,10000,complete_repeat_5x6_vector,delete_one_complete_repeat_5x6_vector,809a3f2f1d77cce8aa4e86320f229cd025238ab79be8d1df66d61a601099ba7f
bdb2023_sack,rms_reliability,40,attn_relnet,set_transformer,0.008579115170917988,0.008183419793259879,0.047220650364875015,1.0483533031000092,-0.1506466498788779,0.26200470261871467,0.8601515796327008,1.2995326536215897,0.95,BCa,0.04287647717179934,0.04245715223984697,0.041822623567536965,0.9871877807641775,0,0,False,1e-12,100,10000,complete_repeat_5x6_vector,delete_one_complete_repeat_5x6_vector,809a3f2f1d77cce8aa4e86320f229cd025238ab79be8d1df66d61a601099ba7f
bdb2023_sack,rms_reliability,50,linear_structure,boosted_structure,0.008584882025906116,0.008266579908488503,0.037781882861870945,1.0385046925017645,-0.10960748593607612,0.1958861547136773,0.8961858318119741,1.21638841736371,0.95,BCa,0.025570394640762426,0.009507081651275845,0.030472706914704717,0.9797839036762963,0,0,False,1e-12,100,10000,complete_repeat_5x6_vector,delete_one_complete_repeat_5x6_vector,809a3f2f1d77cce8aa4e86320f229cd025238ab79be8d1df66d61a601099ba7f
bdb2023_sack,rms_reliability,50,linear_structure,relnet,0.008584882025906116,0.007397291098492301,0.14888888694906788,1.160544030456753,-0.017180487113431217,0.31406625852355247,0.9829662558814651,1.368980440165136,0.95,BCa,-0.002757294595891845,-0.007476560552911644,0.02303729817562139,0.9729616887915333,0,0,False,1e-12,100,10000,complete_repeat_5x6_vector,delete_one_complete_repeat_5x6_vector,809a3f2f1d77cce8aa4e86320f229cd025238ab79be8d1df66d61a601099ba7f
bdb2023_sack,rms_reliability,50,linear_structure,attn_relnet,0.008584882025906116,0.007700889869485466,0.10866686272084043,1.1147909100639708,-0.05011789347206727,0.272021117414553,0.9511172873713747,1.3126147200476248,0.95,BCa,0.002255967360748947,0.0002457887375694529,0.025320437883266877,0.9753173350443214,0,0,False,1e-12,100,10000,complete_repeat_5x6_vector,delete_one_complete_repeat_5x6_vector,809a3f2f1d77cce8aa4e86320f229cd025238ab79be8d1df66d61a601099ba7f
bdb2023_sack,rms_reliability,50,linear_structure,set_transformer,0.008584882025906116,0.007890939481604863,0.08428755215274604,1.0879416888089122,-0.08738652519741269,0.24742713562218951,0.9163228453055484,1.280726039677786,0.95,BCa,0.0017546406925954574,-0.010712929726747868,0.022835866605941724,0.9727659306900991,0,0,False,1e-12,100,10000,complete_repeat_5x6_vector,delete_one_complete_repeat_5x6_vector,809a3f2f1d77cce8aa4e86320f229cd025238ab79be8d1df66d61a601099ba7f
bdb2023_sack,rms_reliability,50,boosted_structure,relnet,0.008266579908488503,0.007397291098492301,0.111107004087197,1.1175144790737488,-0.03342955954648422,0.2602698857071326,0.9671230334171754,1.2972801567966508,0.95,BCa,-0.01353620604227841,-0.008961966754646802,0.02155879935408883,0.9712519665276105,0,0,False,1e-12,100,10000,complete_repeat_5x6_vector,delete_one_complete_repeat_5x6_vector,809a3f2f1d77cce8aa4e86320f229cd025238ab79be8d1df66d61a601099ba7f
bdb2023_sack,rms_reliability,50,boosted_structure,attn_relnet,0.008266579908488503,0.007700889869485466,0.07088497985896952,1.0734577495056208,-0.08741341237537188,0.22366813880931924,0.9162982083013498,1.2506559063939913,0.95,BCa,-0.02080651581056588,-0.010451693278955579,0.02050392567788284,0.9699343642311211,0,0,False,1e-12,100,10000,complete_repeat_5x6_vector,delete_one_complete_repeat_5x6_vector,809a3f2f1d77cce8aa4e86320f229cd025238ab79be8d1df66d61a601099ba7f
bdb2023_sack,rms_reliability,50,boosted_structure,set_transformer,0.008266579908488503,0.007890939481604863,0.04650566929087498,1.0476040182235995,-0.1289194798560143,0.19755082203578672,0.8790447435053361,1.2184149857261641,0.95,BCa,-0.03785912900388266,-0.02345839371818522,0.016424851969813636,0.9641736261330465,0,0,False,1e-12,100,10000,complete_repeat_5x6_vector,delete_one_complete_repeat_5x6_vector,809a3f2f1d77cce8aa4e86320f229cd025238ab79be8d1df66d61a601099ba7f
bdb2023_sack,rms_reliability,50,relnet,attn_relnet,0.007397291098492301,0.007700889869485466,-0.040222024228227335,0.9605761442977954,-0.13569324814255654,0.034063216024073265,0.8731104196574969,1.0346500111208037,0.95,BCa,-0.02356448643428617,-0.020912230275844452,0.018177690349280906,0.9669299757845258,0,0,False,1e-12,100,10000,complete_repeat_5x6_vector,delete_one_complete_repeat_5x6_vector,809a3f2f1d77cce8aa4e86320f229cd025238ab79be8d1df66d61a601099ba7f
bdb2023_sack,rms_reliability,50,relnet,set_transformer,0.007397291098492301,0.007890939481604863,-0.06460133479632192,0.9374411140443617,-0.2429633630184575,0.07009076793902436,0.7843002476388887,1.0726055350296497,0.95,BCa,-0.02807792553819829,-0.02605226205655908,0.016805379447288937,0.9649477963406632,0,0,False,1e-12,100,10000,complete_repeat_5x6_vector,delete_one_complete_repeat_5x6_vector,809a3f2f1d77cce8aa4e86320f229cd025238ab79be8d1df66d61a601099ba7f
bdb2023_sack,rms_reliability,50,attn_relnet,set_transformer,0.007700889869485466,0.007890939481604863,-0.024379310568094555,0.9759154644941282,-0.19420652284959397,0.12120941342149748,0.8234878176550873,1.1288612863209055,0.95,BCa,-0.0215586730390873,-0.020537309253326568,0.018437718971785366,0.9673087541615856,0,0,False,1e-12,100,10000,complete_repeat_5x6_vector,delete_one_complete_repeat_5x6_vector,809a3f2f1d77cce8aa4e86320f229cd025238ab79be8d1df66d61a601099ba7f
bdb2023_sack,rms_reliability,60,linear_structure,boosted_structure,0.008189781745569367,0.007094976880810334,0.14350019652919194,1.1543070376621147,-0.0407260779834296,0.3765971665232595,0.9600920842914851,1.457317134984217,0.95,BCa,0.03033485385333439,0.04268145183870993,0.039847020985192605,0.9862870944497408,0,0,False,1e-12,100,10000,complete_repeat_5x6_vector,delete_one_complete_repeat_5x6_vector,809a3f2f1d77cce8aa4e86320f229cd025238ab79be8d1df66d61a601099ba7f
bdb2023_sack,rms_reliability,60,linear_structure,relnet,0.008189781745569367,0.006858765840109167,0.1773597297542424,1.194060554987399,0.03063874157300548,0.365553885965201,1.0311129383561917,1.441312109649212,0.95,BCa,0.032090348787252906,0.03245120615212911,0.037352330662123734,0.9846839787573369,0,0,False,1e-12,100,10000,complete_repeat_5x6_vector,delete_one_complete_repeat_5x6_vector,809a3f2f1d77cce8aa4e86320f229cd025238ab79be8d1df66d61a601099ba7f
bdb2023_sack,rms_reliability,60,linear_structure,attn_relnet,0.008189781745569367,0.006779070568823745,0.18904724030614584,1.2080980220553152,0.04363280995809812,0.38362095792296746,1.0445987182118597,1.467589058237418,0.95,BCa,0.037608287661255936,0.04285701825622208,0.04106786665109646,0.9868652307346488,0,0,False,1e-12,100,10000,complete_repeat_5x6_vector,delete_one_complete_repeat_5x6_vector,809a3f2f1d77cce8aa4e86320f229cd025238ab79be8d1df66d61a601099ba7f
bdb2023_sack,rms_reliability,60,linear_structure,set_transformer,0.008189781745569367,0.008180578944046335,0.0011243249512899792,1.0011249572415324,-0.16835221939014994,0.208730684348825,0.8450561371030532,1.232113126494111,0.95,BCa,0.031839557868011646,0.024852535707485267,0.03529419149317098,0.9833055299874933,0,0,False,1e-12,100,10000,complete_repeat_5x6_vector,delete_one_complete_repeat_5x6_vector,809a3f2f1d77cce8aa4e86320f229cd025238ab79be8d1df66d61a601099ba7f
bdb2023_sack,rms_reliability,60,boosted_structure,relnet,0.007094976880810334,0.006858765840109167,0.0338595332250505,1.034439292171171,-0.15356871565843908,0.2182739057909599,0.8576418287509895,1.243927739972381,0.95,BCa,-0.003509286787336094,-0.01115577092172052,0.022165171712314802,0.9720077560151608,0,0,False,1e-12,100,10000,complete_repeat_5x6_vector,delete_one_complete_repeat_5x6_vector,809a3f2f1d77cce8aa4e86320f229cd025238ab79be8d1df66d61a601099ba7f
bdb2023_sack,rms_reliability,60,boosted_structure,attn_relnet,0.007094976880810334,0.006779070568823745,0.04554704377695393,1.0466002394840688,-0.13483627672288145,0.22962367638786288,0.8738589710311193,1.2581264581374545,0.95,BCa,0.011781425432631174,-0.005906556629350435,0.025051713113640572,0.9750504430926016,0,0,False,1e-12,100,10000,complete_repeat_5x6_vector,delete_one_complete_repeat_5x6_vector,809a3f2f1d77cce8aa4e86320f229cd025238ab79be8d1df66d61a601099ba7f
bdb2023_sack,rms_reliability,60,boosted_structure,set_transformer,0.007094976880810334,0.008180578944046335,-0.14237587157790202,0.8672952035960632,-0.3223870291877849,0.06151211310671042,0.7244177652477567,1.0634433780539008,0.95,BCa,0.01980365774256217,-0.0006232008521288049,0.027258530698381855,0.9770945602157632,0,0,False,1e-12,100,10000,complete_repeat_5x6_vector,delete_one_complete_repeat_5x6_vector,809a3f2f1d77cce8aa4e86320f229cd025238ab79be8d1df66d61a601099ba7f
bdb2023_sack,rms_reliability,60,relnet,attn_relnet,0.006858765840109167,0.006779070568823745,0.011687510551903396,1.0117560763642044,-0.044880296970208816,0.05757464191397977,0.9561119244775771,1.059264333221247,0.95,BCa,-0.00726928601715347,-0.006212500645721599,0.02281270188119966,0.9726984401967256,0,0,False,1e-12,100,10000,complete_repeat_5x6_vector,delete_one_complete_repeat_5x6_vector,809a3f2f1d77cce8aa4e86320f229cd025238ab79be8d1df66d61a601099ba7f
bdb2023_sack,rms_reliability,60,relnet,set_transformer,0.006858765840109167,0.008180578944046335,-0.17623540480295244,0.8384205918703154,-0.3474287590682024,-0.028388532010064863,0.706502344022066,0.9720106361795006,0.95,BCa,-0.009776005984788104,-0.01370730539753956,0.02096700713414995,0.9705967505777573,0,0,False,1e-12,100,10000,complete_repeat_5x6_vector,delete_one_complete_repeat_5x6_vector,809a3f2f1d77cce8aa4e86320f229cd025238ab79be8d1df66d61a601099ba7f
bdb2023_sack,rms_reliability,60,attn_relnet,set_transformer,0.006779070568823745,0.008180578944046335,-0.18792291535485592,0.828678583165244,-0.35696619764904125,-0.029511282129454707,0.6997961520899548,0.9709199235351341,0.95,BCa,-0.003509286787336094,-0.011791924165737131,0.02202994463515029,0.9718578008910196,0,0,False,1e-12,100,10000,complete_repeat_5x6_vector,delete_one_complete_repeat_5x6_vector,809a3f2f1d77cce8aa4e86320f229cd025238ab79be8d1df66d61a601099ba7f
bdb2023_sack,game_equal_rms_reliability,10,linear_structure,boosted_structure,0.012806953101476408,0.012622120669172806,0.014537351150332417,1.014643532346749,-0.1576899253464008,0.197227784183047,0.8541145801953389,1.2180214551314905,0.95,BCa,0.011530745575864969,0.01240958269099337,0.029318641424890934,0.9789468793906031,0,0,False,1e-12,100,10000,complete_repeat_5x6_vector,delete_one_complete_repeat_5x6_vector,809a3f2f1d77cce8aa4e86320f229cd025238ab79be8d1df66d61a601099ba7f
bdb2023_sack,game_equal_rms_reliability,10,linear_structure,relnet,0.012806953101476408,0.015033350543143809,-0.16028286812391768,0.8519027787399807,-0.3366166367862006,0.037018596097828343,0.714182578757296,1.0377123180585144,0.95,BCa,0.02632263631095264,0.016531933187982708,0.0323430691765636,0.9812394234464211,0,0,False,1e-12,100,10000,complete_repeat_5x6_vector,delete_one_complete_repeat_5x6_vector,809a3f2f1d77cce8aa4e86320f229cd025238ab79be8d1df66d61a601099ba7f
bdb2023_sack,game_equal_rms_reliability,10,linear_structure,attn_relnet,0.012806953101476408,0.014087689857738415,-0.09531312181793762,0.9090882345370136,-0.27436077243980667,0.10833133039613761,0.7600578178782542,1.1144169244240036,0.95,BCa,0.03635411612673946,0.013738916139455654,0.03305132542263711,0.9816447797609785,0,0,False,1e-12,100,10000,complete_repeat_5x6_vector,delete_one_complete_repeat_5x6_vector,809a3f2f1d77cce8aa4e86320f229cd025238ab79be8d1df66d61a601099ba7f
bdb2023_sack,game_equal_rms_reliability,10,linear_structure,set_transformer,0.012806953101476408,0.014873498010034956,-0.1495927377254672,0.8610585817025506,-0.3617470576057914,0.06706883466848274,0.6964585094468386,1.0693690853076827,0.95,BCa,0.0010026514778481883,-0.00834620316154623,0.023266849567533054,0.9732208386346037,0,0,False,1e-12,100,10000,complete_repeat_5x6_vector,delete_one_complete_repeat_5x6_vector,809a3f2f1d77cce8aa4e86320f229cd025238ab79be8d1df66d61a601099ba7f
bdb2023_sack,game_equal_rms_reliability,10,boosted_structure,relnet,0.012622120669172806,0.015033350543143809,-0.17482021927425,0.8396079525285413,-0.35201203355135274,0.009158220022871508,0.7032716590697973,1.0092002848347366,0.95,BCa,0.01679519900129641,0.010111562892819413,0.029450670491346753,0.979017746855557,0,0,False,1e-12,100,10000,complete_repeat_5x6_vector,delete_one_complete_repeat_5x6_vector,809a3f2f1d77cce8aa4e86320f229cd025238ab79be8d1df66d61a601099ba7f
bdb2023_sack,game_equal_rms_reliability,10,boosted_structure,attn_relnet,0.012622120669172806,0.014087689857738415,-0.10985047296827005,0.8959680967308797,-0.2942125297052048,0.07459893128921115,0.7451181148807243,1.077451931958394,0.95,BCa,0.005514610154793434,0.007695089217840093,0.027430463276269523,0.9773133224453334,0,0,False,1e-12,100,10000,complete_repeat_5x6_vector,delete_one_complete_repeat_5x6_vector,809a3f2f1d77cce8aa4e86320f229cd025238ab79be8d1df66d61a601099ba7f
bdb2023_sack,game_equal_rms_reliability,10,boosted_structure,set_transformer,0.012622120669172806,0.014873498010034956,-0.16413008887579952,0.8486316171661048,-0.37448142067721174,0.04297877076272943,0.6876457852301717,1.0439157330805866,0.95,BCa,-0.0010026514778483275,-0.01932378610526035,0.020714863810861295,0.9703867223517441,0,0,False,1e-12,100,10000,complete_repeat_5x6_vector,delete_one_complete_repeat_5x6_vector,809a3f2f1d77cce8aa4e86320f229cd025238ab79be8d1df66d61a601099ba7f
bdb2023_sack,game_equal_rms_reliability,10,relnet,attn_relnet,0.015033350543143809,0.014087689857738415,0.0649697463059801,1.0671267393699713,0.007312749838117264,0.12782630370075912,1.0073395532890237,1.13635560479074,0.95,BCa,0.003509286787335955,0.004652281592555701,0.026476842727196748,0.9764324092490079,0,0,False,1e-12,100,10000,complete_repeat_5x6_vector,delete_one_complete_repeat_5x6_vector,809a3f2f1d77cce8aa4e86320f229cd025238ab79be8d1df66d61a601099ba7f
bdb2023_sack,game_equal_rms_reliability,10,relnet,set_transformer,0.015033350543143809,0.014873498010034956,0.010690130398450555,1.0107474739971056,-0.19235297264254356,0.20760972829382895,0.825015609151715,1.230732755636604,0.95,BCa,-0.01027735684581974,-0.017327478306765707,0.020174465890921256,0.9696514254282681,0,0,False,1e-12,100,10000,complete_repeat_5x6_vector,delete_one_complete_repeat_5x6_vector,809a3f2f1d77cce8aa4e86320f229cd025238ab79be8d1df66d61a601099ba7f
bdb2023_sack,game_equal_rms_reliability,10,attn_relnet,set_transformer,0.014087689857738415,0.014873498010034956,-0.05427961590752956,0.9471672264475803,-0.2570359137409345,0.1432649571682009,0.7733404397185109,1.154035531147949,0.95,BCa,-0.01855011304703817,-0.016078420402606604,0.019600467137148136,0.9688459701370051,0,0,False,1e-12,100,10000,complete_repeat_5x6_vector,delete_one_complete_repeat_5x6_vector,809a3f2f1d77cce8aa4e86320f229cd025238ab79be8d1df66d61a601099ba7f
bdb2023_sack,game_equal_rms_reliability,20,linear_structure,boosted_structure,0.011638746192261006,0.01364332200294972,-0.15891045030544876,0.8530727479527845,-0.34811245002673225,0.03215668099815442,0.7060194798410243,1.032679293852726,0.95,BCa,-0.006767948008927392,-0.013001547973319682,0.021428034295521647,0.9711556408147484,0,0,False,1e-12,100,10000,complete_repeat_5x6_vector,delete_one_complete_repeat_5x6_vector,809a3f2f1d77cce8aa4e86320f229cd025238ab79be8d1df66d61a601099ba7f
bdb2023_sack,game_equal_rms_reliability,20,linear_structure,relnet,0.011638746192261006,0.0143265297883291,-0.20777332734531798,0.8123911627044773,-0.3748831619514797,-0.038754999959504044,0.6873695850203952,0.9619863669759647,0.95,BCa,0.009023984261129213,-0.017005366351755234,0.022275868509808616,0.9722039487429242,0,0,False,1e-12,100,10000,complete_repeat_5x6_vector,delete_one_complete_repeat_5x6_vector,809a3f2f1d77cce8aa4e86320f229cd025238ab79be8d1df66d61a601099ba7f
bdb2023_sack,game_equal_rms_reliability,20,linear_structure,attn_relnet,0.011638746192261006,0.013976914754331922,-0.18306730142802724,0.8327121111369562,-0.34910953771400277,-0.017664862523300063,0.7053158673506704,0.9824902464913139,0.95,BCa,0.009023984261129213,-0.017126941734614178,0.022249618109896674,0.9721757623969026,0,0,False,1e-12,100,10000,complete_repeat_5x6_vector,delete_one_complete_repeat_5x6_vector,809a3f2f1d77cce8aa4e86320f229cd025238ab79be8d1df66d61a601099ba7f
bdb2023_sack,game_equal_rms_reliability,20,linear_structure,set_transformer,0.011638746192261006,0.014369135593996055,-0.21074282370702532,0.8099823483553246,-0.4019692205962192,-0.03154453136347117,0.6690013368357299,0.9689478069260183,0.95,BCa,-0.0233137547405855,-0.015951450339616972,0.019161435238800317,0.9682234133842398,0,0,False,1e-12,100,10000,complete_repeat_5x6_vector,delete_one_complete_repeat_5x6_vector,809a3f2f1d77cce8aa4e86320f229cd025238ab79be8d1df66d61a601099ba7f
bdb2023_sack,game_equal_rms_reliability,20,boosted_structure,relnet,0.01364332200294972,0.0143265297883291,-0.048862877039869246,0.95231170454579,-0.2614427556574594,0.13809169184241418,0.7699399488690201,1.1480808150933186,0.95,BCa,0.0007519885532624761,-0.011058363416113395,0.02265055765541424,0.9725620382136572,0,0,False,1e-12,100,10000,complete_repeat_5x6_vector,delete_one_complete_repeat_5x6_vector,809a3f2f1d77cce8aa4e86320f229cd025238ab79be8d1df66d61a601099ba7f
bdb2023_sack,game_equal_rms_reliability,20,boosted_structure,attn_relnet,0.01364332200294972,0.013976914754331922,-0.024156851122578513,0.9761325902571731,-0.237643891144665,0.15990589787582013,0.7884834270351784,1.1734004463217813,0.95,BCa,-0.006266611701750475,-0.011712536776149906,0.02175161403266379,0.9715269890156528,0,0,False,1e-12,100,10000,complete_repeat_5x6_vector,delete_one_complete_repeat_5x6_vector,809a3f2f1d77cce8aa4e86320f229cd025238ab79be8d1df66d61a601099ba7f
bdb2023_sack,game_equal_rms_reliability,20,boosted_structure,set_transformer,0.01364332200294972,0.014369135593996055,-0.051832373401576606,0.9494880129498112,-0.23498508241130792,0.13983602767286982,0.7905826431274673,1.1500852012484089,0.95,BCa,0.009023984261129213,0.005486791432247816,0.02734987492171309,0.9772237285203487,0,0,False,1e-12,100,10000,complete_repeat_5x6_vector,delete_one_complete_repeat_5x6_vector,809a3f2f1d77cce8aa4e86320f229cd025238ab79be8d1df66d61a601099ba7f
bdb2023_sack,game_equal_rms_reliability,20,relnet,attn_relnet,0.0143265297883291,0.013976914754331922,0.024706025917290805,1.0250137487523003,-0.036655995791644275,0.11796175306998599,0.9640077010218291,1.1252010750575747,0.95,BCa,0.054671719780786804,0.040197511709200676,0.043165383667677415,0.9876747524031262,0,0,False,1e-12,100,10000,complete_repeat_5x6_vector,delete_one_complete_repeat_5x6_vector,809a3f2f1d77cce8aa4e86320f229cd025238ab79be8d1df66d61a601099ba7f
bdb2023_sack,game_equal_rms_reliability,20,relnet,set_transformer,0.0143265297883291,0.014369135593996055,-0.0029694963617073575,0.997034908231727,-0.19305036009866047,0.20035707599481434,0.8244404541910298,1.221838969640798,0.95,BCa,-0.003258622524023968,0.007279888233504198,0.026261743641469992,0.976244817508716,0,0,False,1e-12,100,10000,complete_repeat_5x6_vector,delete_one_complete_repeat_5x6_vector,809a3f2f1d77cce8aa4e86320f229cd025238ab79be8d1df66d61a601099ba7f
bdb2023_sack,game_equal_rms_reliability,20,attn_relnet,set_transformer,0.013976914754331922,0.014369135593996055,-0.027675522278998187,0.9727039363573117,-0.21571404627828664,0.17922726658646676,0.8059657378272053,1.1962925906093904,0.95,BCa,0.0007519885532624761,0.00959952785406746,0.027284492161998464,0.9772001719649944,0,0,False,1e-12,100,10000,complete_repeat_5x6_vector,delete_one_complete_repeat_5x6_vector,809a3f2f1d77cce8aa4e86320f229cd025238ab79be8d1df66d61a601099ba7f
bdb2023_sack,game_equal_rms_reliability,30,linear_structure,boosted_structure,0.011767290149919906,0.013168224026726065,-0.11248299564253406,0.8936125422864283,-0.2984387891260552,0.07767171400656611,0.7419756974410132,1.0807677994948932,0.95,BCa,0.004010615991203968,0.004206449747743741,0.026434999474613752,0.9763913301253015,0,0,False,1e-12,100,10000,complete_repeat_5x6_vector,delete_one_complete_repeat_5x6_vector,809a3f2f1d77cce8aa4e86320f229cd025238ab79be8d1df66d61a601099ba7f
bdb2023_sack,game_equal_rms_reliability,30,linear_structure,relnet,0.011767290149919906,0.014030267436407102,-0.17589329457390382,0.83870747320076,-0.36117920819424193,-0.0019747741211618213,0.6968541053104057,0.9980271744623711,0.95,BCa,-0.012533469508069278,0.001174897281597155,0.0238253556371531,0.9737714264546673,0,0,False,1e-12,100,10000,complete_repeat_5x6_vector,delete_one_complete_repeat_5x6_vector,809a3f2f1d77cce8aa4e86320f229cd025238ab79be8d1df66d61a601099ba7f
bdb2023_sack,game_equal_rms_reliability,30,linear_structure,attn_relnet,0.011767290149919906,0.014362239566938021,-0.19927884904751897,0.819321394485599,-0.39111575086660016,-0.006655156505054618,0.6763018689810613,0.9933669400032517,0.95,BCa,0.008021296494625931,0.0037234556817050397,0.026813513079230744,0.9767339203195904,0,0,False,1e-12,100,10000,complete_repeat_5x6_vector,delete_one_complete_repeat_5x6_vector,809a3f2f1d77cce8aa4e86320f229cd025238ab79be8d1df66d61a601099ba7f
bdb2023_sack,game_equal_rms_reliability,30,linear_structure,set_transformer,0.011767290149919906,0.01121236299771138,0.04830665251266402,1.0494924354769637,-0.14788912350262795,0.2446864552510606,0.8625267435846814,1.2772207845461083,0.95,BCa,0.01027735684581974,0.0016960544174992526,0.02661912473117639,0.9765457047938726,0,0,False,1e-12,100,10000,complete_repeat_5x6_vector,delete_one_complete_repeat_5x6_vector,809a3f2f1d77cce8aa4e86320f229cd025238ab79be8d1df66d61a601099ba7f
bdb2023_sack,game_equal_rms_reliability,30,boosted_structure,relnet,0.013168224026726065,0.014030267436407102,-0.06341029893136971,0.9385583052077736,-0.24408243198140464,0.10905621977242419,0.7834230524866027,1.1152250462773592,0.95,BCa,-0.001253314465432556,-0.0058527703088027795,0.023558667903080477,0.9735206427775486,0,0,False,1e-12,100,10000,complete_repeat_5x6_vector,delete_one_complete_repeat_5x6_vector,809a3f2f1d77cce8aa4e86320f229cd025238ab79be8d1df66d61a601099ba7f
bdb2023_sack,game_equal_rms_reliability,30,boosted_structure,attn_relnet,0.013168224026726065,0.014362239566938021,-0.0867958534049849,0.9168642512438945,-0.2501670064776281,0.07753689862810885,0.7786707291560756,1.0806221051961165,0.95,BCa,-0.003258622524023968,-0.0005270824128500386,0.024504415300905524,0.974497088547894,0,0,False,1e-12,100,10000,complete_repeat_5x6_vector,delete_one_complete_repeat_5x6_vector,809a3f2f1d77cce8aa4e86320f229cd025238ab79be8d1df66d61a601099ba7f
bdb2023_sack,game_equal_rms_reliability,30,boosted_structure,set_transformer,0.013168224026726065,0.01121236299771138,0.16078964815519806,1.174437897650469,-0.0410659463280095,0.34678634326415625,0.9597658348282256,1.4145144725373955,0.95,BCa,-0.01027735684581974,-0.004027481724072443,0.02295184478476442,0.9728364290169202,0,0,False,1e-12,100,10000,complete_repeat_5x6_vector,delete_one_complete_repeat_5x6_vector,809a3f2f1d77cce8aa4e86320f229cd025238ab79be8d1df66d61a601099ba7f
bdb2023_sack,game_equal_rms_reliability,30,relnet,attn_relnet,0.014030267436407102,0.014362239566938021,-0.023385554473615223,0.9768857684775624,-0.12865899990056245,0.09413791660256708,0.8792737468650622,1.0987112659933744,0.95,BCa,0.01855011304703803,0.00976304153141035,0.029596946435220317,0.9791265583187507,0,0,False,1e-12,100,10000,complete_repeat_5x6_vector,delete_one_complete_repeat_5x6_vector,809a3f2f1d77cce8aa4e86320f229cd025238ab79be8d1df66d61a601099ba7f
bdb2023_sack,game_equal_rms_reliability,30,relnet,set_transformer,0.014030267436407102,0.01121236299771138,0.2241999470865677,1.2513211924436356,0.04419438345740989,0.41076073641962907,1.0451855019150904,1.5079645124030374,0.95,BCa,0.009776005984788104,-0.0002788829769496745,0.026100453119551392,0.9760601478710829,0,0,False,1e-12,100,10000,complete_repeat_5x6_vector,delete_one_complete_repeat_5x6_vector,809a3f2f1d77cce8aa4e86320f229cd025238ab79be8d1df66d61a601099ba7f
bdb2023_sack,game_equal_rms_reliability,30,attn_relnet,set_transformer,0.014362239566938021,0.01121236299771138,0.24758550156018289,1.2809288791193774,0.07303781261361829,0.4322729517695,1.0757712138668993,1.5407556097411923,0.95,BCa,0.009525331483604745,0.003676390685492914,0.02698812462143163,0.976890017117322,0,0,False,1e-12,100,10000,complete_repeat_5x6_vector,delete_one_complete_repeat_5x6_vector,809a3f2f1d77cce8aa4e86320f229cd025238ab79be8d1df66d61a601099ba7f
bdb2023_sack,game_equal_rms_reliability,40,linear_structure,boosted_structure,0.011456125560414032,0.012758099766188361,-0.10764177529177764,0.8979492064151408,-0.28843141971319586,0.08603203086115975,0.7494382000718461,1.0898412362993852,0.95,BCa,0.013285520672133198,0.012428314293280528,0.02955275505632693,0.9791320481837993,0,0,False,1e-12,100,10000,complete_repeat_5x6_vector,delete_one_complete_repeat_5x6_vector,809a3f2f1d77cce8aa4e86320f229cd025238ab79be8d1df66d61a601099ba7f
bdb2023_sack,game_equal_rms_reliability,40,linear_structure,relnet,0.011456125560414032,0.012342979876008528,-0.07456289997345843,0.9281490916696458,-0.2640169700160445,0.13210655575864427,0.7679605072439969,1.1412299174082658,0.95,BCa,0.032591936696663076,0.022207435545752573,0.03471044388297012,0.982887029214137,0,0,False,1e-12,100,10000,complete_repeat_5x6_vector,delete_one_complete_repeat_5x6_vector,809a3f2f1d77cce8aa4e86320f229cd025238ab79be8d1df66d61a601099ba7f
bdb2023_sack,game_equal_rms_reliability,40,linear_structure,attn_relnet,0.011456125560414032,0.011517434803246953,-0.005337386753202228,0.9946768317876098,-0.21007376788651747,0.2144810784267312,0.8105244530889418,1.239218672785738,0.95,BCa,0.0220601179411501,0.013089586579621972,0.03088784643444309,0.9801508844876643,0,0,False,1e-12,100,10000,complete_repeat_5x6_vector,delete_one_complete_repeat_5x6_vector,809a3f2f1d77cce8aa4e86320f229cd025238ab79be8d1df66d61a601099ba7f
bdb2023_sack,game_equal_rms_reliability,40,linear_structure,set_transformer,0.011456125560414032,0.011884925407036884,-0.036746254175123734,0.9639206951716359,-0.32070034678956244,0.1899229714838986,0.7256406589680989,1.2091564545425317,0.95,BCa,-0.03610328874478396,-0.03831985747801933,0.013992622961020218,0.9604271505337906,0,0,False,1e-12,100,10000,complete_repeat_5x6_vector,delete_one_complete_repeat_5x6_vector,809a3f2f1d77cce8aa4e86320f229cd025238ab79be8d1df66d61a601099ba7f
bdb2023_sack,game_equal_rms_reliability,40,boosted_structure,relnet,0.012758099766188361,0.012342979876008528,0.033078875318319226,1.0336320640841938,-0.13271294199730707,0.20612926861639932,0.8757164374431582,1.2289120534887947,0.95,BCa,0.009776005984788104,0.01779231125848967,0.030395474130135047,0.97986921077245,0,0,False,1e-12,100,10000,complete_repeat_5x6_vector,delete_one_complete_repeat_5x6_vector,809a3f2f1d77cce8aa4e86320f229cd025238ab79be8d1df66d61a601099ba7f
bdb2023_sack,game_equal_rms_reliability,40,boosted_structure,attn_relnet,0.012758099766188361,0.011517434803246953,0.1023043885385753,1.107720597870599,-0.08296757128039868,0.2908690170343654,0.9203809935133486,1.3375893710527114,0.95,BCa,0.004762611726370971,0.011108455948921488,0.02813904924966687,0.9779598416701119,0,0,False,1e-12,100,10000,complete_repeat_5x6_vector,delete_one_complete_repeat_5x6_vector,809a3f2f1d77cce8aa4e86320f229cd025238ab79be8d1df66d61a601099ba7f
bdb2023_sack,game_equal_rms_reliability,40,boosted_structure,set_transformer,0.012758099766188361,0.011884925407036884,0.07089552111665383,1.073469065160012,-0.20734442517207782,0.29339126131372306,0.8127396737729171,1.3409673564533398,0.95,BCa,-0.02707489287656524,-0.047252576488990075,0.013208880239053533,0.9594248378704121,0,0,False,1e-12,100,10000,complete_repeat_5x6_vector,delete_one_complete_repeat_5x6_vector,809a3f2f1d77cce8aa4e86320f229cd025238ab79be8d1df66d61a601099ba7f
bdb2023_sack,game_equal_rms_reliability,40,relnet,attn_relnet,0.012342979876008528,0.011517434803246953,0.06922551322025616,1.0716778594248122,-0.014494707800211646,0.16588483396798254,0.9856098347627391,1.180437147632441,0.95,BCa,0.015291028334377803,-0.0013141513070460493,0.026534166659483105,0.9764517846076735,0,0,False,1e-12,100,10000,complete_repeat_5x6_vector,delete_one_complete_repeat_5x6_vector,809a3f2f1d77cce8aa4e86320f229cd025238ab79be8d1df66d61a601099ba7f
bdb2023_sack,game_equal_rms_reliability,40,relnet,set_transformer,0.012342979876008528,0.011884925407036884,0.03781664579833478,1.0385407946019112,-0.22767015140227562,0.23596710152162723,0.7963869036201355,1.2661326556439096,0.95,BCa,-0.05567589840481433,-0.06211640812463161,0.009142337234966769,0.9502399840535752,0,0,False,1e-12,100,10000,complete_repeat_5x6_vector,delete_one_complete_repeat_5x6_vector,809a3f2f1d77cce8aa4e86320f229cd025238ab79be8d1df66d61a601099ba7f
bdb2023_sack,game_equal_rms_reliability,40,attn_relnet,set_transformer,0.011517434803246953,0.011884925407036884,-0.03140886742192139,0.9690792671216645,-0.2921778296500599,0.1752469617719728,0.7466357501929036,1.1915404452189822,0.95,BCa,-0.04112028899854674,-0.053384344617611885,0.011258225800741484,0.955380734740887,0,0,False,1e-12,100,10000,complete_repeat_5x6_vector,delete_one_complete_repeat_5x6_vector,809a3f2f1d77cce8aa4e86320f229cd025238ab79be8d1df66d61a601099ba7f
bdb2023_sack,game_equal_rms_reliability,50,linear_structure,boosted_structure,0.011675843144481021,0.012320411305865928,-0.0537353238744192,0.9476829023493706,-0.23267021339413188,0.13996564848733475,0.7924148582443853,1.1502342858909262,0.95,BCa,0.02682413900666731,0.008761019689136375,0.030456890023542682,0.9797595285025458,0,0,False,1e-12,100,10000,complete_repeat_5x6_vector,delete_one_complete_repeat_5x6_vector,809a3f2f1d77cce8aa4e86320f229cd025238ab79be8d1df66d61a601099ba7f
bdb2023_sack,game_equal_rms_reliability,50,linear_structure,relnet,0.011675843144481021,0.012314869912351598,-0.05328544927719399,0.9481093367271671,-0.23554645130534288,0.12140681650147522,0.7901389591702895,1.12908414901186,0.95,BCa,0.005514610154793434,-0.002896077903133411,0.02499436635279001,0.9749944288997341,0,0,False,1e-12,100,10000,complete_repeat_5x6_vector,delete_one_complete_repeat_5x6_vector,809a3f2f1d77cce8aa4e86320f229cd025238ab79be8d1df66d61a601099ba7f
bdb2023_sack,game_equal_rms_reliability,50,linear_structure,attn_relnet,0.011675843144481021,0.013648658032820102,-0.15611918529398425,0.8554572263738184,-0.36836138840662824,0.023568815542478347,0.6918671037535948,1.0238487550299198,0.95,BCa,-0.022812295734333795,-0.025276131453890377,0.017420475364467114,0.9659176672434598,0,0,False,1e-12,100,10000,complete_repeat_5x6_vector,delete_one_complete_repeat_5x6_vector,809a3f2f1d77cce8aa4e86320f229cd025238ab79be8d1df66d61a601099ba7f
bdb2023_sack,game_equal_rms_reliability,50,linear_structure,set_transformer,0.011675843144481021,0.011897486127246204,-0.018805109099785177,0.9813706038070007,-0.18498458986356978,0.140192632439247,0.8311170913812101,1.150495400248026,0.95,BCa,0.00701861679253328,0.003725230378270614,0.02669077949960008,0.9766229285597321,0,0,False,1e-12,100,10000,complete_repeat_5x6_vector,delete_one_complete_repeat_5x6_vector,809a3f2f1d77cce8aa4e86320f229cd025238ab79be8d1df66d61a601099ba7f
bdb2023_sack,game_equal_rms_reliability,50,boosted_structure,relnet,0.012320411305865928,0.012314869912351598,0.00044987459722525884,1.0004499758059784,-0.18597383293767622,0.16961765821746044,0.8302953210870914,1.1848517463766546,0.95,BCa,-0.018800819591187675,-0.009794764522942048,0.020841304396817473,0.9703621695657354,0,0,False,1e-12,100,10000,complete_repeat_5x6_vector,delete_one_complete_repeat_5x6_vector,809a3f2f1d77cce8aa4e86320f229cd025238ab79be8d1df66d61a601099ba7f
bdb2023_sack,game_equal_rms_reliability,50,boosted_structure,attn_relnet,0.012320411305865928,0.013648658032820102,-0.10238386141956496,0.9026829799852689,-0.327191688264704,0.0725898523207959,0.720945532982245,1.0752894189994673,0.95,BCa,-0.043880072299401184,-0.028625450705221076,0.015016271515466306,0.9618503051092089,0,0,False,1e-12,100,10000,complete_repeat_5x6_vector,delete_one_complete_repeat_5x6_vector,809a3f2f1d77cce8aa4e86320f229cd025238ab79be8d1df66d61a601099ba7f
bdb2023_sack,game_equal_rms_reliability,50,boosted_structure,set_transformer,0.012320411305865928,0.011897486127246204,0.034930214774634046,1.035547440366515,-0.150918641155918,0.22339537765882606,0.8599176577199106,1.250314822569415,0.95,BCa,0.00651727965058399,0.0024002789325086368,0.02632303172665673,0.9762785364645388,0,0,False,1e-12,100,10000,complete_repeat_5x6_vector,delete_one_complete_repeat_5x6_vector,809a3f2f1d77cce8aa4e86320f229cd025238ab79be8d1df66d61a601099ba7f
bdb2023_sack,game_equal_rms_reliability,50,relnet,attn_relnet,0.012314869912351598,0.013648658032820102,-0.10283373601679029,0.9022769771752487,-0.28508959450594973,0.003022503646657588,0.7519468809919848,1.003027076016312,0.95,BCa,-0.06798195358342042,-0.07471179588448223,0.006984671374987594,0.9440469146952921,0,0,False,1e-12,100,10000,complete_repeat_5x6_vector,delete_one_complete_repeat_5x6_vector,809a3f2f1d77cce8aa4e86320f229cd025238ab79be8d1df66d61a601099ba7f
bdb2023_sack,game_equal_rms_reliability,50,relnet,set_transformer,0.012314869912351598,0.011897486127246204,0.034480340177408725,1.0350816786539092,-0.11963172054036587,0.21019882484362423,0.8872471314501176,1.233923370190173,0.95,BCa,0.0220601179411501,0.01602358391266225,0.03162144988938953,0.9807314749323299,0,0,False,1e-12,100,10000,complete_repeat_5x6_vector,delete_one_complete_repeat_5x6_vector,809a3f2f1d77cce8aa4e86320f229cd025238ab79be8d1df66d61a601099ba7f
bdb2023_sack,game_equal_rms_reliability,50,attn_relnet,set_transformer,0.013648658032820102,0.011897486127246204,0.13731407619419905,1.1471883965103833,-0.027328165849786135,0.3245631371736849,0.9730418700116412,1.383426146492333,0.95,BCa,0.0220601179411501,0.025607458228111127,0.03405923095779839,0.9825733976878566,0,0,False,1e-12,100,10000,complete_repeat_5x6_vector,delete_one_complete_repeat_5x6_vector,809a3f2f1d77cce8aa4e86320f229cd025238ab79be8d1df66d61a601099ba7f
bdb2023_sack,game_equal_rms_reliability,60,linear_structure,boosted_structure,0.010188030610801325,0.011847716898691744,-0.15092162053497796,0.8599150957030645,-0.37264133509427894,0.06046429301817903,0.6889122771951883,1.0623296643070765,0.95,BCa,-0.013285520672133335,0.0117151964696816,0.026071572151796618,0.9760821124688339,0,0,False,1e-12,100,10000,complete_repeat_5x6_vector,delete_one_complete_repeat_5x6_vector,809a3f2f1d77cce8aa4e86320f229cd025238ab79be8d1df66d61a601099ba7f
bdb2023_sack,game_equal_rms_reliability,60,linear_structure,relnet,0.010188030610801325,0.012113963522327457,-0.17314523564810672,0.8410154605487782,-0.37664659236281256,0.029611885370034497,0.6861585247144666,1.030054677073547,0.95,BCa,0.021558673039087442,0.016726519756156702,0.031728782567963854,0.9808209870727989,0,0,False,1e-12,100,10000,complete_repeat_5x6_vector,delete_one_complete_repeat_5x6_vector,809a3f2f1d77cce8aa4e86320f229cd025238ab79be8d1df66d61a601099ba7f
bdb2023_sack,game_equal_rms_reliability,60,linear_structure,attn_relnet,0.010188030610801325,0.01180934485350788,-0.14767759308666992,0.8627092135238175,-0.35538563709123877,0.06814846404470332,0.7009030968526211,1.0705242310386323,0.95,BCa,0.016043109130585577,0.017882117594391164,0.03126108777703912,0.9805115347011241,0,0,False,1e-12,100,10000,complete_repeat_5x6_vector,delete_one_complete_repeat_5x6_vector,809a3f2f1d77cce8aa4e86320f229cd025238ab79be8d1df66d61a601099ba7f
bdb2023_sack,game_equal_rms_reliability,60,linear_structure,set_transformer,0.010188030610801325,0.01177148242424759,-0.14446630101858368,0.8654840778435366,-0.38078604393309384,0.08181273262669858,0.6833240753122602,1.085252558402982,0.95,BCa,-0.029331756209256744,0.0026517391404688464,0.022311614180159423,0.9720128233227907,0,0,False,1e-12,100,10000,complete_repeat_5x6_vector,delete_one_complete_repeat_5x6_vector,809a3f2f1d77cce8aa4e86320f229cd025238ab79be8d1df66d61a601099ba7f
bdb2023_sack,game_equal_rms_reliability,60,boosted_structure,relnet,0.011847716898691744,0.012113963522327457,-0.022223615113128883,0.9780215102063837,-0.1896154417816109,0.1435613402234736,0.8272772090298666,1.1543776184164947,0.95,BCa,0.018299407668827674,0.0005938341772776261,0.027357725938087885,0.9771898454781658,0,0,False,1e-12,100,10000,complete_repeat_5x6_vector,delete_one_complete_repeat_5x6_vector,809a3f2f1d77cce8aa4e86320f229cd025238ab79be8d1df66d61a601099ba7f
bdb2023_sack,game_equal_rms_reliability,60,boosted_structure,attn_relnet,0.011847716898691744,0.01180934485350788,0.003244027448307961,1.0032492949998377,-0.17421908970750052,0.17905312196164377,0.8401128174226887,1.1960842808235614,0.95,BCa,0.013786892263084145,-0.0015756713122958592,0.026288647888360106,0.9762278178703285,0,0,False,1e-12,100,10000,complete_repeat_5x6_vector,delete_one_complete_repeat_5x6_vector,809a3f2f1d77cce8aa4e86320f229cd025238ab79be8d1df66d61a601099ba7f
bdb2023_sack,game_equal_rms_reliability,60,boosted_structure,set_transformer,0.011847716898691744,0.01177148242424759,0.006455319516394191,1.006476199997302,-0.1913470596886532,0.20930669115530945,0.8258459205806201,1.2328230364781938,0.95,BCa,-0.018800819591187675,-0.00679882268132136,0.021456821898558354,0.9710911320440248,0,0,False,1e-12,100,10000,complete_repeat_5x6_vector,delete_one_complete_repeat_5x6_vector,809a3f2f1d77cce8aa4e86320f229cd025238ab79be8d1df66d61a601099ba7f
bdb2023_sack,game_equal_rms_reliability,60,relnet,attn_relnet,0.012113963522327457,0.01180934485350788,0.025467642561436958,1.0257947136440082,-0.04332492324053607,0.10320393499981717,0.9576001929543487,1.1087174923236744,0.95,BCa,-0.009023984261129074,0.011446325218723474,0.02651886271283821,0.9765098496211306,0,0,False,1e-12,100,10000,complete_repeat_5x6_vector,delete_one_complete_repeat_5x6_vector,809a3f2f1d77cce8aa4e86320f229cd025238ab79be8d1df66d61a601099ba7f
bdb2023_sack,game_equal_rms_reliability,60,relnet,set_transformer,0.012113963522327457,0.01177148242424759,0.028678934629523253,1.0290941349387233,-0.17537123476671487,0.22275804725033568,0.839145442975768,1.2495182127915874,0.95,BCa,-0.038862518354400494,-0.017234597784078102,0.017472151048331108,0.9656715502700854,0,0,False,1e-12,100,10000,complete_repeat_5x6_vector,delete_one_complete_repeat_5x6_vector,809a3f2f1d77cce8aa4e86320f229cd025238ab79be8d1df66d61a601099ba7f
bdb2023_sack,game_equal_rms_reliability,60,attn_relnet,set_transformer,0.01180934485350788,0.01177148242424759,0.0032112920680862096,1.0032164537902464,-0.21589275248287923,0.20433948814478844,0.8058217196180236,1.2267145378160629,0.95,BCa,-0.038109972728680656,-0.0180537379413727,0.017387998371593882,0.9655670260849061,0,0,False,1e-12,100,10000,complete_repeat_5x6_vector,delete_one_complete_repeat_5x6_vector,809a3f2f1d77cce8aa4e86320f229cd025238ab79be8d1df66d61a601099ba7f
bdb2023_sack,mean_entropy,10,linear_structure,boosted_structure,0.01563811426589691,0.016234699299349634,-0.03743972701721359,0.9632524740709781,-0.09548297637821299,0.020481837523526888,0.9089338348678,1.0206930297617023,0.95,BCa,-0.009776005984788104,-0.006330931339785957,0.022514181885447404,0.972357371632981,0,0,False,1e-12,100,10000,complete_repeat_5x6_vector,delete_one_complete_repeat_5x6_vector,809a3f2f1d77cce8aa4e86320f229cd025238ab79be8d1df66d61a601099ba7f
bdb2023_sack,mean_entropy,10,linear_structure,relnet,0.01563811426589691,0.015327244105638415,0.020079251212429636,1.020282195423777,-0.051149028350178836,0.09836352042681443,0.950137062622006,1.1033638074964094,0.95,BCa,0.0010026514778481883,0.0032155051871784884,0.0258456140790726,0.9758325779395083,0,0,False,1e-12,100,10000,complete_repeat_5x6_vector,delete_one_complete_repeat_5x6_vector,809a3f2f1d77cce8aa4e86320f229cd025238ab79be8d1df66d61a601099ba7f
bdb2023_sack,mean_entropy,10,linear_structure,attn_relnet,0.01563811426589691,0.015346580844121866,0.01881845370337348,1.018996636758129,-0.053597175527913245,0.09667156616760093,0.9478138322190064,1.1014985448173964,0.95,BCa,0.0025066308995717666,0.0017631453785631626,0.025694428719020113,0.9756832768575863,0,0,False,1e-12,100,10000,complete_repeat_5x6_vector,delete_one_complete_repeat_5x6_vector,809a3f2f1d77cce8aa4e86320f229cd025238ab79be8d1df66d61a601099ba7f
bdb2023_sack,mean_entropy,10,linear_structure,set_transformer,0.01563811426589691,0.015450352416357359,0.012079343409831437,1.0121525933182447,-0.048064882466977835,0.06755592410186838,0.9530719474122159,1.0698900905673028,0.95,BCa,-0.028830218517740515,-0.007780221820855697,0.020236866764738792,0.9695153772697105,0,0,False,1e-12,100,10000,complete_repeat_5x6_vector,delete_one_complete_repeat_5x6_vector,809a3f2f1d77cce8aa4e86320f229cd025238ab79be8d1df66d61a601099ba7f
bdb2023_sack,mean_entropy,10,boosted_structure,relnet,0.016234699299349634,0.015327244105638415,0.05751897822964331,1.0592053723067798,-0.003254301925505059,0.1242391678601102,0.9967509875755726,1.1322866451916043,0.95,BCa,0.02080651581056588,0.0017935314991160633,0.027961830796133624,0.9777122806575358,0,0,False,1e-12,100,10000,complete_repeat_5x6_vector,delete_one_complete_repeat_5x6_vector,809a3f2f1d77cce8aa4e86320f229cd025238ab79be8d1df66d61a601099ba7f
bdb2023_sack,mean_entropy,10,boosted_structure,attn_relnet,0.016234699299349634,0.015346580844121866,0.05625818072058706,1.057870770320018,-0.004095242845356325,0.12350432568109442,0.995913131226439,1.1314548988445583,0.95,BCa,0.025068908258711057,-0.00020544605276653617,0.028028283408162435,0.9777469439151888,0,0,False,1e-12,100,10000,complete_repeat_5x6_vector,delete_one_complete_repeat_5x6_vector,809a3f2f1d77cce8aa4e86320f229cd025238ab79be8d1df66d61a601099ba7f
bdb2023_sack,mean_entropy,10,boosted_structure,set_transformer,0.016234699299349634,0.015450352416357359,0.04951907042704511,1.050765630573053,-0.001946232000450533,0.09780287373578118,0.9980556606809844,1.102745383603584,0.95,BCa,-0.00701861679253328,-0.0023024334849859494,0.023686512562971218,0.9736386083090258,0,0,False,1e-12,100,10000,complete_repeat_5x6_vector,delete_one_complete_repeat_5x6_vector,809a3f2f1d77cce8aa4e86320f229cd025238ab79be8d1df66d61a601099ba7f
bdb2023_sack,mean_entropy,10,relnet,attn_relnet,0.015327244105638415,0.015346580844121866,-0.0012607975090561557,0.9987399969621991,-0.010167394925850263,0.009884879862983063,0.9898841183010091,1.0099338966632012,0.95,BCa,0.013285520672133198,0.017716147795736634,0.030846568844135003,0.9802056759076486,0,0,False,1e-12,100,10000,complete_repeat_5x6_vector,delete_one_complete_repeat_5x6_vector,809a3f2f1d77cce8aa4e86320f229cd025238ab79be8d1df66d61a601099ba7f
bdb2023_sack,mean_entropy,10,relnet,set_transformer,0.015327244105638415,0.015450352416357359,-0.007999907802598192,0.9920320062998299,-0.08309013750986297,0.04996485157292381,0.9202681927982235,1.0512341464999246,0.95,BCa,-0.03309353280602721,-0.02349371044815756,0.01683260172994927,0.9648774163347333,0,0,False,1e-12,100,10000,complete_repeat_5x6_vector,delete_one_complete_repeat_5x6_vector,809a3f2f1d77cce8aa4e86320f229cd025238ab79be8d1df66d61a601099ba7f
bdb2023_sack,mean_entropy,10,attn_relnet,set_transformer,0.015346580844121866,0.015450352416357359,-0.0067391102935420175,0.9932835465859259,-0.08158543935635755,0.05059758183709704,0.9216539609685985,1.0518995046330633,0.95,BCa,-0.032341141724867746,-0.02390429252450745,0.01682362685855099,0.9648809642631693,0,0,False,1e-12,100,10000,complete_repeat_5x6_vector,delete_one_complete_repeat_5x6_vector,809a3f2f1d77cce8aa4e86320f229cd025238ab79be8d1df66d61a601099ba7f
bdb2023_sack,mean_entropy,20,linear_structure,boosted_structure,0.015587284003461965,0.016910962486257976,-0.08150662558607885,0.9217266028547076,-0.13948473069515163,-0.024213387033608775,0.8698063044406222,0.976077405271878,0.95,BCa,-0.008271967640830305,-0.006023579987180561,0.022743494036133682,0.9726178932692306,0,0,False,1e-12,100,10000,complete_repeat_5x6_vector,delete_one_complete_repeat_5x6_vector,809a3f2f1d77cce8aa4e86320f229cd025238ab79be8d1df66d61a601099ba7f
bdb2023_sack,mean_entropy,20,linear_structure,relnet,0.015587284003461965,0.016214474064999006,-0.0394488502673997,0.9613191239492059,-0.12077354903404931,0.027794966238710965,0.8862346255585338,1.0281848502009598,0.95,BCa,-0.027576405739391723,-0.020443787832992832,0.01789537687759768,0.9664775399018523,0,0,False,1e-12,100,10000,complete_repeat_5x6_vector,delete_one_complete_repeat_5x6_vector,809a3f2f1d77cce8aa4e86320f229cd025238ab79be8d1df66d61a601099ba7f
bdb2023_sack,mean_entropy,20,linear_structure,attn_relnet,0.015587284003461965,0.015795151196516696,-0.013247552762447417,0.9868398098588274,-0.09115343786700347,0.0537577946355455,0.9128776301562891,1.0552289890790176,0.95,BCa,-0.02030508422389927,-0.02214729645065625,0.018245763654783254,0.9670763385213608,0,0,False,1e-12,100,10000,complete_repeat_5x6_vector,delete_one_complete_repeat_5x6_vector,809a3f2f1d77cce8aa4e86320f229cd025238ab79be8d1df66d61a601099ba7f
bdb2023_sack,mean_entropy,20,linear_structure,set_transformer,0.015587284003461965,0.016026913568918392,-0.02781395327989134,0.9725692932974308,-0.09089348764509722,0.03586387929326332,0.9131149637449445,1.0365147457680397,0.95,BCa,-0.012784152420787679,0.002776218989912217,0.024146172077123496,0.9741112441259187,0,0,False,1e-12,100,10000,complete_repeat_5x6_vector,delete_one_complete_repeat_5x6_vector,809a3f2f1d77cce8aa4e86320f229cd025238ab79be8d1df66d61a601099ba7f
bdb2023_sack,mean_entropy,20,boosted_structure,relnet,0.016910962486257976,0.016214474064999006,0.04205777531867931,1.0429547340522398,-0.036284955884050805,0.11915989624788495,0.9643654527161092,1.126550035011628,0.95,BCa,-0.016293804724859258,0.003230249648644152,0.023850889296278932,0.973789298957866,0,0,False,1e-12,100,10000,complete_repeat_5x6_vector,delete_one_complete_repeat_5x6_vector,809a3f2f1d77cce8aa4e86320f229cd025238ab79be8d1df66d61a601099ba7f
bdb2023_sack,mean_entropy,20,boosted_structure,attn_relnet,0.016910962486257976,0.015795151196516696,0.06825907282363135,1.0706426469654402,-0.011337545928747606,0.14836641894080885,0.988726481844049,1.159937841699569,0.95,BCa,-0.004762611726370971,-0.0015872595213987223,0.024098041089672284,0.9740757648105498,0,0,False,1e-12,100,10000,complete_repeat_5x6_vector,delete_one_complete_repeat_5x6_vector,809a3f2f1d77cce8aa4e86320f229cd025238ab79be8d1df66d61a601099ba7f
bdb2023_sack,mean_entropy,20,boosted_structure,set_transformer,0.016910962486257976,0.016026913568918392,0.053692672306187524,1.055160272346764,-0.010970239956394167,0.11810700356359043,0.9890897136903839,1.1253645229392866,0.95,BCa,-0.016043109130585716,0.008836957541126659,0.025106936645994338,0.9751103031568706,0,0,False,1e-12,100,10000,complete_repeat_5x6_vector,delete_one_complete_repeat_5x6_vector,809a3f2f1d77cce8aa4e86320f229cd025238ab79be8d1df66d61a601099ba7f
bdb2023_sack,mean_entropy,20,relnet,attn_relnet,0.016214474064999006,0.015795151196516696,0.026201297504952238,1.0265475691410149,0.006294376302723332,0.06820012674063052,1.0063142275177266,1.0705795386351207,0.95,BCa,0.09212339621491182,0.0791788132320366,0.06238374231138977,0.9944940957003385,0,0,False,1e-12,100,10000,complete_repeat_5x6_vector,delete_one_complete_repeat_5x6_vector,809a3f2f1d77cce8aa4e86320f229cd025238ab79be8d1df66d61a601099ba7f
bdb2023_sack,mean_entropy,20,relnet,set_transformer,0.016214474064999006,0.016026913568918392,0.011634896987508345,1.011702845671069,-0.07409956710771,0.08910243157432314,0.9285792332898105,1.0931926280334412,0.95,BCa,-0.01353620604227841,-0.014230897216328857,0.020473657391338385,0.9699752389432785,0,0,False,1e-12,100,10000,complete_repeat_5x6_vector,delete_one_complete_repeat_5x6_vector,809a3f2f1d77cce8aa4e86320f229cd025238ab79be8d1df66d61a601099ba7f
bdb2023_sack,mean_entropy,20,attn_relnet,set_transformer,0.015795151196516696,0.016026913568918392,-0.014566400517443888,0.9855391762484349,-0.10173655975066381,0.06621607941870741,0.9032674773373491,1.0684575639138036,0.95,BCa,-0.014538956187067702,-0.0070798080002491505,0.021845930851882855,0.9715745442857573,0,0,False,1e-12,100,10000,complete_repeat_5x6_vector,delete_one_complete_repeat_5x6_vector,809a3f2f1d77cce8aa4e86320f229cd025238ab79be8d1df66d61a601099ba7f
bdb2023_sack,mean_entropy,30,linear_structure,boosted_structure,0.015499922383673117,0.01590543521595199,-0.025825871886619688,0.9745047635117727,-0.08099080717038823,0.0328731075281042,0.9222021690530491,1.03341939777916,0.95,BCa,0.003509286787335955,0.0008668801294492838,0.02560994701324021,0.9755997346403134,0,0,False,1e-12,100,10000,complete_repeat_5x6_vector,delete_one_complete_repeat_5x6_vector,809a3f2f1d77cce8aa4e86320f229cd025238ab79be8d1df66d61a601099ba7f
bdb2023_sack,mean_entropy,30,linear_structure,relnet,0.015499922383673117,0.015264366013672967,0.01531392310607413,1.0154317820857512,-0.05822904976424085,0.08712293383326013,0.9434338293906509,1.0910307960723562,0.95,BCa,-0.0015039775317649809,-0.012471584384733508,0.022101653416763678,0.9719501904776885,0,0,False,1e-12,100,10000,complete_repeat_5x6_vector,delete_one_complete_repeat_5x6_vector,809a3f2f1d77cce8aa4e86320f229cd025238ab79be8d1df66d61a601099ba7f
bdb2023_sack,mean_entropy,30,linear_structure,attn_relnet,0.015499922383673117,0.015181013840248876,0.02078945877524868,1.0210070649286105,-0.04983419332416041,0.0879134562438604,0.9513871577658041,1.0918936213637376,0.95,BCa,0.0012533144654324167,-0.015722530253283695,0.021707557025317903,0.9715321988917491,0,0,False,1e-12,100,10000,complete_repeat_5x6_vector,delete_one_complete_repeat_5x6_vector,809a3f2f1d77cce8aa4e86320f229cd025238ab79be8d1df66d61a601099ba7f
bdb2023_sack,mean_entropy,30,linear_structure,set_transformer,0.015499922383673117,0.016148404236185594,-0.04098621947412414,0.9598423569890981,-0.11101490052247238,0.03508136875225519,0.8949254139734403,1.0357039793115859,0.95,BCa,0.004762611726370971,0.000979247383035669,0.02578520972303422,0.9757679677042191,0,0,False,1e-12,100,10000,complete_repeat_5x6_vector,delete_one_complete_repeat_5x6_vector,809a3f2f1d77cce8aa4e86320f229cd025238ab79be8d1df66d61a601099ba7f
bdb2023_sack,mean_entropy,30,boosted_structure,relnet,0.01590543521595199,0.015264366013672967,0.04113979499269383,1.041997761433707,-0.030235695646807868,0.11061459680307513,0.9702168307139767,1.1169643422609439,0.95,BCa,-0.008773311508328193,-0.0047820842135155705,0.022954894194070874,0.9728464889193176,0,0,False,1e-12,100,10000,complete_repeat_5x6_vector,delete_one_complete_repeat_5x6_vector,809a3f2f1d77cce8aa4e86320f229cd025238ab79be8d1df66d61a601099ba7f
bdb2023_sack,mean_entropy,30,boosted_structure,attn_relnet,0.01590543521595199,0.015181013840248876,0.0466153306618682,1.0477189062157681,-0.022885084849019067,0.11231753613459053,0.977374792492011,1.1188680852906498,0.95,BCa,-0.010528033237178321,-0.00510372780900613,0.022694129999188628,0.9725523059571342,0,0,False,1e-12,100,10000,complete_repeat_5x6_vector,delete_one_complete_repeat_5x6_vector,809a3f2f1d77cce8aa4e86320f229cd025238ab79be8d1df66d61a601099ba7f
bdb2023_sack,mean_entropy,30,boosted_structure,set_transformer,0.01590543521595199,0.016148404236185594,-0.0151603475875044,0.984953991943727,-0.07868211529411157,0.05429715489599076,0.9243337092970799,1.0557982911770594,0.95,BCa,-0.0005013256759256268,0.002503294173833696,0.02550519236344556,0.9755016332828476,0,0,False,1e-12,100,10000,complete_repeat_5x6_vector,delete_one_complete_repeat_5x6_vector,809a3f2f1d77cce8aa4e86320f229cd025238ab79be8d1df66d61a601099ba7f
bdb2023_sack,mean_entropy,30,relnet,attn_relnet,0.015264366013672967,0.015181013840248876,0.005475535669174331,1.0054905538128884,-0.009368797313273763,0.021821461892616804,0.9906749531319855,1.0220612912913527,0.95,BCa,0.011530745575864969,0.01960413258150326,0.031075583515510985,0.9804097437396233,0,0,False,1e-12,100,10000,complete_repeat_5x6_vector,delete_one_complete_repeat_5x6_vector,809a3f2f1d77cce8aa4e86320f229cd025238ab79be8d1df66d61a601099ba7f
bdb2023_sack,mean_entropy,30,relnet,set_transformer,0.015264366013672967,0.016148404236185594,-0.05630014258019836,0.9452553819199262,-0.13082246233837855,0.013676361514858768,0.877373527409046,1.0137703107530125,0.95,BCa,-0.016544501343174617,-0.013989912833387576,0.020218350289602505,0.9696335704067393,0,0,False,1e-12,100,10000,complete_repeat_5x6_vector,delete_one_complete_repeat_5x6_vector,809a3f2f1d77cce8aa4e86320f229cd025238ab79be8d1df66d61a601099ba7f
bdb2023_sack,mean_entropy,30,attn_relnet,set_transformer,0.015181013840248876,0.016148404236185594,-0.061775678249372766,0.9400937466149767,-0.13500237657940714,0.009303247748446817,0.8737138352352585,1.0093466574704848,0.95,BCa,-0.010026681100274767,-0.013205704819150541,0.021044668194058314,0.9706851353318933,0,0,False,1e-12,100,10000,complete_repeat_5x6_vector,delete_one_complete_repeat_5x6_vector,809a3f2f1d77cce8aa4e86320f229cd025238ab79be8d1df66d61a601099ba7f
bdb2023_sack,mean_entropy,40,linear_structure,boosted_structure,0.01594318097316849,0.015714207741573224,0.014465957797797434,1.01457109612911,-0.03869696918999157,0.05928497162998265,0.9620421934049105,1.0610775746658077,0.95,BCa,-0.030585632994229527,-0.034206361926661474,0.01513369441611645,0.9624082145155213,0,0,False,1e-12,100,10000,complete_repeat_5x6_vector,delete_one_complete_repeat_5x6_vector,809a3f2f1d77cce8aa4e86320f229cd025238ab79be8d1df66d61a601099ba7f
bdb2023_sack,mean_entropy,40,linear_structure,relnet,0.01594318097316849,0.016011551696770605,-0.004279230162300646,0.9957299126969746,-0.08767414449380924,0.06830284330911358,0.9160593310712154,1.0706895105394891,0.95,BCa,-0.020054370352950632,-0.029827503411617887,0.016820429183179997,0.9651416293831419,0,0,False,1e-12,100,10000,complete_repeat_5x6_vector,delete_one_complete_repeat_5x6_vector,809a3f2f1d77cce8aa4e86320f229cd025238ab79be8d1df66d61a601099ba7f
bdb2023_sack,mean_entropy,40,linear_structure,attn_relnet,0.01594318097316849,0.015884013209601193,0.0037180677246575282,1.0037249883128738,-0.08161711603099665,0.0749537514894823,0.9216247664983415,1.0778343015008813,0.95,BCa,-0.029331756209256744,-0.0356864168684472,0.014979166961101686,0.9622042577674161,0,0,False,1e-12,100,10000,complete_repeat_5x6_vector,delete_one_complete_repeat_5x6_vector,809a3f2f1d77cce8aa4e86320f229cd025238ab79be8d1df66d61a601099ba7f
bdb2023_sack,mean_entropy,40,linear_structure,set_transformer,0.01594318097316849,0.014895076049994542,0.0680005207306782,1.0703658658509725,0.002876048916806765,0.13851781680419287,1.0028801887132937,1.148570145237259,0.95,BCa,0.01654450134317476,0.0021811238487043647,0.027512934191409544,0.9773366873999019,0,0,False,1e-12,100,10000,complete_repeat_5x6_vector,delete_one_complete_repeat_5x6_vector,809a3f2f1d77cce8aa4e86320f229cd025238ab79be8d1df66d61a601099ba7f
bdb2023_sack,mean_entropy,40,boosted_structure,relnet,0.015714207741573224,0.016011551696770605,-0.018745187960098077,0.9814294104138981,-0.09757222782124518,0.04662690256991218,0.9070368258960799,1.0477310303927565,0.95,BCa,-0.02782716476390159,-0.02578077320820725,0.01687740278213773,0.9650557548061691,0,0,False,1e-12,100,10000,complete_repeat_5x6_vector,delete_one_complete_repeat_5x6_vector,809a3f2f1d77cce8aa4e86320f229cd025238ab79be8d1df66d61a601099ba7f
bdb2023_sack,mean_entropy,40,boosted_structure,attn_relnet,0.015714207741573224,0.015884013209601193,-0.010747890073139935,0.989309662124599,-0.09482321636528543,0.05421342700332859,0.9095337109318028,1.0557098951117225,0.95,BCa,-0.0371066120592043,-0.03389288635047411,0.014659681978165418,0.9614781654898257,0,0,False,1e-12,100,10000,complete_repeat_5x6_vector,delete_one_complete_repeat_5x6_vector,809a3f2f1d77cce8aa4e86320f229cd025238ab79be8d1df66d61a601099ba7f
bdb2023_sack,mean_entropy,40,boosted_structure,set_transformer,0.015714207741573224,0.014895076049994542,0.053534562932880767,1.054993454805421,-0.017020950291984027,0.12340224211030557,0.983123087703411,1.131339401783574,0.95,BCa,0.0057652769696068034,0.0023182657241339064,0.02621293509166983,0.9761759506635959,0,0,False,1e-12,100,10000,complete_repeat_5x6_vector,delete_one_complete_repeat_5x6_vector,809a3f2f1d77cce8aa4e86320f229cd025238ab79be8d1df66d61a601099ba7f
bdb2023_sack,mean_entropy,40,relnet,attn_relnet,0.016011551696770605,0.015884013209601193,0.00799729788695828,1.0080293616913087,-0.013856461590797842,0.030414229670228502,0.986239097294589,1.030881467213409,0.95,BCa,-0.017547298372150796,0.007933318984272724,0.024735250089354732,0.9747244026890142,0,0,False,1e-12,100,10000,complete_repeat_5x6_vector,delete_one_complete_repeat_5x6_vector,809a3f2f1d77cce8aa4e86320f229cd025238ab79be8d1df66d61a601099ba7f
bdb2023_sack,mean_entropy,40,relnet,set_transformer,0.016011551696770605,0.014895076049994542,0.07227975089297876,1.0749560219114471,0.0029941372740311684,0.14634106184944232,1.002998624180059,1.157590930834886,0.95,BCa,0.02832868807807452,0.012497683368551534,0.031600538890647345,0.9806464669451139,0,0,False,1e-12,100,10000,complete_repeat_5x6_vector,delete_one_complete_repeat_5x6_vector,809a3f2f1d77cce8aa4e86320f229cd025238ab79be8d1df66d61a601099ba7f
bdb2023_sack,mean_entropy,40,attn_relnet,set_transformer,0.015884013209601193,0.014895076049994542,0.06428245300602063,1.0663935622945016,-0.0003188078263921787,0.1400867088763928,0.9996812429874228,1.1503735421301213,0.95,BCa,0.04739300996743081,0.02044356701956664,0.036469613943254764,0.9838489523218423,0,0,False,1e-12,100,10000,complete_repeat_5x6_vector,delete_one_complete_repeat_5x6_vector,809a3f2f1d77cce8aa4e86320f229cd025238ab79be8d1df66d61a601099ba7f
bdb2023_sack,mean_entropy,50,linear_structure,boosted_structure,0.016175545800531526,0.015481006364444532,0.04388670661023455,1.0448639720013393,-0.005829324561795097,0.09950090916778472,0.9941876329842814,1.1046194750239375,0.95,BCa,0.034347559784252864,0.00025716748629968107,0.02935787110641508,0.978805586313592,0,0,False,1e-12,100,10000,complete_repeat_5x6_vector,delete_one_complete_repeat_5x6_vector,809a3f2f1d77cce8aa4e86320f229cd025238ab79be8d1df66d61a601099ba7f
bdb2023_sack,mean_entropy,50,linear_structure,relnet,0.016175545800531526,0.015090863252845435,0.06941110519023831,1.0718767726877103,-0.00595289152019535,0.1417944431266091,0.9940647918321044,1.1523397528333925,0.95,BCa,0.007519955698540525,-0.0013004043917968474,0.025594384254727598,0.9755798340031094,0,0,False,1e-12,100,10000,complete_repeat_5x6_vector,delete_one_complete_repeat_5x6_vector,809a3f2f1d77cce8aa4e86320f229cd025238ab79be8d1df66d61a601099ba7f
bdb2023_sack,mean_entropy,50,linear_structure,attn_relnet,0.016175545800531526,0.014957510024862924,0.07828706677676252,1.0814330576174735,0.0013430921112322321,0.15720341586322972,1.0013439944633773,1.1702336337763788,0.95,BCa,0.010778710290106094,0.007424851071433001,0.02802802863393755,0.977825991572966,0,0,False,1e-12,100,10000,complete_repeat_5x6_vector,delete_one_complete_repeat_5x6_vector,809a3f2f1d77cce8aa4e86320f229cd025238ab79be8d1df66d61a601099ba7f
bdb2023_sack,mean_entropy,50,linear_structure,set_transformer,0.016175545800531526,0.015281894856676064,0.056831798287078836,1.0584777576496058,-0.01049002112656123,0.139456950241535,0.9895648072606011,1.1496493125275113,0.95,BCa,0.04262558517694437,0.036602414147307194,0.04014729143379159,0.9862242782717491,0,0,False,1e-12,100,10000,complete_repeat_5x6_vector,delete_one_complete_repeat_5x6_vector,809a3f2f1d77cce8aa4e86320f229cd025238ab79be8d1df66d61a601099ba7f
bdb2023_sack,mean_entropy,50,boosted_structure,relnet,0.015481006364444532,0.015090863252845435,0.025524398580003813,1.0258529353200212,-0.05092474457318954,0.10057733972177514,0.9503501868503285,1.105809161369878,0.95,BCa,0.009274657580969943,0.00026506450987385605,0.0261651493804419,0.9761224769488115,0,0,False,1e-12,100,10000,complete_repeat_5x6_vector,delete_one_complete_repeat_5x6_vector,809a3f2f1d77cce8aa4e86320f229cd025238ab79be8d1df66d61a601099ba7f
bdb2023_sack,mean_entropy,50,boosted_structure,attn_relnet,0.015481006364444532,0.014957510024862924,0.034400360166527984,1.034998896120506,-0.044073016086562146,0.11220707899248485,0.9568840869909174,1.118744505144836,0.95,BCa,0.00701861679253328,0.003563811884589788,0.026653329701138206,0.9765879066056611,0,0,False,1e-12,100,10000,complete_repeat_5x6_vector,delete_one_complete_repeat_5x6_vector,809a3f2f1d77cce8aa4e86320f229cd025238ab79be8d1df66d61a601099ba7f
bdb2023_sack,mean_entropy,50,boosted_structure,set_transformer,0.015481006364444532,0.015281894856676064,0.01294509167684433,1.013029242095687,-0.06682166253716189,0.09516593082813381,0.9353619965487168,1.0998413375699114,0.95,BCa,0.006266611701750336,0.01962265801398954,0.0303758879540324,0.9798861936216626,0,0,False,1e-12,100,10000,complete_repeat_5x6_vector,delete_one_complete_repeat_5x6_vector,809a3f2f1d77cce8aa4e86320f229cd025238ab79be8d1df66d61a601099ba7f
bdb2023_sack,mean_entropy,50,relnet,attn_relnet,0.015090863252845435,0.014957510024862924,0.00887596158652435,1.008915469738001,-0.009375697567578063,0.03102634256887493,0.9906681172464608,1.0315126762223454,0.95,BCa,0.013034836136889386,0.027296949538998288,0.033205032158237946,0.982062514988451,0,0,False,1e-12,100,10000,complete_repeat_5x6_vector,delete_one_complete_repeat_5x6_vector,809a3f2f1d77cce8aa4e86320f229cd025238ab79be8d1df66d61a601099ba7f
bdb2023_sack,mean_entropy,50,relnet,set_transformer,0.015090863252845435,0.015281894856676064,-0.012579306903159351,0.9874994818625404,-0.08638542113676151,0.05593906232939059,0.9172406391537735,1.057533238160924,0.95,BCa,-0.002255967360748947,0.00025051625449634647,0.024793365700899628,0.9747917186895179,0,0,False,1e-12,100,10000,complete_repeat_5x6_vector,delete_one_complete_repeat_5x6_vector,809a3f2f1d77cce8aa4e86320f229cd025238ab79be8d1df66d61a601099ba7f
bdb2023_sack,mean_entropy,50,attn_relnet,set_transformer,0.014957510024862924,0.015281894856676064,-0.021455268489683647,0.9787732584960543,-0.0927394593613901,0.04656971596207803,0.9114309341618473,1.0476711159223748,0.95,BCa,0.004511946203065806,0.0002691898360388228,0.02559334557918569,0.97558237762572,0,0,False,1e-12,100,10000,complete_repeat_5x6_vector,delete_one_complete_repeat_5x6_vector,809a3f2f1d77cce8aa4e86320f229cd025238ab79be8d1df66d61a601099ba7f
bdb2023_sack,mean_entropy,60,linear_structure,boosted_structure,0.016415769962173865,0.016312062480319207,0.006337592271342232,1.0063577173015235,-0.05845638109792631,0.06786231386118675,0.9432193816962352,1.0702179441575752,0.95,BCa,-0.0015039775317649809,0.004134710672126278,0.025755847722754466,0.9757490543400664,0,0,False,1e-12,100,10000,complete_repeat_5x6_vector,delete_one_complete_repeat_5x6_vector,809a3f2f1d77cce8aa4e86320f229cd025238ab79be8d1df66d61a601099ba7f
bdb2023_sack,mean_entropy,60,linear_structure,relnet,0.016415769962173865,0.01598286508667112,0.02672523956548642,1.0270855615157364,-0.041936299171812685,0.0977187754532776,0.9589308633171209,1.1026526485102701,0.95,BCa,0.015291028334377803,0.009121336172198577,0.029013857551889566,0.9786579046230164,0,0,False,1e-12,100,10000,complete_repeat_5x6_vector,delete_one_complete_repeat_5x6_vector,809a3f2f1d77cce8aa4e86320f229cd025238ab79be8d1df66d61a601099ba7f
bdb2023_sack,mean_entropy,60,linear_structure,attn_relnet,0.016415769962173865,0.01585452331293264,0.03478761373585063,1.0353997807542665,-0.03364283357879517,0.10094586562900736,0.9669167931817227,1.106216755794237,0.95,BCa,0.0025066308995717666,0.003280518557209136,0.026040648729762195,0.9760183441364512,0,0,False,1e-12,100,10000,complete_repeat_5x6_vector,delete_one_complete_repeat_5x6_vector,809a3f2f1d77cce8aa4e86320f229cd025238ab79be8d1df66d61a601099ba7f
bdb2023_sack,mean_entropy,60,linear_structure,set_transformer,0.016415769962173865,0.015077536454894742,0.08503647169044967,1.0887567747743485,0.011064876803145707,0.16425517571755893,1.011126318960001,1.1785150051387816,0.95,BCa,0.013536206042278273,0.012520548963039748,0.029608085266150663,0.97917676586881,0,0,False,1e-12,100,10000,complete_repeat_5x6_vector,delete_one_complete_repeat_5x6_vector,809a3f2f1d77cce8aa4e86320f229cd025238ab79be8d1df66d61a601099ba7f
bdb2023_sack,mean_entropy,60,boosted_structure,relnet,0.016312062480319207,0.01598286508667112,0.020387647294143944,1.0205968949786492,-0.043114900672711565,0.08636461779599365,0.9578013317269236,1.0902037635381914,0.95,BCa,0.013786892263084145,0.0018543476594870382,0.02709017289894,0.9769670116162046,0,0,False,1e-12,100,10000,complete_repeat_5x6_vector,delete_one_complete_repeat_5x6_vector,809a3f2f1d77cce8aa4e86320f229cd025238ab79be8d1df66d61a601099ba7f
bdb2023_sack,mean_entropy,60,boosted_structure,attn_relnet,0.016312062480319207,0.01585452331293264,0.028450021464508354,1.0288585887040418,-0.03574834875352954,0.09464381002957818,0.964883076962475,1.0992672374203114,0.95,BCa,0.01027735684581974,0.0010854045083876457,0.026477233101641684,0.9764133585636804,0,0,False,1e-12,100,10000,complete_repeat_5x6_vector,delete_one_complete_repeat_5x6_vector,809a3f2f1d77cce8aa4e86320f229cd025238ab79be8d1df66d61a601099ba7f
bdb2023_sack,mean_entropy,60,boosted_structure,set_transformer,0.016312062480319207,0.015077536454894742,0.07869887941910741,1.0818784971349673,-0.0016026065590002217,0.15426466153774038,0.9983986769291575,1.1667996529077513,0.95,BCa,-0.010528033237178321,-0.004864161336663977,0.02274529571829559,0.9726086877966351,0,0,False,1e-12,100,10000,complete_repeat_5x6_vector,delete_one_complete_repeat_5x6_vector,809a3f2f1d77cce8aa4e86320f229cd025238ab79be8d1df66d61a601099ba7f
bdb2023_sack,mean_entropy,60,relnet,attn_relnet,0.01598286508667112,0.01585452331293264,0.008062374170364388,1.0080949626302413,-0.008882720877275374,0.027130138422110085,0.9911566139349365,1.0275015114884003,0.95,BCa,0.004762611726370971,0.008274831180499695,0.027472602360956666,0.9773554397060675,0,0,False,1e-12,100,10000,complete_repeat_5x6_vector,delete_one_complete_repeat_5x6_vector,809a3f2f1d77cce8aa4e86320f229cd025238ab79be8d1df66d61a601099ba7f
bdb2023_sack,mean_entropy,60,relnet,set_transformer,0.01598286508667112,0.015077536454894742,0.05831123212496349,1.0600448643904605,0.0014522308682606575,0.11531212467196796,1.0014532858661465,1.122223656603787,0.95,BCa,0.0017546406925954574,0.0015918367937023598,0.02556603889759962,0.9755589384932728,0,0,False,1e-12,100,10000,complete_repeat_5x6_vector,delete_one_complete_repeat_5x6_vector,809a3f2f1d77cce8aa4e86320f229cd025238ab79be8d1df66d61a601099ba7f
bdb2023_sack,mean_entropy,60,attn_relnet,set_transformer,0.01585452331293264,0.015077536454894742,0.05024885795459891,1.0515327461062551,-0.006779084250289531,0.10814430001827399,0.9932438419059785,1.11420851409567,0.95,BCa,0.0050132775489266585,0.0033456854235889982,0.026358380856023322,0.9763159598065909,0,0,False,1e-12,100,10000,complete_repeat_5x6_vector,delete_one_complete_repeat_5x6_vector,809a3f2f1d77cce8aa4e86320f229cd025238ab79be8d1df66d61a601099ba7f
bdb2023_sack,game_equal_mean_entropy,10,linear_structure,boosted_structure,0.01571052577742311,0.016238547486911593,-0.033056970874046514,0.9674834396417492,-0.0905469662127316,0.027205775317706432,0.9134314324785285,1.0275792314521612,0.95,BCa,0.0007519885532624761,-0.0013154615525123715,0.024792748130707032,0.974792374733346,0,0,False,1e-12,100,10000,complete_repeat_5x6_vector,delete_one_complete_repeat_5x6_vector,809a3f2f1d77cce8aa4e86320f229cd025238ab79be8d1df66d61a601099ba7f
bdb2023_sack,game_equal_mean_entropy,10,linear_structure,relnet,0.01571052577742311,0.015338872503890414,0.023940626558794604,1.0242295040550362,-0.04937426991987956,0.10383081544824312,0.9518248236248638,1.1094127435393686,0.95,BCa,-0.0015039775317649809,0.004536567783596632,0.02584707091844224,0.9758382407262174,0,0,False,1e-12,100,10000,complete_repeat_5x6_vector,delete_one_complete_repeat_5x6_vector,809a3f2f1d77cce8aa4e86320f229cd025238ab79be8d1df66d61a601099ba7f
bdb2023_sack,game_equal_mean_entropy,10,linear_structure,attn_relnet,0.01571052577742311,0.015362666884506404,0.022390581456554967,1.0226431319205085,-0.052277373148445765,0.10275338642241531,0.9490655850215247,1.1082180737493799,0.95,BCa,-0.0007519885532626153,0.0027558773543746393,0.025532675500648028,0.9755289603009731,0,0,False,1e-12,100,10000,complete_repeat_5x6_vector,delete_one_complete_repeat_5x6_vector,809a3f2f1d77cce8aa4e86320f229cd025238ab79be8d1df66d61a601099ba7f
bdb2023_sack,game_equal_mean_entropy,10,linear_structure,set_transformer,0.01571052577742311,0.015502817068776873,0.013309165614308813,1.0133981267871999,-0.04908356989749836,0.07033392624854305,0.9521015593439855,1.072866379690316,0.95,BCa,-0.033344333975214316,-0.008185473376255345,0.019712884395417407,0.9687944413892162,0,0,False,1e-12,100,10000,complete_repeat_5x6_vector,delete_one_complete_repeat_5x6_vector,809a3f2f1d77cce8aa4e86320f229cd025238ab79be8d1df66d61a601099ba7f
bdb2023_sack,game_equal_mean_entropy,10,boosted_structure,relnet,0.016238547486911593,0.015338872503890414,0.056997597432841086,1.058653266906873,-0.0051621359283269014,0.12423867296991192,0.9948511649984383,1.1322860848341805,0.95,BCa,0.009776005984788104,0.002859430208118987,0.026828382978906995,0.9767415794128154,0,0,False,1e-12,100,10000,complete_repeat_5x6_vector,delete_one_complete_repeat_5x6_vector,809a3f2f1d77cce8aa4e86320f229cd025238ab79be8d1df66d61a601099ba7f
bdb2023_sack,game_equal_mean_entropy,10,boosted_structure,attn_relnet,0.016238547486911593,0.015362666884506404,0.055447552330601516,1.0570135777199292,-0.0071485797961240456,0.12364959770621078,0.9928769105243969,1.1316192795287097,0.95,BCa,0.010528033237178321,0.0005633395642874191,0.026386768582761844,0.9763280023052903,0,0,False,1e-12,100,10000,complete_repeat_5x6_vector,delete_one_complete_repeat_5x6_vector,809a3f2f1d77cce8aa4e86320f229cd025238ab79be8d1df66d61a601099ba7f
bdb2023_sack,game_equal_mean_entropy,10,boosted_structure,set_transformer,0.016238547486911593,0.015502817068776873,0.04636613648835521,1.0474578532966439,-0.00688079551278114,0.09717435393317092,0.9931428229583257,1.1020525040598188,0.95,BCa,-0.006517279650583851,-0.00204802650211598,0.023798418824940937,0.9737581815890712,0,0,False,1e-12,100,10000,complete_repeat_5x6_vector,delete_one_complete_repeat_5x6_vector,809a3f2f1d77cce8aa4e86320f229cd025238ab79be8d1df66d61a601099ba7f
bdb2023_sack,game_equal_mean_entropy,10,relnet,attn_relnet,0.015338872503890414,0.015362666884506404,-0.0015500451022396125,0.9984511555972103,-0.010560954541031533,0.00944879430908346,0.9894946165394457,1.009493575096388,0.95,BCa,0.008021296494625931,0.015338461702504688,0.029568095776706604,0.9791880498253871,0,0,False,1e-12,100,10000,complete_repeat_5x6_vector,delete_one_complete_repeat_5x6_vector,809a3f2f1d77cce8aa4e86320f229cd025238ab79be8d1df66d61a601099ba7f
bdb2023_sack,game_equal_mean_entropy,10,relnet,set_transformer,0.015338872503890414,0.015502817068776873,-0.010631460944485985,0.9894248532922026,-0.0862055281534912,0.04917364674175138,0.9174056591512525,1.050402733916719,0.95,BCa,-0.03133798202142661,-0.02084685400424247,0.01747730540141479,0.9658288552746834,0,0,False,1e-12,100,10000,complete_repeat_5x6_vector,delete_one_complete_repeat_5x6_vector,809a3f2f1d77cce8aa4e86320f229cd025238ab79be8d1df66d61a601099ba7f
bdb2023_sack,game_equal_mean_entropy,10,attn_relnet,set_transformer,0.015362666884506404,0.015502817068776873,-0.009081415842246345,0.9909596956702317,-0.08477184229582072,0.05050354121856673,0.9187218739643545,1.0518005880041792,0.95,BCa,-0.032341141724867746,-0.02075983463865956,0.017403223789867805,0.9657050703058818,0,0,False,1e-12,100,10000,complete_repeat_5x6_vector,delete_one_complete_repeat_5x6_vector,809a3f2f1d77cce8aa4e86320f229cd025238ab79be8d1df66d61a601099ba7f
bdb2023_sack,game_equal_mean_entropy,20,linear_structure,boosted_structure,0.015709455704979527,0.016977056170698893,-0.07759999019570864,0.925334495393427,-0.13595611142668698,-0.017330743517912688,0.872880941147236,0.9828185700017823,0.95,BCa,0.0010026514778481883,-0.0011669300395821915,0.02485522859398509,0.9748551878543861,0,0,False,1e-12,100,10000,complete_repeat_5x6_vector,delete_one_complete_repeat_5x6_vector,809a3f2f1d77cce8aa4e86320f229cd025238ab79be8d1df66d61a601099ba7f
bdb2023_sack,game_equal_mean_entropy,20,linear_structure,relnet,0.015709455704979527,0.01622095801232175,-0.03204130532560765,0.9684665784256593,-0.11464725017490748,0.03432133500103758,0.891680628622141,1.0349171083931448,0.95,BCa,-0.0371066120592043,-0.02345472926636924,0.016490335881794882,0.9642879893287294,0,0,False,1e-12,100,10000,complete_repeat_5x6_vector,delete_one_complete_repeat_5x6_vector,809a3f2f1d77cce8aa4e86320f229cd025238ab79be8d1df66d61a601099ba7f
bdb2023_sack,game_equal_mean_entropy,20,linear_structure,attn_relnet,0.015709455704979527,0.01582803880206115,-0.007520169739967663,0.9925080359882501,-0.08755167035264916,0.058720717108075776,0.9161715315217267,1.0604790257290613,0.95,BCa,-0.022561568390224718,-0.025196943996200347,0.01745811315144119,0.9659742362630235,0,0,False,1e-12,100,10000,complete_repeat_5x6_vector,delete_one_complete_repeat_5x6_vector,809a3f2f1d77cce8aa4e86320f229cd025238ab79be8d1df66d61a601099ba7f
bdb2023_sack,game_equal_mean_entropy,20,linear_structure,set_transformer,0.015709455704979527,0.0160446134951789,-0.021110380207654596,0.9791108841418908,-0.08720434271868244,0.04848916615615662,0.9164897984803332,1.049683999646186,0.95,BCa,-0.002757294595891845,0.009501108441010092,0.026831450191699968,0.9767889226426887,0,0,False,1e-12,100,10000,complete_repeat_5x6_vector,delete_one_complete_repeat_5x6_vector,809a3f2f1d77cce8aa4e86320f229cd025238ab79be8d1df66d61a601099ba7f
bdb2023_sack,game_equal_mean_entropy,20,boosted_structure,relnet,0.016977056170698893,0.01622095801232175,0.04555868487010089,1.0466124231258596,-0.0346180629947147,0.12340069346362294,0.9659742871367745,1.1313376497399192,0.95,BCa,-0.019302236240380063,0.0006472230008818996,0.022964990869057567,0.972810179313095,0,0,False,1e-12,100,10000,complete_repeat_5x6_vector,delete_one_complete_repeat_5x6_vector,809a3f2f1d77cce8aa4e86320f229cd025238ab79be8d1df66d61a601099ba7f
bdb2023_sack,game_equal_mean_entropy,20,boosted_structure,attn_relnet,0.016977056170698893,0.01582803880206115,0.07007982045574106,1.0725937927627596,-0.011937865513646626,0.15030849596602136,0.9881331080976504,1.1621927191967796,0.95,BCa,-0.009525331483604745,-0.003975725052760547,0.023045568016373363,0.9729418942223729,0,0,False,1e-12,100,10000,complete_repeat_5x6_vector,delete_one_complete_repeat_5x6_vector,809a3f2f1d77cce8aa4e86320f229cd025238ab79be8d1df66d61a601099ba7f
bdb2023_sack,game_equal_mean_entropy,20,boosted_structure,set_transformer,0.016977056170698893,0.0160446134951789,0.05648960998805399,1.0581156209091713,-0.00885883922608051,0.12126083081725654,0.991180284674117,1.1289193309206595,0.95,BCa,-0.02231084246442262,0.008433327477486251,0.02430523110521071,0.9742644596895247,0,0,False,1e-12,100,10000,complete_repeat_5x6_vector,delete_one_complete_repeat_5x6_vector,809a3f2f1d77cce8aa4e86320f229cd025238ab79be8d1df66d61a601099ba7f
bdb2023_sack,game_equal_mean_entropy,20,relnet,attn_relnet,0.01622095801232175,0.01582803880206115,0.024521135585640095,1.024824251139025,0.005572585068013696,0.06275947012243673,1.0055881408019773,1.064770699261956,0.95,BCa,0.08885140993629091,0.07395599187977292,0.059995525161814,0.9938522270807385,0,0,False,1e-12,100,10000,complete_repeat_5x6_vector,delete_one_complete_repeat_5x6_vector,809a3f2f1d77cce8aa4e86320f229cd025238ab79be8d1df66d61a601099ba7f
bdb2023_sack,game_equal_mean_entropy,20,relnet,set_transformer,0.01622095801232175,0.0160446134951789,0.010930925117953022,1.0109908859565757,-0.07475300041172339,0.0887110172770488,0.9279726668902893,1.0927648205396006,0.95,BCa,-0.013786892263084284,-0.013019588558942238,0.020695298306385335,0.9702375106775561,0,0,False,1e-12,100,10000,complete_repeat_5x6_vector,delete_one_complete_repeat_5x6_vector,809a3f2f1d77cce8aa4e86320f229cd025238ab79be8d1df66d61a601099ba7f
bdb2023_sack,game_equal_mean_entropy,20,attn_relnet,set_transformer,0.01582803880206115,0.0160446134951789,-0.013590210467686936,0.9865017195220797,-0.09960282535584877,0.06858971047490137,0.9051968678929421,1.0709967002640324,0.95,BCa,-0.006015944146675403,-0.0058137877877556254,0.02303636332858633,0.9729468689332537,0,0,False,1e-12,100,10000,complete_repeat_5x6_vector,delete_one_complete_repeat_5x6_vector,809a3f2f1d77cce8aa4e86320f229cd025238ab79be8d1df66d61a601099ba7f
bdb2023_sack,game_equal_mean_entropy,30,linear_structure,boosted_structure,0.0155990338340075,0.01596695835932269,-0.023312505812942818,0.9769571312810265,-0.07898153433490797,0.0357569351861197,0.9240569876144041,1.0364039025511322,0.95,BCa,0.007519955698540525,-0.0008270970163361664,0.025702570259293622,0.9756842019792598,0,0,False,1e-12,100,10000,complete_repeat_5x6_vector,delete_one_complete_repeat_5x6_vector,809a3f2f1d77cce8aa4e86320f229cd025238ab79be8d1df66d61a601099ba7f
bdb2023_sack,game_equal_mean_entropy,30,linear_structure,relnet,0.0155990338340075,0.015416128505045595,0.011794711719844055,1.0118645436110656,-0.05875430528424891,0.08415215685429112,0.942938415684783,1.0877943965908163,0.95,BCa,0.009023984261129213,-0.009487647636010912,0.02392441145133506,0.9739256204897156,0,0,False,1e-12,100,10000,complete_repeat_5x6_vector,delete_one_complete_repeat_5x6_vector,809a3f2f1d77cce8aa4e86320f229cd025238ab79be8d1df66d61a601099ba7f
bdb2023_sack,game_equal_mean_entropy,30,linear_structure,attn_relnet,0.0155990338340075,0.015323565271236222,0.017817121328133945,1.0179767931219217,-0.051335972899931755,0.08479287198746849,0.9499594562784168,1.088491586248629,0.95,BCa,0.0025066308995717666,-0.012512517084240046,0.022529785916281797,0.9724408711719377,0,0,False,1e-12,100,10000,complete_repeat_5x6_vector,delete_one_complete_repeat_5x6_vector,809a3f2f1d77cce8aa4e86320f229cd025238ab79be8d1df66d61a601099ba7f
bdb2023_sack,game_equal_mean_entropy,30,linear_structure,set_transformer,0.0155990338340075,0.016149031062062624,-0.03465107309165953,0.965942400758199,-0.10521758028258547,0.04346763138082742,0.9001286510318894,1.044426187131378,0.95,BCa,0.006266611701750336,0.005996311612466438,0.027126675064638395,0.9770306387201231,0,0,False,1e-12,100,10000,complete_repeat_5x6_vector,delete_one_complete_repeat_5x6_vector,809a3f2f1d77cce8aa4e86320f229cd025238ab79be8d1df66d61a601099ba7f
bdb2023_sack,game_equal_mean_entropy,30,boosted_structure,relnet,0.01596695835932269,0.015416128505045595,0.03510721753278692,1.0357307513424536,-0.03522393230447372,0.10384982595526662,0.9653892102201532,1.1094338342385934,0.95,BCa,-0.0077706258524470675,-0.003186472401956321,0.023410211650679913,0.973342084601756,0,0,False,1e-12,100,10000,complete_repeat_5x6_vector,delete_one_complete_repeat_5x6_vector,809a3f2f1d77cce8aa4e86320f229cd025238ab79be8d1df66d61a601099ba7f
bdb2023_sack,game_equal_mean_entropy,30,boosted_structure,attn_relnet,0.01596695835932269,0.015323565271236222,0.04112962714107676,1.0419871666089469,-0.026659505571935,0.10661866531776631,0.9736927220340009,1.1125099349580636,0.95,BCa,-0.001754640692595318,-0.004050503449212994,0.023897543772882335,0.9738735863419168,0,0,False,1e-12,100,10000,complete_repeat_5x6_vector,delete_one_complete_repeat_5x6_vector,809a3f2f1d77cce8aa4e86320f229cd025238ab79be8d1df66d61a601099ba7f
bdb2023_sack,game_equal_mean_entropy,30,boosted_structure,set_transformer,0.01596695835932269,0.016149031062062624,-0.01133856727871674,0.988725472008803,-0.07343588923318209,0.057587265930127474,0.9291957153318083,1.0592777054756999,0.95,BCa,-0.002757294595891845,0.006947234949336078,0.026246046662602884,0.9762283921384689,0,0,False,1e-12,100,10000,complete_repeat_5x6_vector,delete_one_complete_repeat_5x6_vector,809a3f2f1d77cce8aa4e86320f229cd025238ab79be8d1df66d61a601099ba7f
bdb2023_sack,game_equal_mean_entropy,30,relnet,attn_relnet,0.015416128505045595,0.015323565271236222,0.006022409608290043,1.0060405807767938,-0.008552482513859712,0.022378625252679987,0.991483985925431,1.0226309050638254,0.95,BCa,0.013536206042278273,0.021012433154420442,0.03169741291846817,0.9808865767885037,0,0,False,1e-12,100,10000,complete_repeat_5x6_vector,delete_one_complete_repeat_5x6_vector,809a3f2f1d77cce8aa4e86320f229cd025238ab79be8d1df66d61a601099ba7f
bdb2023_sack,game_equal_mean_entropy,30,relnet,set_transformer,0.015416128505045595,0.016149031062062624,-0.046445784811503577,0.9546163138704484,-0.1185608637984159,0.023227876048740895,0.8881977549225413,1.0234997440529097,0.95,BCa,-0.012784152420787679,-0.010674890621360018,0.021281663966174036,0.9709369625632176,0,0,False,1e-12,100,10000,complete_repeat_5x6_vector,delete_one_complete_repeat_5x6_vector,809a3f2f1d77cce8aa4e86320f229cd025238ab79be8d1df66d61a601099ba7f
bdb2023_sack,game_equal_mean_entropy,30,attn_relnet,set_transformer,0.015323565271236222,0.016149031062062624,-0.05246819441979346,0.9488845003979471,-0.12279408525740607,0.017255695549091312,0.8844457642333483,1.0174054351103619,0.95,BCa,-0.010026681100274767,-0.009913359205332312,0.021730307241553337,0.9714753104797196,0,0,False,1e-12,100,10000,complete_repeat_5x6_vector,delete_one_complete_repeat_5x6_vector,809a3f2f1d77cce8aa4e86320f229cd025238ab79be8d1df66d61a601099ba7f
bdb2023_sack,game_equal_mean_entropy,40,linear_structure,boosted_structure,0.01602478429452901,0.015769800049344692,0.016039820440918937,1.01616914890401,-0.03369453194001007,0.060522467129452674,0.9668668064602111,1.0623914661887945,0.95,BCa,-0.02356448643428617,-0.028622825780181493,0.016731467600651917,0.9649408558117105,0,0,False,1e-12,100,10000,complete_repeat_5x6_vector,delete_one_complete_repeat_5x6_vector,809a3f2f1d77cce8aa4e86320f229cd025238ab79be8d1df66d61a601099ba7f
bdb2023_sack,game_equal_mean_entropy,40,linear_structure,relnet,0.01602478429452901,0.01614368283055988,-0.007392274988389711,0.9926349806745585,-0.09190801628273246,0.06589780599429633,0.9121890522260655,1.0681175563766505,0.95,BCa,-0.014538956187067702,-0.034369270544402336,0.016470928842090837,0.9647715188547292,0,0,False,1e-12,100,10000,complete_repeat_5x6_vector,delete_one_complete_repeat_5x6_vector,809a3f2f1d77cce8aa4e86320f229cd025238ab79be8d1df66d61a601099ba7f
bdb2023_sack,game_equal_mean_entropy,40,linear_structure,attn_relnet,0.01602478429452901,0.016007943045363356,0.0010515027670716752,1.0010520557899243,-0.08750758921072802,0.071529043583443,0.9162119182991729,1.0741493473944812,0.95,BCa,-0.03359513724181864,-0.04305847970829468,0.01340237689426721,0.9595272874914933,0,0,False,1e-12,100,10000,complete_repeat_5x6_vector,delete_one_complete_repeat_5x6_vector,809a3f2f1d77cce8aa4e86320f229cd025238ab79be8d1df66d61a601099ba7f
bdb2023_sack,game_equal_mean_entropy,40,linear_structure,set_transformer,0.01602478429452901,0.015075477147792836,0.06106714844909806,1.0629702885971446,-0.005210643813039415,0.13134602533917533,0.9948029080432513,1.1403623073042264,0.95,BCa,0.013285520672133198,0.0024785009321801987,0.027174432603470633,0.9770457180522426,0,0,False,1e-12,100,10000,complete_repeat_5x6_vector,delete_one_complete_repeat_5x6_vector,809a3f2f1d77cce8aa4e86320f229cd025238ab79be8d1df66d61a601099ba7f
bdb2023_sack,game_equal_mean_entropy,40,boosted_structure,relnet,0.015769800049344692,0.01614368283055988,-0.02343209542930859,0.9768403043382746,-0.10524035051960982,0.04311030332903582,0.9001081551225023,1.0440530510266592,0.95,BCa,-0.033344333975214316,-0.03091627354015462,0.015481076175739295,0.9628668642906986,0,0,False,1e-12,100,10000,complete_repeat_5x6_vector,delete_one_complete_repeat_5x6_vector,809a3f2f1d77cce8aa4e86320f229cd025238ab79be8d1df66d61a601099ba7f
bdb2023_sack,game_equal_mean_entropy,40,boosted_structure,attn_relnet,0.015769800049344692,0.016007943045363356,-0.014988317673847243,0.9851234480692608,-0.10262435201214258,0.050559495190048785,0.9024659193220724,1.0518594420708292,0.95,BCa,-0.0421238092207306,-0.04153939982818548,0.013013126013087961,0.9585590170655454,0,0,False,1e-12,100,10000,complete_repeat_5x6_vector,delete_one_complete_repeat_5x6_vector,809a3f2f1d77cce8aa4e86320f229cd025238ab79be8d1df66d61a601099ba7f
bdb2023_sack,game_equal_mean_entropy,40,boosted_structure,set_transformer,0.015769800049344692,0.015075477147792836,0.0450273280081792,1.046056446157229,-0.026187343995547827,0.11447543563101792,0.9741525708774876,1.1212850970648052,0.95,BCa,0.0030079584654591762,0.0011716024171397796,0.02561957318397362,0.9756097270239436,0,0,False,1e-12,100,10000,complete_repeat_5x6_vector,delete_one_complete_repeat_5x6_vector,809a3f2f1d77cce8aa4e86320f229cd025238ab79be8d1df66d61a601099ba7f
bdb2023_sack,game_equal_mean_entropy,40,relnet,attn_relnet,0.01614368283055988,0.016007943045363356,0.00844377775546132,1.0084795269955587,-0.012524707682714045,0.031148031085649595,0.987553400036372,1.0316382071076278,0.95,BCa,-0.00726928601715347,0.012838952794099967,0.027049704841551447,0.9770134086873967,0,0,False,1e-12,100,10000,complete_repeat_5x6_vector,delete_one_complete_repeat_5x6_vector,809a3f2f1d77cce8aa4e86320f229cd025238ab79be8d1df66d61a601099ba7f
bdb2023_sack,game_equal_mean_entropy,40,relnet,set_transformer,0.01614368283055988,0.015075477147792836,0.06845942343748776,1.0708571723664109,-0.001488842461587017,0.14089340023802938,0.9985122653145144,1.1513019129332218,0.95,BCa,0.028830218517740373,0.010365023159820502,0.031132213413315457,0.9802760573428349,0,0,False,1e-12,100,10000,complete_repeat_5x6_vector,delete_one_complete_repeat_5x6_vector,809a3f2f1d77cce8aa4e86320f229cd025238ab79be8d1df66d61a601099ba7f
bdb2023_sack,game_equal_mean_entropy,40,attn_relnet,set_transformer,0.016007943045363356,0.015075477147792836,0.06001564568202632,1.0618531598322936,-0.005614412899489029,0.13427608234156346,0.9944013184620583,1.1437085337911663,0.95,BCa,0.04287647717179934,0.02021689903142792,0.03571910965740638,0.983423962060867,0,0,False,1e-12,100,10000,complete_repeat_5x6_vector,delete_one_complete_repeat_5x6_vector,809a3f2f1d77cce8aa4e86320f229cd025238ab79be8d1df66d61a601099ba7f
bdb2023_sack,game_equal_mean_entropy,50,linear_structure,boosted_structure,0.016320451571424102,0.015512256429703072,0.05078857011352157,1.0521004242924639,0.0013563196329676678,0.1066843436330385,1.0013572398504305,1.112583005135852,0.95,BCa,0.03886251835440035,0.00033493538751064024,0.029985713217744958,0.9792763878019838,0,0,False,1e-12,100,10000,complete_repeat_5x6_vector,delete_one_complete_repeat_5x6_vector,809a3f2f1d77cce8aa4e86320f229cd025238ab79be8d1df66d61a601099ba7f
bdb2023_sack,game_equal_mean_entropy,50,linear_structure,relnet,0.016320451571424102,0.015187440109602613,0.07195024127847094,1.0746018719181725,-0.0025465461499859475,0.14592247146766812,0.997456693548064,1.157106475806391,0.95,BCa,0.012784152420787679,0.00032293512557061917,0.02660750409545798,0.9765271560864233,0,0,False,1e-12,100,10000,complete_repeat_5x6_vector,delete_one_complete_repeat_5x6_vector,809a3f2f1d77cce8aa4e86320f229cd025238ab79be8d1df66d61a601099ba7f
bdb2023_sack,game_equal_mean_entropy,50,linear_structure,attn_relnet,0.016320451571424102,0.015040352108617759,0.08168228924591792,1.0851110036229057,0.005872565540326332,0.15928411964212938,1.0058898428575072,1.1726710782409522,0.95,BCa,0.008773311508328054,0.007325173831379149,0.02775120394690933,0.9775888283680926,0,0,False,1e-12,100,10000,complete_repeat_5x6_vector,delete_one_complete_repeat_5x6_vector,809a3f2f1d77cce8aa4e86320f229cd025238ab79be8d1df66d61a601099ba7f
bdb2023_sack,game_equal_mean_entropy,50,linear_structure,set_transformer,0.016320451571424102,0.015338281108043887,0.062067282240746674,1.0640339329069366,-0.004655230728970807,0.14493706280062432,0.9953555880630974,1.1559668146646425,0.95,BCa,0.0433782692742585,0.036714878751993515,0.04030056081860578,0.9862999374477074,0,0,False,1e-12,100,10000,complete_repeat_5x6_vector,delete_one_complete_repeat_5x6_vector,809a3f2f1d77cce8aa4e86320f229cd025238ab79be8d1df66d61a601099ba7f
bdb2023_sack,game_equal_mean_entropy,50,boosted_structure,relnet,0.015512256429703072,0.015187440109602613,0.02116167116494944,1.0213871671431374,-0.054645531875228366,0.09630824039266768,0.9468207062378475,1.1010984146982072,0.95,BCa,0.004511946203065806,0.0024746363498774565,0.026097426234543863,0.9760686003688859,0,0,False,1e-12,100,10000,complete_repeat_5x6_vector,delete_one_complete_repeat_5x6_vector,809a3f2f1d77cce8aa4e86320f229cd025238ab79be8d1df66d61a601099ba7f
bdb2023_sack,game_equal_mean_entropy,50,boosted_structure,attn_relnet,0.015512256429703072,0.015040352108617759,0.030893719132396483,1.0313758825376784,-0.04644125721434594,0.10817113163449057,0.9546206359983421,1.114238410511988,0.95,BCa,0.007519955698540525,0.004052321468387727,0.026828350034636628,0.9767494663304586,0,0,False,1e-12,100,10000,complete_repeat_5x6_vector,delete_one_complete_repeat_5x6_vector,809a3f2f1d77cce8aa4e86320f229cd025238ab79be8d1df66d61a601099ba7f
bdb2023_sack,game_equal_mean_entropy,50,boosted_structure,set_transformer,0.015512256429703072,0.015338281108043887,0.01127871212722517,1.0113425566029004,-0.06802362760251195,0.09230030973053414,0.934238399502881,1.0966941205483953,0.95,BCa,0.00651727965058399,0.018984146654701155,0.030253754887222928,0.9797815572545188,0,0,False,1e-12,100,10000,complete_repeat_5x6_vector,delete_one_complete_repeat_5x6_vector,809a3f2f1d77cce8aa4e86320f229cd025238ab79be8d1df66d61a601099ba7f
bdb2023_sack,game_equal_mean_entropy,50,relnet,attn_relnet,0.015187440109602613,0.015040352108617759,0.009732047967447055,1.0097795583456173,-0.008435405567902593,0.031885944510685944,0.9916000726378749,1.032399747731402,0.95,BCa,0.015792414544589822,0.028087503999798917,0.03379646110098161,0.9824686519162921,0,0,False,1e-12,100,10000,complete_repeat_5x6_vector,delete_one_complete_repeat_5x6_vector,809a3f2f1d77cce8aa4e86320f229cd025238ab79be8d1df66d61a601099ba7f
bdb2023_sack,game_equal_mean_entropy,50,relnet,set_transformer,0.015187440109602613,0.015338281108043887,-0.009882959037724183,0.9901657169158175,-0.08454537953629453,0.060985516583769814,0.9189299538154488,1.0628835198912918,0.95,BCa,0.00726928601715347,0.0005480973716869583,0.025987682060403805,0.9759580387459146,0,0,False,1e-12,100,10000,complete_repeat_5x6_vector,delete_one_complete_repeat_5x6_vector,809a3f2f1d77cce8aa4e86320f229cd025238ab79be8d1df66d61a601099ba7f
bdb2023_sack,game_equal_mean_entropy,50,attn_relnet,set_transformer,0.015040352108617759,0.015338281108043887,-0.019615007005171225,0.9805761155811726,-0.0925210931391369,0.04928452661052547,0.9116299816236151,1.0505192088912614,0.95,BCa,0.006266611701750336,-0.0006866760457684166,0.02558476537367449,0.9755719917356926,0,0,False,1e-12,100,10000,complete_repeat_5x6_vector,delete_one_complete_repeat_5x6_vector,809a3f2f1d77cce8aa4e86320f229cd025238ab79be8d1df66d61a601099ba7f
bdb2023_sack,game_equal_mean_entropy,60,linear_structure,boosted_structure,0.016529983747073703,0.016321905098825893,0.012667851874556069,1.0127484289969788,-0.05234224051473787,0.07499200527885269,0.9490040236332701,1.0778755335358627,0.95,BCa,-0.002255967360748947,0.004260742780649754,0.025695113580452733,0.9756905854791407,0,0,False,1e-12,100,10000,complete_repeat_5x6_vector,delete_one_complete_repeat_5x6_vector,809a3f2f1d77cce8aa4e86320f229cd025238ab79be8d1df66d61a601099ba7f
bdb2023_sack,game_equal_mean_entropy,60,linear_structure,relnet,0.016529983747073703,0.01610406737720584,0.026104056385436995,1.026447751359431,-0.04172143390172032,0.09722102626736034,0.9591369263931738,1.1021039406229054,0.95,BCa,0.015792414544589822,0.010103534263475645,0.029317145757202456,0.9789126642391399,0,0,False,1e-12,100,10000,complete_repeat_5x6_vector,delete_one_complete_repeat_5x6_vector,809a3f2f1d77cce8aa4e86320f229cd025238ab79be8d1df66d61a601099ba7f
bdb2023_sack,game_equal_mean_entropy,60,linear_structure,attn_relnet,0.016529983747073703,0.015983144330531038,0.03364124099574159,1.0342135067564955,-0.03376343424412086,0.09919581461646408,0.9668001894045384,1.1042825130460705,0.95,BCa,0.005514610154793434,0.004630198674765342,0.02671639374734347,0.9766518504272002,0,0,False,1e-12,100,10000,complete_repeat_5x6_vector,delete_one_complete_repeat_5x6_vector,809a3f2f1d77cce8aa4e86320f229cd025238ab79be8d1df66d61a601099ba7f
bdb2023_sack,game_equal_mean_entropy,60,linear_structure,set_transformer,0.016529983747073703,0.015151595527008368,0.0870700868701255,1.0909731399315867,0.013389078730161864,0.1653950111420811,1.0134791138250312,1.1798590841588883,0.95,BCa,0.009023984261129213,0.012940983453624226,0.02912090739738632,0.9787960432504196,0,0,False,1e-12,100,10000,complete_repeat_5x6_vector,delete_one_complete_repeat_5x6_vector,809a3f2f1d77cce8aa4e86320f229cd025238ab79be8d1df66d61a601099ba7f
bdb2023_sack,game_equal_mean_entropy,60,boosted_structure,relnet,0.016321905098825893,0.01610406737720584,0.01343620451088087,1.0135268759449174,-0.05227599049608844,0.07973556803221356,0.9490668972502003,1.0830006498146638,0.95,BCa,0.011029388020358915,0.0004878330018735854,0.02643054319130833,0.9763676052156389,0,0,False,1e-12,100,10000,complete_repeat_5x6_vector,delete_one_complete_repeat_5x6_vector,809a3f2f1d77cce8aa4e86320f229cd025238ab79be8d1df66d61a601099ba7f
bdb2023_sack,game_equal_mean_entropy,60,boosted_structure,attn_relnet,0.016321905098825893,0.015983144330531038,0.020973389121185366,1.02119487638285,-0.04498815947864382,0.08810683710245122,0.9560088014087147,1.092104793107355,0.95,BCa,0.009776005984788104,-8.861902685703675e-05,0.026144360657659793,0.9761016905705309,0,0,False,1e-12,100,10000,complete_repeat_5x6_vector,delete_one_complete_repeat_5x6_vector,809a3f2f1d77cce8aa4e86320f229cd025238ab79be8d1df66d61a601099ba7f
bdb2023_sack,game_equal_mean_entropy,60,boosted_structure,set_transformer,0.016321905098825893,0.015151595527008368,0.07440223499556937,1.0772400219984357,-0.0051266371029490415,0.14944775358531232,0.994886481673068,1.161192801066506,0.95,BCa,-0.011781425432631035,-0.0036919871077656127,0.022859103898043798,0.972727845259636,0,0,False,1e-12,100,10000,complete_repeat_5x6_vector,delete_one_complete_repeat_5x6_vector,809a3f2f1d77cce8aa4e86320f229cd025238ab79be8d1df66d61a601099ba7f
bdb2023_sack,game_equal_mean_entropy,60,relnet,attn_relnet,0.01610406737720584,0.015983144330531038,0.007537184610304526,1.0075656606844132,-0.009406296873977869,0.02678581103699027,0.9906378039529858,1.0271477754837346,0.95,BCa,0.007519955698540525,0.009783820673889075,0.028174490907544814,0.9779752956576875,0,0,False,1e-12,100,10000,complete_repeat_5x6_vector,delete_one_complete_repeat_5x6_vector,809a3f2f1d77cce8aa4e86320f229cd025238ab79be8d1df66d61a601099ba7f
bdb2023_sack,game_equal_mean_entropy,60,relnet,set_transformer,0.01610406737720584,0.015151595527008368,0.06096603048468851,1.0628628086395027,0.0039477005944282785,0.11790029452575262,1.0039555030282656,1.1251319239625166,0.95,BCa,0.003509286787335955,0.0008698255254081949,0.02561061710183049,0.9756003871271278,0,0,False,1e-12,100,10000,complete_repeat_5x6_vector,delete_one_complete_repeat_5x6_vector,809a3f2f1d77cce8aa4e86320f229cd025238ab79be8d1df66d61a601099ba7f
bdb2023_sack,game_equal_mean_entropy,60,attn_relnet,set_transformer,0.015983144330531038,0.015151595527008368,0.053428845874383964,1.054881929895792,-0.0027731238732661657,0.1111782992836644,0.9972307176828846,1.1175941553283228,0.95,BCa,0.008021296494625931,0.0029650128500132225,0.026637232202575245,0.9765696675888205,0,0,False,1e-12,100,10000,complete_repeat_5x6_vector,delete_one_complete_repeat_5x6_vector,809a3f2f1d77cce8aa4e86320f229cd025238ab79be8d1df66d61a601099ba7f
bdb2023_sack,mean_va_imprecision,10,linear_structure,boosted_structure,0.0016972173909793778,0.0014581592271355303,0.1518152442513976,1.163945171004036,-0.04609308444414042,0.350244254346726,0.9549530667779875,1.4194142043446625,0.95,BCa,0.00726928601715347,0.004913394222360365,0.02699800381363132,0.9769077400358444,0,0,False,1e-12,100,10000,complete_repeat_5x6_vector,delete_one_complete_repeat_5x6_vector,809a3f2f1d77cce8aa4e86320f229cd025238ab79be8d1df66d61a601099ba7f
bdb2023_sack,mean_va_imprecision,10,linear_structure,relnet,0.0016972173909793778,0.0015627674515683455,0.08253182417417458,1.086033234999937,-0.1128068029230189,0.27100474500083566,0.8933232308824007,1.3112812924006545,0.95,BCa,-0.00701861679253328,0.007818640753592896,0.02593513152018101,0.9759344677040507,0,0,False,1e-12,100,10000,complete_repeat_5x6_vector,delete_one_complete_repeat_5x6_vector,809a3f2f1d77cce8aa4e86320f229cd025238ab79be8d1df66d61a601099ba7f
bdb2023_sack,mean_va_imprecision,10,linear_structure,attn_relnet,0.0016972173909793778,0.0015751232225565653,0.07465657539746408,1.0775140425043335,-0.11584343068213847,0.26383140615967343,0.8906146553108597,1.301908684012412,0.95,BCa,0.0030079584654591762,0.008421296662474381,0.02728903418127232,0.977194457999333,0,0,False,1e-12,100,10000,complete_repeat_5x6_vector,delete_one_complete_repeat_5x6_vector,809a3f2f1d77cce8aa4e86320f229cd025238ab79be8d1df66d61a601099ba7f
bdb2023_sack,mean_va_imprecision,10,linear_structure,set_transformer,0.0016972173909793778,0.0017143646524854846,-0.01005246579714995,0.9899978913580336,-0.2038874796385004,0.1926968705164573,0.8155541324704976,1.212515188703066,0.95,BCa,0.0233137547405855,0.009759312887410217,0.030230821043420786,0.9796088412809878,0,0,False,1e-12,100,10000,complete_repeat_5x6_vector,delete_one_complete_repeat_5x6_vector,809a3f2f1d77cce8aa4e86320f229cd025238ab79be8d1df66d61a601099ba7f
bdb2023_sack,mean_va_imprecision,10,boosted_structure,relnet,0.0014581592271355303,0.0015627674515683455,-0.06928342007722295,0.933062194040557,-0.2601997903119618,0.1119869680053741,0.7708975525543877,1.118498284286436,0.95,BCa,-0.005765276969606943,-0.002501428660792983,0.02378397339949745,0.973744899068122,0,0,False,1e-12,100,10000,complete_repeat_5x6_vector,delete_one_complete_repeat_5x6_vector,809a3f2f1d77cce8aa4e86320f229cd025238ab79be8d1df66d61a601099ba7f
bdb2023_sack,mean_va_imprecision,10,boosted_structure,attn_relnet,0.0014581592271355303,0.0015751232225565653,-0.07715866885393334,0.92574295537895,-0.26872742958077467,0.10663370186617094,0.7643515668841899,1.1125266633933197,0.95,BCa,0.0077706258524470675,-0.0018888027443652484,0.02549002223161584,0.9754785723912913,0,0,False,1e-12,100,10000,complete_repeat_5x6_vector,delete_one_complete_repeat_5x6_vector,809a3f2f1d77cce8aa4e86320f229cd025238ab79be8d1df66d61a601099ba7f
bdb2023_sack,mean_va_imprecision,10,boosted_structure,set_transformer,0.0014581592271355303,0.0017143646524854846,-0.1618677100485476,0.8505537168078519,-0.36526114318912983,0.029977281063979375,0.6940153898192609,1.0304311233888204,0.95,BCa,-0.004511946203065806,-0.003014614673081516,0.023812963714372914,0.973778564639096,0,0,False,1e-12,100,10000,complete_repeat_5x6_vector,delete_one_complete_repeat_5x6_vector,809a3f2f1d77cce8aa4e86320f229cd025238ab79be8d1df66d61a601099ba7f
bdb2023_sack,mean_va_imprecision,10,relnet,attn_relnet,0.0015627674515683455,0.0015751232225565653,-0.00787524877671044,0.9921556797517306,-0.04247509645488137,0.032050289763856446,0.9584143331383392,1.0325694316723093,0.95,BCa,0.021809394804630424,0.013824425918620155,0.031036800891830085,0.9802723469371077,0,0,False,1e-12,100,10000,complete_repeat_5x6_vector,delete_one_complete_repeat_5x6_vector,809a3f2f1d77cce8aa4e86320f229cd025238ab79be8d1df66d61a601099ba7f
bdb2023_sack,mean_va_imprecision,10,relnet,set_transformer,0.0015627674515683455,0.0017143646524854846,-0.09258428997132456,0.9115723713170628,-0.2648646543712552,0.07567956515888297,0.7673097949748567,1.078616892343469,0.95,BCa,0.016043109130585577,-0.005977156962647194,0.025544589986294775,0.9755225473719396,0,0,False,1e-12,100,10000,complete_repeat_5x6_vector,delete_one_complete_repeat_5x6_vector,809a3f2f1d77cce8aa4e86320f229cd025238ab79be8d1df66d61a601099ba7f
bdb2023_sack,mean_va_imprecision,10,attn_relnet,set_transformer,0.0015751232225565653,0.0017143646524854846,-0.08470904119461413,0.9187795725214895,-0.25510309193717107,0.0864902181223979,0.7748366144359047,1.090340702086322,0.95,BCa,0.008773311508328054,-0.00400358559543703,0.025127940163969298,0.975125414112895,0,0,False,1e-12,100,10000,complete_repeat_5x6_vector,delete_one_complete_repeat_5x6_vector,809a3f2f1d77cce8aa4e86320f229cd025238ab79be8d1df66d61a601099ba7f
bdb2023_sack,mean_va_imprecision,20,linear_structure,boosted_structure,0.0018532447379734595,0.0015501846697250092,0.17856394960762892,1.195499332542239,-0.07415496961963221,0.4352067773598415,0.9285277890928495,1.545282555364895,0.95,BCa,0.026071887453559192,0.026744828530067145,0.03493788117311836,0.9831446817755896,0,0,False,1e-12,100,10000,complete_repeat_5x6_vector,delete_one_complete_repeat_5x6_vector,809a3f2f1d77cce8aa4e86320f229cd025238ab79be8d1df66d61a601099ba7f
bdb2023_sack,mean_va_imprecision,20,linear_structure,relnet,0.0018532447379734595,0.0017302654462636301,0.0686631813140193,1.071075390180965,-0.17015584558589458,0.3180818197046448,0.8435333454036112,1.3744887168878073,0.95,BCa,0.027074892876565376,0.03359820593812911,0.03689252478753757,0.9844683228183753,0,0,False,1e-12,100,10000,complete_repeat_5x6_vector,delete_one_complete_repeat_5x6_vector,809a3f2f1d77cce8aa4e86320f229cd025238ab79be8d1df66d61a601099ba7f
bdb2023_sack,mean_va_imprecision,20,linear_structure,attn_relnet,0.0018532447379734595,0.0017094446595598259,0.08076945792290895,1.0841209322626808,-0.15224486629911294,0.3244712467347629,0.858777969209991,1.3832990286970601,0.95,BCa,0.029080986449119637,0.037766177482301204,0.03831629274024001,0.9853592445143136,0,0,False,1e-12,100,10000,complete_repeat_5x6_vector,delete_one_complete_repeat_5x6_vector,809a3f2f1d77cce8aa4e86320f229cd025238ab79be8d1df66d61a601099ba7f
bdb2023_sack,mean_va_imprecision,20,linear_structure,set_transformer,0.0018532447379734595,0.0018419075456871522,0.00613627097885398,1.0061551364577737,-0.20133080945842152,0.25600552990524705,0.8176419031344879,1.291759871229643,0.95,BCa,0.050153583464733656,0.05744173331600767,0.04737495408359921,0.9899014481235255,0,0,False,1e-12,100,10000,complete_repeat_5x6_vector,delete_one_complete_repeat_5x6_vector,809a3f2f1d77cce8aa4e86320f229cd025238ab79be8d1df66d61a601099ba7f
bdb2023_sack,mean_va_imprecision,20,boosted_structure,relnet,0.0015501846697250092,0.0017302654462636301,-0.10990076829360951,0.8959230348571712,-0.28843584352852486,0.08143060481975163,0.7494348847029818,1.0848379324479547,0.95,BCa,-0.0002506628300880075,0.01421020477062163,0.028238082929725294,0.9780790859165596,0,0,False,1e-12,100,10000,complete_repeat_5x6_vector,delete_one_complete_repeat_5x6_vector,809a3f2f1d77cce8aa4e86320f229cd025238ab79be8d1df66d61a601099ba7f
bdb2023_sack,mean_va_imprecision,20,boosted_structure,attn_relnet,0.0015501846697250092,0.0017094446595598259,-0.09779449168471993,0.9068352467895477,-0.2679452872609597,0.08615211382451872,0.7649496324475719,1.089972115522656,0.95,BCa,-0.0015039775317649809,0.019378060406183558,0.0293023197132391,0.9790349819459884,0,0,False,1e-12,100,10000,complete_repeat_5x6_vector,delete_one_complete_repeat_5x6_vector,809a3f2f1d77cce8aa4e86320f229cd025238ab79be8d1df66d61a601099ba7f
bdb2023_sack,mean_va_imprecision,20,boosted_structure,set_transformer,0.0015501846697250092,0.0018419075456871522,-0.17242767862877487,0.8416191536620742,-0.3354310198524994,0.011084323677853478,0.7150298278736275,1.011145982398035,0.95,BCa,0.015792414544589822,0.02603849734382104,0.033274997750292856,0.9820785788581408,0,0,False,1e-12,100,10000,complete_repeat_5x6_vector,delete_one_complete_repeat_5x6_vector,809a3f2f1d77cce8aa4e86320f229cd025238ab79be8d1df66d61a601099ba7f
bdb2023_sack,mean_va_imprecision,20,relnet,attn_relnet,0.0017302654462636301,0.0017094446595598259,0.012106276608889655,1.0121798541926275,-0.047964640337214204,0.07129367182499255,0.9531674901626669,1.0738965527252764,0.95,BCa,0.0010026514778481883,0.0073889617430346185,0.02680292934691142,0.9767485865934225,0,0,False,1e-12,100,10000,complete_repeat_5x6_vector,delete_one_complete_repeat_5x6_vector,809a3f2f1d77cce8aa4e86320f229cd025238ab79be8d1df66d61a601099ba7f
bdb2023_sack,mean_va_imprecision,20,relnet,set_transformer,0.0017302654462636301,0.0018419075456871522,-0.0625269103351654,0.9393877832332392,-0.2280357723053936,0.09994623866993105,0.7960957811446769,1.1051115042142368,0.95,BCa,0.008271967640830167,0.008060672650114873,0.0278617592298529,0.9776909962139833,0,0,False,1e-12,100,10000,complete_repeat_5x6_vector,delete_one_complete_repeat_5x6_vector,809a3f2f1d77cce8aa4e86320f229cd025238ab79be8d1df66d61a601099ba7f
bdb2023_sack,mean_va_imprecision,20,attn_relnet,set_transformer,0.0017094446595598259,0.0018419075456871522,-0.07463318694405499,0.9280838571743247,-0.23830772288848062,0.0914688776086279,0.7879601803999181,1.0957826727846451,0.95,BCa,0.012784152420787679,0.006137771247081332,0.027976655949575713,0.9777691413664136,0,0,False,1e-12,100,10000,complete_repeat_5x6_vector,delete_one_complete_repeat_5x6_vector,809a3f2f1d77cce8aa4e86320f229cd025238ab79be8d1df66d61a601099ba7f
bdb2023_sack,mean_va_imprecision,30,linear_structure,boosted_structure,0.002071151069419974,0.00142079556060319,0.3768875562345653,1.457740386337271,0.11051639564790314,0.7941534584580645,1.116854660457776,2.212567173754545,0.95,BCa,0.1084988407938276,0.11109038596886643,0.07677262388239803,0.9973975312833161,0,0,False,1e-12,100,10000,complete_repeat_5x6_vector,delete_one_complete_repeat_5x6_vector,809a3f2f1d77cce8aa4e86320f229cd025238ab79be8d1df66d61a601099ba7f
bdb2023_sack,mean_va_imprecision,30,linear_structure,relnet,0.002071151069419974,0.0017343230789133096,0.17748734388785423,1.1942129437138747,-0.08489386839933079,0.5958031060172757,0.9186097727536411,1.8144875858618057,0.95,BCa,0.10900313977014242,0.10769131832043956,0.07574008095210705,0.9972067639021389,0,0,False,1e-12,100,10000,complete_repeat_5x6_vector,delete_one_complete_repeat_5x6_vector,809a3f2f1d77cce8aa4e86320f229cd025238ab79be8d1df66d61a601099ba7f
bdb2023_sack,mean_va_imprecision,30,linear_structure,attn_relnet,0.002071151069419974,0.0017450348003565604,0.17133002655671897,1.1868823871001188,-0.09260597911744205,0.6007136569962219,0.9115526003051136,1.8234196323390555,0.95,BCa,0.10824670166073914,0.10693894083633354,0.07530211771674755,0.9971432840475445,0,0,False,1e-12,100,10000,complete_repeat_5x6_vector,delete_one_complete_repeat_5x6_vector,809a3f2f1d77cce8aa4e86320f229cd025238ab79be8d1df66d61a601099ba7f
bdb2023_sack,mean_va_imprecision,30,linear_structure,set_transformer,0.002071151069419974,0.0018182267271864864,0.1302428245068457,1.1391049523426933,-0.20165815292040937,0.5807823146077707,0.8173742972051647,1.7874362213892176,0.95,BCa,0.058437682185846274,0.05255644645783961,0.04742794787943455,0.9897306832183406,0,0,False,1e-12,100,10000,complete_repeat_5x6_vector,delete_one_complete_repeat_5x6_vector,809a3f2f1d77cce8aa4e86320f229cd025238ab79be8d1df66d61a601099ba7f
bdb2023_sack,mean_va_imprecision,30,boosted_structure,relnet,0.00142079556060319,0.0017343230789133096,-0.19940021234671115,0.8192219649717345,-0.40422140094516057,0.004071516883429134,0.6674963205916576,1.0040798167688467,0.95,BCa,-0.003509286787336094,-0.0036626841648690475,0.023784126310334885,0.9737508802742064,0,0,False,1e-12,100,10000,complete_repeat_5x6_vector,delete_one_complete_repeat_5x6_vector,809a3f2f1d77cce8aa4e86320f229cd025238ab79be8d1df66d61a601099ba7f
bdb2023_sack,mean_va_imprecision,30,boosted_structure,attn_relnet,0.00142079556060319,0.0017450348003565604,-0.20555752967784627,0.8141932529442284,-0.41230490956771465,-0.0013115412843795044,0.6621223578283878,0.9986893184100082,0.95,BCa,-0.0007519885532626153,-0.00288616029140622,0.024269055306613663,0.9742592207735579,0,0,False,1e-12,100,10000,complete_repeat_5x6_vector,delete_one_complete_repeat_5x6_vector,809a3f2f1d77cce8aa4e86320f229cd025238ab79be8d1df66d61a601099ba7f
bdb2023_sack,mean_va_imprecision,30,boosted_structure,set_transformer,0.00142079556060319,0.0018182267271864864,-0.24664473172771958,0.7814182573378629,-0.5450893181257858,-0.01451605139051386,0.5797899952713472,0.9855887985347233,0.95,BCa,-0.06270677794321383,-0.06482102073494653,0.00841066301123411,0.9481074900077595,0,0,False,1e-12,100,10000,complete_repeat_5x6_vector,delete_one_complete_repeat_5x6_vector,809a3f2f1d77cce8aa4e86320f229cd025238ab79be8d1df66d61a601099ba7f
bdb2023_sack,mean_va_imprecision,30,relnet,attn_relnet,0.0017343230789133096,0.0017450348003565604,-0.0061573173311352345,0.9938616001004322,-0.06884146452257281,0.05993675337911632,0.9334746571985255,1.06176939109556,0.95,BCa,0.006266611701750336,0.004535667630896138,0.026786666203247378,0.9767150047600277,0,0,False,1e-12,100,10000,complete_repeat_5x6_vector,delete_one_complete_repeat_5x6_vector,809a3f2f1d77cce8aa4e86320f229cd025238ab79be8d1df66d61a601099ba7f
bdb2023_sack,mean_va_imprecision,30,relnet,set_transformer,0.0017343230789133096,0.0018182267271864864,-0.04724451938100843,0.9538541332504726,-0.3446092210002809,0.19572070762924565,0.7084971651916905,1.2161871860935434,0.95,BCa,-0.049149695440031595,-0.06385232183959771,0.00928788982268719,0.9509238759157541,0,0,False,1e-12,100,10000,complete_repeat_5x6_vector,delete_one_complete_repeat_5x6_vector,809a3f2f1d77cce8aa4e86320f229cd025238ab79be8d1df66d61a601099ba7f
bdb2023_sack,mean_va_imprecision,30,attn_relnet,set_transformer,0.0017450348003565604,0.0018182267271864864,-0.041087202049873296,0.9597454345293984,-0.33564336695596014,0.20247742495446425,0.7148780094804589,1.2244324431917466,0.95,BCa,-0.05291453922441612,-0.06038008767140586,0.009531911148861927,0.9512621946163327,0,0,False,1e-12,100,10000,complete_repeat_5x6_vector,delete_one_complete_repeat_5x6_vector,809a3f2f1d77cce8aa4e86320f229cd025238ab79be8d1df66d61a601099ba7f
bdb2023_sack,mean_va_imprecision,40,linear_structure,boosted_structure,0.0018320009500824308,0.0013790388137462585,0.2840220401417312,1.3284622099255263,-0.023384030713814077,0.8106991701309076,0.9768872570179608,2.2494802063582577,0.95,BCa,0.12237757192738684,0.12282091886271719,0.08428031138080955,0.9982515427209803,0,0,False,1e-12,100,10000,complete_repeat_5x6_vector,delete_one_complete_repeat_5x6_vector,809a3f2f1d77cce8aa4e86320f229cd025238ab79be8d1df66d61a601099ba7f
bdb2023_sack,mean_va_imprecision,40,linear_structure,relnet,0.0018320009500824308,0.0016590209842449613,0.09918112499629804,1.1042662916745412,-0.19354532686656303,0.616594598779275,0.8240324845381302,1.8526084125672955,0.95,BCa,0.13400325567523477,0.13463068909295864,0.09148689833239543,0.9988559295445967,0,0,False,1e-12,100,10000,complete_repeat_5x6_vector,delete_one_complete_repeat_5x6_vector,809a3f2f1d77cce8aa4e86320f229cd025238ab79be8d1df66d61a601099ba7f
bdb2023_sack,mean_va_imprecision,40,linear_structure,attn_relnet,0.0018320009500824308,0.001619320675658602,0.12340205957059967,1.1313391952692313,-0.17036644085166422,0.6301674366424671,0.8433557199787436,1.8779249863964986,0.95,BCa,0.13273874487280113,0.1345624659315549,0.09112156185638848,0.9988394599575341,0,0,False,1e-12,100,10000,complete_repeat_5x6_vector,delete_one_complete_repeat_5x6_vector,809a3f2f1d77cce8aa4e86320f229cd025238ab79be8d1df66d61a601099ba7f
bdb2023_sack,mean_va_imprecision,40,linear_structure,set_transformer,0.0018320009500824308,0.0016115688186574308,0.1282006587735021,1.136781084911185,-0.18149002233256536,0.6591785574638724,0.8340265669016806,1.9332036662691021,0.95,BCa,0.11379538129883492,0.12159193251477839,0.08167057779106263,0.9980538818123381,0,0,False,1e-12,100,10000,complete_repeat_5x6_vector,delete_one_complete_repeat_5x6_vector,809a3f2f1d77cce8aa4e86320f229cd025238ab79be8d1df66d61a601099ba7f
bdb2023_sack,mean_va_imprecision,40,boosted_structure,relnet,0.0013790388137462585,0.0016590209842449613,-0.18484091514543316,0.8312365104735997,-0.40872330606590374,0.0415379145227289,0.6644980694727735,1.0424126836816314,0.95,BCa,0.0050132775489266585,0.016346958014252014,0.029419338070516443,0.9790847783568674,0,0,False,1e-12,100,10000,complete_repeat_5x6_vector,delete_one_complete_repeat_5x6_vector,809a3f2f1d77cce8aa4e86320f229cd025238ab79be8d1df66d61a601099ba7f
bdb2023_sack,mean_va_imprecision,40,boosted_structure,attn_relnet,0.0013790388137462585,0.001619320675658602,-0.16061998057113147,0.8516156401111736,-0.37024576853202185,0.06174563973295749,0.6905645907341146,1.0636917493977147,0.95,BCa,0.02531965065378632,0.022894147410774217,0.03382961176940669,0.9823601641069297,0,0,False,1e-12,100,10000,complete_repeat_5x6_vector,delete_one_complete_repeat_5x6_vector,809a3f2f1d77cce8aa4e86320f229cd025238ab79be8d1df66d61a601099ba7f
bdb2023_sack,mean_va_imprecision,40,boosted_structure,set_transformer,0.0013790388137462585,0.0016115688186574308,-0.15582138136822918,0.8557120228319577,-0.39582084304996246,0.06313186849149427,0.67312728056585,1.065167291974438,0.95,BCa,-0.017798000347151635,-0.006853663934063455,0.021550147307424994,0.9712082611419057,0,0,False,1e-12,100,10000,complete_repeat_5x6_vector,delete_one_complete_repeat_5x6_vector,809a3f2f1d77cce8aa4e86320f229cd025238ab79be8d1df66d61a601099ba7f
bdb2023_sack,mean_va_imprecision,40,relnet,attn_relnet,0.0016590209842449613,0.001619320675658602,0.02422093457430176,1.0245166440366809,-0.05823811346846201,0.11458565278822466,0.9434252784242207,1.1214086887314578,0.95,BCa,0.008271967640830167,0.01846037774591207,0.03035868938926689,0.9798528384280638,0,0,False,1e-12,100,10000,complete_repeat_5x6_vector,delete_one_complete_repeat_5x6_vector,809a3f2f1d77cce8aa4e86320f229cd025238ab79be8d1df66d61a601099ba7f
bdb2023_sack,mean_va_imprecision,40,relnet,set_transformer,0.0016590209842449613,0.0016115688186574308,0.029019533777204065,1.029444703222207,-0.1580845444854905,0.22336076792583726,0.853777596729454,1.25027155025608,0.95,BCa,-0.025570394640762426,-0.006278890686331183,0.020866601857835343,0.9703262550796414,0,0,False,1e-12,100,10000,complete_repeat_5x6_vector,delete_one_complete_repeat_5x6_vector,809a3f2f1d77cce8aa4e86320f229cd025238ab79be8d1df66d61a601099ba7f
bdb2023_sack,mean_va_imprecision,40,attn_relnet,set_transformer,0.001619320675658602,0.0016115688186574308,0.00479859920290245,1.0048101309180388,-0.18196630233189534,0.19909432828998636,0.8336294313103324,1.2202970690068422,0.95,BCa,-0.0215586730390873,-0.014314418815312788,0.019655018308144756,0.9688751875592422,0,0,False,1e-12,100,10000,complete_repeat_5x6_vector,delete_one_complete_repeat_5x6_vector,809a3f2f1d77cce8aa4e86320f229cd025238ab79be8d1df66d61a601099ba7f
bdb2023_sack,mean_va_imprecision,50,linear_structure,boosted_structure,0.0018474585339973728,0.0014166830883451855,0.2654926432285119,1.3040732604180179,0.005788738482035002,0.5379281472917996,1.0058055256050984,1.7124552292208082,0.95,BCa,0.00726928601715347,0.004570979415336946,0.02691821175393705,0.9768338183386259,0,0,False,1e-12,100,10000,complete_repeat_5x6_vector,delete_one_complete_repeat_5x6_vector,809a3f2f1d77cce8aa4e86320f229cd025238ab79be8d1df66d61a601099ba7f
bdb2023_sack,mean_va_imprecision,50,linear_structure,relnet,0.0018474585339973728,0.0016668298010410949,0.10288742960196386,1.1083666327800583,-0.1177597451829207,0.37221096009756344,0.888909591773056,1.4509390392502943,0.95,BCa,0.0366049457959125,0.027897325358556758,0.0368228182921998,0.9842595355597457,0,0,False,1e-12,100,10000,complete_repeat_5x6_vector,delete_one_complete_repeat_5x6_vector,809a3f2f1d77cce8aa4e86320f229cd025238ab79be8d1df66d61a601099ba7f
bdb2023_sack,mean_va_imprecision,50,linear_structure,attn_relnet,0.0018474585339973728,0.0016694074545725132,0.10134218335786759,1.1066552559934826,-0.13337199031987382,0.372367997580182,0.8751394881336373,1.4511669089560253,0.95,BCa,0.030084076620189106,0.019944783282245415,0.03375481919939671,0.982240172104905,0,0,False,1e-12,100,10000,complete_repeat_5x6_vector,delete_one_complete_repeat_5x6_vector,809a3f2f1d77cce8aa4e86320f229cd025238ab79be8d1df66d61a601099ba7f
bdb2023_sack,mean_va_imprecision,50,linear_structure,set_transformer,0.0018474585339973728,0.0016321083034718045,0.12393831244113966,1.1319460418573188,-0.08689125489469746,0.4030020804558466,0.9167767852007234,1.496310004667242,0.95,BCa,0.03735744868497225,0.040819960507867445,0.04046271420758829,0.9865158683841191,0,0,False,1e-12,100,10000,complete_repeat_5x6_vector,delete_one_complete_repeat_5x6_vector,809a3f2f1d77cce8aa4e86320f229cd025238ab79be8d1df66d61a601099ba7f
bdb2023_sack,mean_va_imprecision,50,boosted_structure,relnet,0.0014166830883451855,0.0016668298010410949,-0.162605213626548,0.849926661654556,-0.39304985014334304,0.09635622051740171,0.6749950981450271,1.1011512468049243,0.95,BCa,0.02406595428173628,0.024784493024613434,0.034136567609863555,0.9826010517767155,0,0,False,1e-12,100,10000,complete_repeat_5x6_vector,delete_one_complete_repeat_5x6_vector,809a3f2f1d77cce8aa4e86320f229cd025238ab79be8d1df66d61a601099ba7f
bdb2023_sack,mean_va_imprecision,50,boosted_structure,attn_relnet,0.0014166830883451855,0.0016694074545725132,-0.16415045987064417,0.8486143298718868,-0.3942359280188389,0.10607385486386176,0.6741949759904414,1.1119039929921724,0.95,BCa,0.029833301278993724,0.019689101324668157,0.03365242202644114,0.9821691606462465,0,0,False,1e-12,100,10000,complete_repeat_5x6_vector,delete_one_complete_repeat_5x6_vector,809a3f2f1d77cce8aa4e86320f229cd025238ab79be8d1df66d61a601099ba7f
bdb2023_sack,mean_va_imprecision,50,boosted_structure,set_transformer,0.0014166830883451855,0.0016321083034718045,-0.1415543307873722,0.8680080147448741,-0.35111187260327553,0.08599239160842591,0.7039050017655962,1.0897980366633861,0.95,BCa,0.012282787382975733,0.022517573502829406,0.0319005158819331,0.9810617179409613,0,0,False,1e-12,100,10000,complete_repeat_5x6_vector,delete_one_complete_repeat_5x6_vector,809a3f2f1d77cce8aa4e86320f229cd025238ab79be8d1df66d61a601099ba7f
bdb2023_sack,mean_va_imprecision,50,relnet,attn_relnet,0.0016668298010410949,0.0016694074545725132,-0.0015452462440962097,0.9984559470341658,-0.06228784283178112,0.06366905451976222,0.9396123871719682,1.065739638676017,0.95,BCa,-0.002757294595891845,-0.008786540485483522,0.02275441294075692,0.972656843803607,0,0,False,1e-12,100,10000,complete_repeat_5x6_vector,delete_one_complete_repeat_5x6_vector,809a3f2f1d77cce8aa4e86320f229cd025238ab79be8d1df66d61a601099ba7f
bdb2023_sack,mean_va_imprecision,50,relnet,set_transformer,0.0016668298010410949,0.0016321083034718045,0.021050882839175705,1.0212740156369715,-0.17553840415774535,0.25551346804699576,0.8390051752676401,1.2911244018249413,0.95,BCa,0.011530745575864969,0.018214986927057798,0.030733482829174874,0.9801309219699501,0,0,False,1e-12,100,10000,complete_repeat_5x6_vector,delete_one_complete_repeat_5x6_vector,809a3f2f1d77cce8aa4e86320f229cd025238ab79be8d1df66d61a601099ba7f
bdb2023_sack,mean_va_imprecision,50,attn_relnet,set_transformer,0.0016694074545725132,0.0016321083034718045,0.022596129083272055,1.0228533553939811,-0.18486932765179043,0.25873869992193943,0.8312128932964746,1.2952952998413247,0.95,BCa,0.003759951271145795,0.020357996912350376,0.03022321576802084,0.979781540967775,0,0,False,1e-12,100,10000,complete_repeat_5x6_vector,delete_one_complete_repeat_5x6_vector,809a3f2f1d77cce8aa4e86320f229cd025238ab79be8d1df66d61a601099ba7f
bdb2023_sack,mean_va_imprecision,60,linear_structure,boosted_structure,0.0019051993553062994,0.001432388553420063,0.28524328363750406,1.3300855768201463,0.017197661130522585,0.594545272162668,1.017346392290761,1.8122066967380475,0.95,BCa,0.03861166738810864,0.036430172895122355,0.039454408012377984,0.9858868621131818,0,0,False,1e-12,100,10000,complete_repeat_5x6_vector,delete_one_complete_repeat_5x6_vector,809a3f2f1d77cce8aa4e86320f229cd025238ab79be8d1df66d61a601099ba7f
bdb2023_sack,mean_va_imprecision,60,linear_structure,relnet,0.0019051993553062994,0.0014045777440188825,0.3048499320079051,1.3564214322911035,0.04463789258948751,0.6267458639303345,1.0456491540392805,1.871510509564998,0.95,BCa,0.03735744868497225,0.05536817595298234,0.04453952048497839,0.9887854814149653,0,0,False,1e-12,100,10000,complete_repeat_5x6_vector,delete_one_complete_repeat_5x6_vector,809a3f2f1d77cce8aa4e86320f229cd025238ab79be8d1df66d61a601099ba7f
bdb2023_sack,mean_va_imprecision,60,linear_structure,attn_relnet,0.0019051993553062994,0.0014942948544405346,0.24293222525698327,1.2749822095985253,-0.008106418438063373,0.5349608442734906,0.9919263499672986,1.7073813871866967,0.95,BCa,0.03560164077923748,0.04717978467957694,0.04194141632908455,0.9874083164014682,0,0,False,1e-12,100,10000,complete_repeat_5x6_vector,delete_one_complete_repeat_5x6_vector,809a3f2f1d77cce8aa4e86320f229cd025238ab79be8d1df66d61a601099ba7f
bdb2023_sack,mean_va_imprecision,60,linear_structure,set_transformer,0.0019051993553062994,0.0014702701928618212,0.25914046298960497,1.2958158062076375,0.04189392692827091,0.5438323853354662,1.0427838615967673,1.7225958794811824,0.95,BCa,0.06546973825647305,0.05977774377413675,0.05088826882863062,0.9911039438823965,0,0,False,1e-12,100,10000,complete_repeat_5x6_vector,delete_one_complete_repeat_5x6_vector,809a3f2f1d77cce8aa4e86320f229cd025238ab79be8d1df66d61a601099ba7f
bdb2023_sack,mean_va_imprecision,60,boosted_structure,relnet,0.001432388553420063,0.0014045777440188825,0.019606648370401044,1.0198001210823733,-0.20097983396762936,0.27725751386739483,0.8179289257687413,1.3195061184118544,0.95,BCa,0.0366049457959125,0.016328575032895618,0.03376060216330484,0.9821557055518868,0,0,False,1e-12,100,10000,complete_repeat_5x6_vector,delete_one_complete_repeat_5x6_vector,809a3f2f1d77cce8aa4e86320f229cd025238ab79be8d1df66d61a601099ba7f
bdb2023_sack,mean_va_imprecision,60,boosted_structure,attn_relnet,0.001432388553420063,0.0014942948544405346,-0.042311058380520794,0.9585715624754331,-0.2644786560377617,0.20787950084755635,0.7676060324468974,1.2310648183437363,0.95,BCa,0.019051527317045326,0.018098060701689813,0.0317270226935224,0.9808477400318971,0,0,False,1e-12,100,10000,complete_repeat_5x6_vector,delete_one_complete_repeat_5x6_vector,809a3f2f1d77cce8aa4e86320f229cd025238ab79be8d1df66d61a601099ba7f
bdb2023_sack,mean_va_imprecision,60,boosted_structure,set_transformer,0.001432388553420063,0.0014702701928618212,-0.026102820647899216,0.9742349129937653,-0.23484705113360704,0.21198387907455227,0.7906917757915136,1.2361279573912325,0.95,BCa,0.023564486434286026,0.019416017321804844,0.032688611559217706,0.9815352605807242,0,0,False,1e-12,100,10000,complete_repeat_5x6_vector,delete_one_complete_repeat_5x6_vector,809a3f2f1d77cce8aa4e86320f229cd025238ab79be8d1df66d61a601099ba7f
bdb2023_sack,mean_va_imprecision,60,relnet,attn_relnet,0.0014045777440188825,0.0014942948544405346,-0.06191770675092185,0.9399602359902107,-0.15479254172003876,0.053990150527441556,0.8565928663341413,1.0554742062396525,0.95,BCa,0.02406595428173628,0.027902074616888126,0.034945047194004375,0.9831802007907271,0,0,False,1e-12,100,10000,complete_repeat_5x6_vector,delete_one_complete_repeat_5x6_vector,809a3f2f1d77cce8aa4e86320f229cd025238ab79be8d1df66d61a601099ba7f
bdb2023_sack,mean_va_imprecision,60,relnet,set_transformer,0.0014045777440188825,0.0014702701928618212,-0.04570946901830014,0.9553194717801692,-0.23063212760170188,0.1404032050305892,0.7940315145912448,1.1507376885545266,0.95,BCa,0.0057652769696068034,0.003916988422694831,0.026581870907365912,0.9765248121288829,0,0,False,1e-12,100,10000,complete_repeat_5x6_vector,delete_one_complete_repeat_5x6_vector,809a3f2f1d77cce8aa4e86320f229cd025238ab79be8d1df66d61a601099ba7f
bdb2023_sack,mean_va_imprecision,60,attn_relnet,set_transformer,0.0014942948544405346,0.0014702701928618212,0.016208237732621703,1.0163403037722953,-0.1543583873170734,0.20408731355509344,0.8569648406399075,1.2264052305821675,0.95,BCa,0.015541720951108279,0.008895647229697273,0.028991930314761716,0.9786373152779049,0,0,False,1e-12,100,10000,complete_repeat_5x6_vector,delete_one_complete_repeat_5x6_vector,809a3f2f1d77cce8aa4e86320f229cd025238ab79be8d1df66d61a601099ba7f
bdb2023_sack,game_equal_mean_va_imprecision,10,linear_structure,boosted_structure,0.0017470991610402044,0.0014629652753012088,0.17749140380965245,1.1942177921348787,-0.024236646600942664,0.3814069382465817,0.9760547023977776,1.4643433815075306,0.95,BCa,0.011029388020358915,0.005762811997976734,0.027666057697675828,0.9775006935021422,0,0,False,1e-12,100,10000,complete_repeat_5x6_vector,delete_one_complete_repeat_5x6_vector,809a3f2f1d77cce8aa4e86320f229cd025238ab79be8d1df66d61a601099ba7f
bdb2023_sack,game_equal_mean_va_imprecision,10,linear_structure,relnet,0.0017470991610402044,0.0015679640623582395,0.10817878804561248,1.1142469416120055,-0.09346253949577928,0.3025090515367776,0.9107721347705674,1.353249925357205,0.95,BCa,-0.009023984261129074,0.007633349863037614,0.02565629263740221,0.9756614458152364,0,0,False,1e-12,100,10000,complete_repeat_5x6_vector,delete_one_complete_repeat_5x6_vector,809a3f2f1d77cce8aa4e86320f229cd025238ab79be8d1df66d61a601099ba7f
bdb2023_sack,game_equal_mean_va_imprecision,10,linear_structure,attn_relnet,0.0017470991610402044,0.0015835821995517315,0.0982672946053672,1.1032576405157624,-0.0975051135028677,0.2927039372009523,0.9070977030972363,1.340045993928423,0.95,BCa,0.00701861679253328,0.008348560063607798,0.027772009960193467,0.9776167154775214,0,0,False,1e-12,100,10000,complete_repeat_5x6_vector,delete_one_complete_repeat_5x6_vector,809a3f2f1d77cce8aa4e86320f229cd025238ab79be8d1df66d61a601099ba7f
bdb2023_sack,game_equal_mean_va_imprecision,10,linear_structure,set_transformer,0.0017470991610402044,0.0017231302590871333,0.013814235441895402,1.0139100928828033,-0.18437934440929782,0.2208346762656561,0.8316202734817153,1.2471172354415327,0.95,BCa,0.026573386823392803,0.009509538936100237,0.03060936802964115,0.9798841044708125,0,0,False,1e-12,100,10000,complete_repeat_5x6_vector,delete_one_complete_repeat_5x6_vector,809a3f2f1d77cce8aa4e86320f229cd025238ab79be8d1df66d61a601099ba7f
bdb2023_sack,game_equal_mean_va_imprecision,10,boosted_structure,relnet,0.0014629652753012088,0.0015679640623582395,-0.0693126157640399,0.9330349530466208,-0.2646179092684792,0.11798244723327089,0.7674991482691171,1.1252243603932848,0.95,BCa,0.005514610154793434,-0.003214491961290067,0.024922523219823967,0.9749232952949693,0,0,False,1e-12,100,10000,complete_repeat_5x6_vector,delete_one_complete_repeat_5x6_vector,809a3f2f1d77cce8aa4e86320f229cd025238ab79be8d1df66d61a601099ba7f
bdb2023_sack,game_equal_mean_va_imprecision,10,boosted_structure,attn_relnet,0.0014629652753012088,0.0015835821995517315,-0.07922410920428521,0.923832861796081,-0.2762063165272161,0.10624935908343615,0.7586563912614583,1.1120991539599898,0.95,BCa,0.004511946203065806,-0.002734499715031466,0.02491313253814198,0.9749138089511176,0,0,False,1e-12,100,10000,complete_repeat_5x6_vector,delete_one_complete_repeat_5x6_vector,809a3f2f1d77cce8aa4e86320f229cd025238ab79be8d1df66d61a601099ba7f
bdb2023_sack,game_equal_mean_va_imprecision,10,boosted_structure,set_transformer,0.0014629652753012088,0.0017231302590871333,-0.16367716836775686,0.8490160668853017,-0.369734298556186,0.030019323723531048,0.6909178841304311,1.0304744463644326,0.95,BCa,-0.00701861679253328,-0.003933908722593284,0.02333182801811845,0.9732607758850476,0,0,False,1e-12,100,10000,complete_repeat_5x6_vector,delete_one_complete_repeat_5x6_vector,809a3f2f1d77cce8aa4e86320f229cd025238ab79be8d1df66d61a601099ba7f
bdb2023_sack,game_equal_mean_va_imprecision,10,relnet,attn_relnet,0.0015679640623582395,0.0015835821995517315,-0.009911493440245412,0.9901374635317869,-0.044613956200929034,0.030873565376453447,0.9563666099781205,1.0313550966493137,0.95,BCa,0.028579452399323777,0.014957741639707008,0.03225955481973891,0.9811491693194213,0,0,False,1e-12,100,10000,complete_repeat_5x6_vector,delete_one_complete_repeat_5x6_vector,809a3f2f1d77cce8aa4e86320f229cd025238ab79be8d1df66d61a601099ba7f
bdb2023_sack,game_equal_mean_va_imprecision,10,relnet,set_transformer,0.0015679640623582395,0.0017231302590871333,-0.09436455260371711,0.9099509767699764,-0.2735752556835861,0.07884236653560009,0.7606550905830413,1.0820337438986054,0.95,BCa,0.011029388020358915,-0.006046668223204372,0.024930971660849455,0.9749324339581764,0,0,False,1e-12,100,10000,complete_repeat_5x6_vector,delete_one_complete_repeat_5x6_vector,809a3f2f1d77cce8aa4e86320f229cd025238ab79be8d1df66d61a601099ba7f
bdb2023_sack,game_equal_mean_va_imprecision,10,attn_relnet,set_transformer,0.0015835821995517315,0.0017231302590871333,-0.08445305916347161,0.9190147936875472,-0.25913784507471455,0.0890245357348378,0.7717166383738955,1.0931074761924913,0.95,BCa,0.00726928601715347,-0.004027961946995552,0.02494500293866153,0.9749457652337983,0,0,False,1e-12,100,10000,complete_repeat_5x6_vector,delete_one_complete_repeat_5x6_vector,809a3f2f1d77cce8aa4e86320f229cd025238ab79be8d1df66d61a601099ba7f
bdb2023_sack,game_equal_mean_va_imprecision,20,linear_structure,boosted_structure,0.001952127594937252,0.00156237127814088,0.22271513486845773,1.249464594139337,-0.031044149420211872,0.4751555342217067,0.9694327722363881,1.608264318173141,0.95,BCa,0.017547298372150796,0.026362744149196687,0.033606393789051725,0.9823029910682572,0,0,False,1e-12,100,10000,complete_repeat_5x6_vector,delete_one_complete_repeat_5x6_vector,809a3f2f1d77cce8aa4e86320f229cd025238ab79be8d1df66d61a601099ba7f
bdb2023_sack,game_equal_mean_va_imprecision,20,linear_structure,relnet,0.001952127594937252,0.0017541007150464207,0.10696353960303803,1.1128936771943512,-0.13424846550770952,0.3482961867360035,0.8743727861331152,1.416651781074238,0.95,BCa,0.023815219609409344,0.03198455594723562,0.03597566406465602,0.9839029959357337,0,0,False,1e-12,100,10000,complete_repeat_5x6_vector,delete_one_complete_repeat_5x6_vector,809a3f2f1d77cce8aa4e86320f229cd025238ab79be8d1df66d61a601099ba7f
bdb2023_sack,game_equal_mean_va_imprecision,20,linear_structure,attn_relnet,0.001952127594937252,0.001731868264290769,0.11971910474422272,1.1271801875396585,-0.11070550690672425,0.35668678676688254,0.8952023410206156,1.4285883469975382,0.95,BCa,0.031087197062473485,0.03582909041342951,0.03810588364950168,0.9851881640702498,0,0,False,1e-12,100,10000,complete_repeat_5x6_vector,delete_one_complete_repeat_5x6_vector,809a3f2f1d77cce8aa4e86320f229cd025238ab79be8d1df66d61a601099ba7f
bdb2023_sack,game_equal_mean_va_imprecision,20,linear_structure,set_transformer,0.001952127594937252,0.0018493932100953536,0.05406226136825172,1.0555503201164027,-0.15616588942344758,0.29103767969191413,0.8554172739217469,1.3378149914570758,0.95,BCa,0.04262558517694437,0.054672880661132406,0.04524725613666247,0.9890307469059549,0,0,False,1e-12,100,10000,complete_repeat_5x6_vector,delete_one_complete_repeat_5x6_vector,809a3f2f1d77cce8aa4e86320f229cd025238ab79be8d1df66d61a601099ba7f
bdb2023_sack,game_equal_mean_va_imprecision,20,boosted_structure,relnet,0.00156237127814088,0.0017541007150464207,-0.11575159526541977,0.8906964490345888,-0.29872988399057143,0.07248898523952377,0.7417597435589502,1.0751809631641538,0.95,BCa,-0.008021296494625931,0.01215941377145128,0.026802541743292885,0.9767802196191431,0,0,False,1e-12,100,10000,complete_repeat_5x6_vector,delete_one_complete_repeat_5x6_vector,809a3f2f1d77cce8aa4e86320f229cd025238ab79be8d1df66d61a601099ba7f
bdb2023_sack,game_equal_mean_va_imprecision,20,boosted_structure,attn_relnet,0.00156237127814088,0.001731868264290769,-0.1029960301242351,0.9021305548206341,-0.27644857654350063,0.07759607503522281,0.758472621412699,1.080686054421874,0.95,BCa,-0.008021296494625931,0.01740705294759962,0.028013688184387986,0.9779203935927945,0,0,False,1e-12,100,10000,complete_repeat_5x6_vector,delete_one_complete_repeat_5x6_vector,809a3f2f1d77cce8aa4e86320f229cd025238ab79be8d1df66d61a601099ba7f
bdb2023_sack,game_equal_mean_va_imprecision,20,boosted_structure,set_transformer,0.00156237127814088,0.0018493932100953536,-0.16865287350020616,0.8448021056919124,-0.3348015268665064,0.013223444211895658,0.7154800758341482,1.0133112606017676,0.95,BCa,0.013285520672133198,0.02553238151867107,0.032794814229988145,0.9817460632066463,0,0,False,1e-12,100,10000,complete_repeat_5x6_vector,delete_one_complete_repeat_5x6_vector,809a3f2f1d77cce8aa4e86320f229cd025238ab79be8d1df66d61a601099ba7f
bdb2023_sack,game_equal_mean_va_imprecision,20,relnet,attn_relnet,0.0017541007150464207,0.001731868264290769,0.012755565141184557,1.0128372643659223,-0.048103203042852934,0.07238929322706653,0.9530354258461089,1.0750737815528442,0.95,BCa,0.0010026514778481883,0.005250504258981998,0.026310705442376736,0.9762810534597309,0,0,False,1e-12,100,10000,complete_repeat_5x6_vector,delete_one_complete_repeat_5x6_vector,809a3f2f1d77cce8aa4e86320f229cd025238ab79be8d1df66d61a601099ba7f
bdb2023_sack,game_equal_mean_va_imprecision,20,relnet,set_transformer,0.0017541007150464207,0.0018493932100953536,-0.05290127823478639,0.9484736428528254,-0.21311149032319557,0.10887215969524532,0.8080660406500986,1.1150197967589701,0.95,BCa,0.012784152420787679,0.010082471669477204,0.02892030823422581,0.9785954065552137,0,0,False,1e-12,100,10000,complete_repeat_5x6_vector,delete_one_complete_repeat_5x6_vector,809a3f2f1d77cce8aa4e86320f229cd025238ab79be8d1df66d61a601099ba7f
bdb2023_sack,game_equal_mean_va_imprecision,20,attn_relnet,set_transformer,0.001731868264290769,0.0018493932100953536,-0.06565684337597102,0.9364521589226961,-0.22548698678261533,0.0998072798127149,0.7981274465862754,1.104957949851631,0.95,BCa,0.015541720951108279,0.008134200404297376,0.028808164427596872,0.9784794318259799,0,0,False,1e-12,100,10000,complete_repeat_5x6_vector,delete_one_complete_repeat_5x6_vector,809a3f2f1d77cce8aa4e86320f229cd025238ab79be8d1df66d61a601099ba7f
bdb2023_sack,game_equal_mean_va_imprecision,30,linear_structure,boosted_structure,0.0021511837876925085,0.0014260487373653492,0.41111079045872606,1.5084924738735503,0.13496856647373232,0.859170173939572,1.1445008080896726,2.3612004948017304,0.95,BCa,0.11001182102288878,0.11770415514997742,0.0793957337794517,0.9977918690938754,0,0,False,1e-12,100,10000,complete_repeat_5x6_vector,delete_one_complete_repeat_5x6_vector,809a3f2f1d77cce8aa4e86320f229cd025238ab79be8d1df66d61a601099ba7f
bdb2023_sack,game_equal_mean_va_imprecision,30,linear_structure,relnet,0.0021511837876925085,0.001747996074420868,0.20754825806617744,1.2306571045391057,-0.06425589563548369,0.6482313716342378,0.9377649988541602,1.912155943352664,0.95,BCa,0.11379538129883492,0.11546752937929515,0.07956940930478573,0.9977475710173311,0,0,False,1e-12,100,10000,complete_repeat_5x6_vector,delete_one_complete_repeat_5x6_vector,809a3f2f1d77cce8aa4e86320f229cd025238ab79be8d1df66d61a601099ba7f
bdb2023_sack,game_equal_mean_va_imprecision,30,linear_structure,attn_relnet,0.0021511837876925085,0.0017613781945803768,0.1999217218253151,1.2213071527236643,-0.07619378506881481,0.6503180180546992,0.9266366208180951,1.9161501024568788,0.95,BCa,0.11556159710538327,0.11414766909780676,0.07955588339341402,0.9977121604601662,0,0,False,1e-12,100,10000,complete_repeat_5x6_vector,delete_one_complete_repeat_5x6_vector,809a3f2f1d77cce8aa4e86320f229cd025238ab79be8d1df66d61a601099ba7f
bdb2023_sack,game_equal_mean_va_imprecision,30,linear_structure,set_transformer,0.0021511837876925085,0.001829112874731199,0.16218720813341522,1.1760803925283398,-0.17548611933044087,0.6343864134045637,0.8390490436551521,1.8858646451158827,0.95,BCa,0.06572094093465736,0.06300030427762789,0.05191444825260921,0.9915238105187287,0,0,False,1e-12,100,10000,complete_repeat_5x6_vector,delete_one_complete_repeat_5x6_vector,809a3f2f1d77cce8aa4e86320f229cd025238ab79be8d1df66d61a601099ba7f
bdb2023_sack,game_equal_mean_va_imprecision,30,boosted_structure,relnet,0.0014260487373653492,0.001747996074420868,-0.20356253239254862,0.8158191876019036,-0.4078706039627057,0.00237965951980243,0.665064930021428,1.0023824931567689,0.95,BCa,0.002255967360748947,-0.0024272530736873525,0.02471874104699484,0.9747187643067661,0,0,False,1e-12,100,10000,complete_repeat_5x6_vector,delete_one_complete_repeat_5x6_vector,809a3f2f1d77cce8aa4e86320f229cd025238ab79be8d1df66d61a601099ba7f
bdb2023_sack,game_equal_mean_va_imprecision,30,boosted_structure,attn_relnet,0.0014260487373653492,0.0017613781945803768,-0.2111890686334109,0.8096209784776431,-0.4178186574723367,-0.006273128017008373,0.65848162832126,0.9937465069714974,0.95,BCa,0.002005303963673465,-0.0021534911952460923,0.02475090342750974,0.9747509253994346,0,0,False,1e-12,100,10000,complete_repeat_5x6_vector,delete_one_complete_repeat_5x6_vector,809a3f2f1d77cce8aa4e86320f229cd025238ab79be8d1df66d61a601099ba7f
bdb2023_sack,game_equal_mean_va_imprecision,30,boosted_structure,set_transformer,0.0014260487373653492,0.001829112874731199,-0.24892358232531098,0.7796395493498,-0.5481537196009992,-0.012556147860932685,0.5780160054512636,0.9875223516695602,0.95,BCa,-0.05642906916247406,-0.06487014118226511,0.008744441937796277,0.9492773963780344,0,0,False,1e-12,100,10000,complete_repeat_5x6_vector,delete_one_complete_repeat_5x6_vector,809a3f2f1d77cce8aa4e86320f229cd025238ab79be8d1df66d61a601099ba7f
bdb2023_sack,game_equal_mean_va_imprecision,30,relnet,attn_relnet,0.001747996074420868,0.0017613781945803768,-0.007626536240862211,0.9924024719956881,-0.07028885979714035,0.057318119862641216,0.9321245277119921,1.058992643410283,0.95,BCa,0.0030079584654591762,0.002874863898681918,0.026008087483583908,0.9759859868321648,0,0,False,1e-12,100,10000,complete_repeat_5x6_vector,delete_one_complete_repeat_5x6_vector,809a3f2f1d77cce8aa4e86320f229cd025238ab79be8d1df66d61a601099ba7f
bdb2023_sack,game_equal_mean_va_imprecision,30,relnet,set_transformer,0.001747996074420868,0.001829112874731199,-0.045361049932762285,0.9556523813095724,-0.3444540699424514,0.19664946120765217,0.7086070978041992,1.2173172489883874,0.95,BCa,-0.049902606759507376,-0.06540670490034309,0.009040036960916265,0.9503271671173009,0,0,False,1e-12,100,10000,complete_repeat_5x6_vector,delete_one_complete_repeat_5x6_vector,809a3f2f1d77cce8aa4e86320f229cd025238ab79be8d1df66d61a601099ba7f
bdb2023_sack,game_equal_mean_va_imprecision,30,attn_relnet,set_transformer,0.0017613781945803768,0.001829112874731199,-0.0377345136919,0.9629685619260778,-0.33608185072479846,0.20488151211721006,0.7145646157906467,1.2273796267336627,0.95,BCa,-0.05592695179372389,-0.06191687567914261,0.009154172789033188,0.9502530146806727,0,0,False,1e-12,100,10000,complete_repeat_5x6_vector,delete_one_complete_repeat_5x6_vector,809a3f2f1d77cce8aa4e86320f229cd025238ab79be8d1df66d61a601099ba7f
bdb2023_sack,game_equal_mean_va_imprecision,40,linear_structure,boosted_structure,0.0018719277744090358,0.0013877344691587093,0.29929625612179217,1.3489091868877916,-0.012859593319239474,0.8338456278046982,0.9872227379574786,2.3021549701125688,0.95,BCa,0.11682340025169619,0.12303456437013668,0.08293296624951152,0.9981718842060993,0,0,False,1e-12,100,10000,complete_repeat_5x6_vector,delete_one_complete_repeat_5x6_vector,809a3f2f1d77cce8aa4e86320f229cd025238ab79be8d1df66d61a601099ba7f
bdb2023_sack,game_equal_mean_va_imprecision,40,linear_structure,relnet,0.0018719277744090358,0.0016782055808298847,0.10924367933076547,1.1154341254683195,-0.1799667855263956,0.620450747436813,0.8352979549324021,1.8597661377670283,0.95,BCa,0.1360269195874457,0.13813688549196013,0.09327627068681132,0.998986300622137,0,0,False,1e-12,100,10000,complete_repeat_5x6_vector,delete_one_complete_repeat_5x6_vector,809a3f2f1d77cce8aa4e86320f229cd025238ab79be8d1df66d61a601099ba7f
bdb2023_sack,game_equal_mean_va_imprecision,40,linear_structure,attn_relnet,0.0018719277744090358,0.0016462192796456827,0.12848748217088216,1.1371071870886682,-0.16309183357533777,0.6427309120843672,0.8495131710005466,1.901667080162141,0.95,BCa,0.13805114071318345,0.13637501211389483,0.09320516521396405,0.9989542730072684,0,0,False,1e-12,100,10000,complete_repeat_5x6_vector,delete_one_complete_repeat_5x6_vector,809a3f2f1d77cce8aa4e86320f229cd025238ab79be8d1df66d61a601099ba7f
bdb2023_sack,game_equal_mean_va_imprecision,40,linear_structure,set_transformer,0.0018719277744090358,0.001629324568898075,0.13880324123213117,1.1488980220037037,-0.1732781912354287,0.6772419556862067,0.8409036502773389,1.9684411905326316,0.95,BCa,0.11505692747233794,0.12185574009687289,0.08207933421522717,0.9980879402420102,0,0,False,1e-12,100,10000,complete_repeat_5x6_vector,delete_one_complete_repeat_5x6_vector,809a3f2f1d77cce8aa4e86320f229cd025238ab79be8d1df66d61a601099ba7f
bdb2023_sack,game_equal_mean_va_imprecision,40,boosted_structure,relnet,0.0013877344691587093,0.0016782055808298847,-0.1900525767910267,0.8269156562287587,-0.4119342084427296,0.03460553802051494,0.6623678528311381,1.0352112767600479,0.95,BCa,0.012784152420787679,0.019949005044744644,0.03133066058028733,0.9806022323235211,0,0,False,1e-12,100,10000,complete_repeat_5x6_vector,delete_one_complete_repeat_5x6_vector,809a3f2f1d77cce8aa4e86320f229cd025238ab79be8d1df66d61a601099ba7f
bdb2023_sack,game_equal_mean_va_imprecision,40,boosted_structure,attn_relnet,0.0013877344691587093,0.0016462192796456827,-0.17080877395091004,0.8429827583220826,-0.3818382460068298,0.05351804908729566,0.6826054584345675,1.0549760329502662,0.95,BCa,0.02030508422389927,0.02401582699632788,0.033399707711684934,0.9821115459970918,0,0,False,1e-12,100,10000,complete_repeat_5x6_vector,delete_one_complete_repeat_5x6_vector,809a3f2f1d77cce8aa4e86320f229cd025238ab79be8d1df66d61a601099ba7f
bdb2023_sack,game_equal_mean_va_imprecision,40,boosted_structure,set_transformer,0.0013877344691587093,0.001629324568898075,-0.16049301488966097,0.8517237729357049,-0.40668541498237376,0.06162669395766293,0.6658536249316312,1.0635652352822171,0.95,BCa,-0.021307952628745463,-0.007558876917164277,0.021041272831591518,0.9705774728394213,0,0,False,1e-12,100,10000,complete_repeat_5x6_vector,delete_one_complete_repeat_5x6_vector,809a3f2f1d77cce8aa4e86320f229cd025238ab79be8d1df66d61a601099ba7f
bdb2023_sack,game_equal_mean_va_imprecision,40,relnet,attn_relnet,0.0016782055808298847,0.0016462192796456827,0.019243802840116495,1.0194301582903866,-0.0637144041266791,0.10855115233940175,0.938272928145582,1.1146619246451628,0.95,BCa,0.00676794800892753,0.011565038873635218,0.02850185523346338,0.9782706786643312,0,0,False,1e-12,100,10000,complete_repeat_5x6_vector,delete_one_complete_repeat_5x6_vector,809a3f2f1d77cce8aa4e86320f229cd025238ab79be8d1df66d61a601099ba7f
bdb2023_sack,game_equal_mean_va_imprecision,40,relnet,set_transformer,0.0016782055808298847,0.001629324568898075,0.029559561901365678,1.030000782449913,-0.1547102292569477,0.21703733312689527,0.8566633775047698,1.2423904835935538,0.95,BCa,-0.02782716476390159,-0.011743804967853988,0.019550095773828102,0.9686590343022232,0,0,False,1e-12,100,10000,complete_repeat_5x6_vector,delete_one_complete_repeat_5x6_vector,809a3f2f1d77cce8aa4e86320f229cd025238ab79be8d1df66d61a601099ba7f
bdb2023_sack,game_equal_mean_va_imprecision,40,attn_relnet,set_transformer,0.0016462192796456827,0.001629324568898075,0.010315759061249022,1.0103691499349534,-0.17679322973153327,0.1999204261562371,0.8379530303843851,1.2213055703147768,0.95,BCa,-0.028830218517740515,-0.016538372875965556,0.018522697497301788,0.9673016219035705,0,0,False,1e-12,100,10000,complete_repeat_5x6_vector,delete_one_complete_repeat_5x6_vector,809a3f2f1d77cce8aa4e86320f229cd025238ab79be8d1df66d61a601099ba7f
bdb2023_sack,game_equal_mean_va_imprecision,50,linear_structure,boosted_structure,0.0019233113275215507,0.0014173546263819925,0.3052561552736147,1.3569725541666926,0.04714186833253145,0.5915981375740202,1.0482707149494508,1.8068737420279477,0.95,BCa,0.01704589771498929,0.015635723706127574,0.03084003448627931,0.9801625839238255,0,0,False,1e-12,100,10000,complete_repeat_5x6_vector,delete_one_complete_repeat_5x6_vector,809a3f2f1d77cce8aa4e86320f229cd025238ab79be8d1df66d61a601099ba7f
bdb2023_sack,game_equal_mean_va_imprecision,50,linear_structure,relnet,0.0019233113275215507,0.0016884801643924,0.1302195369880347,1.1390784257235587,-0.0903330946857917,0.41459799683279724,0.9136268103458843,1.513762081207688,0.95,BCa,0.04137116513242757,0.03952768846424164,0.04075624114686349,0.9866072198955621,0,0,False,1e-12,100,10000,complete_repeat_5x6_vector,delete_one_complete_repeat_5x6_vector,809a3f2f1d77cce8aa4e86320f229cd025238ab79be8d1df66d61a601099ba7f
bdb2023_sack,game_equal_mean_va_imprecision,50,linear_structure,attn_relnet,0.0019233113275215507,0.0016887351659753845,0.13006852406257738,1.138906423145798,-0.10281144349943407,0.41881902301943497,0.9022970914246202,1.5201652149833937,0.95,BCa,0.04212380922073074,0.03071174343440283,0.03844372367945881,0.9851991907822869,0,0,False,1e-12,100,10000,complete_repeat_5x6_vector,delete_one_complete_repeat_5x6_vector,809a3f2f1d77cce8aa4e86320f229cd025238ab79be8d1df66d61a601099ba7f
bdb2023_sack,game_equal_mean_va_imprecision,50,linear_structure,set_transformer,0.0019233113275215507,0.0016423721714545066,0.15790670754026445,1.1710569388290601,-0.06235200870942629,0.4557747687825466,0.9395520980527718,1.577395026151413,0.95,BCa,0.04061854447905144,0.04369284720742495,0.04179537092272506,0.9872197331501165,0,0,False,1e-12,100,10000,complete_repeat_5x6_vector,delete_one_complete_repeat_5x6_vector,809a3f2f1d77cce8aa4e86320f229cd025238ab79be8d1df66d61a601099ba7f
bdb2023_sack,game_equal_mean_va_imprecision,50,boosted_structure,relnet,0.0014173546263819925,0.0016884801643924,-0.17503661828558004,0.8394262818550953,-0.40115660098734396,0.08152825438556195,0.6695452013879778,1.0849438715734034,0.95,BCa,0.02682413900666731,0.022138872204259707,0.03385157160098895,0.9823553176530204,0,0,False,1e-12,100,10000,complete_repeat_5x6_vector,delete_one_complete_repeat_5x6_vector,809a3f2f1d77cce8aa4e86320f229cd025238ab79be8d1df66d61a601099ba7f
bdb2023_sack,game_equal_mean_va_imprecision,50,boosted_structure,attn_relnet,0.0014173546263819925,0.0016887351659753845,-0.17518763121103728,0.8392995272076026,-0.4033912103187023,0.08766392143462956,0.6680506998686072,1.0916211898892119,0.95,BCa,0.0220601179411501,0.017362724521916575,0.03195830449739351,0.98099390250815,0,0,False,1e-12,100,10000,complete_repeat_5x6_vector,delete_one_complete_repeat_5x6_vector,809a3f2f1d77cce8aa4e86320f229cd025238ab79be8d1df66d61a601099ba7f
bdb2023_sack,game_equal_mean_va_imprecision,50,boosted_structure,set_transformer,0.0014173546263819925,0.0016423721714545066,-0.14734944773335035,0.8629923539965758,-0.3547454125401415,0.08097634950555681,0.7013519758995269,1.0843452509621636,0.95,BCa,0.009023984261129213,0.01955857890337876,0.03072740225414572,0.9801509212561126,0,0,False,1e-12,100,10000,complete_repeat_5x6_vector,delete_one_complete_repeat_5x6_vector,809a3f2f1d77cce8aa4e86320f229cd025238ab79be8d1df66d61a601099ba7f
bdb2023_sack,game_equal_mean_va_imprecision,50,relnet,attn_relnet,0.0016884801643924,0.0016887351659753845,-0.00015101292545726273,0.9998489984764206,-0.061679236303399755,0.06705661043078828,0.9401844154573669,1.0693560131656994,0.95,BCa,-0.002005303963673465,-0.0069082817829623205,0.02324417175732335,0.973185626834603,0,0,False,1e-12,100,10000,complete_repeat_5x6_vector,delete_one_complete_repeat_5x6_vector,809a3f2f1d77cce8aa4e86320f229cd025238ab79be8d1df66d61a601099ba7f
bdb2023_sack,game_equal_mean_va_imprecision,50,relnet,set_transformer,0.0016884801643924,0.0016423721714545066,0.027687170552229586,1.0280740222826958,-0.17661230394559166,0.26235120454279737,0.8381046514106526,1.2999830222087627,0.95,BCa,0.0017546406925954574,0.015260040569325076,0.028740409205476658,0.9785155081512111,0,0,False,1e-12,100,10000,complete_repeat_5x6_vector,delete_one_complete_repeat_5x6_vector,809a3f2f1d77cce8aa4e86320f229cd025238ab79be8d1df66d61a601099ba7f
bdb2023_sack,game_equal_mean_va_imprecision,50,attn_relnet,set_transformer,0.0016887351659753845,0.0016423721714545066,0.02783818347768696,1.028229286471542,-0.18139079812766087,0.26637366567536497,0.8341093266304669,1.3052226844926438,0.95,BCa,0.006015944146675264,0.018234625433905263,0.030005756718730126,0.9795772344933608,0,0,False,1e-12,100,10000,complete_repeat_5x6_vector,delete_one_complete_repeat_5x6_vector,809a3f2f1d77cce8aa4e86320f229cd025238ab79be8d1df66d61a601099ba7f
bdb2023_sack,game_equal_mean_va_imprecision,60,linear_structure,boosted_structure,0.0020165578439747525,0.0014320903402361982,0.3422568669475556,1.4081219510510465,0.07149528235170483,0.6458048276094379,1.0741130834016042,1.9075216377210995,0.95,BCa,0.039615085989579704,0.03498190952292237,0.039216597727318,0.9857227325864377,0,0,False,1e-12,100,10000,complete_repeat_5x6_vector,delete_one_complete_repeat_5x6_vector,809a3f2f1d77cce8aa4e86320f229cd025238ab79be8d1df66d61a601099ba7f
bdb2023_sack,game_equal_mean_va_imprecision,60,linear_structure,relnet,0.0020165578439747525,0.0014184337591836222,0.35183874386774244,1.4216792507359526,0.09405793706334972,0.6692346490876634,1.0986233950865716,1.9527422155326772,0.95,BCa,0.041622043870188516,0.05510824990673374,0.04519832295849385,0.989028795278998,0,0,False,1e-12,100,10000,complete_repeat_5x6_vector,delete_one_complete_repeat_5x6_vector,809a3f2f1d77cce8aa4e86320f229cd025238ab79be8d1df66d61a601099ba7f
bdb2023_sack,game_equal_mean_va_imprecision,60,linear_structure,attn_relnet,0.0020165578439747525,0.0015128187714987412,0.28741737352103985,1.3329804481319067,0.03406529112154154,0.5737040492290048,1.03465215812265,1.774828944928123,0.95,BCa,0.02682413900666731,0.04440676292418926,0.03975931790556886,0.9863031629644747,0,0,False,1e-12,100,10000,complete_repeat_5x6_vector,delete_one_complete_repeat_5x6_vector,809a3f2f1d77cce8aa4e86320f229cd025238ab79be8d1df66d61a601099ba7f
bdb2023_sack,game_equal_mean_va_imprecision,60,linear_structure,set_transformer,0.0020165578439747525,0.0014872863736102987,0.30443878650876116,1.3558638603537252,0.08991533825190749,0.590200843721907,1.0940816529188315,1.8043507715327418,0.95,BCa,0.06396260838426915,0.06075982477972019,0.05090085448011494,0.9911462115019379,0,0,False,1e-12,100,10000,complete_repeat_5x6_vector,delete_one_complete_repeat_5x6_vector,809a3f2f1d77cce8aa4e86320f229cd025238ab79be8d1df66d61a601099ba7f
bdb2023_sack,game_equal_mean_va_imprecision,60,boosted_structure,relnet,0.0014320903402361982,0.0014184337591836222,0.0095818769201867,1.0096279300772113,-0.20922104977093706,0.26222383331651594,0.8112158967345756,1.2998174523217227,0.95,BCa,0.03535082016400561,0.017620922801290448,0.033915116183794114,0.9822835389461521,0,0,False,1e-12,100,10000,complete_repeat_5x6_vector,delete_one_complete_repeat_5x6_vector,809a3f2f1d77cce8aa4e86320f229cd025238ab79be8d1df66d61a601099ba7f
bdb2023_sack,game_equal_mean_va_imprecision,60,boosted_structure,attn_relnet,0.0014320903402361982,0.0015128187714987412,-0.05483949342651589,0.9466370772339334,-0.274817513141608,0.1934900903806184,0.7597107478036551,1.213477361393138,0.95,BCa,0.018800819591187536,0.018454912180254503,0.03178189634413758,0.9808936017738683,0,0,False,1e-12,100,10000,complete_repeat_5x6_vector,delete_one_complete_repeat_5x6_vector,809a3f2f1d77cce8aa4e86320f229cd025238ab79be8d1df66d61a601099ba7f
bdb2023_sack,game_equal_mean_va_imprecision,60,boosted_structure,set_transformer,0.0014320903402361982,0.0014872863736102987,-0.03781808043879447,0.9628880931383003,-0.24218449657912994,0.2046366434147583,0.7849113507330835,1.2270791166713049,0.95,BCa,0.03133798202142648,0.021474104328267248,0.03433464091686744,0.9826393858979131,0,0,False,1e-12,100,10000,complete_repeat_5x6_vector,delete_one_complete_repeat_5x6_vector,809a3f2f1d77cce8aa4e86320f229cd025238ab79be8d1df66d61a601099ba7f
bdb2023_sack,game_equal_mean_va_imprecision,60,relnet,attn_relnet,0.0014184337591836222,0.0015128187714987412,-0.06442137034670262,0.9376098352999598,-0.1569403611347858,0.05353503809905294,0.8547550339178804,1.0549939561027417,0.95,BCa,0.024316690467047538,0.02953667766786234,0.0354084713705321,0.9835021080444188,0,0,False,1e-12,100,10000,complete_repeat_5x6_vector,delete_one_complete_repeat_5x6_vector,809a3f2f1d77cce8aa4e86320f229cd025238ab79be8d1df66d61a601099ba7f
bdb2023_sack,game_equal_mean_va_imprecision,60,relnet,set_transformer,0.0014184337591836222,0.0014872863736102987,-0.047399957358981254,0.9537058796151403,-0.23534181180804561,0.1431094486863343,0.7903006693552702,1.153856082787713,0.95,BCa,0.0077706258524470675,0.0024198221098850697,0.026480179842109375,0.9764232893658855,0,0,False,1e-12,100,10000,complete_repeat_5x6_vector,delete_one_complete_repeat_5x6_vector,809a3f2f1d77cce8aa4e86320f229cd025238ab79be8d1df66d61a601099ba7f
bdb2023_sack,game_equal_mean_va_imprecision,60,attn_relnet,set_transformer,0.0015128187714987412,0.0014872863736102987,0.01702141298772144,1.017167102678729,-0.15935830689930502,0.2055665099461693,0.8526907792375632,1.2282206671358227,0.95,BCa,0.01504033667863567,0.00795936125598544,0.028701196582746724,0.9783904879840394,0,0,False,1e-12,100,10000,complete_repeat_5x6_vector,delete_one_complete_repeat_5x6_vector,809a3f2f1d77cce8aa4e86320f229cd025238ab79be8d1df66d61a601099ba7f
bdb2023_sack,p90_va_imprecision,10,linear_structure,boosted_structure,0.005314983080773089,0.0046792990169179085,0.12738151249005683,1.1358502761966864,-0.06280241159986731,0.3267465460334456,0.9391290163578504,1.3864500313846342,0.95,BCa,0.005263943686483789,0.018516827992518976,0.0299752573218523,0.9795581117482834,0,0,False,1e-12,100,10000,complete_repeat_5x6_vector,delete_one_complete_repeat_5x6_vector,809a3f2f1d77cce8aa4e86320f229cd025238ab79be8d1df66d61a601099ba7f
bdb2023_sack,p90_va_imprecision,10,linear_structure,relnet,0.005314983080773089,0.005020548584569027,0.05699062096355014,1.0586458812706294,-0.13364913760577252,0.2517969541976376,0.874896979206616,1.286334825879971,0.95,BCa,-0.00726928601715347,0.0023002261279616524,0.024670060775279556,0.974663330498218,0,0,False,1e-12,100,10000,complete_repeat_5x6_vector,delete_one_complete_repeat_5x6_vector,809a3f2f1d77cce8aa4e86320f229cd025238ab79be8d1df66d61a601099ba7f
bdb2023_sack,p90_va_imprecision,10,linear_structure,attn_relnet,0.005314983080773089,0.0055348924022577415,-0.04054229796060722,0.9602685462512426,-0.240073644586869,0.1753540121536385,0.7865699323158012,1.1916680069060548,0.95,BCa,0.0005013256759256268,0.007976088685898016,0.026877323579863,0.9768204555413191,0,0,False,1e-12,100,10000,complete_repeat_5x6_vector,delete_one_complete_repeat_5x6_vector,809a3f2f1d77cce8aa4e86320f229cd025238ab79be8d1df66d61a601099ba7f
bdb2023_sack,p90_va_imprecision,10,linear_structure,set_transformer,0.005314983080773089,0.005347988572797687,-0.006190694021759161,0.9938284288428592,-0.32168110533807653,0.21320276146757786,0.7249293295668803,1.237635570608975,0.95,BCa,-0.06999203404538505,-0.07806980515218513,0.00652803200923624,0.942598895552524,0,0,False,1e-12,100,10000,complete_repeat_5x6_vector,delete_one_complete_repeat_5x6_vector,809a3f2f1d77cce8aa4e86320f229cd025238ab79be8d1df66d61a601099ba7f
bdb2023_sack,p90_va_imprecision,10,boosted_structure,relnet,0.0046792990169179085,0.005020548584569027,-0.07039089152650654,0.9320294262862089,-0.25330853800335507,0.10378105146749317,0.7762283489282115,1.1093575361186374,0.95,BCa,-0.0077706258524470675,-0.017898541419413216,0.020312457627718217,0.9698445107113408,0,0,False,1e-12,100,10000,complete_repeat_5x6_vector,delete_one_complete_repeat_5x6_vector,809a3f2f1d77cce8aa4e86320f229cd025238ab79be8d1df66d61a601099ba7f
bdb2023_sack,p90_va_imprecision,10,boosted_structure,attn_relnet,0.0046792990169179085,0.0055348924022577415,-0.16792381045066393,0.8454182442659902,-0.351636627880573,0.014695705398563207,0.7035357208007452,1.0148042181828427,0.95,BCa,-0.0015039775317649809,-0.01684992008617996,0.021177486155697478,0.9709134795443526,0,0,False,1e-12,100,10000,complete_repeat_5x6_vector,delete_one_complete_repeat_5x6_vector,809a3f2f1d77cce8aa4e86320f229cd025238ab79be8d1df66d61a601099ba7f
bdb2023_sack,p90_va_imprecision,10,boosted_structure,set_transformer,0.0046792990169179085,0.005347988572797687,-0.13357220651181595,0.8749642885773843,-0.4823771592936497,0.08045666097232941,0.617314192068315,1.0837818755717237,0.95,BCa,-0.08457408802851887,-0.09690016459254534,0.0042162625168955525,0.9335054850401383,0,0,False,1e-12,100,10000,complete_repeat_5x6_vector,delete_one_complete_repeat_5x6_vector,809a3f2f1d77cce8aa4e86320f229cd025238ab79be8d1df66d61a601099ba7f
bdb2023_sack,p90_va_imprecision,10,relnet,attn_relnet,0.005020548584569027,0.0055348924022577415,-0.0975329189241573,0.907072481214105,-0.21160250723846377,-0.012112762241038147,0.8092863190950009,0.9879603019628712,0.95,BCa,-0.029582527813948944,-0.03976738795263627,0.014259785187426322,0.9610645649962635,0,0,False,1e-12,100,10000,complete_repeat_5x6_vector,delete_one_complete_repeat_5x6_vector,809a3f2f1d77cce8aa4e86320f229cd025238ab79be8d1df66d61a601099ba7f
bdb2023_sack,p90_va_imprecision,10,relnet,set_transformer,0.005020548584569027,0.005347988572797687,-0.06318131498530943,0.9387732446000037,-0.4203934682878986,0.15701701854697345,0.65678834358223,1.170015525695662,0.95,BCa,-0.07225371305299151,-0.08659936579320109,0.005566381343381277,0.9394559961869033,0,0,False,1e-12,100,10000,complete_repeat_5x6_vector,delete_one_complete_repeat_5x6_vector,809a3f2f1d77cce8aa4e86320f229cd025238ab79be8d1df66d61a601099ba7f
bdb2023_sack,p90_va_imprecision,10,attn_relnet,set_transformer,0.0055348924022577415,0.005347988572797687,0.03435160393884788,1.0349484347088422,-0.33112969473272796,0.2595388271357467,0.7181120276532319,1.296332115597581,0.95,BCa,-0.07401305168886034,-0.08448917936558385,0.0057021624375181434,0.9397560361806654,0,0,False,1e-12,100,10000,complete_repeat_5x6_vector,delete_one_complete_repeat_5x6_vector,809a3f2f1d77cce8aa4e86320f229cd025238ab79be8d1df66d61a601099ba7f
bdb2023_sack,p90_va_imprecision,20,linear_structure,boosted_structure,0.004828774058636586,0.005187296231333613,-0.07161998671898057,0.9308845771075516,-0.25833702490895466,0.23352029697977647,0.7723348921421591,1.2630384634968996,0.95,BCa,0.09262686539181775,0.08692522810276623,0.06502113988206015,0.995214825301622,0,0,False,1e-12,100,10000,complete_repeat_5x6_vector,delete_one_complete_repeat_5x6_vector,809a3f2f1d77cce8aa4e86320f229cd025238ab79be8d1df66d61a601099ba7f
bdb2023_sack,p90_va_imprecision,20,linear_structure,relnet,0.004828774058636586,0.005410133181651832,-0.11368109287638493,0.8925425486775643,-0.3513385197021037,0.20116728930295444,0.703745481817145,1.222829320978146,0.95,BCa,0.0604465310054986,0.05156642281658141,0.04749831124199477,0.9897163745395126,0,0,False,1e-12,100,10000,complete_repeat_5x6_vector,delete_one_complete_repeat_5x6_vector,809a3f2f1d77cce8aa4e86320f229cd025238ab79be8d1df66d61a601099ba7f
bdb2023_sack,p90_va_imprecision,20,linear_structure,attn_relnet,0.004828774058636586,0.004930222851004974,-0.020791572717021613,0.9794230817887455,-0.2387798976962516,0.2883381258281346,0.7875882132768698,1.3342083581685857,0.95,BCa,0.0652185397095437,0.06922756307489095,0.05371911664430906,0.992253084252017,0,0,False,1e-12,100,10000,complete_repeat_5x6_vector,delete_one_complete_repeat_5x6_vector,809a3f2f1d77cce8aa4e86320f229cd025238ab79be8d1df66d61a601099ba7f
bdb2023_sack,p90_va_imprecision,20,linear_structure,set_transformer,0.004828774058636586,0.005352312745675987,-0.10293613904982664,0.9021845860067957,-0.31533673701152937,0.21286858156937974,0.7295431687158866,1.2372220467795065,0.95,BCa,0.07979537853486528,0.075285834799445,0.05852978650696683,0.9936060007940768,0,0,False,1e-12,100,10000,complete_repeat_5x6_vector,delete_one_complete_repeat_5x6_vector,809a3f2f1d77cce8aa4e86320f229cd025238ab79be8d1df66d61a601099ba7f
bdb2023_sack,p90_va_imprecision,20,boosted_structure,relnet,0.005187296231333613,0.005410133181651832,-0.04206110615740431,0.9588111895148981,-0.2432634993029502,0.14204970832936112,0.7840648859986865,1.152633942620649,0.95,BCa,-0.017547298372150796,-0.029844260779007727,0.01704160645039654,0.965501344823704,0,0,False,1e-12,100,10000,complete_repeat_5x6_vector,delete_one_complete_repeat_5x6_vector,809a3f2f1d77cce8aa4e86320f229cd025238ab79be8d1df66d61a601099ba7f
bdb2023_sack,p90_va_imprecision,20,boosted_structure,attn_relnet,0.005187296231333613,0.004930222851004974,0.050828414001959046,1.0521423448995288,-0.11154012691039075,0.2120996230442098,0.8944554989474912,1.236271040028342,0.95,BCa,0.0002506628300880075,-0.013359808695776581,0.022102057406204634,0.9719617762352888,0,0,False,1e-12,100,10000,complete_repeat_5x6_vector,delete_one_complete_repeat_5x6_vector,809a3f2f1d77cce8aa4e86320f229cd025238ab79be8d1df66d61a601099ba7f
bdb2023_sack,p90_va_imprecision,20,boosted_structure,set_transformer,0.005187296231333613,0.005352312745675987,-0.03131615233084609,0.969169119559449,-0.19460552384750665,0.13004845560602277,0.8231593107357266,1.1388835672810669,0.95,BCa,0.004762611726370971,0.0002693896549174868,0.025623271827764693,0.9756111494583868,0,0,False,1e-12,100,10000,complete_repeat_5x6_vector,delete_one_complete_repeat_5x6_vector,809a3f2f1d77cce8aa4e86320f229cd025238ab79be8d1df66d61a601099ba7f
bdb2023_sack,p90_va_imprecision,20,relnet,attn_relnet,0.005410133181651832,0.004930222851004974,0.09288952015936328,1.0973404945679146,-0.03077834971598694,0.1880398852945058,0.9696904814285108,1.206881651219735,0.95,BCa,-0.013034836136889386,-0.017353481096248388,0.01989218079821309,0.9692764962376628,0,0,False,1e-12,100,10000,complete_repeat_5x6_vector,delete_one_complete_repeat_5x6_vector,809a3f2f1d77cce8aa4e86320f229cd025238ab79be8d1df66d61a601099ba7f
bdb2023_sack,p90_va_imprecision,20,relnet,set_transformer,0.005410133181651832,0.005352312745675987,0.010744953826558249,1.0108028881575646,-0.1678785651959071,0.1986019371873095,0.8454564962951829,1.2196963534930647,0.95,BCa,0.024316690467047538,0.025258248619459314,0.03429537770099245,0.9827122736674868,0,0,False,1e-12,100,10000,complete_repeat_5x6_vector,delete_one_complete_repeat_5x6_vector,809a3f2f1d77cce8aa4e86320f229cd025238ab79be8d1df66d61a601099ba7f
bdb2023_sack,p90_va_imprecision,20,attn_relnet,set_transformer,0.004930222851004974,0.005352312745675987,-0.08214456633280498,0.9211387834143269,-0.26322486535755296,0.09749475369347152,0.7685690533235964,1.1024056579901544,0.95,BCa,0.005514610154793434,0.0065840555233246814,0.027170771941180782,0.9770744551474859,0,0,False,1e-12,100,10000,complete_repeat_5x6_vector,delete_one_complete_repeat_5x6_vector,809a3f2f1d77cce8aa4e86320f229cd025238ab79be8d1df66d61a601099ba7f
bdb2023_sack,p90_va_imprecision,30,linear_structure,boosted_structure,0.005469259444713422,0.005062554919616062,0.07727194169677666,1.0803358248068555,-0.16597509872316554,0.30789854210142553,0.8470673269847865,1.3605629420773149,0.95,BCa,-0.0025066308995717666,-0.017170157870291497,0.021005536759087062,0.9707078561354652,0,0,False,1e-12,100,10000,complete_repeat_5x6_vector,delete_one_complete_repeat_5x6_vector,809a3f2f1d77cce8aa4e86320f229cd025238ab79be8d1df66d61a601099ba7f
bdb2023_sack,p90_va_imprecision,30,linear_structure,relnet,0.005469259444713422,0.005747751129363344,-0.04966544797997882,0.9515477134653236,-0.26629157038205903,0.15217858052171518,0.7662156891273776,1.164368151338718,0.95,BCa,-0.003759951271145935,0.00461136463281021,0.025596340056674882,0.9755952048736027,0,0,False,1e-12,100,10000,complete_repeat_5x6_vector,delete_one_complete_repeat_5x6_vector,809a3f2f1d77cce8aa4e86320f229cd025238ab79be8d1df66d61a601099ba7f
bdb2023_sack,p90_va_imprecision,30,linear_structure,attn_relnet,0.005469259444713422,0.005580406695863444,-0.020118435910796352,0.9800825894585047,-0.21686454713674974,0.18580769575353132,0.8050390067586107,1.2041906671313136,0.95,BCa,0.013536206042278273,0.024276668529834882,0.03251386865094835,0.9815262935076485,0,0,False,1e-12,100,10000,complete_repeat_5x6_vector,delete_one_complete_repeat_5x6_vector,809a3f2f1d77cce8aa4e86320f229cd025238ab79be8d1df66d61a601099ba7f
bdb2023_sack,p90_va_imprecision,30,linear_structure,set_transformer,0.005469259444713422,0.004957555168993359,0.09823051264993297,1.1032170612886927,-0.0983651714669151,0.31795915844609035,0.9063178818873089,1.3743201307116326,0.95,BCa,0.024316690467047538,0.023533441546037703,0.033849984885441387,0.9823889666755528,0,0,False,1e-12,100,10000,complete_repeat_5x6_vector,delete_one_complete_repeat_5x6_vector,809a3f2f1d77cce8aa4e86320f229cd025238ab79be8d1df66d61a601099ba7f
bdb2023_sack,p90_va_imprecision,30,boosted_structure,relnet,0.005062554919616062,0.005747751129363344,-0.12693738967675547,0.8807888173433878,-0.33501439996319715,0.1278901439645307,0.7153277855846084,1.136428152347991,0.95,BCa,0.015541720951108279,0.03902935434335327,0.03658829848941725,0.9844616599338859,0,0,False,1e-12,100,10000,complete_repeat_5x6_vector,delete_one_complete_repeat_5x6_vector,809a3f2f1d77cce8aa4e86320f229cd025238ab79be8d1df66d61a601099ba7f
bdb2023_sack,p90_va_imprecision,30,boosted_structure,attn_relnet,0.005062554919616062,0.005580406695863444,-0.09739037760757302,0.907201785735214,-0.2914599235809535,0.15616935838770596,0.7471719569794024,1.1690241703743698,0.95,BCa,0.043629169413567426,0.05526078570537072,0.045590362916863025,0.9891814975181175,0,0,False,1e-12,100,10000,complete_repeat_5x6_vector,delete_one_complete_repeat_5x6_vector,809a3f2f1d77cce8aa4e86320f229cd025238ab79be8d1df66d61a601099ba7f
bdb2023_sack,p90_va_imprecision,30,boosted_structure,set_transformer,0.005062554919616062,0.004957555168993359,0.02095857095315636,1.0211797442576969,-0.18218655524472482,0.2751215729609794,0.8334458422186242,1.3166907391295315,0.95,BCa,0.02807792553819829,0.04535109446367214,0.040216066835875586,0.9865554252866784,0,0,False,1e-12,100,10000,complete_repeat_5x6_vector,delete_one_complete_repeat_5x6_vector,809a3f2f1d77cce8aa4e86320f229cd025238ab79be8d1df66d61a601099ba7f
bdb2023_sack,p90_va_imprecision,30,relnet,attn_relnet,0.005747751129363344,0.005580406695863444,0.02954701206918242,1.029987856194056,-0.0637459176921786,0.17045269222534512,0.9382433602861013,1.1858415510819613,0.95,BCa,0.0730076876230591,0.054223652796704505,0.050627417352120674,0.9908094210867457,0,0,False,1e-12,100,10000,complete_repeat_5x6_vector,delete_one_complete_repeat_5x6_vector,809a3f2f1d77cce8aa4e86320f229cd025238ab79be8d1df66d61a601099ba7f
bdb2023_sack,p90_va_imprecision,30,relnet,set_transformer,0.005747751129363344,0.004957555168993359,0.14789596062991178,1.1593922676468038,-0.031044188988857517,0.3551138473489381,0.969432733877247,1.4263430304109475,0.95,BCa,0.027576405739391723,0.022274432893131146,0.033995376903980856,0.9824491743184575,0,0,False,1e-12,100,10000,complete_repeat_5x6_vector,delete_one_complete_repeat_5x6_vector,809a3f2f1d77cce8aa4e86320f229cd025238ab79be8d1df66d61a601099ba7f
bdb2023_sack,p90_va_imprecision,30,attn_relnet,set_transformer,0.005580406695863444,0.004957555168993359,0.11834894856072947,1.1256368321961723,-0.059032959759250145,0.29565122448932835,0.942675698280992,1.3440013203306185,0.95,BCa,-0.006517279650583851,0.0018076242460012281,0.02464739173009861,0.9746406197603656,0,0,False,1e-12,100,10000,complete_repeat_5x6_vector,delete_one_complete_repeat_5x6_vector,809a3f2f1d77cce8aa4e86320f229cd025238ab79be8d1df66d61a601099ba7f
bdb2023_sack,p90_va_imprecision,40,linear_structure,boosted_structure,0.004892859826809001,0.005377563696103424,-0.09445846282049891,0.9098655270888489,-0.28910239680506583,0.11301923822882146,0.7489355128724828,1.1196534728911023,0.95,BCa,0.008021296494625931,0.0010651017457320548,0.026197642822086087,0.9761561196005029,0,0,False,1e-12,100,10000,complete_repeat_5x6_vector,delete_one_complete_repeat_5x6_vector,809a3f2f1d77cce8aa4e86320f229cd025238ab79be8d1df66d61a601099ba7f
bdb2023_sack,p90_va_imprecision,40,linear_structure,relnet,0.004892859826809001,0.004421257943842279,0.10135270592048036,1.1066669009039716,-0.0780059589732394,0.31061578247074256,0.9249589147216966,1.3642649459679541,0.95,BCa,0.03384594262165119,0.01704712730612793,0.033547360117896496,0.9820389142303276,0,0,False,1e-12,100,10000,complete_repeat_5x6_vector,delete_one_complete_repeat_5x6_vector,809a3f2f1d77cce8aa4e86320f229cd025238ab79be8d1df66d61a601099ba7f
bdb2023_sack,p90_va_imprecision,40,linear_structure,attn_relnet,0.004892859826809001,0.004554955029604673,0.0715613062886783,1.0741840029172922,-0.1546071837170514,0.28701049656087724,0.8567516573933605,1.3324381994209489,0.95,BCa,0.0017546406925954574,-0.011122051387944405,0.022747288116330366,0.972671048277157,0,0,False,1e-12,100,10000,complete_repeat_5x6_vector,delete_one_complete_repeat_5x6_vector,809a3f2f1d77cce8aa4e86320f229cd025238ab79be8d1df66d61a601099ba7f
bdb2023_sack,p90_va_imprecision,40,linear_structure,set_transformer,0.004892859826809001,0.004855427191806988,0.007679876251757167,1.0077094421403696,-0.1781491459283304,0.2229552045644448,0.8368176062422812,1.2497645887329631,0.95,BCa,-0.0050132775489266585,0.019929782339488604,0.02898406057646713,0.9787807162776085,0,0,False,1e-12,100,10000,complete_repeat_5x6_vector,delete_one_complete_repeat_5x6_vector,809a3f2f1d77cce8aa4e86320f229cd025238ab79be8d1df66d61a601099ba7f
bdb2023_sack,p90_va_imprecision,40,boosted_structure,relnet,0.005377563696103424,0.004421257943842279,0.19581116874097923,1.2162972087147828,0.016780342402812964,0.4063796844909483,1.0169219231643085,1.501372492102939,0.95,BCa,0.03409675013052479,0.0281426433103795,0.03650590549822258,0.9840919558559225,0,0,False,1e-12,100,10000,complete_repeat_5x6_vector,delete_one_complete_repeat_5x6_vector,809a3f2f1d77cce8aa4e86320f229cd025238ab79be8d1df66d61a601099ba7f
bdb2023_sack,p90_va_imprecision,40,boosted_structure,attn_relnet,0.005377563696103424,0.004554955029604673,0.1660197691091772,1.1805964408325116,-0.06312854823715688,0.37387665787998053,0.9388227819183239,1.4533578791592663,0.95,BCa,-0.012282787382975733,-0.007333692998337005,0.022032367452062718,0.9718024596380754,0,0,False,1e-12,100,10000,complete_repeat_5x6_vector,delete_one_complete_repeat_5x6_vector,809a3f2f1d77cce8aa4e86320f229cd025238ab79be8d1df66d61a601099ba7f
bdb2023_sack,p90_va_imprecision,40,boosted_structure,set_transformer,0.005377563696103424,0.004855427191806988,0.10213833907225613,1.1075366767269184,-0.09689704595781383,0.3034945997321842,0.9076494475026152,1.3545842758044073,0.95,BCa,-0.011781425432631035,0.0018830077994199683,0.02406418592588766,0.9740265929020613,0,0,False,1e-12,100,10000,complete_repeat_5x6_vector,delete_one_complete_repeat_5x6_vector,809a3f2f1d77cce8aa4e86320f229cd025238ab79be8d1df66d61a601099ba7f
bdb2023_sack,p90_va_imprecision,40,relnet,attn_relnet,0.004421257943842279,0.004554955029604673,-0.029791399631802114,0.9706479899596292,-0.1722695684142299,0.11336415137953387,0.8417522327673306,1.1200397227056345,0.95,BCa,-0.009776005984788104,-0.004545288806811413,0.022895733544361918,0.9727773684036903,0,0,False,1e-12,100,10000,complete_repeat_5x6_vector,delete_one_complete_repeat_5x6_vector,809a3f2f1d77cce8aa4e86320f229cd025238ab79be8d1df66d61a601099ba7f
bdb2023_sack,p90_va_imprecision,40,relnet,set_transformer,0.004421257943842279,0.004855427191806988,-0.09367282966872327,0.9105806284774854,-0.2852701397778923,0.11822756461316558,0.7518111327925863,1.1255002062462234,0.95,BCa,-0.012784152420787679,0.00789425761588184,0.02527495371429561,0.9752809634028959,0,0,False,1e-12,100,10000,complete_repeat_5x6_vector,delete_one_complete_repeat_5x6_vector,809a3f2f1d77cce8aa4e86320f229cd025238ab79be8d1df66d61a601099ba7f
bdb2023_sack,p90_va_imprecision,40,attn_relnet,set_transformer,0.004554955029604673,0.004855427191806988,-0.06388143003692107,0.9381162253427816,-0.2500318718811132,0.11581405752931034,0.7787759616209912,1.1227870789185808,0.95,BCa,-0.021809394804630282,0.0031374977596363997,0.023221945541782918,0.9730850677714968,0,0,False,1e-12,100,10000,complete_repeat_5x6_vector,delete_one_complete_repeat_5x6_vector,809a3f2f1d77cce8aa4e86320f229cd025238ab79be8d1df66d61a601099ba7f
bdb2023_sack,p90_va_imprecision,50,linear_structure,boosted_structure,0.0046324455977706696,0.004901793488346768,-0.05651622067035698,0.945051155007564,-0.25879641078158383,0.14424269747820742,0.7719801738862864,1.1551644300009563,0.95,BCa,0.01428826731971852,-0.007769406094884815,0.02492486487515483,0.9749269372483913,0,0,False,1e-12,100,10000,complete_repeat_5x6_vector,delete_one_complete_repeat_5x6_vector,809a3f2f1d77cce8aa4e86320f229cd025238ab79be8d1df66d61a601099ba7f
bdb2023_sack,p90_va_imprecision,50,linear_structure,relnet,0.0046324455977706696,0.00476519036893605,-0.028252552308297298,0.9721428188828017,-0.19439145955455145,0.13887990442537118,0.8233355386129437,1.1489861035710416,0.95,BCa,-0.0010026514778483275,0.007599848480311157,0.02660738067792373,0.9765700390872427,0,0,False,1e-12,100,10000,complete_repeat_5x6_vector,delete_one_complete_repeat_5x6_vector,809a3f2f1d77cce8aa4e86320f229cd025238ab79be8d1df66d61a601099ba7f
bdb2023_sack,p90_va_imprecision,50,linear_structure,attn_relnet,0.0046324455977706696,0.004974260634080422,-0.07119180779290477,0.9312832476111411,-0.2501220554311887,0.1128687830175369,0.7787057320068843,1.1194850278633068,0.95,BCa,0.008773311508328054,0.0034136677855166144,0.02683397439168056,0.9767502790693583,0,0,False,1e-12,100,10000,complete_repeat_5x6_vector,delete_one_complete_repeat_5x6_vector,809a3f2f1d77cce8aa4e86320f229cd025238ab79be8d1df66d61a601099ba7f
bdb2023_sack,p90_va_imprecision,50,linear_structure,set_transformer,0.0046324455977706696,0.005026317916664161,-0.08160275602290717,0.9216380011324683,-0.26307103234827056,0.10881473546972958,0.7686872937083143,1.1149557694490835,0.95,BCa,0.013786892263084145,0.0040674717121314315,0.02761228287613443,0.977438799680983,0,0,False,1e-12,100,10000,complete_repeat_5x6_vector,delete_one_complete_repeat_5x6_vector,809a3f2f1d77cce8aa4e86320f229cd025238ab79be8d1df66d61a601099ba7f
bdb2023_sack,p90_va_imprecision,50,boosted_structure,relnet,0.004901793488346768,0.00476519036893605,0.0282636683620597,1.0286668755777786,-0.15326834219949,0.21934905870718205,0.8578994802875353,1.2452658717288105,0.95,BCa,0.0030079584654591762,0.01132451746877294,0.027968951205106285,0.9778165753106893,0,0,False,1e-12,100,10000,complete_repeat_5x6_vector,delete_one_complete_repeat_5x6_vector,809a3f2f1d77cce8aa4e86320f229cd025238ab79be8d1df66d61a601099ba7f
bdb2023_sack,p90_va_imprecision,50,boosted_structure,attn_relnet,0.004901793488346768,0.004974260634080422,-0.01467558712254786,0.985431574446028,-0.2139040818501563,0.18679331361191776,0.8074258281000911,1.2053781240509849,0.95,BCa,-0.003509286787336094,0.0059153407958436885,0.02592124295738718,0.9759142719842764,0,0,False,1e-12,100,10000,complete_repeat_5x6_vector,delete_one_complete_repeat_5x6_vector,809a3f2f1d77cce8aa4e86320f229cd025238ab79be8d1df66d61a601099ba7f
bdb2023_sack,p90_va_imprecision,50,boosted_structure,set_transformer,0.004901793488346768,0.005026317916664161,-0.025086535352550243,0.9752255168928836,-0.21805681211351188,0.16537094995075027,0.8040797588983695,1.1798306956852525,0.95,BCa,-0.014288267319718379,0.005027185785394345,0.024468579519749567,0.9744480706726946,0,0,False,1e-12,100,10000,complete_repeat_5x6_vector,delete_one_complete_repeat_5x6_vector,809a3f2f1d77cce8aa4e86320f229cd025238ab79be8d1df66d61a601099ba7f
bdb2023_sack,p90_va_imprecision,50,relnet,attn_relnet,0.00476519036893605,0.004974260634080422,-0.04293925548460749,0.9579695796975418,-0.1294862024152975,0.04259109746496533,0.8785467101552693,1.043511113260973,0.95,BCa,0.008021296494625931,-0.013378702408979728,0.02295269659299387,0.972917867317487,0,0,False,1e-12,100,10000,complete_repeat_5x6_vector,delete_one_complete_repeat_5x6_vector,809a3f2f1d77cce8aa4e86320f229cd025238ab79be8d1df66d61a601099ba7f
bdb2023_sack,p90_va_imprecision,50,relnet,set_transformer,0.00476519036893605,0.005026317916664161,-0.05335020371460988,0.948047944428192,-0.21367360849232322,0.10265389739855847,0.807611939687952,1.1081078236994277,0.95,BCa,-0.00701861679253328,-0.003805701749817965,0.02335962018806048,0.9732905431441544,0,0,False,1e-12,100,10000,complete_repeat_5x6_vector,delete_one_complete_repeat_5x6_vector,809a3f2f1d77cce8aa4e86320f229cd025238ab79be8d1df66d61a601099ba7f
bdb2023_sack,p90_va_imprecision,50,attn_relnet,set_transformer,0.004974260634080422,0.005026317916664161,-0.010410948230002388,0.9896430581099638,-0.1729936732380943,0.1447024220633699,0.8411429365388767,1.155695609578133,0.95,BCa,-0.01804870344078816,-0.0010061839203084418,0.02274980956500372,0.9725760785851616,0,0,False,1e-12,100,10000,complete_repeat_5x6_vector,delete_one_complete_repeat_5x6_vector,809a3f2f1d77cce8aa4e86320f229cd025238ab79be8d1df66d61a601099ba7f
bdb2023_sack,p90_va_imprecision,60,linear_structure,boosted_structure,0.005095371113559355,0.005011796491042784,0.01653807092879796,1.016675581832969,-0.17757496836735462,0.21462495039103952,0.8372982261017801,1.239396974436396,0.95,BCa,0.008271967640830167,-0.0033355043882296867,0.02522029430588668,0.9752158485480551,0,0,False,1e-12,100,10000,complete_repeat_5x6_vector,delete_one_complete_repeat_5x6_vector,809a3f2f1d77cce8aa4e86320f229cd025238ab79be8d1df66d61a601099ba7f
bdb2023_sack,p90_va_imprecision,60,linear_structure,relnet,0.005095371113559355,0.005348325144519646,-0.04845095199896391,0.9527040663899259,-0.2436058433420598,0.12186683653367873,0.7837965119994303,1.1296036698242775,0.95,BCa,-0.03033485385333439,-0.032175411743282756,0.015510220683357057,0.9629903102116494,0,0,False,1e-12,100,10000,complete_repeat_5x6_vector,delete_one_complete_repeat_5x6_vector,809a3f2f1d77cce8aa4e86320f229cd025238ab79be8d1df66d61a601099ba7f
bdb2023_sack,p90_va_imprecision,60,linear_structure,attn_relnet,0.005095371113559355,0.005321497784905322,-0.043422299447843316,0.9575069500193375,-0.21404990118504277,0.11255761942947402,0.8073080983867102,1.119136739075459,0.95,BCa,-0.0233137547405855,-0.015430661107320446,0.01926354828429988,0.9683544762334928,0,0,False,1e-12,100,10000,complete_repeat_5x6_vector,delete_one_complete_repeat_5x6_vector,809a3f2f1d77cce8aa4e86320f229cd025238ab79be8d1df66d61a601099ba7f
bdb2023_sack,p90_va_imprecision,60,linear_structure,set_transformer,0.005095371113559355,0.0052158756278231945,-0.023374477183803765,0.9768965897842677,-0.17283569465457824,0.13026755900746415,0.8412758296053785,1.139133127883294,0.95,BCa,0.013034836136889386,-0.0023503311712100407,0.026017488296046165,0.9759750416491404,0,0,False,1e-12,100,10000,complete_repeat_5x6_vector,delete_one_complete_repeat_5x6_vector,809a3f2f1d77cce8aa4e86320f229cd025238ab79be8d1df66d61a601099ba7f
bdb2023_sack,p90_va_imprecision,60,boosted_structure,relnet,0.005011796491042784,0.005348325144519646,-0.06498902292776192,0.9370777496910976,-0.2895410516081866,0.15545313875621675,0.7486070607563494,1.168187192079784,0.95,BCa,-0.009776005984788104,-0.018102902521417292,0.020067823844231558,0.9695285980798981,0,0,False,1e-12,100,10000,complete_repeat_5x6_vector,delete_one_complete_repeat_5x6_vector,809a3f2f1d77cce8aa4e86320f229cd025238ab79be8d1df66d61a601099ba7f
bdb2023_sack,p90_va_imprecision,60,boosted_structure,attn_relnet,0.005011796491042784,0.005321497784905322,-0.05996037037664137,0.9418018560975409,-0.26318629664947996,0.13706348567931806,0.7685986966106959,1.146900957995623,0.95,BCa,-0.024567428181125114,-0.005714580150770281,0.02108375816394098,0.9705981317756767,0,0,False,1e-12,100,10000,complete_repeat_5x6_vector,delete_one_complete_repeat_5x6_vector,809a3f2f1d77cce8aa4e86320f229cd025238ab79be8d1df66d61a601099ba7f
bdb2023_sack,p90_va_imprecision,60,boosted_structure,set_transformer,0.005011796491042784,0.0052158756278231945,-0.039912548112601774,0.9608734656762549,-0.2369493859268442,0.1559230520316287,0.7890312230910106,1.1687362677483775,0.95,BCa,-0.0015039775317649809,1.4240241302239054e-05,0.024827900609355413,0.9748268919015233,0,0,False,1e-12,100,10000,complete_repeat_5x6_vector,delete_one_complete_repeat_5x6_vector,809a3f2f1d77cce8aa4e86320f229cd025238ab79be8d1df66d61a601099ba7f
bdb2023_sack,p90_va_imprecision,60,relnet,attn_relnet,0.005348325144519646,0.005321497784905322,0.005028652551120512,1.0050413174445776,-0.13052699911179255,0.12488112064131993,0.8776327973228518,1.1330137531121172,0.95,BCa,-0.006517279650583851,0.0063330549189103465,0.02565908592170585,0.9756608602740078,0,0,False,1e-12,100,10000,complete_repeat_5x6_vector,delete_one_complete_repeat_5x6_vector,809a3f2f1d77cce8aa4e86320f229cd025238ab79be8d1df66d61a601099ba7f
bdb2023_sack,p90_va_imprecision,60,relnet,set_transformer,0.005348325144519646,0.0052158756278231945,0.025076474815160232,1.0253935343070535,-0.17142150692687028,0.23460091487313992,0.8424663932010168,1.2644040631733953,0.95,BCa,0.02732564844887671,0.02350720358440641,0.03427860465854582,0.9826568716431718,0,0,False,1e-12,100,10000,complete_repeat_5x6_vector,delete_one_complete_repeat_5x6_vector,809a3f2f1d77cce8aa4e86320f229cd025238ab79be8d1df66d61a601099ba7f
bdb2023_sack,p90_va_imprecision,60,attn_relnet,set_transformer,0.005321497784905322,0.0052158756278231945,0.02004782226403946,1.020250129531215,-0.17238820897418758,0.2036502172997175,0.8416523727349317,1.2258692905855222,0.95,BCa,-0.008271967640830305,0.004195241112702128,0.024975178889022842,0.9749747461400621,0,0,False,1e-12,100,10000,complete_repeat_5x6_vector,delete_one_complete_repeat_5x6_vector,809a3f2f1d77cce8aa4e86320f229cd025238ab79be8d1df66d61a601099ba7f
bdb2023_sack,game_equal_p90_va_imprecision,10,linear_structure,boosted_structure,0.005345721937071894,0.004007782864142133,0.28805841639470886,1.3338352196922592,0.08770374754404288,0.5060384887522628,1.0916646657798903,1.6587071750912683,0.95,BCa,0.028830218517740373,0.03457496551986706,0.037420771618677184,0.9847861123929129,0,0,False,1e-12,100,10000,complete_repeat_5x6_vector,delete_one_complete_repeat_5x6_vector,809a3f2f1d77cce8aa4e86320f229cd025238ab79be8d1df66d61a601099ba7f
bdb2023_sack,game_equal_p90_va_imprecision,10,linear_structure,relnet,0.005345721937071894,0.0044569020807559,0.1818426791387364,1.1994254843860623,-0.03938721443587305,0.42479050301437926,0.9613783774788245,1.529270008644968,0.95,BCa,0.019051527317045326,0.019218201455277407,0.03200812721939339,0.9810674032915152,0,0,False,1e-12,100,10000,complete_repeat_5x6_vector,delete_one_complete_repeat_5x6_vector,809a3f2f1d77cce8aa4e86320f229cd025238ab79be8d1df66d61a601099ba7f
bdb2023_sack,game_equal_p90_va_imprecision,10,linear_structure,attn_relnet,0.005345721937071894,0.004567432015209643,0.15734547840145793,1.1703998919459622,-0.07117646426064134,0.4024971688778496,0.931297536895321,1.4955546911209363,0.95,BCa,0.022561568390224718,0.0174052521933807,0.032038702330067004,0.9810503326180813,0,0,False,1e-12,100,10000,complete_repeat_5x6_vector,delete_one_complete_repeat_5x6_vector,809a3f2f1d77cce8aa4e86320f229cd025238ab79be8d1df66d61a601099ba7f
bdb2023_sack,game_equal_p90_va_imprecision,10,linear_structure,set_transformer,0.005345721937071894,0.004652091727238387,0.1389796508274083,1.149100716516883,-0.24291038440754656,0.39307208909980323,0.7843417998772259,1.4815251872968214,0.95,BCa,-0.0574333467096095,-0.07905886534135047,0.006992498032815986,0.9447945253045612,0,0,False,1e-12,100,10000,complete_repeat_5x6_vector,delete_one_complete_repeat_5x6_vector,809a3f2f1d77cce8aa4e86320f229cd025238ab79be8d1df66d61a601099ba7f
bdb2023_sack,game_equal_p90_va_imprecision,10,boosted_structure,relnet,0.004007782864142133,0.0044569020807559,-0.10621573725597248,0.8992306295996535,-0.2763462772726308,0.05264375314129249,0.758550216577741,1.0540540747724043,0.95,BCa,-0.02105723355782982,-0.01973323017317176,0.018640613701304987,0.967582852016424,0,0,False,1e-12,100,10000,complete_repeat_5x6_vector,delete_one_complete_repeat_5x6_vector,809a3f2f1d77cce8aa4e86320f229cd025238ab79be8d1df66d61a601099ba7f
bdb2023_sack,game_equal_p90_va_imprecision,10,boosted_structure,attn_relnet,0.004007782864142133,0.004567432015209643,-0.130712937993251,0.8774696264325629,-0.299181205717967,0.02866021053208184,0.7414250468038148,1.0290748662602591,0.95,BCa,-0.018299407668827674,-0.022235531666561066,0.018417596235368372,0.9673358819237383,0,0,False,1e-12,100,10000,complete_repeat_5x6_vector,delete_one_complete_repeat_5x6_vector,809a3f2f1d77cce8aa4e86320f229cd025238ab79be8d1df66d61a601099ba7f
bdb2023_sack,game_equal_p90_va_imprecision,10,boosted_structure,set_transformer,0.004007782864142133,0.004652091727238387,-0.14907876556730057,0.8615012555913781,-0.5488387765081619,0.06481701805429631,0.5776201671956249,1.0669637714139646,0.95,BCa,-0.10723821377940614,-0.1147463499600125,0.0024216841932551136,0.9222929421121593,0,0,False,1e-12,100,10000,complete_repeat_5x6_vector,delete_one_complete_repeat_5x6_vector,809a3f2f1d77cce8aa4e86320f229cd025238ab79be8d1df66d61a601099ba7f
bdb2023_sack,game_equal_p90_va_imprecision,10,relnet,attn_relnet,0.0044569020807559,0.004567432015209643,-0.024497200737278513,0.9758004204363248,-0.094061331177243,0.030876722130834703,0.9102269352393201,1.0313583523891725,0.95,BCa,-0.019552946376962203,-0.029964453439929595,0.016839718945133475,0.9651792598709422,0,0,False,1e-12,100,10000,complete_repeat_5x6_vector,delete_one_complete_repeat_5x6_vector,809a3f2f1d77cce8aa4e86320f229cd025238ab79be8d1df66d61a601099ba7f
bdb2023_sack,game_equal_p90_va_imprecision,10,relnet,set_transformer,0.0044569020807559,0.004652091727238387,-0.04286302831132815,0.9580426057939408,-0.44253171861728735,0.17990241757166414,0.642407964352598,1.197100541444235,0.95,BCa,-0.08759320883174772,-0.10462726993369005,0.0035364594316478204,0.9303046406483257,0,0,False,1e-12,100,10000,complete_repeat_5x6_vector,delete_one_complete_repeat_5x6_vector,809a3f2f1d77cce8aa4e86320f229cd025238ab79be8d1df66d61a601099ba7f
bdb2023_sack,game_equal_p90_va_imprecision,10,attn_relnet,set_transformer,0.004567432015209643,0.004652091727238387,-0.01836582757404957,0.9818017964837077,-0.4253426480534709,0.20474218237798938,0.653545810559971,1.2272086281632149,0.95,BCa,-0.0933821132232494,-0.1013914535942018,0.0036089653561557355,0.9300490040636209,0,0,False,1e-12,100,10000,complete_repeat_5x6_vector,delete_one_complete_repeat_5x6_vector,809a3f2f1d77cce8aa4e86320f229cd025238ab79be8d1df66d61a601099ba7f
bdb2023_sack,game_equal_p90_va_imprecision,20,linear_structure,boosted_structure,0.005546498948259652,0.00450709747738124,0.20751353710285755,1.2306143756807175,-0.05291086409266093,0.5830760716020212,0.9484645509628642,1.7915408714590526,0.95,BCa,0.07853813066019405,0.09938200945072423,0.06596754473295346,0.9957924359305654,0,0,False,1e-12,100,10000,complete_repeat_5x6_vector,delete_one_complete_repeat_5x6_vector,809a3f2f1d77cce8aa4e86320f229cd025238ab79be8d1df66d61a601099ba7f
bdb2023_sack,game_equal_p90_va_imprecision,20,linear_structure,relnet,0.005546498948259652,0.004623715421164047,0.181968322963944,1.1995761942596563,-0.10147281186787208,0.5753743091787057,0.9035057436418269,1.7777958476920894,0.95,BCa,0.07602400529252329,0.0871233185022354,0.06150116852979248,0.9946298131055707,0,0,False,1e-12,100,10000,complete_repeat_5x6_vector,delete_one_complete_repeat_5x6_vector,809a3f2f1d77cce8aa4e86320f229cd025238ab79be8d1df66d61a601099ba7f
bdb2023_sack,game_equal_p90_va_imprecision,20,linear_structure,attn_relnet,0.005546498948259652,0.004618690107740837,0.18305577014481353,1.2008813795417503,-0.11481231518564734,0.5763332431918435,0.891533455496502,1.7795014542502274,0.95,BCa,0.06396260838426915,0.07353365785587161,0.054794498437085615,0.9926922842705117,0,0,False,1e-12,100,10000,complete_repeat_5x6_vector,delete_one_complete_repeat_5x6_vector,809a3f2f1d77cce8aa4e86320f229cd025238ab79be8d1df66d61a601099ba7f
bdb2023_sack,game_equal_p90_va_imprecision,20,linear_structure,set_transformer,0.005546498948259652,0.004835457254913815,0.13719121228664727,1.1470474571196494,-0.13580109801067353,0.48336618967887207,0.8730162598915358,1.621523581505933,0.95,BCa,0.0652185397095437,0.08288977350405728,0.057935849069400525,0.9937717805463013,0,0,False,1e-12,100,10000,complete_repeat_5x6_vector,delete_one_complete_repeat_5x6_vector,809a3f2f1d77cce8aa4e86320f229cd025238ab79be8d1df66d61a601099ba7f
bdb2023_sack,game_equal_p90_va_imprecision,20,boosted_structure,relnet,0.00450709747738124,0.004623715421164047,-0.025545214138913485,0.9747783042076912,-0.20291638626956562,0.14000310656923856,0.8163464963479325,1.1502773722679773,0.95,BCa,-0.02080651581056588,-0.005186316987139862,0.021581126794340766,0.9712205797884723,0,0,False,1e-12,100,10000,complete_repeat_5x6_vector,delete_one_complete_repeat_5x6_vector,809a3f2f1d77cce8aa4e86320f229cd025238ab79be8d1df66d61a601099ba7f
bdb2023_sack,game_equal_p90_va_imprecision,20,boosted_structure,attn_relnet,0.00450709747738124,0.004618690107740837,-0.02445776695804399,0.9758389006933872,-0.21881699092733925,0.1550309675953462,0.803468746769689,1.1676941212242604,0.95,BCa,-0.021307952628745463,-0.022361019354775795,0.018111034675743654,0.9668801805604093,0,0,False,1e-12,100,10000,complete_repeat_5x6_vector,delete_one_complete_repeat_5x6_vector,809a3f2f1d77cce8aa4e86320f229cd025238ab79be8d1df66d61a601099ba7f
bdb2023_sack,game_equal_p90_va_imprecision,20,boosted_structure,set_transformer,0.00450709747738124,0.004835457254913815,-0.0703223248162103,0.9320933346688374,-0.23399709731395132,0.09073169944047611,0.7913641129738201,1.0949751833895738,0.95,BCa,-0.0042612809632602226,-0.0037000679226838126,0.023691166800797303,0.9736512276115541,0,0,False,1e-12,100,10000,complete_repeat_5x6_vector,delete_one_complete_repeat_5x6_vector,809a3f2f1d77cce8aa4e86320f229cd025238ab79be8d1df66d61a601099ba7f
bdb2023_sack,game_equal_p90_va_imprecision,20,relnet,attn_relnet,0.004623715421164047,0.004618690107740837,0.0010874471808693456,1.0010880386659384,-0.1352160560516174,0.08145402426927274,0.8735271604690756,1.0848633390526554,0.95,BCa,-0.07376170369865599,-0.07857798713921285,0.006310204450522883,0.9416720051263208,0,0,False,1e-12,100,10000,complete_repeat_5x6_vector,delete_one_complete_repeat_5x6_vector,809a3f2f1d77cce8aa4e86320f229cd025238ab79be8d1df66d61a601099ba7f
bdb2023_sack,game_equal_p90_va_imprecision,20,relnet,set_transformer,0.004623715421164047,0.004835457254913815,-0.044777110677296894,0.9562105872129062,-0.23330637237642135,0.12834650356300178,0.7919109167250709,1.1369468905998752,0.95,BCa,0.009023984261129213,-0.009782781015635502,0.02385876611199178,0.973858833019933,0,0,False,1e-12,100,10000,complete_repeat_5x6_vector,delete_one_complete_repeat_5x6_vector,809a3f2f1d77cce8aa4e86320f229cd025238ab79be8d1df66d61a601099ba7f
bdb2023_sack,game_equal_p90_va_imprecision,20,attn_relnet,set_transformer,0.004618690107740837,0.004835457254913815,-0.04586455785816639,0.9551713238799291,-0.24915879069122018,0.17446167546452984,0.7794561931696983,1.1906051121227903,0.95,BCa,0.026071887453559192,0.02001905061250057,0.03319800601972883,0.9818851068178315,0,0,False,1e-12,100,10000,complete_repeat_5x6_vector,delete_one_complete_repeat_5x6_vector,809a3f2f1d77cce8aa4e86320f229cd025238ab79be8d1df66d61a601099ba7f
bdb2023_sack,game_equal_p90_va_imprecision,30,linear_structure,boosted_structure,0.005828619099621589,0.004297149368947835,0.30482824577267587,1.3563920169358081,0.07841976577059985,0.5683581428536303,1.0815765722180328,1.7653661915890346,0.95,BCa,0.039615085989579704,0.01948983996290194,0.03503535332993368,0.9830088127831516,0,0,False,1e-12,100,10000,complete_repeat_5x6_vector,delete_one_complete_repeat_5x6_vector,809a3f2f1d77cce8aa4e86320f229cd025238ab79be8d1df66d61a601099ba7f
bdb2023_sack,game_equal_p90_va_imprecision,30,linear_structure,relnet,0.005828619099621589,0.004985625484302051,0.1562212423550622,1.1690848255597663,-0.0709473571267394,0.40850089874099355,0.9315109282486163,1.5045606049676106,0.95,BCa,0.012784152420787679,0.025965852770167355,0.03283394087114705,0.9817825440483906,0,0,False,1e-12,100,10000,complete_repeat_5x6_vector,delete_one_complete_repeat_5x6_vector,809a3f2f1d77cce8aa4e86320f229cd025238ab79be8d1df66d61a601099ba7f
bdb2023_sack,game_equal_p90_va_imprecision,30,linear_structure,attn_relnet,0.005828619099621589,0.00483474690414172,0.18695133025265387,1.205568608902456,-0.017913330899621327,0.435707043878712,0.9822461590602762,1.5460558018880854,0.95,BCa,0.0461383244820596,0.04267632913642581,0.04242814289421626,0.9874568065889695,0,0,False,1e-12,100,10000,complete_repeat_5x6_vector,delete_one_complete_repeat_5x6_vector,809a3f2f1d77cce8aa4e86320f229cd025238ab79be8d1df66d61a601099ba7f
bdb2023_sack,game_equal_p90_va_imprecision,30,linear_structure,set_transformer,0.005828619099621589,0.004516413014454339,0.25506201325878664,1.2905416490847188,0.044561747620257414,0.5178539208448074,1.04556953614791,1.6784217558721575,0.95,BCa,0.028830218517740373,0.0322241916249699,0.03679365985760791,0.9843724040524771,0,0,False,1e-12,100,10000,complete_repeat_5x6_vector,delete_one_complete_repeat_5x6_vector,809a3f2f1d77cce8aa4e86320f229cd025238ab79be8d1df66d61a601099ba7f
bdb2023_sack,game_equal_p90_va_imprecision,30,boosted_structure,relnet,0.004297149368947835,0.004985625484302051,-0.1486070034176136,0.8619077751584068,-0.34872605694040876,0.07769248610662091,0.7055863942927354,1.0807902495449269,0.95,BCa,0.002757294595891845,0.02014873694833564,0.030040772109629188,0.9796362220381906,0,0,False,1e-12,100,10000,complete_repeat_5x6_vector,delete_one_complete_repeat_5x6_vector,809a3f2f1d77cce8aa4e86320f229cd025238ab79be8d1df66d61a601099ba7f
bdb2023_sack,game_equal_p90_va_imprecision,30,boosted_structure,attn_relnet,0.004297149368947835,0.00483474690414172,-0.117876915520022,0.8888054440381671,-0.31365091110726745,0.10170974374832067,0.7307740887549053,1.1070620933955493,0.95,BCa,0.00676794800892753,0.02736670927184805,0.03235022552377864,0.9814824447269587,0,0,False,1e-12,100,10000,complete_repeat_5x6_vector,delete_one_complete_repeat_5x6_vector,809a3f2f1d77cce8aa4e86320f229cd025238ab79be8d1df66d61a601099ba7f
bdb2023_sack,game_equal_p90_va_imprecision,30,boosted_structure,set_transformer,0.004297149368947835,0.004516413014454339,-0.04976623251388916,0.9514518170050498,-0.2843334630361247,0.17922021862862977,0.7525156667036281,1.1962841592193632,0.95,BCa,-0.005263943686483789,0.00035734316745528535,0.024470073211981136,0.9744597222895381,0,0,False,1e-12,100,10000,complete_repeat_5x6_vector,delete_one_complete_repeat_5x6_vector,809a3f2f1d77cce8aa4e86320f229cd025238ab79be8d1df66d61a601099ba7f
bdb2023_sack,game_equal_p90_va_imprecision,30,relnet,attn_relnet,0.004985625484302051,0.00483474690414172,0.030730087897591792,1.0312071310353559,-0.048879288166338804,0.1470475905448594,0.9522960761662083,1.1584090910378715,0.95,BCa,0.06320909814132884,0.05655302842056263,0.04949229004947864,0.9905570188013839,0,0,False,1e-12,100,10000,complete_repeat_5x6_vector,delete_one_complete_repeat_5x6_vector,809a3f2f1d77cce8aa4e86320f229cd025238ab79be8d1df66d61a601099ba7f
bdb2023_sack,game_equal_p90_va_imprecision,30,relnet,set_transformer,0.004985625484302051,0.004516413014454339,0.09884077090372453,1.1038905140752282,-0.11730034887069861,0.3101077188662612,0.8893180473757306,1.3635719886501405,0.95,BCa,-0.005765276969606943,0.0005490910541426508,0.024455017151887914,0.9744436643098627,0,0,False,1e-12,100,10000,complete_repeat_5x6_vector,delete_one_complete_repeat_5x6_vector,809a3f2f1d77cce8aa4e86320f229cd025238ab79be8d1df66d61a601099ba7f
bdb2023_sack,game_equal_p90_va_imprecision,30,attn_relnet,set_transformer,0.00483474690414172,0.004516413014454339,0.06811068300613278,1.070483786285396,-0.14696676500104475,0.2642664207025601,0.8633226694675444,1.3024751564264039,0.95,BCa,-0.025570394640762426,-0.01498414508535754,0.01913323981885201,0.9681542855963962,0,0,False,1e-12,100,10000,complete_repeat_5x6_vector,delete_one_complete_repeat_5x6_vector,809a3f2f1d77cce8aa4e86320f229cd025238ab79be8d1df66d61a601099ba7f
bdb2023_sack,game_equal_p90_va_imprecision,40,linear_structure,boosted_structure,0.004842600182514037,0.0043982616675576555,0.09624241695928032,1.10102593900538,-0.16226841260153904,0.46772242842208456,0.8502129660364819,1.5963542386200975,0.95,BCa,0.07149977955531345,0.057168553922080485,0.051239688276709106,0.9911032846609926,0,0,False,1e-12,100,10000,complete_repeat_5x6_vector,delete_one_complete_repeat_5x6_vector,809a3f2f1d77cce8aa4e86320f229cd025238ab79be8d1df66d61a601099ba7f
bdb2023_sack,game_equal_p90_va_imprecision,40,linear_structure,relnet,0.004842600182514037,0.004012099238530226,0.18813719904545814,1.20699910311492,-0.031343150618245594,0.5483505232343615,0.9691429540062345,1.7303964138840808,0.95,BCa,0.10749032548488587,0.09825031553417338,0.0721810255266967,0.9965533214402978,0,0,False,1e-12,100,10000,complete_repeat_5x6_vector,delete_one_complete_repeat_5x6_vector,809a3f2f1d77cce8aa4e86320f229cd025238ab79be8d1df66d61a601099ba7f
bdb2023_sack,game_equal_p90_va_imprecision,40,linear_structure,attn_relnet,0.004842600182514037,0.003918534259003618,0.2117341339057142,1.2358192789528872,-0.007604080990760944,0.5828351995374805,0.9924247568916034,1.7911093912784823,0.95,BCa,0.09766287001317432,0.09859243151656391,0.07000598504070926,0.9963072769531973,0,0,False,1e-12,100,10000,complete_repeat_5x6_vector,delete_one_complete_repeat_5x6_vector,809a3f2f1d77cce8aa4e86320f229cd025238ab79be8d1df66d61a601099ba7f
bdb2023_sack,game_equal_p90_va_imprecision,40,linear_structure,set_transformer,0.004842600182514037,0.0042294504253049085,0.1353797427438256,1.1449714964243671,-0.10268894579622269,0.49426036674604673,0.9024076275160046,1.6392853206190858,0.95,BCa,0.06697701685404801,0.08428647181824782,0.058728511552419815,0.9939900499306193,0,0,False,1e-12,100,10000,complete_repeat_5x6_vector,delete_one_complete_repeat_5x6_vector,809a3f2f1d77cce8aa4e86320f229cd025238ab79be8d1df66d61a601099ba7f
bdb2023_sack,game_equal_p90_va_imprecision,40,boosted_structure,relnet,0.0043982616675576555,0.004012099238530226,0.09189478208617773,1.0962494709300596,-0.09062776159956076,0.3575348761170401,0.9133576344139113,1.4298004314657007,0.95,BCa,0.06697701685404801,0.06958874447663894,0.05417310363565242,0.9923830986347291,0,0,False,1e-12,100,10000,complete_repeat_5x6_vector,delete_one_complete_repeat_5x6_vector,809a3f2f1d77cce8aa4e86320f229cd025238ab79be8d1df66d61a601099ba7f
bdb2023_sack,game_equal_p90_va_imprecision,40,boosted_structure,attn_relnet,0.0043982616675576555,0.003918534259003618,0.1154917169464338,1.1224252174015752,-0.09181576586758335,0.36936197969158663,0.9122732059263751,1.4468112251799214,0.95,BCa,0.032341141724867746,0.047601561446009875,0.041523600584771114,0.9872382641007693,0,0,False,1e-12,100,10000,complete_repeat_5x6_vector,delete_one_complete_repeat_5x6_vector,809a3f2f1d77cce8aa4e86320f229cd025238ab79be8d1df66d61a601099ba7f
bdb2023_sack,game_equal_p90_va_imprecision,40,boosted_structure,set_transformer,0.0043982616675576555,0.0042294504253049085,0.03913732578454512,1.0399132807522096,-0.17579695347729132,0.25753282795902965,0.8387882790908668,1.293734280939181,0.95,BCa,-0.0077706258524470675,0.021137704854587745,0.028918671882174174,0.9787426775538617,0,0,False,1e-12,100,10000,complete_repeat_5x6_vector,delete_one_complete_repeat_5x6_vector,809a3f2f1d77cce8aa4e86320f229cd025238ab79be8d1df66d61a601099ba7f
bdb2023_sack,game_equal_p90_va_imprecision,40,relnet,attn_relnet,0.004012099238530226,0.003918534259003618,0.023596934860255922,1.023877545363199,-0.08484204110702377,0.14525985019082605,0.9186573830445953,1.1563400064034612,0.95,BCa,0.00651727965058399,0.010949803689851097,0.028323772121625956,0.978114323198454,0,0,False,1e-12,100,10000,complete_repeat_5x6_vector,delete_one_complete_repeat_5x6_vector,809a3f2f1d77cce8aa4e86320f229cd025238ab79be8d1df66d61a601099ba7f
bdb2023_sack,game_equal_p90_va_imprecision,40,relnet,set_transformer,0.004012099238530226,0.0042294504253049085,-0.052757456301632664,0.9486100639756255,-0.24436258717753728,0.1547384191169112,0.7832036031890443,1.1673525640492708,0.95,BCa,-0.02055579937118015,0.002716924105273229,0.023269284694055148,0.9731423701507784,0,0,False,1e-12,100,10000,complete_repeat_5x6_vector,delete_one_complete_repeat_5x6_vector,809a3f2f1d77cce8aa4e86320f229cd025238ab79be8d1df66d61a601099ba7f
bdb2023_sack,game_equal_p90_va_imprecision,40,attn_relnet,set_transformer,0.003918534259003618,0.0042294504253049085,-0.07635439116188862,0.926487809281066,-0.26874774423503023,0.09114273841906086,0.7643360395040962,1.095425353382899,0.95,BCa,-0.047142066964871575,-0.02100082670889917,0.016073726169943736,0.9634181118040976,0,0,False,1e-12,100,10000,complete_repeat_5x6_vector,delete_one_complete_repeat_5x6_vector,809a3f2f1d77cce8aa4e86320f229cd025238ab79be8d1df66d61a601099ba7f
bdb2023_sack,game_equal_p90_va_imprecision,50,linear_structure,boosted_structure,0.00577739733646034,0.004179191421066706,0.3238355055761042,1.3824198880523408,0.08538624285307611,0.6294881507281008,1.0891376571042233,1.8766497715717723,0.95,BCa,0.06019541172895663,0.05680503187158323,0.04901028986787925,0.9904155564391095,0,0,False,1e-12,100,10000,complete_repeat_5x6_vector,delete_one_complete_repeat_5x6_vector,809a3f2f1d77cce8aa4e86320f229cd025238ab79be8d1df66d61a601099ba7f
bdb2023_sack,game_equal_p90_va_imprecision,50,linear_structure,relnet,0.00577739733646034,0.00425495752797538,0.305868513163548,1.3578037614888665,0.06671970663230167,0.6250499561853706,1.0689958037442977,1.868339290204845,0.95,BCa,0.05693120075862969,0.06870850758450155,0.05197006023885137,0.9917640091466857,0,0,False,1e-12,100,10000,complete_repeat_5x6_vector,delete_one_complete_repeat_5x6_vector,809a3f2f1d77cce8aa4e86320f229cd025238ab79be8d1df66d61a601099ba7f
bdb2023_sack,game_equal_p90_va_imprecision,50,linear_structure,attn_relnet,0.00577739733646034,0.0043962283306567635,0.27320631772238146,1.3141713536970088,0.03725114895100966,0.5874798378835142,1.037953669081207,1.7994477960863837,0.95,BCa,0.05266352689406846,0.06586565377993227,0.05031858908182468,0.9911746146310354,0,0,False,1e-12,100,10000,complete_repeat_5x6_vector,delete_one_complete_repeat_5x6_vector,809a3f2f1d77cce8aa4e86320f229cd025238ab79be8d1df66d61a601099ba7f
bdb2023_sack,game_equal_p90_va_imprecision,50,linear_structure,set_transformer,0.00577739733646034,0.00430223726374941,0.29481811217586673,1.3428820825714582,0.06897270010021288,0.5953421084195417,1.071406959446467,1.8136513042203297,0.95,BCa,0.04538554817940915,0.07315260334604552,0.051130880398255085,0.991700844079518,0,0,False,1e-12,100,10000,complete_repeat_5x6_vector,delete_one_complete_repeat_5x6_vector,809a3f2f1d77cce8aa4e86320f229cd025238ab79be8d1df66d61a601099ba7f
bdb2023_sack,game_equal_p90_va_imprecision,50,boosted_structure,relnet,0.004179191421066706,0.00425495752797538,-0.01796699241255622,0.9821934516594987,-0.20500217380044627,0.18556905181634023,0.8146455455326393,1.2039033286165417,0.95,BCa,0.003759951271145795,0.018091419204306732,0.029675827499589802,0.9793157724089743,0,0,False,1e-12,100,10000,complete_repeat_5x6_vector,delete_one_complete_repeat_5x6_vector,809a3f2f1d77cce8aa4e86320f229cd025238ab79be8d1df66d61a601099ba7f
bdb2023_sack,game_equal_p90_va_imprecision,50,boosted_structure,attn_relnet,0.004179191421066706,0.0043962283306567635,-0.05062918785372285,0.9506311107463261,-0.25523601540707574,0.16922457680826686,0.7747336273093595,1.1843860947080063,0.95,BCa,0.004261280963260362,0.0160430560905241,0.02924901891555487,0.9789432861873608,0,0,False,1e-12,100,10000,complete_repeat_5x6_vector,delete_one_complete_repeat_5x6_vector,809a3f2f1d77cce8aa4e86320f229cd025238ab79be8d1df66d61a601099ba7f
bdb2023_sack,game_equal_p90_va_imprecision,50,boosted_structure,set_transformer,0.004179191421066706,0.00430223726374941,-0.029017393400237443,0.9713995683781818,-0.22976187366278092,0.17350747223702598,0.7947228244083611,1.1894695747349995,0.95,BCa,-0.010778710290106233,0.010338287570098654,0.026058200309747037,0.9760634327068876,0,0,False,1e-12,100,10000,complete_repeat_5x6_vector,delete_one_complete_repeat_5x6_vector,809a3f2f1d77cce8aa4e86320f229cd025238ab79be8d1df66d61a601099ba7f
bdb2023_sack,game_equal_p90_va_imprecision,50,relnet,attn_relnet,0.00425495752797538,0.0043962283306567635,-0.03266219544116664,0.9678654537353661,-0.12488253823467768,0.054612862327464894,0.8826005683169252,1.0561316671655911,0.95,BCa,-0.005765276969606943,-0.011335503142054384,0.02188460999598929,0.9716802493665249,0,0,False,1e-12,100,10000,complete_repeat_5x6_vector,delete_one_complete_repeat_5x6_vector,809a3f2f1d77cce8aa4e86320f229cd025238ab79be8d1df66d61a601099ba7f
bdb2023_sack,game_equal_p90_va_imprecision,50,relnet,set_transformer,0.00425495752797538,0.00430223726374941,-0.011050400987681258,0.9890104304166559,-0.18784454646105167,0.16283233343693337,0.8287435283339332,1.1768393565356516,0.95,BCa,-0.014789645968119597,-0.006947269136578003,0.02184712760261759,0.9715741191103956,0,0,False,1e-12,100,10000,complete_repeat_5x6_vector,delete_one_complete_repeat_5x6_vector,809a3f2f1d77cce8aa4e86320f229cd025238ab79be8d1df66d61a601099ba7f
bdb2023_sack,game_equal_p90_va_imprecision,50,attn_relnet,set_transformer,0.0043962283306567635,0.00430223726374941,0.021611794453485413,1.021847020781332,-0.15764020312475935,0.19467943288615677,0.8541570497256336,1.214921460192366,0.95,BCa,-0.024818167439752018,-0.004499036026508809,0.021306503724653647,0.9708626069039544,0,0,False,1e-12,100,10000,complete_repeat_5x6_vector,delete_one_complete_repeat_5x6_vector,809a3f2f1d77cce8aa4e86320f229cd025238ab79be8d1df66d61a601099ba7f
bdb2023_sack,game_equal_p90_va_imprecision,60,linear_structure,boosted_structure,0.006323078894902694,0.004313663792944404,0.38241864546542664,1.4658256179456932,0.16697022566729589,0.6129873749262678,1.1817190798875055,1.845937677961029,0.95,BCa,0.01679519900129641,0.02859186072826555,0.03406879011779351,0.9826555812343967,0,0,False,1e-12,100,10000,complete_repeat_5x6_vector,delete_one_complete_repeat_5x6_vector,809a3f2f1d77cce8aa4e86320f229cd025238ab79be8d1df66d61a601099ba7f
bdb2023_sack,game_equal_p90_va_imprecision,60,linear_structure,relnet,0.006323078894902694,0.004520256098017323,0.3356376053539961,1.3988320037168085,0.09795863363502186,0.607054930126438,1.1029171604910504,1.8350191733176917,0.95,BCa,0.009776005984788104,0.02225345017769786,0.03149251418611143,0.9807651510856455,0,0,False,1e-12,100,10000,complete_repeat_5x6_vector,delete_one_complete_repeat_5x6_vector,809a3f2f1d77cce8aa4e86320f229cd025238ab79be8d1df66d61a601099ba7f
bdb2023_sack,game_equal_p90_va_imprecision,60,linear_structure,attn_relnet,0.006323078894902694,0.004708369394365012,0.2948646091312291,1.3429445239513642,0.08530954925776701,0.5164827617919183,1.0890541304245351,1.676121949747339,0.95,BCa,-0.001253314465432556,0.0324074299849764,0.032499233287840046,0.9817008518426273,0,0,False,1e-12,100,10000,complete_repeat_5x6_vector,delete_one_complete_repeat_5x6_vector,809a3f2f1d77cce8aa4e86320f229cd025238ab79be8d1df66d61a601099ba7f
bdb2023_sack,game_equal_p90_va_imprecision,60,linear_structure,set_transformer,0.006323078894902694,0.004271823433604074,0.3921654867279215,1.4801826417174753,0.1792863391876126,0.640477342569337,1.196363260811765,1.8973863664571657,0.95,BCa,0.02832868807807452,0.03497815577833355,0.03745169278287708,0.9848152101156921,0,0,False,1e-12,100,10000,complete_repeat_5x6_vector,delete_one_complete_repeat_5x6_vector,809a3f2f1d77cce8aa4e86320f229cd025238ab79be8d1df66d61a601099ba7f
bdb2023_sack,game_equal_p90_va_imprecision,60,boosted_structure,relnet,0.004313663792944404,0.004520256098017323,-0.04678104011143053,0.954296327333415,-0.2442742129029078,0.15737831187499052,0.7832728212978683,1.170438320870711,0.95,BCa,-0.008773311508328193,-0.005075038820898402,0.022891980837636605,0.9727778917023231,0,0,False,1e-12,100,10000,complete_repeat_5x6_vector,delete_one_complete_repeat_5x6_vector,809a3f2f1d77cce8aa4e86320f229cd025238ab79be8d1df66d61a601099ba7f
bdb2023_sack,game_equal_p90_va_imprecision,60,boosted_structure,attn_relnet,0.004313663792944404,0.004708369394365012,-0.0875540363341975,0.9161693638793523,-0.26719153826009173,0.10006942118023691,0.7655264298216573,1.105247643008281,0.95,BCa,-0.002255967360748947,0.005878236621998702,0.026062438204381644,0.9760493714906981,0,0,False,1e-12,100,10000,complete_repeat_5x6_vector,delete_one_complete_repeat_5x6_vector,809a3f2f1d77cce8aa4e86320f229cd025238ab79be8d1df66d61a601099ba7f
bdb2023_sack,game_equal_p90_va_imprecision,60,boosted_structure,set_transformer,0.004313663792944404,0.004271823433604074,0.00974684126249506,1.0097944964230487,-0.18947438946652045,0.21680972411328023,0.8273939066254613,1.2421077365001725,0.95,BCa,0.012032106029748956,0.0026391521776064717,0.027056127270579045,0.9769428144556502,0,0,False,1e-12,100,10000,complete_repeat_5x6_vector,delete_one_complete_repeat_5x6_vector,809a3f2f1d77cce8aa4e86320f229cd025238ab79be8d1df66d61a601099ba7f
bdb2023_sack,game_equal_p90_va_imprecision,60,relnet,attn_relnet,0.004520256098017323,0.004708369394365012,-0.040772996222766936,0.9600470395180074,-0.16588267137777904,0.08814904633755957,0.8471456227874642,1.0921508909882016,0.95,BCa,0.006266611701750336,0.022814269818166217,0.031156220842452453,0.9805309752354919,0,0,False,1e-12,100,10000,complete_repeat_5x6_vector,delete_one_complete_repeat_5x6_vector,809a3f2f1d77cce8aa4e86320f229cd025238ab79be8d1df66d61a601099ba7f
bdb2023_sack,game_equal_p90_va_imprecision,60,relnet,set_transformer,0.004520256098017323,0.004271823433604074,0.05652788137392537,1.058156117235316,-0.12559676020288127,0.24964963828501732,0.8819704206613209,1.2835756221406651,0.95,BCa,0.011781425432631174,0.019878587520420914,0.03117724639959235,0.9804893949070399,0,0,False,1e-12,100,10000,complete_repeat_5x6_vector,delete_one_complete_repeat_5x6_vector,809a3f2f1d77cce8aa4e86320f229cd025238ab79be8d1df66d61a601099ba7f
bdb2023_sack,game_equal_p90_va_imprecision,60,attn_relnet,set_transformer,0.004708369394365012,0.004271823433604074,0.09730087759669238,1.1021919486013565,-0.07815167836260287,0.2716677085737651,0.9248241400933337,1.312150912362707,0.95,BCa,0.016043109130585577,-0.0035216750305052122,0.026112325506976175,0.9760578892623373,0,0,False,1e-12,100,10000,complete_repeat_5x6_vector,delete_one_complete_repeat_5x6_vector,809a3f2f1d77cce8aa4e86320f229cd025238ab79be8d1df66d61a601099ba7f
bdb2023_sack,label0_set_coverage,10,linear_structure,boosted_structure,0.06549408209278179,0.06412955018875627,0.021054529748115853,1.021277740137101,-0.2519768931268,0.39532043437629166,0.7772626979720518,1.48485991485839,0.95,BCa,0.04864777006503447,0.07190013910014238,0.05136685688638731,0.99171939931343,0,0,False,1e-12,100,10000,complete_repeat_5x6_vector,delete_one_complete_repeat_5x6_vector,809a3f2f1d77cce8aa4e86320f229cd025238ab79be8d1df66d61a601099ba7f
bdb2023_sack,label0_set_coverage,10,linear_structure,relnet,0.06549408209278179,0.05825857487027626,0.1170684991457244,1.124196433548482,-0.13710849460530536,0.5081713754218686,0.8718756271984169,1.6622487850975598,0.95,BCa,0.06974075868817979,0.09143218225280116,0.06154407290679437,0.9947956945588512,0,0,False,1e-12,100,10000,complete_repeat_5x6_vector,delete_one_complete_repeat_5x6_vector,809a3f2f1d77cce8aa4e86320f229cd025238ab79be8d1df66d61a601099ba7f
bdb2023_sack,label0_set_coverage,10,linear_structure,attn_relnet,0.06549408209278179,0.058177120370748514,0.11846763216325656,1.1257704347586144,-0.13986420331067048,0.5114636492367869,0.8694762993851821,1.6677303817539022,0.95,BCa,0.06798195358342042,0.08943107666502503,0.06054671163898295,0.9945392340636571,0,0,False,1e-12,100,10000,complete_repeat_5x6_vector,delete_one_complete_repeat_5x6_vector,809a3f2f1d77cce8aa4e86320f229cd025238ab79be8d1df66d61a601099ba7f
bdb2023_sack,label0_set_coverage,10,linear_structure,set_transformer,0.06549408209278179,0.064492263682519,0.015414515129582433,1.015533931561071,-0.28982865738591485,0.4015195611703404,0.748391787998756,1.494093339758459,0.95,BCa,0.04538554817940915,0.05160368189087488,0.0448443367627534,0.9887615052467723,0,0,False,1e-12,100,10000,complete_repeat_5x6_vector,delete_one_complete_repeat_5x6_vector,809a3f2f1d77cce8aa4e86320f229cd025238ab79be8d1df66d61a601099ba7f
bdb2023_sack,label0_set_coverage,10,boosted_structure,relnet,0.06412955018875627,0.05825857487027626,0.09601396939760863,1.100774441042419,-0.12593518378797527,0.3348723950514448,0.8816719915701836,1.397762012492391,0.95,BCa,0.02080651581056588,0.013613670072001758,0.030847897256818135,0.9801313732558383,0,0,False,1e-12,100,10000,complete_repeat_5x6_vector,delete_one_complete_repeat_5x6_vector,809a3f2f1d77cce8aa4e86320f229cd025238ab79be8d1df66d61a601099ba7f
bdb2023_sack,label0_set_coverage,10,boosted_structure,attn_relnet,0.06412955018875627,0.058177120370748514,0.09741310241514062,1.1023156488336716,-0.12711878311723082,0.33773047974630216,0.8806290625191543,1.4017626490631092,0.95,BCa,0.01629380472485912,0.010324822914459757,0.029436665062847978,0.9790098865959093,0,0,False,1e-12,100,10000,complete_repeat_5x6_vector,delete_one_complete_repeat_5x6_vector,809a3f2f1d77cce8aa4e86320f229cd025238ab79be8d1df66d61a601099ba7f
bdb2023_sack,label0_set_coverage,10,boosted_structure,set_transformer,0.06412955018875627,0.064492263682519,-0.0056400146185332815,0.9943758604047722,-0.3098553443933551,0.2346480565716734,0.7335530611128322,1.2644636707335557,0.95,BCa,-0.031588768951337824,-0.03724295608717746,0.014529262834685197,0.9614338844994974,0,0,False,1e-12,100,10000,complete_repeat_5x6_vector,delete_one_complete_repeat_5x6_vector,809a3f2f1d77cce8aa4e86320f229cd025238ab79be8d1df66d61a601099ba7f
bdb2023_sack,label0_set_coverage,10,relnet,attn_relnet,0.05825857487027626,0.058177120370748514,0.0013991330175319925,1.0014001122607763,-0.018333609137451395,0.036756904043436595,0.9818334291122138,1.0374407925197215,0.95,BCa,0.07853813066019405,0.03168792513463782,0.04484540102788931,0.9880213222219763,0,0,False,1e-12,100,10000,complete_repeat_5x6_vector,delete_one_complete_repeat_5x6_vector,809a3f2f1d77cce8aa4e86320f229cd025238ab79be8d1df66d61a601099ba7f
bdb2023_sack,label0_set_coverage,10,relnet,set_transformer,0.05825857487027626,0.064492263682519,-0.10165398401614195,0.9033420683924231,-0.38997108466177793,0.10867372301617391,0.6770764521097317,1.114798557885082,0.95,BCa,-0.04312737186562014,-0.05446766193530672,0.010966461367899472,0.9547246606975135,0,0,False,1e-12,100,10000,complete_repeat_5x6_vector,delete_one_complete_repeat_5x6_vector,809a3f2f1d77cce8aa4e86320f229cd025238ab79be8d1df66d61a601099ba7f
bdb2023_sack,label0_set_coverage,10,attn_relnet,set_transformer,0.058177120370748514,0.064492263682519,-0.10305311703367401,0.9020790564453045,-0.391544979526683,0.1100555402720313,0.6760116431271102,1.1163400705683026,0.95,BCa,-0.0421238092207306,-0.05169228599500219,0.011443014273498253,0.9556911939999563,0,0,False,1e-12,100,10000,complete_repeat_5x6_vector,delete_one_complete_repeat_5x6_vector,809a3f2f1d77cce8aa4e86320f229cd025238ab79be8d1df66d61a601099ba7f
bdb2023_sack,label0_set_coverage,20,linear_structure,boosted_structure,0.057297552415283656,0.06646433100236591,-0.14840752031370696,0.8620797283469843,-0.3761895929999949,0.03697974139451825,0.6864721703855302,1.0376719988375758,0.95,BCa,-0.0363541161267396,-0.01903051756371419,0.01736427665652379,0.9655690226495702,0,0,False,1e-12,100,10000,complete_repeat_5x6_vector,delete_one_complete_repeat_5x6_vector,809a3f2f1d77cce8aa4e86320f229cd025238ab79be8d1df66d61a601099ba7f
bdb2023_sack,label0_set_coverage,20,linear_structure,relnet,0.057297552415283656,0.0677208048356452,-0.1671355344070367,0.8460849299464437,-0.413489532460719,0.08439033541061333,0.6613384569304818,1.0880535167469791,0.95,BCa,0.004010615991203968,-0.007330749979856533,0.023829503155824272,0.9738168628396635,0,0,False,1e-12,100,10000,complete_repeat_5x6_vector,delete_one_complete_repeat_5x6_vector,809a3f2f1d77cce8aa4e86320f229cd025238ab79be8d1df66d61a601099ba7f
bdb2023_sack,label0_set_coverage,20,linear_structure,attn_relnet,0.057297552415283656,0.06826365328409112,-0.17511955463384837,0.8393566657915287,-0.4342053839046761,0.08045642178594892,0.647779198400791,1.0837816163458904,0.95,BCa,-0.003759951271145935,-0.014640830361039454,0.02140221477475651,0.9711504746077644,0,0,False,1e-12,100,10000,complete_repeat_5x6_vector,delete_one_complete_repeat_5x6_vector,809a3f2f1d77cce8aa4e86320f229cd025238ab79be8d1df66d61a601099ba7f
bdb2023_sack,label0_set_coverage,20,linear_structure,set_transformer,0.057297552415283656,0.05155254527865257,0.1056563233491356,1.1114398349407986,-0.17756270516450828,0.3147665334283882,0.8373084941227289,1.3699394385546577,0.95,BCa,-0.03309353280602721,-0.03728147985111902,0.014403025750324816,0.9611873762213999,0,0,False,1e-12,100,10000,complete_repeat_5x6_vector,delete_one_complete_repeat_5x6_vector,809a3f2f1d77cce8aa4e86320f229cd025238ab79be8d1df66d61a601099ba7f
bdb2023_sack,label0_set_coverage,20,boosted_structure,relnet,0.06646433100236591,0.0677208048356452,-0.018728014093329755,0.9814462654965681,-0.26233171872278827,0.25427675884340833,0.769255804826401,1.289528643342215,0.95,BCa,0.014037579350310981,0.009244589654158994,0.028880884486734315,0.9785525531408196,0,0,False,1e-12,100,10000,complete_repeat_5x6_vector,delete_one_complete_repeat_5x6_vector,809a3f2f1d77cce8aa4e86320f229cd025238ab79be8d1df66d61a601099ba7f
bdb2023_sack,label0_set_coverage,20,boosted_structure,attn_relnet,0.06646433100236591,0.06826365328409112,-0.02671203432014149,0.9736415765174915,-0.27715975242919816,0.2525309382414122,0.7579334057357086,1.2872793216971454,0.95,BCa,0.013786892263084145,0.003708523731361771,0.027527341052278775,0.9773625578148335,0,0,False,1e-12,100,10000,complete_repeat_5x6_vector,delete_one_complete_repeat_5x6_vector,809a3f2f1d77cce8aa4e86320f229cd025238ab79be8d1df66d61a601099ba7f
bdb2023_sack,label0_set_coverage,20,boosted_structure,set_transformer,0.06646433100236591,0.05155254527865257,0.25406384366284246,1.2892541123452186,0.0034390404884300867,0.48548984106695825,1.0034449607729246,1.6249707913510527,0.95,BCa,-0.0042612809632602226,-0.009944038281196162,0.022342016670457376,0.9721984362994389,0,0,False,1e-12,100,10000,complete_repeat_5x6_vector,delete_one_complete_repeat_5x6_vector,809a3f2f1d77cce8aa4e86320f229cd025238ab79be8d1df66d61a601099ba7f
bdb2023_sack,label0_set_coverage,20,relnet,attn_relnet,0.0677208048356452,0.06826365328409112,-0.007984020226811753,0.9920477674087151,-0.04764004880282304,0.015726110809683846,0.9534769304789672,1.015850416852306,0.95,BCa,-0.08306481838496249,-0.09960243625467166,0.004047966021667959,0.9329622849735371,0,0,False,1e-12,100,10000,complete_repeat_5x6_vector,delete_one_complete_repeat_5x6_vector,809a3f2f1d77cce8aa4e86320f229cd025238ab79be8d1df66d61a601099ba7f
bdb2023_sack,label0_set_coverage,20,relnet,set_transformer,0.0677208048356452,0.05155254527865257,0.2727918577561722,1.3136267951388183,0.004084739363683038,0.515454826220152,1.0040930932821712,1.6743998896076473,0.95,BCa,-0.007519955698540525,-0.007579976977625231,0.022492742954338174,0.9723460989915916,0,0,False,1e-12,100,10000,complete_repeat_5x6_vector,delete_one_complete_repeat_5x6_vector,809a3f2f1d77cce8aa4e86320f229cd025238ab79be8d1df66d61a601099ba7f
bdb2023_sack,label0_set_coverage,20,attn_relnet,set_transformer,0.06826365328409112,0.05155254527865257,0.280775877982984,1.3241567979837159,0.007533245504103203,0.5344181753165437,1.007561691784088,1.7064550956677598,0.95,BCa,0.002255967360748947,-0.001683168251007773,0.02488564781313124,0.974885963941083,0,0,False,1e-12,100,10000,complete_repeat_5x6_vector,delete_one_complete_repeat_5x6_vector,809a3f2f1d77cce8aa4e86320f229cd025238ab79be8d1df66d61a601099ba7f
bdb2023_sack,label0_set_coverage,30,linear_structure,boosted_structure,0.054545336709491084,0.06022278421849062,-0.09901853401179533,0.9057259211330791,-0.3303080958791445,0.13685587714540043,0.7187022701099569,1.1466628762839377,0.95,BCa,0.01980365774256217,0.012218788829221335,0.030366964497745896,0.9797518155852454,0,0,False,1e-12,100,10000,complete_repeat_5x6_vector,delete_one_complete_repeat_5x6_vector,809a3f2f1d77cce8aa4e86320f229cd025238ab79be8d1df66d61a601099ba7f
bdb2023_sack,label0_set_coverage,30,linear_structure,relnet,0.054545336709491084,0.053377940961975,0.021634652068441684,1.0218703780340217,-0.18451804759598495,0.23839776221212927,0.8315049330988941,1.2692139377775773,0.95,BCa,0.02105723355782968,0.007631078539841041,0.029407088587191155,0.9789477540634439,0,0,False,1e-12,100,10000,complete_repeat_5x6_vector,delete_one_complete_repeat_5x6_vector,809a3f2f1d77cce8aa4e86320f229cd025238ab79be8d1df66d61a601099ba7f
bdb2023_sack,label0_set_coverage,30,linear_structure,attn_relnet,0.054545336709491084,0.05410980553424388,0.008016804338064723,1.008049024958546,-0.20001480078858253,0.22899531544618348,0.818718635306876,1.2573361489371877,0.95,BCa,0.021809394804630424,0.007257437766848316,0.02941502897403786,0.9789485566995715,0,0,False,1e-12,100,10000,complete_repeat_5x6_vector,delete_one_complete_repeat_5x6_vector,809a3f2f1d77cce8aa4e86320f229cd025238ab79be8d1df66d61a601099ba7f
bdb2023_sack,label0_set_coverage,30,linear_structure,set_transformer,0.054545336709491084,0.0703224815448601,-0.2540593199830834,0.7756457893866493,-0.561383682399236,0.012068506511728838,0.5704192384806286,1.0121416247831592,0.95,BCa,-0.019051527317045187,-0.03526779661793722,0.015914266767933172,0.9638729653329003,0,0,False,1e-12,100,10000,complete_repeat_5x6_vector,delete_one_complete_repeat_5x6_vector,809a3f2f1d77cce8aa4e86320f229cd025238ab79be8d1df66d61a601099ba7f
bdb2023_sack,label0_set_coverage,30,boosted_structure,relnet,0.06022278421849062,0.053377940961975,0.12065318608023695,1.1282335574051405,-0.08193495738211513,0.32353062438425273,0.9213318825851083,1.381998478472424,0.95,BCa,-0.008271967640830305,-0.006139805423674666,0.022718609508167065,0.9725906126344529,0,0,False,1e-12,100,10000,complete_repeat_5x6_vector,delete_one_complete_repeat_5x6_vector,809a3f2f1d77cce8aa4e86320f229cd025238ab79be8d1df66d61a601099ba7f
bdb2023_sack,label0_set_coverage,30,boosted_structure,attn_relnet,0.06022278421849062,0.05410980553424388,0.10703533834986005,1.1129735844343054,-0.09781303153680923,0.3135912728247403,0.9068184343540534,1.368330348438463,0.95,BCa,-0.006266611701750475,-0.007179256383693645,0.022715056764622044,0.97259674841707,0,0,False,1e-12,100,10000,complete_repeat_5x6_vector,delete_one_complete_repeat_5x6_vector,809a3f2f1d77cce8aa4e86320f229cd025238ab79be8d1df66d61a601099ba7f
bdb2023_sack,label0_set_coverage,30,boosted_structure,set_transformer,0.06022278421849062,0.0703224815448601,-0.15504078597128818,0.8563802484710856,-0.4411758182366436,0.06246986593157641,0.6432795963455289,1.0644623818523065,0.95,BCa,-0.05191050974823991,-0.0590576004830806,0.00977011985918863,0.9518346220780884,0,0,False,1e-12,100,10000,complete_repeat_5x6_vector,delete_one_complete_repeat_5x6_vector,809a3f2f1d77cce8aa4e86320f229cd025238ab79be8d1df66d61a601099ba7f
bdb2023_sack,label0_set_coverage,30,relnet,attn_relnet,0.053377940961975,0.05410980553424388,-0.013617847730376994,0.9864744556916636,-0.03506126769800859,0.005523661030757122,0.9655462576488022,1.0055389445737608,0.95,BCa,-0.029582527813948944,-0.025107422503803038,0.0168460685964108,0.9649732232486494,0,0,False,1e-12,100,10000,complete_repeat_5x6_vector,delete_one_complete_repeat_5x6_vector,809a3f2f1d77cce8aa4e86320f229cd025238ab79be8d1df66d61a601099ba7f
bdb2023_sack,label0_set_coverage,30,relnet,set_transformer,0.053377940961975,0.0703224815448601,-0.2756939720515252,0.759045184261937,-0.5316158610618996,-0.030684367661870614,0.5876546338391283,0.9697816192144035,0.95,BCa,-0.019552946376962203,-0.030581992786590646,0.016725542511379143,0.9650193521688492,0,0,False,1e-12,100,10000,complete_repeat_5x6_vector,delete_one_complete_repeat_5x6_vector,809a3f2f1d77cce8aa4e86320f229cd025238ab79be8d1df66d61a601099ba7f
bdb2023_sack,label0_set_coverage,30,attn_relnet,set_transformer,0.05410980553424388,0.0703224815448601,-0.26207612432114813,0.7694524474328479,-0.5201745138240246,-0.015986898887661246,0.5944168049684642,0.9841402133023186,0.95,BCa,-0.01804870344078816,-0.028881953782449142,0.017176238655226772,0.9656764966957778,0,0,False,1e-12,100,10000,complete_repeat_5x6_vector,delete_one_complete_repeat_5x6_vector,809a3f2f1d77cce8aa4e86320f229cd025238ab79be8d1df66d61a601099ba7f
bdb2023_sack,label0_set_coverage,40,linear_structure,boosted_structure,0.06172906630286571,0.06397663621491985,-0.035763046776384116,0.9648688951931801,-0.25911443366963444,0.21965169449087316,0.7717347055562117,1.2456427907735235,0.95,BCa,0.03861166738810864,0.03563530636570508,0.03923617967892895,0.9857538378069729,0,0,False,1e-12,100,10000,complete_repeat_5x6_vector,delete_one_complete_repeat_5x6_vector,809a3f2f1d77cce8aa4e86320f229cd025238ab79be8d1df66d61a601099ba7f
bdb2023_sack,label0_set_coverage,40,linear_structure,relnet,0.06172906630286571,0.07417307656478024,-0.18364632400515085,0.8322300915879315,-0.4560912020806291,0.11736496348412821,0.6337560345937685,1.1245297671087051,0.95,BCa,0.0050132775489266585,0.004114886398280313,0.02653588268860957,0.9764837925931142,0,0,False,1e-12,100,10000,complete_repeat_5x6_vector,delete_one_complete_repeat_5x6_vector,809a3f2f1d77cce8aa4e86320f229cd025238ab79be8d1df66d61a601099ba7f
bdb2023_sack,label0_set_coverage,40,linear_structure,attn_relnet,0.06172906630286571,0.07115416776603635,-0.14209398920467847,0.867539713286205,-0.4197693393965804,0.15925202667835797,0.6571983921111969,1.172633444354417,0.95,BCa,0.009023984261129213,-0.0008424155337748068,0.025879807294562907,0.9758518160003552,0,0,False,1e-12,100,10000,complete_repeat_5x6_vector,delete_one_complete_repeat_5x6_vector,809a3f2f1d77cce8aa4e86320f229cd025238ab79be8d1df66d61a601099ba7f
bdb2023_sack,label0_set_coverage,40,linear_structure,set_transformer,0.06172906630286571,0.07045560805139613,-0.13222792766995944,0.876141275479951,-0.3752647213288179,0.15158732695013916,0.6871073627394002,1.1636799179908717,0.95,BCa,0.036103288744783815,0.02125447449433374,0.03497920116942399,0.983022528642991,0,0,False,1e-12,100,10000,complete_repeat_5x6_vector,delete_one_complete_repeat_5x6_vector,809a3f2f1d77cce8aa4e86320f229cd025238ab79be8d1df66d61a601099ba7f
bdb2023_sack,label0_set_coverage,40,boosted_structure,relnet,0.06397663621491985,0.07417307656478024,-0.14788327722876676,0.8625317861669771,-0.4278407218424775,0.10252248099236454,0.6519152423884473,1.1079622097198043,0.95,BCa,-0.04538554817940915,-0.034722101104497,0.01387446555407551,0.9599278096475305,0,0,False,1e-12,100,10000,complete_repeat_5x6_vector,delete_one_complete_repeat_5x6_vector,809a3f2f1d77cce8aa4e86320f229cd025238ab79be8d1df66d61a601099ba7f
bdb2023_sack,label0_set_coverage,40,boosted_structure,attn_relnet,0.06397663621491985,0.07115416776603635,-0.10633094242829434,0.8991270395471829,-0.39305886143326196,0.13701471177210928,0.6749890155959096,1.1468450205188758,0.95,BCa,-0.04513462848142131,-0.043159941012913886,0.012539181740949479,0.9576032492271559,0,0,False,1e-12,100,10000,complete_repeat_5x6_vector,delete_one_complete_repeat_5x6_vector,809a3f2f1d77cce8aa4e86320f229cd025238ab79be8d1df66d61a601099ba7f
bdb2023_sack,label0_set_coverage,40,boosted_structure,set_transformer,0.06397663621491985,0.07045560805139613,-0.09646488089357533,0.9080417866559326,-0.3350778649284995,0.12289784294950169,0.7152823887720853,1.1307688990313804,0.95,BCa,-0.03309353280602721,-0.02115974562361473,0.01726172408904425,0.9654902472502264,0,0,False,1e-12,100,10000,complete_repeat_5x6_vector,delete_one_complete_repeat_5x6_vector,809a3f2f1d77cce8aa4e86320f229cd025238ab79be8d1df66d61a601099ba7f
bdb2023_sack,label0_set_coverage,40,relnet,attn_relnet,0.07417307656478024,0.07115416776603635,0.04155233480047252,1.042427715670436,-0.006128744278027367,0.23300436828513815,0.9938899981664215,1.2623869937815606,0.95,BCa,0.11026400878604582,0.13825956098876244,0.08648325931223788,0.9986966507136998,0,0,False,1e-12,100,10000,complete_repeat_5x6_vector,delete_one_complete_repeat_5x6_vector,809a3f2f1d77cce8aa4e86320f229cd025238ab79be8d1df66d61a601099ba7f
bdb2023_sack,label0_set_coverage,40,relnet,set_transformer,0.07417307656478024,0.07045560805139613,0.051418396335191616,1.0527632734454906,-0.1864386021465511,0.27966251316495055,0.8299095150499053,1.3226833487867344,0.95,BCa,0.01704589771498929,0.006984948699738831,0.028725908616331453,0.9783983499210251,0,0,False,1e-12,100,10000,complete_repeat_5x6_vector,delete_one_complete_repeat_5x6_vector,809a3f2f1d77cce8aa4e86320f229cd025238ab79be8d1df66d61a601099ba7f
bdb2023_sack,label0_set_coverage,40,attn_relnet,set_transformer,0.07115416776603635,0.07045560805139613,0.009866061534719072,1.0099148915744314,-0.21726570377423307,0.24117005264449423,0.8047161247850699,1.27273744927582,0.95,BCa,0.026573386823392803,0.011459548009791685,0.031097015973939657,0.9802714292878097,0,0,False,1e-12,100,10000,complete_repeat_5x6_vector,delete_one_complete_repeat_5x6_vector,809a3f2f1d77cce8aa4e86320f229cd025238ab79be8d1df66d61a601099ba7f
bdb2023_sack,label0_set_coverage,50,linear_structure,boosted_structure,0.06513199389167593,0.06690905188873626,-0.026918376627481245,0.973440693794086,-0.23521822218135693,0.2398511096212569,0.790398348355899,1.271059887643982,0.95,BCa,0.03861166738810864,0.06465557790412388,0.04741689596478382,0.9901959813026521,0,0,False,1e-12,100,10000,complete_repeat_5x6_vector,delete_one_complete_repeat_5x6_vector,809a3f2f1d77cce8aa4e86320f229cd025238ab79be8d1df66d61a601099ba7f
bdb2023_sack,label0_set_coverage,50,linear_structure,relnet,0.06513199389167593,0.07007610272518089,-0.07316594716531857,0.9294465782023525,-0.33016383151570317,0.22923380881464783,0.7188059607147078,1.2576360510315487,0.95,BCa,0.022812295734333795,0.05070072245381422,0.04083328386120488,0.9870327360312137,0,0,False,1e-12,100,10000,complete_repeat_5x6_vector,delete_one_complete_repeat_5x6_vector,809a3f2f1d77cce8aa4e86320f229cd025238ab79be8d1df66d61a601099ba7f
bdb2023_sack,label0_set_coverage,50,linear_structure,attn_relnet,0.06513199389167593,0.07096350875623327,-0.08574989761997626,0.9178237524219782,-0.34615917982995376,0.21921254654565833,0.7073998743521912,1.2450958893955808,0.95,BCa,0.019051527317045326,0.04594728636167531,0.03895503149348545,0.985954729748348,0,0,False,1e-12,100,10000,complete_repeat_5x6_vector,delete_one_complete_repeat_5x6_vector,809a3f2f1d77cce8aa4e86320f229cd025238ab79be8d1df66d61a601099ba7f
bdb2023_sack,label0_set_coverage,50,linear_structure,set_transformer,0.06513199389167593,0.0548524025113683,0.17176989887275435,1.1874045786449765,-0.0834993236851829,0.48051444522804143,0.9198917088074189,1.6169059978441283,0.95,BCa,0.021307952628745325,0.048901561322043305,0.040104709928289295,0.9866245564328406,0,0,False,1e-12,100,10000,complete_repeat_5x6_vector,delete_one_complete_repeat_5x6_vector,809a3f2f1d77cce8aa4e86320f229cd025238ab79be8d1df66d61a601099ba7f
bdb2023_sack,label0_set_coverage,50,boosted_structure,relnet,0.06690905188873626,0.07007610272518089,-0.04624757053783726,0.954805551203883,-0.23812890819765112,0.1554060827519251,0.7881010918541059,1.1681322231515792,0.95,BCa,0.0012533144654324167,0.0013768069704687973,0.025457862481214344,0.97545336012033,0,0,False,1e-12,100,10000,complete_repeat_5x6_vector,delete_one_complete_repeat_5x6_vector,809a3f2f1d77cce8aa4e86320f229cd025238ab79be8d1df66d61a601099ba7f
bdb2023_sack,label0_set_coverage,50,boosted_structure,attn_relnet,0.06690905188873626,0.07096350875623327,-0.058831520992494904,0.9428656088381359,-0.2688030685977715,0.15470650895017046,0.7642937542695031,1.1673153142286339,0.95,BCa,-0.00726928601715347,-0.004913135488731801,0.02309231578330878,0.9730020565129115,0,0,False,1e-12,100,10000,complete_repeat_5x6_vector,delete_one_complete_repeat_5x6_vector,809a3f2f1d77cce8aa4e86320f229cd025238ab79be8d1df66d61a601099ba7f
bdb2023_sack,label0_set_coverage,50,boosted_structure,set_transformer,0.06690905188873626,0.0548524025113683,0.1986882755002356,1.2198016645646321,-0.02479498803230177,0.41676974758974356,0.9755098827300063,1.5170531675695018,0.95,BCa,-0.014789645968119597,-0.014837667277724667,0.02022364748848615,0.969659879564329,0,0,False,1e-12,100,10000,complete_repeat_5x6_vector,delete_one_complete_repeat_5x6_vector,809a3f2f1d77cce8aa4e86320f229cd025238ab79be8d1df66d61a601099ba7f
bdb2023_sack,label0_set_coverage,50,relnet,attn_relnet,0.07007610272518089,0.07096350875623327,-0.012583950454657596,0.9874948963684884,-0.08769798393303807,0.026905996947227853,0.9160374929907672,1.0272712315927734,0.95,BCa,-0.07577261944530014,-0.08795076685845488,0.005301934895830862,0.9382887187759985,0,0,False,1e-12,100,10000,complete_repeat_5x6_vector,delete_one_complete_repeat_5x6_vector,809a3f2f1d77cce8aa4e86320f229cd025238ab79be8d1df66d61a601099ba7f
bdb2023_sack,label0_set_coverage,50,relnet,set_transformer,0.07007610272518089,0.0548524025113683,0.24493584603807286,1.2775393513649185,0.02670684780960282,0.4441851317838814,1.0270666717825256,1.5592191199205325,0.95,BCa,-0.014789645968119597,-0.01703641563686275,0.019781042863536547,0.9691183780438734,0,0,False,1e-12,100,10000,complete_repeat_5x6_vector,delete_one_complete_repeat_5x6_vector,809a3f2f1d77cce8aa4e86320f229cd025238ab79be8d1df66d61a601099ba7f
bdb2023_sack,label0_set_coverage,50,attn_relnet,set_transformer,0.07096350875623327,0.0548524025113683,0.2575197964927305,1.2937174217943488,0.034876205442733045,0.46914513041376465,1.035491512651432,1.59862699131635,0.95,BCa,-0.0040106159912038294,-0.008586530574425853,0.02265994228556717,0.9725480153355159,0,0,False,1e-12,100,10000,complete_repeat_5x6_vector,delete_one_complete_repeat_5x6_vector,809a3f2f1d77cce8aa4e86320f229cd025238ab79be8d1df66d61a601099ba7f
bdb2023_sack,label0_set_coverage,60,linear_structure,boosted_structure,0.05658391920599083,0.06303024103085013,-0.10788979571019165,0.8977265242932492,-0.3221802147926485,0.09647112574188112,0.7245676007632391,1.1012777821057684,0.95,BCa,-0.02531965065378632,-0.017920484350042246,0.018587372742701946,0.9674447400070508,0,0,False,1e-12,100,10000,complete_repeat_5x6_vector,delete_one_complete_repeat_5x6_vector,809a3f2f1d77cce8aa4e86320f229cd025238ab79be8d1df66d61a601099ba7f
bdb2023_sack,label0_set_coverage,60,linear_structure,relnet,0.05658391920599083,0.05609055820960096,0.008757336368069626,1.0087957940184205,-0.22376319189038052,0.21967149248560977,0.7995044410891239,1.2456674522470619,0.95,BCa,-0.0363541161267396,-0.014112810847436104,0.01828437560248558,0.9668518251291671,0,0,False,1e-12,100,10000,complete_repeat_5x6_vector,delete_one_complete_repeat_5x6_vector,809a3f2f1d77cce8aa4e86320f229cd025238ab79be8d1df66d61a601099ba7f
bdb2023_sack,label0_set_coverage,60,linear_structure,attn_relnet,0.05658391920599083,0.05622775617907028,0.006314314703201405,1.0063342920138278,-0.24574549354051675,0.2155582385757458,0.7821212545086172,1.2405542289307714,0.95,BCa,-0.04262558517694437,-0.029219683620101692,0.015015555523771151,0.9618851889666682,0,0,False,1e-12,100,10000,complete_repeat_5x6_vector,delete_one_complete_repeat_5x6_vector,809a3f2f1d77cce8aa4e86320f229cd025238ab79be8d1df66d61a601099ba7f
bdb2023_sack,label0_set_coverage,60,linear_structure,set_transformer,0.05658391920599083,0.06844373199519801,-0.19028714510901495,0.8267217107617792,-0.37064258802091266,0.02051730976556889,0.6902906156091031,1.020729236674071,0.95,BCa,0.004511946203065806,0.006570559766299027,0.027043800367330506,0.9769609039646171,0,0,False,1e-12,100,10000,complete_repeat_5x6_vector,delete_one_complete_repeat_5x6_vector,809a3f2f1d77cce8aa4e86320f229cd025238ab79be8d1df66d61a601099ba7f
bdb2023_sack,label0_set_coverage,60,boosted_structure,relnet,0.06303024103085013,0.05609055820960096,0.11664713207826118,1.1237228339806629,-0.12524248957319034,0.3485963343555905,0.8822829322311841,1.4170770495525793,0.95,BCa,-0.009525331483604745,0.00522385415499993,0.025058838292964347,0.9750599360472878,0,0,False,1e-12,100,10000,complete_repeat_5x6_vector,delete_one_complete_repeat_5x6_vector,809a3f2f1d77cce8aa4e86320f229cd025238ab79be8d1df66d61a601099ba7f
bdb2023_sack,label0_set_coverage,60,boosted_structure,attn_relnet,0.06303024103085013,0.05622775617907028,0.11420411041339303,1.120980905411124,-0.14388914285570828,0.3453842271682101,0.8659837432230086,1.4125325487957852,0.95,BCa,-0.02657338682339266,-0.006272297559755546,0.020766185830322914,0.9701939876612404,0,0,False,1e-12,100,10000,complete_repeat_5x6_vector,delete_one_complete_repeat_5x6_vector,809a3f2f1d77cce8aa4e86320f229cd025238ab79be8d1df66d61a601099ba7f
bdb2023_sack,label0_set_coverage,60,boosted_structure,set_transformer,0.06303024103085013,0.06844373199519801,-0.08239734939882333,0.9209059645559992,-0.27722026928273186,0.09218132488435499,0.7578875393786632,1.0965636383300137,0.95,BCa,-0.014037579350310843,-0.00029101860776614957,0.023341011248560473,0.9732453297318924,0,0,False,1e-12,100,10000,complete_repeat_5x6_vector,delete_one_complete_repeat_5x6_vector,809a3f2f1d77cce8aa4e86320f229cd025238ab79be8d1df66d61a601099ba7f
bdb2023_sack,label0_set_coverage,60,relnet,attn_relnet,0.05609055820960096,0.05622775617907028,-0.002443021664868172,0.9975599600839061,-0.03805702287591256,0.02236000269005477,0.9626580457957846,1.0226118612330763,0.95,BCa,-0.06496734527788303,-0.07091956701612302,0.0075607404748779805,0.9458111247285461,0,0,False,1e-12,100,10000,complete_repeat_5x6_vector,delete_one_complete_repeat_5x6_vector,809a3f2f1d77cce8aa4e86320f229cd025238ab79be8d1df66d61a601099ba7f
bdb2023_sack,label0_set_coverage,60,relnet,set_transformer,0.05609055820960096,0.06844373199519801,-0.1990444814770846,0.8195134393538951,-0.4102435737710921,0.016304766122559145,0.6634886220271906,1.0164384142005918,0.95,BCa,0.004010615991203968,-3.949808837233686e-05,0.02546353019910358,0.9754563649638184,0,0,False,1e-12,100,10000,complete_repeat_5x6_vector,delete_one_complete_repeat_5x6_vector,809a3f2f1d77cce8aa4e86320f229cd025238ab79be8d1df66d61a601099ba7f
bdb2023_sack,label0_set_coverage,60,attn_relnet,set_transformer,0.05622775617907028,0.06844373199519801,-0.1966014598122164,0.8215179760071412,-0.410330829771935,0.03256593094477522,0.6634307311891259,1.0331020042898238,0.95,BCa,0.006015944146675264,0.013520987433380385,0.028871836106591497,0.9786013412101282,0,0,False,1e-12,100,10000,complete_repeat_5x6_vector,delete_one_complete_repeat_5x6_vector,809a3f2f1d77cce8aa4e86320f229cd025238ab79be8d1df66d61a601099ba7f
bdb2023_sack,label1_set_coverage,10,linear_structure,boosted_structure,0.07695884300811277,0.06471627582479095,0.1732580443517334,1.189172924852268,-0.05519494619279648,0.38779639009832934,0.9463006522613026,1.47372968778105,0.95,BCa,-0.004511946203065806,-0.027473638156162272,0.0187141164742734,0.9679326757582591,0,0,False,1e-12,100,10000,complete_repeat_5x6_vector,delete_one_complete_repeat_5x6_vector,809a3f2f1d77cce8aa4e86320f229cd025238ab79be8d1df66d61a601099ba7f
bdb2023_sack,label1_set_coverage,10,linear_structure,relnet,0.07695884300811277,0.062387433494872954,0.20990690377175064,1.2335632145284083,0.036243639182380785,0.4042926478827896,1.036908447244244,1.4982423402563565,0.95,BCa,0.025821140235424707,0.01102043734646491,0.03088412564969778,0.9801104736295312,0,0,False,1e-12,100,10000,complete_repeat_5x6_vector,delete_one_complete_repeat_5x6_vector,809a3f2f1d77cce8aa4e86320f229cd025238ab79be8d1df66d61a601099ba7f
bdb2023_sack,label1_set_coverage,10,linear_structure,attn_relnet,0.07695884300811277,0.062319974466099395,0.2109887807260771,1.2348985003191324,0.040050925728643,0.399634980233526,1.0408637795891011,1.491280251511362,0.95,BCa,0.02406595428173628,0.012977167596590726,0.031133519706378565,0.9803259963251699,0,0,False,1e-12,100,10000,complete_repeat_5x6_vector,delete_one_complete_repeat_5x6_vector,809a3f2f1d77cce8aa4e86320f229cd025238ab79be8d1df66d61a601099ba7f
bdb2023_sack,label1_set_coverage,10,linear_structure,set_transformer,0.07695884300811277,0.07526722755788434,0.022225957493011057,1.0224747942114314,-0.23884531944767487,0.22257946296479936,0.7875366895619611,1.2492950883981397,0.95,BCa,-0.03133798202142661,-0.056352182175714624,0.011472889287660548,0.9562029788977672,0,0,False,1e-12,100,10000,complete_repeat_5x6_vector,delete_one_complete_repeat_5x6_vector,809a3f2f1d77cce8aa4e86320f229cd025238ab79be8d1df66d61a601099ba7f
bdb2023_sack,label1_set_coverage,10,boosted_structure,relnet,0.06471627582479095,0.062387433494872954,0.036648859420017214,1.0373287086751113,-0.17958932843697017,0.26235688229037885,0.835613303578821,1.2999904032051768,0.95,BCa,0.007519955698540525,0.024982638171189793,0.03186110039575818,0.9810858659340038,0,0,False,1e-12,100,10000,complete_repeat_5x6_vector,delete_one_complete_repeat_5x6_vector,809a3f2f1d77cce8aa4e86320f229cd025238ab79be8d1df66d61a601099ba7f
bdb2023_sack,label1_set_coverage,10,boosted_structure,attn_relnet,0.06471627582479095,0.062319974466099395,0.0377307363743437,1.0384515779927843,-0.17359904898895256,0.2616880713742163,0.8406338831019402,1.2991212461158796,0.95,BCa,0.011781425432631174,0.02819938612537481,0.033256813926127726,0.9821186192838165,0,0,False,1e-12,100,10000,complete_repeat_5x6_vector,delete_one_complete_repeat_5x6_vector,809a3f2f1d77cce8aa4e86320f229cd025238ab79be8d1df66d61a601099ba7f
bdb2023_sack,label1_set_coverage,10,boosted_structure,set_transformer,0.06471627582479095,0.07526722755788434,-0.15103208685872233,0.8598201092902064,-0.43088839225046816,0.07396993501485173,0.6499314441128603,1.076774431802265,0.95,BCa,-0.032591936696663076,-0.03898050349043235,0.014155699122881393,0.9608042019843888,0,0,False,1e-12,100,10000,complete_repeat_5x6_vector,delete_one_complete_repeat_5x6_vector,809a3f2f1d77cce8aa4e86320f229cd025238ab79be8d1df66d61a601099ba7f
bdb2023_sack,label1_set_coverage,10,relnet,attn_relnet,0.062387433494872954,0.062319974466099395,0.0010818769543266395,1.0010824623943044,-0.02737503208113141,0.056766967585509774,0.9729962682748516,1.0584091380183356,0.95,BCa,0.08683835485087758,0.08332451207692797,0.06258814457816386,0.994682931413393,0,0,False,1e-12,100,10000,complete_repeat_5x6_vector,delete_one_complete_repeat_5x6_vector,809a3f2f1d77cce8aa4e86320f229cd025238ab79be8d1df66d61a601099ba7f
bdb2023_sack,label1_set_coverage,10,relnet,set_transformer,0.062387433494872954,0.07526722755788434,-0.18768094627873955,0.8288791220175319,-0.4259491570031316,0.027628436950550693,0.6531495493569833,1.0280136415657806,0.95,BCa,-0.018800819591187675,-0.04248104556433664,0.01465967275935981,0.9620083867006262,0,0,False,1e-12,100,10000,complete_repeat_5x6_vector,delete_one_complete_repeat_5x6_vector,809a3f2f1d77cce8aa4e86320f229cd025238ab79be8d1df66d61a601099ba7f
bdb2023_sack,label1_set_coverage,10,attn_relnet,set_transformer,0.062319974466099395,0.07526722755788434,-0.18876282323306615,0.827982861706606,-0.4144189710478638,0.018880642703365442,0.660724069011596,1.0190600091104753,0.95,BCa,-0.01153074557586483,-0.04819687443545346,0.014261181960732061,0.9616061002450818,0,0,False,1e-12,100,10000,complete_repeat_5x6_vector,delete_one_complete_repeat_5x6_vector,809a3f2f1d77cce8aa4e86320f229cd025238ab79be8d1df66d61a601099ba7f
bdb2023_sack,label1_set_coverage,20,linear_structure,boosted_structure,0.06716363786753832,0.07349910893149977,-0.09014128484602264,0.9138020697656888,-0.3032794254753505,0.1006175612583775,0.7383927417985906,1.1058536396080227,0.95,BCa,0.0032586225240238288,0.00643572887723538,0.026858434806686315,0.9767927108408253,0,0,False,1e-12,100,10000,complete_repeat_5x6_vector,delete_one_complete_repeat_5x6_vector,809a3f2f1d77cce8aa4e86320f229cd025238ab79be8d1df66d61a601099ba7f
bdb2023_sack,label1_set_coverage,20,linear_structure,relnet,0.06716363786753832,0.06412074718537622,0.04636401732259242,1.0474556335621752,-0.19409595802987042,0.2824898827536737,0.8235788714707725,1.3264283552264593,0.95,BCa,0.016043109130585577,3.5492462060333136e-05,0.02694350957233621,0.976824826490814,0,0,False,1e-12,100,10000,complete_repeat_5x6_vector,delete_one_complete_repeat_5x6_vector,809a3f2f1d77cce8aa4e86320f229cd025238ab79be8d1df66d61a601099ba7f
bdb2023_sack,label1_set_coverage,20,linear_structure,attn_relnet,0.06716363786753832,0.06477119420974932,0.03627102719470091,1.0369368464944697,-0.20611900983871914,0.2707119341740669,0.8137362279028374,1.3108973912492499,0.95,BCa,0.009023984261129213,0.0011855135924392403,0.02634736820715039,0.9762949893700354,0,0,False,1e-12,100,10000,complete_repeat_5x6_vector,delete_one_complete_repeat_5x6_vector,809a3f2f1d77cce8aa4e86320f229cd025238ab79be8d1df66d61a601099ba7f
bdb2023_sack,label1_set_coverage,20,linear_structure,set_transformer,0.06716363786753832,0.06794841001309718,-0.011616743039307553,0.98845047079972,-0.20612581460303994,0.15802687879076704,0.8137306906384271,1.17119767466184,0.95,BCa,-0.026322636310952777,-0.014690136408784669,0.01911832988062817,0.9681239709263203,0,0,False,1e-12,100,10000,complete_repeat_5x6_vector,delete_one_complete_repeat_5x6_vector,809a3f2f1d77cce8aa4e86320f229cd025238ab79be8d1df66d61a601099ba7f
bdb2023_sack,label1_set_coverage,20,boosted_structure,relnet,0.07349910893149977,0.06412074718537622,0.1365053021686151,1.1462609554285175,-0.08607275596755361,0.321561507123828,0.9175274731925889,1.3792798389530274,0.95,BCa,-0.038109972728680656,-0.022023197636498112,0.01666215083042305,0.9645177009224992,0,0,False,1e-12,100,10000,complete_repeat_5x6_vector,delete_one_complete_repeat_5x6_vector,809a3f2f1d77cce8aa4e86320f229cd025238ab79be8d1df66d61a601099ba7f
bdb2023_sack,label1_set_coverage,20,boosted_structure,attn_relnet,0.07349910893149977,0.06477119420974932,0.1264123120407235,1.134749942906514,-0.09154721594986456,0.3049774831300291,0.9125182297198509,1.3565944564013404,0.95,BCa,-0.0393642276393018,-0.023083383492402926,0.01636301466425627,0.9640461834437803,0,0,False,1e-12,100,10000,complete_repeat_5x6_vector,delete_one_complete_repeat_5x6_vector,809a3f2f1d77cce8aa4e86320f229cd025238ab79be8d1df66d61a601099ba7f
bdb2023_sack,label1_set_coverage,20,boosted_structure,set_transformer,0.07349910893149977,0.06794841001309718,0.07852454180671518,1.0816899014610157,-0.10704708135681452,0.2808721843194521,0.8984833701783331,1.324284328814754,0.95,BCa,-0.0233137547405855,-0.007094700065938379,0.020930669978103222,0.9704257312712476,0,0,False,1e-12,100,10000,complete_repeat_5x6_vector,delete_one_complete_repeat_5x6_vector,809a3f2f1d77cce8aa4e86320f229cd025238ab79be8d1df66d61a601099ba7f
bdb2023_sack,label1_set_coverage,20,relnet,attn_relnet,0.06412074718537622,0.06477119420974932,-0.010092990127891537,0.9899577731689376,-0.038339293691460434,0.013863659391548317,0.9623863538712587,1.0139602055625596,0.95,BCa,-0.0025066308995717666,-0.00906207136895686,0.02272261961624128,0.9726236384303926,0,0,False,1e-12,100,10000,complete_repeat_5x6_vector,delete_one_complete_repeat_5x6_vector,809a3f2f1d77cce8aa4e86320f229cd025238ab79be8d1df66d61a601099ba7f
bdb2023_sack,label1_set_coverage,20,relnet,set_transformer,0.06412074718537622,0.06794841001309718,-0.05798076036190011,0.9436681030949338,-0.2849536692138073,0.1893107740305593,0.7520490965381408,1.2084164385814278,0.95,BCa,0.0017546406925954574,0.0011259942871873182,0.025460407934669194,0.9754553976110225,0,0,False,1e-12,100,10000,complete_repeat_5x6_vector,delete_one_complete_repeat_5x6_vector,809a3f2f1d77cce8aa4e86320f229cd025238ab79be8d1df66d61a601099ba7f
bdb2023_sack,label1_set_coverage,20,attn_relnet,set_transformer,0.06477119420974932,0.06794841001309718,-0.04788777023400852,0.9532407630622196,-0.27797220588061405,0.19448408507019735,0.7573178702051169,1.2146841511182145,0.95,BCa,-0.005765276969606943,-0.0002851978597590488,0.024270736864469677,0.9742533002770506,0,0,False,1e-12,100,10000,complete_repeat_5x6_vector,delete_one_complete_repeat_5x6_vector,809a3f2f1d77cce8aa4e86320f229cd025238ab79be8d1df66d61a601099ba7f
bdb2023_sack,label1_set_coverage,30,linear_structure,boosted_structure,0.07589014249104335,0.06927103731198421,0.0912599141818505,1.0955537182047368,-0.12172378774261207,0.31616763112142415,0.8853928911001292,1.371860202816587,0.95,BCa,-0.00701861679253328,-0.007940059019008502,0.022470361140170092,0.9723241861096483,0,0,False,1e-12,100,10000,complete_repeat_5x6_vector,delete_one_complete_repeat_5x6_vector,809a3f2f1d77cce8aa4e86320f229cd025238ab79be8d1df66d61a601099ba7f
bdb2023_sack,label1_set_coverage,30,linear_structure,relnet,0.07589014249104335,0.05395670374078615,0.34110485862711126,1.4065007168641699,0.14746218620108897,0.5403647644178516,1.1588894619881265,1.716632914602854,0.95,BCa,0.0007519885532624761,0.007157094748965173,0.026718821983479468,0.9766700511731531,0,0,False,1e-12,100,10000,complete_repeat_5x6_vector,delete_one_complete_repeat_5x6_vector,809a3f2f1d77cce8aa4e86320f229cd025238ab79be8d1df66d61a601099ba7f
bdb2023_sack,label1_set_coverage,30,linear_structure,attn_relnet,0.07589014249104335,0.05521480501298456,0.3180556769347728,1.3744527844152794,0.12412352824483726,0.5348118994025102,1.132155715570047,1.7071271004240924,0.95,BCa,0.013536206042278273,0.018548439174474164,0.031085939743331348,0.9803971759182614,0,0,False,1e-12,100,10000,complete_repeat_5x6_vector,delete_one_complete_repeat_5x6_vector,809a3f2f1d77cce8aa4e86320f229cd025238ab79be8d1df66d61a601099ba7f
bdb2023_sack,label1_set_coverage,30,linear_structure,set_transformer,0.07589014249104335,0.057021933044519225,0.28585081693729764,1.330893893614462,0.10601360678539867,0.5026490662983814,1.1118370049311304,1.6530946327592606,0.95,BCa,0.015792414544589822,0.012752657261993778,0.029962650474449126,0.9794548154358658,0,0,False,1e-12,100,10000,complete_repeat_5x6_vector,delete_one_complete_repeat_5x6_vector,809a3f2f1d77cce8aa4e86320f229cd025238ab79be8d1df66d61a601099ba7f
bdb2023_sack,label1_set_coverage,30,boosted_structure,relnet,0.06927103731198421,0.05395670374078615,0.24984494444526087,1.283826336849074,-0.0013419443531880897,0.4901926519108311,0.998658955651505,1.6326307190876908,0.95,BCa,0.007519955698540525,0.009352814556802366,0.02807238987834315,0.9778840900513799,0,0,False,1e-12,100,10000,complete_repeat_5x6_vector,delete_one_complete_repeat_5x6_vector,809a3f2f1d77cce8aa4e86320f229cd025238ab79be8d1df66d61a601099ba7f
bdb2023_sack,label1_set_coverage,30,boosted_structure,attn_relnet,0.06927103731198421,0.05521480501298456,0.22679576275292246,1.2545736111119858,-0.018495154774487065,0.46676453424118874,0.9816748310162051,1.5948258323268893,0.95,BCa,0.008522639306813042,0.012270126709228014,0.02889515241941981,0.9786038770058403,0,0,False,1e-12,100,10000,complete_repeat_5x6_vector,delete_one_complete_repeat_5x6_vector,809a3f2f1d77cce8aa4e86320f229cd025238ab79be8d1df66d61a601099ba7f
bdb2023_sack,label1_set_coverage,30,boosted_structure,set_transformer,0.06927103731198421,0.057021933044519225,0.19459090275544733,1.2148139077975775,-0.0057155924483504005,0.4107650211153608,0.9943007104750904,1.5079709735859894,0.95,BCa,0.02055579937118015,0.008752108748997272,0.029614983102376258,0.9791253709919658,0,0,False,1e-12,100,10000,complete_repeat_5x6_vector,delete_one_complete_repeat_5x6_vector,809a3f2f1d77cce8aa4e86320f229cd025238ab79be8d1df66d61a601099ba7f
bdb2023_sack,label1_set_coverage,30,relnet,attn_relnet,0.05395670374078615,0.05521480501298456,-0.023049181692338386,0.9772144215323672,-0.09077119115656289,0.01716143679626691,0.9132266413273875,1.017309540262467,0.95,BCa,-0.053416573903138934,-0.05516414325726282,0.01021499578459506,0.9527078117468994,0,0,False,1e-12,100,10000,complete_repeat_5x6_vector,delete_one_complete_repeat_5x6_vector,809a3f2f1d77cce8aa4e86320f229cd025238ab79be8d1df66d61a601099ba7f
bdb2023_sack,label1_set_coverage,30,relnet,set_transformer,0.05395670374078615,0.057021933044519225,-0.05525404168981357,0.9462447318062694,-0.2555636359909656,0.1507371879063189,0.7744798501995936,1.1626910486558513,0.95,BCa,-0.002255967360748947,-0.0051129153846373515,0.023607765032396866,0.9735692349899031,0,0,False,1e-12,100,10000,complete_repeat_5x6_vector,delete_one_complete_repeat_5x6_vector,809a3f2f1d77cce8aa4e86320f229cd025238ab79be8d1df66d61a601099ba7f
bdb2023_sack,label1_set_coverage,30,attn_relnet,set_transformer,0.05521480501298456,0.057021933044519225,-0.032204859997475174,0.9683081941448078,-0.23074144649841713,0.17695604911019241,0.7939447166865246,1.193578633131334,0.95,BCa,0.006015944146675264,-0.008319911469031492,0.023839310386124524,0.9738317979213906,0,0,False,1e-12,100,10000,complete_repeat_5x6_vector,delete_one_complete_repeat_5x6_vector,809a3f2f1d77cce8aa4e86320f229cd025238ab79be8d1df66d61a601099ba7f
bdb2023_sack,label1_set_coverage,40,linear_structure,boosted_structure,0.07074713016116235,0.06432058401192549,0.09523226799064229,1.0999143003435004,-0.11229457006994151,0.3213999217118933,0.8937809376058785,1.3790569854574988,0.95,BCa,0.015792414544589822,0.03864058229378744,0.036523988215605985,0.984413375401307,0,0,False,1e-12,100,10000,complete_repeat_5x6_vector,delete_one_complete_repeat_5x6_vector,809a3f2f1d77cce8aa4e86320f229cd025238ab79be8d1df66d61a601099ba7f
bdb2023_sack,label1_set_coverage,40,linear_structure,relnet,0.07074713016116235,0.05670130667443831,0.22131471673481,1.2477160458994516,-0.07879544636373724,0.5198469568949076,0.9242289595049293,1.6817702466619076,0.95,BCa,-0.009274657580969804,-0.0091677929544047,0.021967064335884412,0.9717489246712406,0,0,False,1e-12,100,10000,complete_repeat_5x6_vector,delete_one_complete_repeat_5x6_vector,809a3f2f1d77cce8aa4e86320f229cd025238ab79be8d1df66d61a601099ba7f
bdb2023_sack,label1_set_coverage,40,linear_structure,attn_relnet,0.07074713016116235,0.059499141526156624,0.1731500882918547,1.1890445533581515,-0.11632724687966707,0.46722117853219086,0.8901838657347544,1.5955542667434148,0.95,BCa,-0.0002506628300880075,-0.00015030763423536003,0.02493700184132802,0.9749369056914583,0,0,False,1e-12,100,10000,complete_repeat_5x6_vector,delete_one_complete_repeat_5x6_vector,809a3f2f1d77cce8aa4e86320f229cd025238ab79be8d1df66d61a601099ba7f
bdb2023_sack,label1_set_coverage,40,linear_structure,set_transformer,0.07074713016116235,0.06136578560904362,0.14225953040675335,1.1528758160432673,-0.10815267563997095,0.4054368874092038,0.8974905610239446,1.4999576695488595,0.95,BCa,-0.01504033667863567,0.0016110382896529277,0.02364015714007156,0.9735659404383565,0,0,False,1e-12,100,10000,complete_repeat_5x6_vector,delete_one_complete_repeat_5x6_vector,809a3f2f1d77cce8aa4e86320f229cd025238ab79be8d1df66d61a601099ba7f
bdb2023_sack,label1_set_coverage,40,boosted_structure,relnet,0.06432058401192549,0.05670130667443831,0.12608244874416785,1.134375692278747,-0.12780168205356995,0.3748682903796005,0.8800278871634193,1.45479979087092,0.95,BCa,-0.019051527317045187,-0.03720130232401861,0.01556741752944174,0.9633658566046794,0,0,False,1e-12,100,10000,complete_repeat_5x6_vector,delete_one_complete_repeat_5x6_vector,809a3f2f1d77cce8aa4e86320f229cd025238ab79be8d1df66d61a601099ba7f
bdb2023_sack,label1_set_coverage,40,boosted_structure,attn_relnet,0.06432058401192549,0.059499141526156624,0.07791782030121254,1.0810338159862238,-0.1661337034387237,0.3208946901918041,0.8469329887659506,1.3783604183790854,0.95,BCa,-0.008773311508328193,-0.02841102322108003,0.018123133905893207,0.9671110134938266,0,0,False,1e-12,100,10000,complete_repeat_5x6_vector,delete_one_complete_repeat_5x6_vector,809a3f2f1d77cce8aa4e86320f229cd025238ab79be8d1df66d61a601099ba7f
bdb2023_sack,label1_set_coverage,40,boosted_structure,set_transformer,0.06432058401192549,0.06136578560904362,0.04702726241611113,1.0481505838075087,-0.22502124573822774,0.2719840968421707,0.7984992538730391,1.3125661271988442,0.95,BCa,-0.042374695865204634,-0.0419621799320038,0.012927338294991209,0.9583992416550162,0,0,False,1e-12,100,10000,complete_repeat_5x6_vector,delete_one_complete_repeat_5x6_vector,809a3f2f1d77cce8aa4e86320f229cd025238ab79be8d1df66d61a601099ba7f
bdb2023_sack,label1_set_coverage,40,relnet,attn_relnet,0.05670130667443831,0.059499141526156624,-0.048164628442955236,0.9529768870616672,-0.16024531724989463,-0.004014245304980438,0.851934769034533,0.9959938010074791,0.95,BCa,-0.07954391893289826,-0.08005974768390235,0.005917023802807897,0.9400064872526632,0,0,False,1e-12,100,10000,complete_repeat_5x6_vector,delete_one_complete_repeat_5x6_vector,809a3f2f1d77cce8aa4e86320f229cd025238ab79be8d1df66d61a601099ba7f
bdb2023_sack,label1_set_coverage,40,relnet,set_transformer,0.05670130667443831,0.06136578560904362,-0.07905518632805664,0.9239889314817491,-0.3666143019381064,0.228424195209618,0.6930769119205913,1.2566182638372316,0.95,BCa,0.012282787382975733,0.0042946091932095564,0.027476850102430728,0.977324124624565,0,0,False,1e-12,100,10000,complete_repeat_5x6_vector,delete_one_complete_repeat_5x6_vector,809a3f2f1d77cce8aa4e86320f229cd025238ab79be8d1df66d61a601099ba7f
bdb2023_sack,label1_set_coverage,40,attn_relnet,set_transformer,0.059499141526156624,0.06136578560904362,-0.030890557885101342,0.9695816803392817,-0.3140513784048507,0.2556071365343164,0.7304814962212188,1.291245345158804,0.95,BCa,0.0012533144654324167,-0.005417636972319875,0.023938119446521022,0.9739224563409637,0,0,False,1e-12,100,10000,complete_repeat_5x6_vector,delete_one_complete_repeat_5x6_vector,809a3f2f1d77cce8aa4e86320f229cd025238ab79be8d1df66d61a601099ba7f
bdb2023_sack,label1_set_coverage,50,linear_structure,boosted_structure,0.06790975535552335,0.0656676482891457,0.03357330811450898,1.0341432520395015,-0.2076345922195132,0.25230799205876836,0.8125038777132225,1.2869923596761088,0.95,BCa,0.003759951271145795,0.004718241897697033,0.026522540135395345,0.9764749302328389,0,0,False,1e-12,100,10000,complete_repeat_5x6_vector,delete_one_complete_repeat_5x6_vector,809a3f2f1d77cce8aa4e86320f229cd025238ab79be8d1df66d61a601099ba7f
bdb2023_sack,label1_set_coverage,50,linear_structure,relnet,0.06790975535552335,0.0727190283480312,-0.06842339159090138,0.9338649992751441,-0.2986318510312993,0.20445515177423956,0.7418324640261234,1.226856432277663,0.95,BCa,0.02807792553819829,0.0007112151354112082,0.028640700186044366,0.9782529995440995,0,0,False,1e-12,100,10000,complete_repeat_5x6_vector,delete_one_complete_repeat_5x6_vector,809a3f2f1d77cce8aa4e86320f229cd025238ab79be8d1df66d61a601099ba7f
bdb2023_sack,label1_set_coverage,50,linear_structure,attn_relnet,0.06790975535552335,0.07314023113872467,-0.07419887630110952,0.9284870214139642,-0.3146513861364939,0.20352219442060854,0.7300433331394274,1.2257123613150132,0.95,BCa,0.017547298372150796,-0.0016256627436589878,0.026740140283044833,0.9766340361618607,0,0,False,1e-12,100,10000,complete_repeat_5x6_vector,delete_one_complete_repeat_5x6_vector,809a3f2f1d77cce8aa4e86320f229cd025238ab79be8d1df66d61a601099ba7f
bdb2023_sack,label1_set_coverage,50,linear_structure,set_transformer,0.06790975535552335,0.0668467200290936,0.015777458929933545,1.0159025802008996,-0.29889908320863817,0.3220121078347532,0.7416342490074361,1.3799014834752379,0.95,BCa,-0.0015039775317649809,-0.024564290012511054,0.019591323279286976,0.969053582971019,0,0,False,1e-12,100,10000,complete_repeat_5x6_vector,delete_one_complete_repeat_5x6_vector,809a3f2f1d77cce8aa4e86320f229cd025238ab79be8d1df66d61a601099ba7f
bdb2023_sack,label1_set_coverage,50,boosted_structure,relnet,0.0656676482891457,0.0727190283480312,-0.10199669970541037,0.9030325319373383,-0.3959778145969108,0.11921721846425389,0.6730216270278431,1.1266146132073505,0.95,BCa,-0.049651633197572514,-0.05412869300350871,0.01059588553123042,0.9536807067324256,0,0,False,1e-12,100,10000,complete_repeat_5x6_vector,delete_one_complete_repeat_5x6_vector,809a3f2f1d77cce8aa4e86320f229cd025238ab79be8d1df66d61a601099ba7f
bdb2023_sack,label1_set_coverage,50,boosted_structure,attn_relnet,0.0656676482891457,0.07314023113872467,-0.10777218441561846,0.8978321132810511,-0.40126821439746074,0.1170918186760064,0.6694704753351159,1.1242226495869287,0.95,BCa,-0.05191050974823991,-0.05527966611533093,0.010291814180379666,0.9529435765246027,0,0,False,1e-12,100,10000,complete_repeat_5x6_vector,delete_one_complete_repeat_5x6_vector,809a3f2f1d77cce8aa4e86320f229cd025238ab79be8d1df66d61a601099ba7f
bdb2023_sack,label1_set_coverage,50,boosted_structure,set_transformer,0.0656676482891457,0.0668467200290936,-0.017795849184575403,0.9823615618023632,-0.3304679964326865,0.27634648945755025,0.7185873584066017,1.3183045635350572,0.95,BCa,-0.0215586730390873,-0.03542996622622572,0.015671186477209886,0.9634556742957978,0,0,False,1e-12,100,10000,complete_repeat_5x6_vector,delete_one_complete_repeat_5x6_vector,809a3f2f1d77cce8aa4e86320f229cd025238ab79be8d1df66d61a601099ba7f
bdb2023_sack,label1_set_coverage,50,relnet,attn_relnet,0.0727190283480312,0.07314023113872467,-0.005775484710208099,0.9942411613398573,-0.041313755700402965,0.033156561874210816,0.9595280253259808,1.033712366518481,0.95,BCa,-0.014037579350310843,-0.013008846565374241,0.020671850393051916,0.9702070498996206,0,0,False,1e-12,100,10000,complete_repeat_5x6_vector,delete_one_complete_repeat_5x6_vector,809a3f2f1d77cce8aa4e86320f229cd025238ab79be8d1df66d61a601099ba7f
bdb2023_sack,label1_set_coverage,50,relnet,set_transformer,0.0727190283480312,0.0668467200290936,0.08420085052083488,1.087847366578073,-0.13904701657930632,0.41714991949825525,0.870187114274967,1.5176300182117874,0.95,BCa,0.04563647073493523,0.02907701292978755,0.038551143913650165,0.9852014361145373,0,0,False,1e-12,100,10000,complete_repeat_5x6_vector,delete_one_complete_repeat_5x6_vector,809a3f2f1d77cce8aa4e86320f229cd025238ab79be8d1df66d61a601099ba7f
bdb2023_sack,label1_set_coverage,50,attn_relnet,set_transformer,0.07314023113872467,0.0668467200290936,0.08997633523104301,1.0941483906299658,-0.14958139335897247,0.425665929346244,0.8610683499220818,1.530609358044396,0.95,BCa,0.04664018984972224,0.02330323540735303,0.0371293438111881,0.9842885846469306,0,0,False,1e-12,100,10000,complete_repeat_5x6_vector,delete_one_complete_repeat_5x6_vector,809a3f2f1d77cce8aa4e86320f229cd025238ab79be8d1df66d61a601099ba7f
bdb2023_sack,label1_set_coverage,60,linear_structure,boosted_structure,0.06939061633534999,0.06457454547483134,0.0719313468248423,1.0745815680947497,-0.26250671239641044,0.3627438948548082,0.7691212017048501,1.437267720443878,0.95,BCa,0.009776005984788104,-0.008605124507558655,0.024208054434906978,0.9742137836708832,0,0,False,1e-12,100,10000,complete_repeat_5x6_vector,delete_one_complete_repeat_5x6_vector,809a3f2f1d77cce8aa4e86320f229cd025238ab79be8d1df66d61a601099ba7f
bdb2023_sack,label1_set_coverage,60,linear_structure,relnet,0.06939061633534999,0.06241347519628502,0.1059704463444494,1.111789018591297,-0.13170656629220542,0.4001384181627746,0.8765981807984861,1.4920312075671323,0.95,BCa,0.0030079584654591762,0.00217556754030088,0.025848297981723944,0.975831797361516,0,0,False,1e-12,100,10000,complete_repeat_5x6_vector,delete_one_complete_repeat_5x6_vector,809a3f2f1d77cce8aa4e86320f229cd025238ab79be8d1df66d61a601099ba7f
bdb2023_sack,label1_set_coverage,60,linear_structure,attn_relnet,0.06939061633534999,0.060174115420171724,0.1425093636253849,1.153163878701384,-0.10502194758658788,0.420978262625169,0.900304762852689,1.5234511622198759,0.95,BCa,0.0032586225240238288,0.008395429105873053,0.02731403581411118,0.977216455018453,0,0,False,1e-12,100,10000,complete_repeat_5x6_vector,delete_one_complete_repeat_5x6_vector,809a3f2f1d77cce8aa4e86320f229cd025238ab79be8d1df66d61a601099ba7f
bdb2023_sack,label1_set_coverage,60,linear_structure,set_transformer,0.06939061633534999,0.05713011449206693,0.19442027026824157,1.2146066387629162,-0.025083021519070266,0.3969397727518061,0.975228943678976,1.4872663533940595,0.95,BCa,0.005263943686483789,0.010506177910417424,0.028060083321240603,0.977885995920742,0,0,False,1e-12,100,10000,complete_repeat_5x6_vector,delete_one_complete_repeat_5x6_vector,809a3f2f1d77cce8aa4e86320f229cd025238ab79be8d1df66d61a601099ba7f
bdb2023_sack,label1_set_coverage,60,boosted_structure,relnet,0.06457454547483134,0.06241347519628502,0.034039099519607034,1.0346250592800663,-0.3259687589088096,0.3667090347498092,0.7218277377656448,1.4429780015721867,0.95,BCa,-0.04061854447905144,-0.03806395083209618,0.013688399010685859,0.9597723619384697,0,0,False,1e-12,100,10000,complete_repeat_5x6_vector,delete_one_complete_repeat_5x6_vector,809a3f2f1d77cce8aa4e86320f229cd025238ab79be8d1df66d61a601099ba7f
bdb2023_sack,label1_set_coverage,60,boosted_structure,attn_relnet,0.06457454547483134,0.060174115420171724,0.07057801680054242,1.0731282882005522,-0.25116129652867397,0.39531765756323545,0.7778968893713868,1.4848557916857166,0.95,BCa,-0.029833301278993724,-0.018943287598936858,0.017971554862357686,0.9665403220341375,0,0,False,1e-12,100,10000,complete_repeat_5x6_vector,delete_one_complete_repeat_5x6_vector,809a3f2f1d77cce8aa4e86320f229cd025238ab79be8d1df66d61a601099ba7f
bdb2023_sack,label1_set_coverage,60,boosted_structure,set_transformer,0.06457454547483134,0.05713011449206693,0.12248892344339918,1.1303066000996398,-0.17643468459649114,0.42540131224644884,0.8382535282346252,1.530204386218749,0.95,BCa,-0.022561568390224718,0.00982720437705457,0.02458005947924341,0.9745572113266541,0,0,False,1e-12,100,10000,complete_repeat_5x6_vector,delete_one_complete_repeat_5x6_vector,809a3f2f1d77cce8aa4e86320f229cd025238ab79be8d1df66d61a601099ba7f
bdb2023_sack,label1_set_coverage,60,relnet,attn_relnet,0.06241347519628502,0.060174115420171724,0.036538917280935446,1.037214668806957,-0.005424739785047688,0.0868608063836486,0.9945899475455029,1.0907448444318584,0.95,BCa,0.08231025472694933,0.10903252566969912,0.06993653405985234,0.9966319689763161,0,0,False,1e-12,100,10000,complete_repeat_5x6_vector,delete_one_complete_repeat_5x6_vector,809a3f2f1d77cce8aa4e86320f229cd025238ab79be8d1df66d61a601099ba7f
bdb2023_sack,label1_set_coverage,60,relnet,set_transformer,0.06241347519628502,0.05713011449206693,0.08844982392379212,1.092479434903841,-0.23020187613461804,0.36757083853271355,0.7943732213199478,1.444222101480593,0.95,BCa,0.0077706258524470675,0.01939946463272475,0.03052121460717938,0.9799928230032374,0,0,False,1e-12,100,10000,complete_repeat_5x6_vector,delete_one_complete_repeat_5x6_vector,809a3f2f1d77cce8aa4e86320f229cd025238ab79be8d1df66d61a601099ba7f
bdb2023_sack,label1_set_coverage,60,attn_relnet,set_transformer,0.060174115420171724,0.05713011449206693,0.05191090664285679,1.0532818979126584,-0.2588503281098139,0.3218267770373136,0.7719385518999471,1.3796457689295396,0.95,BCa,0.002255967360748947,0.0009457390308701016,0.02547895278710577,0.9754731182988426,0,0,False,1e-12,100,10000,complete_repeat_5x6_vector,delete_one_complete_repeat_5x6_vector,809a3f2f1d77cce8aa4e86320f229cd025238ab79be8d1df66d61a601099ba7f
bdb2023_sack,game_equal_label0_set_coverage,10,linear_structure,boosted_structure,0.06535342475638663,0.06431154194546652,0.016070728448889536,1.0162005571535444,-0.25242347454095687,0.3846574969680353,0.776915664392361,1.4691110602693902,0.95,BCa,0.04664018984972224,0.069914310938736,0.05040510271734705,0.9913598498476307,0,0,False,1e-12,100,10000,complete_repeat_5x6_vector,delete_one_complete_repeat_5x6_vector,809a3f2f1d77cce8aa4e86320f229cd025238ab79be8d1df66d61a601099ba7f
bdb2023_sack,game_equal_label0_set_coverage,10,linear_structure,relnet,0.06535342475638663,0.05856390277669914,0.10969133185941324,1.1159335641542805,-0.14291848161822102,0.49275097482970165,0.8668247281645611,1.6368128630307182,0.95,BCa,0.06798195358342042,0.08763139605169612,0.05998176910915198,0.9943648545880451,0,0,False,1e-12,100,10000,complete_repeat_5x6_vector,delete_one_complete_repeat_5x6_vector,809a3f2f1d77cce8aa4e86320f229cd025238ab79be8d1df66d61a601099ba7f
bdb2023_sack,game_equal_label0_set_coverage,10,linear_structure,attn_relnet,0.06535342475638663,0.05845068814188299,0.11162638404827925,1.1180950444543605,-0.14630460052352326,0.49710463048173725,0.8638945203806908,1.6439545174748655,0.95,BCa,0.05893987196606896,0.08569140552466221,0.05753765798201749,0.9937935925311605,0,0,False,1e-12,100,10000,complete_repeat_5x6_vector,delete_one_complete_repeat_5x6_vector,809a3f2f1d77cce8aa4e86320f229cd025238ab79be8d1df66d61a601099ba7f
bdb2023_sack,game_equal_label0_set_coverage,10,linear_structure,set_transformer,0.06535342475638663,0.06379776882631882,0.024091626703785996,1.0243841745359916,-0.28434189797061454,0.40053784357496686,0.7525093193100468,1.4926272817828883,0.95,BCa,0.0411202889985466,0.04461450620841908,0.04213698746499611,0.9874015057002661,0,0,False,1e-12,100,10000,complete_repeat_5x6_vector,delete_one_complete_repeat_5x6_vector,809a3f2f1d77cce8aa4e86320f229cd025238ab79be8d1df66d61a601099ba7f
bdb2023_sack,game_equal_label0_set_coverage,10,boosted_structure,relnet,0.06431154194546652,0.05856390277669914,0.09362060341052357,1.098143035150557,-0.13112343219360625,0.3331673884993669,0.8771095041590337,1.395380849628834,0.95,BCa,0.02105723355782968,0.011374664855364643,0.030326898944554703,0.9797075904385382,0,0,False,1e-12,100,10000,complete_repeat_5x6_vector,delete_one_complete_repeat_5x6_vector,809a3f2f1d77cce8aa4e86320f229cd025238ab79be8d1df66d61a601099ba7f
bdb2023_sack,game_equal_label0_set_coverage,10,boosted_structure,attn_relnet,0.06431154194546652,0.05845068814188299,0.09555565559938967,1.1002700565193846,-0.13056826586119452,0.3364933300560866,0.8775965810174075,1.4000295311202784,0.95,BCa,0.017798000347151635,0.008445935561989693,0.02917733963029112,0.9787788919564439,0,0,False,1e-12,100,10000,complete_repeat_5x6_vector,delete_one_complete_repeat_5x6_vector,809a3f2f1d77cce8aa4e86320f229cd025238ab79be8d1df66d61a601099ba7f
bdb2023_sack,game_equal_label0_set_coverage,10,boosted_structure,set_transformer,0.06431154194546652,0.06379776882631882,0.008020898254896304,1.008053151835864,-0.30045958832610364,0.24434769944712487,0.740477827502085,1.2767881918682131,0.95,BCa,-0.03459837159864899,-0.042013150467054346,0.01349758116939892,0.9596534432859423,0,0,False,1e-12,100,10000,complete_repeat_5x6_vector,delete_one_complete_repeat_5x6_vector,809a3f2f1d77cce8aa4e86320f229cd025238ab79be8d1df66d61a601099ba7f
bdb2023_sack,game_equal_label0_set_coverage,10,relnet,attn_relnet,0.05856390277669914,0.05845068814188299,0.0019350521888661918,1.0019369256105477,-0.017033230294553996,0.039381328458161245,0.9831110150234937,1.040167053332377,0.95,BCa,0.08910306697329583,0.03961345096914156,0.04919875059665885,0.9898075625012998,0,0,False,1e-12,100,10000,complete_repeat_5x6_vector,delete_one_complete_repeat_5x6_vector,809a3f2f1d77cce8aa4e86320f229cd025238ab79be8d1df66d61a601099ba7f
bdb2023_sack,game_equal_label0_set_coverage,10,relnet,set_transformer,0.05856390277669914,0.06379776882631882,-0.08559970515562722,0.9179616129857423,-0.3806320339305819,0.12391755001770997,0.6834293221591411,1.1319225401582753,0.95,BCa,-0.049902606759507376,-0.05700220637214083,0.010175111575512708,0.9527984434120368,0,0,False,1e-12,100,10000,complete_repeat_5x6_vector,delete_one_complete_repeat_5x6_vector,809a3f2f1d77cce8aa4e86320f229cd025238ab79be8d1df66d61a601099ba7f
bdb2023_sack,game_equal_label0_set_coverage,10,attn_relnet,set_transformer,0.05845068814188299,0.06379776882631882,-0.0875347573444933,0.9161870268693476,-0.38640229164608875,0.12684483730263796,0.6794971146757515,1.135240857081515,0.95,BCa,-0.04613832448205974,-0.054383825296134204,0.010783525122956605,0.9542244668571307,0,0,False,1e-12,100,10000,complete_repeat_5x6_vector,delete_one_complete_repeat_5x6_vector,809a3f2f1d77cce8aa4e86320f229cd025238ab79be8d1df66d61a601099ba7f
bdb2023_sack,game_equal_label0_set_coverage,20,linear_structure,boosted_structure,0.057365649946866874,0.06696912201929395,-0.1547859565645813,0.8565985071499027,-0.38624367139556814,0.029246259659005597,0.6796049052269655,1.0296781314414203,0.95,BCa,-0.040869415452702035,-0.021413558983936244,0.01653362659032931,0.964264539737897,0,0,False,1e-12,100,10000,complete_repeat_5x6_vector,delete_one_complete_repeat_5x6_vector,809a3f2f1d77cce8aa4e86320f229cd025238ab79be8d1df66d61a601099ba7f
bdb2023_sack,game_equal_label0_set_coverage,20,linear_structure,relnet,0.057365649946866874,0.0679531355503951,-0.16937259328622892,0.8441943036509862,-0.41766204260338774,0.08145244877967121,0.6585847644112967,1.084861629863092,0.95,BCa,0.0007519885532624761,-0.007995129545094981,0.023315425693633873,0.9732711979236093,0,0,False,1e-12,100,10000,complete_repeat_5x6_vector,delete_one_complete_repeat_5x6_vector,809a3f2f1d77cce8aa4e86320f229cd025238ab79be8d1df66d61a601099ba7f
bdb2023_sack,game_equal_label0_set_coverage,20,linear_structure,attn_relnet,0.057365649946866874,0.06849945839321508,-0.1773801473569074,0.8374613652791886,-0.4363992251198442,0.07895731352051039,0.6463596314186448,1.0821581275636645,0.95,BCa,-0.006266611701750475,-0.015068482555054762,0.02104993337311678,0.9707251955447247,0,0,False,1e-12,100,10000,complete_repeat_5x6_vector,delete_one_complete_repeat_5x6_vector,809a3f2f1d77cce8aa4e86320f229cd025238ab79be8d1df66d61a601099ba7f
bdb2023_sack,game_equal_label0_set_coverage,20,linear_structure,set_transformer,0.057365649946866874,0.05168059395551248,0.10436333885609556,1.110003689126487,-0.16989214097991143,0.30816265068650983,0.8437558183643775,1.3609223258869507,0.95,BCa,-0.03535082016400561,-0.03312599323566304,0.014932223021998203,0.9619612469365455,0,0,False,1e-12,100,10000,complete_repeat_5x6_vector,delete_one_complete_repeat_5x6_vector,809a3f2f1d77cce8aa4e86320f229cd025238ab79be8d1df66d61a601099ba7f
bdb2023_sack,game_equal_label0_set_coverage,20,boosted_structure,relnet,0.06696912201929395,0.0679531355503951,-0.014586636721647606,0.9855192328782033,-0.2574210367114904,0.2586373675534714,0.7730426658945658,1.2951640511507088,0.95,BCa,0.013786892263084145,0.009453760024172655,0.028898795145533673,0.9785697566610101,0,0,False,1e-12,100,10000,complete_repeat_5x6_vector,delete_one_complete_repeat_5x6_vector,809a3f2f1d77cce8aa4e86320f229cd025238ab79be8d1df66d61a601099ba7f
bdb2023_sack,game_equal_label0_set_coverage,20,boosted_structure,attn_relnet,0.06696912201929395,0.06849945839321508,-0.02259419079232621,0.9776591463667292,-0.273147169386141,0.256857209688823,0.7609807863123672,1.292860505624706,0.95,BCa,0.009525331483604745,0.003944471719279059,0.027050795805711347,0.9769477099652341,0,0,False,1e-12,100,10000,complete_repeat_5x6_vector,delete_one_complete_repeat_5x6_vector,809a3f2f1d77cce8aa4e86320f229cd025238ab79be8d1df66d61a601099ba7f
bdb2023_sack,game_equal_label0_set_coverage,20,boosted_structure,set_transformer,0.06696912201929395,0.05168059395551248,0.2591492954206768,1.2958272514619722,0.018958890048989905,0.48724120016188077,1.0191397509709739,1.6278191922838434,0.95,BCa,-0.002255967360748947,-0.0031507860417548787,0.024038743397801265,0.9740191133510685,0,0,False,1e-12,100,10000,complete_repeat_5x6_vector,delete_one_complete_repeat_5x6_vector,809a3f2f1d77cce8aa4e86320f229cd025238ab79be8d1df66d61a601099ba7f
bdb2023_sack,game_equal_label0_set_coverage,20,relnet,attn_relnet,0.0679531355503951,0.06849945839321508,-0.008007554070678644,0.9920244209861651,-0.04590605400488364,0.01734683680224612,0.955131688772891,1.0174981669424679,0.95,BCa,-0.07024331382191672,-0.08748074816642575,0.005560195206136653,0.9395967358703927,0,0,False,1e-12,100,10000,complete_repeat_5x6_vector,delete_one_complete_repeat_5x6_vector,809a3f2f1d77cce8aa4e86320f229cd025238ab79be8d1df66d61a601099ba7f
bdb2023_sack,game_equal_label0_set_coverage,20,relnet,set_transformer,0.0679531355503951,0.05168059395551248,0.2737359321423244,1.3148675421356477,0.012803907584649745,0.514270243531733,1.0128862285776297,1.6724175988104102,0.95,BCa,-0.003258622524023968,-0.0023063817417217475,0.02411076168097842,0.9740918013642803,0,0,False,1e-12,100,10000,complete_repeat_5x6_vector,delete_one_complete_repeat_5x6_vector,809a3f2f1d77cce8aa4e86320f229cd025238ab79be8d1df66d61a601099ba7f
bdb2023_sack,game_equal_label0_set_coverage,20,attn_relnet,set_transformer,0.06849945839321508,0.05168059395551248,0.2817434862130029,1.3254386830805498,0.01711097105198687,0.5334871774582157,1.0172582022747703,1.70486712893987,0.95,BCa,0.005263943686483789,0.003504969071255151,0.02642556884935171,0.9763789002505968,0,0,False,1e-12,100,10000,complete_repeat_5x6_vector,delete_one_complete_repeat_5x6_vector,809a3f2f1d77cce8aa4e86320f229cd025238ab79be8d1df66d61a601099ba7f
bdb2023_sack,game_equal_label0_set_coverage,30,linear_structure,boosted_structure,0.05505215675324875,0.06078703147066506,-0.09909542756073379,0.9056562793301747,-0.330212232307372,0.13756246775131714,0.71877117077909,1.1474733838152553,0.95,BCa,0.01955294637696234,0.014524331869235725,0.03090403054898222,0.9801889954341179,0,0,False,1e-12,100,10000,complete_repeat_5x6_vector,delete_one_complete_repeat_5x6_vector,809a3f2f1d77cce8aa4e86320f229cd025238ab79be8d1df66d61a601099ba7f
bdb2023_sack,game_equal_label0_set_coverage,30,linear_structure,relnet,0.05505215675324875,0.05397136206482011,0.019827466724755386,1.0200253365318184,-0.18971809376870874,0.2377216119254222,0.8271922917390178,1.26835604847339,0.95,BCa,0.01980365774256217,0.00958748425151728,0.029719894491405663,0.979218848302752,0,0,False,1e-12,100,10000,complete_repeat_5x6_vector,delete_one_complete_repeat_5x6_vector,809a3f2f1d77cce8aa4e86320f229cd025238ab79be8d1df66d61a601099ba7f
bdb2023_sack,game_equal_label0_set_coverage,30,linear_structure,attn_relnet,0.05505215675324875,0.05470483640475751,0.0063289180548658204,1.006348987974691,-0.20680122334298548,0.22933936114868672,0.8131812753788279,1.2577688044582003,0.95,BCa,0.02030508422389927,0.008054083295017203,0.029411211637430656,0.9789570561535571,0,0,False,1e-12,100,10000,complete_repeat_5x6_vector,delete_one_complete_repeat_5x6_vector,809a3f2f1d77cce8aa4e86320f229cd025238ab79be8d1df66d61a601099ba7f
bdb2023_sack,game_equal_label0_set_coverage,30,linear_structure,set_transformer,0.05505215675324875,0.07102373886544033,-0.25473313089596233,0.7751233268294857,-0.5624109061028139,0.01200807210990134,0.5698335911647842,1.0120804584577945,0.95,BCa,-0.01855011304703817,-0.033311864156681595,0.0163126281983364,0.9644575817297235,0,0,False,1e-12,100,10000,complete_repeat_5x6_vector,delete_one_complete_repeat_5x6_vector,809a3f2f1d77cce8aa4e86320f229cd025238ab79be8d1df66d61a601099ba7f
bdb2023_sack,game_equal_label0_set_coverage,30,boosted_structure,relnet,0.06078703147066506,0.05397136206482011,0.11892289428548936,1.1262830720792125,-0.07869605256258885,0.32108731238208676,0.9243208266997851,1.3786259467543802,0.95,BCa,-0.005514610154793434,-0.003927991394033407,0.023500815052894253,0.9734461808866535,0,0,False,1e-12,100,10000,complete_repeat_5x6_vector,delete_one_complete_repeat_5x6_vector,809a3f2f1d77cce8aa4e86320f229cd025238ab79be8d1df66d61a601099ba7f
bdb2023_sack,game_equal_label0_set_coverage,30,boosted_structure,attn_relnet,0.06078703147066506,0.05470483640475751,0.1054243456155996,1.1111820355499427,-0.09544348313683303,0.30861483567639203,0.9089697323199876,1.3615378536908411,0.95,BCa,-0.009274657580969804,-0.005753263315100271,0.02269190890469336,0.9725562293057476,0,0,False,1e-12,100,10000,complete_repeat_5x6_vector,delete_one_complete_repeat_5x6_vector,809a3f2f1d77cce8aa4e86320f229cd025238ab79be8d1df66d61a601099ba7f
bdb2023_sack,game_equal_label0_set_coverage,30,boosted_structure,set_transformer,0.06078703147066506,0.07102373886544033,-0.15563770333522853,0.8558692127688537,-0.44300388638688326,0.060520052341268483,0.6421047116156171,1.0623889007415326,0.95,BCa,-0.05517380213831681,-0.05929150267379777,0.009545425564672805,0.9511718395451962,0,0,False,1e-12,100,10000,complete_repeat_5x6_vector,delete_one_complete_repeat_5x6_vector,809a3f2f1d77cce8aa4e86320f229cd025238ab79be8d1df66d61a601099ba7f
bdb2023_sack,game_equal_label0_set_coverage,30,relnet,attn_relnet,0.05397136206482011,0.05470483640475751,-0.01349854866988963,0.9865921481875849,-0.035193920486123284,0.00551399074333493,0.9654181837405397,1.0055292207701687,0.95,BCa,-0.03309353280602721,-0.029395865174076986,0.01577023060045296,0.9633120679711988,0,0,False,1e-12,100,10000,complete_repeat_5x6_vector,delete_one_complete_repeat_5x6_vector,809a3f2f1d77cce8aa4e86320f229cd025238ab79be8d1df66d61a601099ba7f
bdb2023_sack,game_equal_label0_set_coverage,30,relnet,set_transformer,0.05397136206482011,0.07102373886544033,-0.2745605976207178,0.7599059543608765,-0.5245176367909236,-0.0338287218197949,0.5918407777416391,0.9667370714244433,0.95,BCa,-0.018800819591187675,-0.029552646592264923,0.0169833718813589,0.9653949810238207,0,0,False,1e-12,100,10000,complete_repeat_5x6_vector,delete_one_complete_repeat_5x6_vector,809a3f2f1d77cce8aa4e86320f229cd025238ab79be8d1df66d61a601099ba7f
bdb2023_sack,game_equal_label0_set_coverage,30,attn_relnet,set_transformer,0.05470483640475751,0.07102373886544033,-0.2610620489508281,0.7702331259749621,-0.5120433698010244,-0.017349139214978045,0.5992697970700763,0.9828004905353911,0.95,BCa,-0.017798000347151635,-0.02719611474193591,0.017516107038843487,0.9661448964581547,0,0,False,1e-12,100,10000,complete_repeat_5x6_vector,delete_one_complete_repeat_5x6_vector,809a3f2f1d77cce8aa4e86320f229cd025238ab79be8d1df66d61a601099ba7f
bdb2023_sack,game_equal_label0_set_coverage,40,linear_structure,boosted_structure,0.061790577792962945,0.06443564815063108,-0.041916132730760884,0.9589502017348416,-0.2662910996719328,0.21702469406959818,0.7662160497929462,1.242374781048279,0.95,BCa,0.03936422763930194,0.0374074568088554,0.03984397601382489,0.9861075116376035,0,0,False,1e-12,100,10000,complete_repeat_5x6_vector,delete_one_complete_repeat_5x6_vector,809a3f2f1d77cce8aa4e86320f229cd025238ab79be8d1df66d61a601099ba7f
bdb2023_sack,game_equal_label0_set_coverage,40,linear_structure,relnet,0.061790577792962945,0.07437693632199625,-0.18539500816540577,0.8307760557043674,-0.4590760764239144,0.11670544891716625,0.631867172876044,1.1237883678549916,0.95,BCa,0.00676794800892753,0.0076735061673456366,0.027581754766486943,0.9774454707031661,0,0,False,1e-12,100,10000,complete_repeat_5x6_vector,delete_one_complete_repeat_5x6_vector,809a3f2f1d77cce8aa4e86320f229cd025238ab79be8d1df66d61a601099ba7f
bdb2023_sack,game_equal_label0_set_coverage,40,linear_structure,attn_relnet,0.061790577792962945,0.07117927016086666,-0.14145073665672095,0.8680979399383406,-0.41641644404041617,0.15745704238901476,0.6594056077619621,1.1705304737089193,0.95,BCa,0.010026681100274767,0.0035783530244128323,0.027027280645219698,0.9769241385790428,0,0,False,1e-12,100,10000,complete_repeat_5x6_vector,delete_one_complete_repeat_5x6_vector,809a3f2f1d77cce8aa4e86320f229cd025238ab79be8d1df66d61a601099ba7f
bdb2023_sack,game_equal_label0_set_coverage,40,linear_structure,set_transformer,0.061790577792962945,0.07079228840488434,-0.13599918398944588,0.8728433447378101,-0.37722145317160044,0.14891993128109032,0.6857641924239417,1.1605800593302043,0.95,BCa,0.03986594683285613,0.023512506904801857,0.03614470054596397,0.9837566232490229,0,0,False,1e-12,100,10000,complete_repeat_5x6_vector,delete_one_complete_repeat_5x6_vector,809a3f2f1d77cce8aa4e86320f229cd025238ab79be8d1df66d61a601099ba7f
bdb2023_sack,game_equal_label0_set_coverage,40,boosted_structure,relnet,0.06443564815063108,0.07437693632199625,-0.14347887543464505,0.8663391010309046,-0.4197771642669034,0.10478430380294758,0.6571932496391217,1.11047106013699,0.95,BCa,-0.04112028899854674,-0.03214532500099737,0.014637087614206068,0.9613223672317837,0,0,False,1e-12,100,10000,complete_repeat_5x6_vector,delete_one_complete_repeat_5x6_vector,809a3f2f1d77cce8aa4e86320f229cd025238ab79be8d1df66d61a601099ba7f
bdb2023_sack,game_equal_label0_set_coverage,40,boosted_structure,attn_relnet,0.06443564815063108,0.07117927016086666,-0.09953460392596007,0.9052586238241155,-0.3793824516438091,0.1394793834990838,0.68428385712906,1.1496751031959134,0.95,BCa,-0.04513462848142131,-0.04016262565673274,0.01301224984521776,0.9584478775391345,0,0,False,1e-12,100,10000,complete_repeat_5x6_vector,delete_one_complete_repeat_5x6_vector,809a3f2f1d77cce8aa4e86320f229cd025238ab79be8d1df66d61a601099ba7f
bdb2023_sack,game_equal_label0_set_coverage,40,boosted_structure,set_transformer,0.06443564815063108,0.07079228840488434,-0.09408305125868496,0.9102071652508597,-0.3306792786927463,0.12877434958518302,0.7184355496832769,1.1374334328796172,0.95,BCa,-0.025068908258711057,-0.02113223209545394,0.017996070172555667,0.9666595487992338,0,0,False,1e-12,100,10000,complete_repeat_5x6_vector,delete_one_complete_repeat_5x6_vector,809a3f2f1d77cce8aa4e86320f229cd025238ab79be8d1df66d61a601099ba7f
bdb2023_sack,game_equal_label0_set_coverage,40,relnet,attn_relnet,0.07437693632199625,0.07117927016086666,0.043944271508684865,1.0449241212210072,-0.005405119901147588,0.24078716024662666,0.9946094614762319,1.2722502210659523,0.95,BCa,0.11076840536730806,0.14031043416511568,0.08731521206956289,0.9987753467500896,0,0,False,1e-12,100,10000,complete_repeat_5x6_vector,delete_one_complete_repeat_5x6_vector,809a3f2f1d77cce8aa4e86320f229cd025238ab79be8d1df66d61a601099ba7f
bdb2023_sack,game_equal_label0_set_coverage,40,relnet,set_transformer,0.07437693632199625,0.07079228840488434,0.049395824175959904,1.0506361356283629,-0.1841205564057876,0.2780970177809259,0.8318355146816873,1.3206143140643978,0.95,BCa,0.01855011304703803,0.00701730047077567,0.028929122538463414,0.9785622260884582,0,0,False,1e-12,100,10000,complete_repeat_5x6_vector,delete_one_complete_repeat_5x6_vector,809a3f2f1d77cce8aa4e86320f229cd025238ab79be8d1df66d61a601099ba7f
bdb2023_sack,game_equal_label0_set_coverage,40,attn_relnet,set_transformer,0.07117927016086666,0.07079228840488434,0.005451552667275037,1.0054664394201955,-0.21579329999822353,0.2359053468963747,0.8059018645754706,1.2660544685104738,0.95,BCa,0.030084076620189106,0.01039248111046469,0.03131206664123093,0.980403678759218,0,0,False,1e-12,100,10000,complete_repeat_5x6_vector,delete_one_complete_repeat_5x6_vector,809a3f2f1d77cce8aa4e86320f229cd025238ab79be8d1df66d61a601099ba7f
bdb2023_sack,game_equal_label0_set_coverage,50,linear_structure,boosted_structure,0.06520079760126027,0.06744091702041867,-0.03378020916962415,0.9667839715394116,-0.24165108911098535,0.2191136486568402,0.7853301399921255,1.244972758129555,0.95,BCa,0.02807792553819829,0.059062831981292634,0.044008616786799626,0.9887142582250152,0,0,False,1e-12,100,10000,complete_repeat_5x6_vector,delete_one_complete_repeat_5x6_vector,809a3f2f1d77cce8aa4e86320f229cd025238ab79be8d1df66d61a601099ba7f
bdb2023_sack,game_equal_label0_set_coverage,50,linear_structure,relnet,0.06520079760126027,0.07031586471230473,-0.07552574293395337,0.9272558599403903,-0.32945709672755424,0.22414672892160709,0.7193141454478365,1.251254601197945,0.95,BCa,0.0233137547405855,0.04746970897278895,0.040034526638186685,0.9865413125920952,0,0,False,1e-12,100,10000,complete_repeat_5x6_vector,delete_one_complete_repeat_5x6_vector,809a3f2f1d77cce8aa4e86320f229cd025238ab79be8d1df66d61a601099ba7f
bdb2023_sack,game_equal_label0_set_coverage,50,linear_structure,attn_relnet,0.06520079760126027,0.07123853256909099,-0.08856215779082892,0.9152462192848372,-0.3464355861697565,0.21032173743921767,0.7072043715624946,1.2340750442355009,0.95,BCa,0.01704589771498929,0.042920733441114516,0.03784003560275445,0.9852734920899588,0,0,False,1e-12,100,10000,complete_repeat_5x6_vector,delete_one_complete_repeat_5x6_vector,809a3f2f1d77cce8aa4e86320f229cd025238ab79be8d1df66d61a601099ba7f
bdb2023_sack,game_equal_label0_set_coverage,50,linear_structure,set_transformer,0.06520079760126027,0.055583712050768126,0.1595814923944623,1.1730198505221863,-0.0917793693899517,0.4579767640060629,0.9123064100619617,1.5808722694961816,0.95,BCa,0.01654450134317476,0.04688530572929295,0.03881697333680717,0.9859153834312733,0,0,False,1e-12,100,10000,complete_repeat_5x6_vector,delete_one_complete_repeat_5x6_vector,809a3f2f1d77cce8aa4e86320f229cd025238ab79be8d1df66d61a601099ba7f
bdb2023_sack,game_equal_label0_set_coverage,50,boosted_structure,relnet,0.06744091702041867,0.07031586471230473,-0.04174553376432929,0.9591138116035574,-0.23586528514448737,0.1605209850232557,0.7898870762890063,1.1741224118682112,0.95,BCa,-0.0040106159912038294,0.0013120516420416415,0.02482672514896167,0.9748248110729112,0,0,False,1e-12,100,10000,complete_repeat_5x6_vector,delete_one_complete_repeat_5x6_vector,809a3f2f1d77cce8aa4e86320f229cd025238ab79be8d1df66d61a601099ba7f
bdb2023_sack,game_equal_label0_set_coverage,50,boosted_structure,attn_relnet,0.06744091702041867,0.07123853256909099,-0.05478194862120476,0.9466915528476224,-0.2633162559859178,0.1603119468180022,0.7684988165244128,1.1738770010774957,0.95,BCa,-0.002757294595891845,-0.004583227387019113,0.0236672609948409,0.9736303052105059,0,0,False,1e-12,100,10000,complete_repeat_5x6_vector,delete_one_complete_repeat_5x6_vector,809a3f2f1d77cce8aa4e86320f229cd025238ab79be8d1df66d61a601099ba7f
bdb2023_sack,game_equal_label0_set_coverage,50,boosted_structure,set_transformer,0.06744091702041867,0.055583712050768126,0.1933617015640863,1.2133215744716834,-0.028499640749268532,0.4104382264477593,0.9719026433028094,1.5074782572258483,0.95,BCa,-0.012282787382975733,-0.013111887009853003,0.020830756903895187,0.9704129478309262,0,0,False,1e-12,100,10000,complete_repeat_5x6_vector,delete_one_complete_repeat_5x6_vector,809a3f2f1d77cce8aa4e86320f229cd025238ab79be8d1df66d61a601099ba7f
bdb2023_sack,game_equal_label0_set_coverage,50,relnet,attn_relnet,0.07031586471230473,0.07123853256909099,-0.013036414856875525,0.9870481911472362,-0.08735271384619481,0.026378944881367744,0.9163538279428795,1.0267299488225947,0.95,BCa,-0.07149977955531359,-0.08864521738434454,0.005399524920994547,0.9389673247606012,0,0,False,1e-12,100,10000,complete_repeat_5x6_vector,delete_one_complete_repeat_5x6_vector,809a3f2f1d77cce8aa4e86320f229cd025238ab79be8d1df66d61a601099ba7f
bdb2023_sack,game_equal_label0_set_coverage,50,relnet,set_transformer,0.07031586471230473,0.055583712050768126,0.23510723532841557,1.2650444189132384,0.01967946480034334,0.433506395919805,1.0198743819901195,1.5426572182579381,0.95,BCa,-0.014789645968119597,-0.014869098346280883,0.020217289943337602,0.9696521631172608,0,0,False,1e-12,100,10000,complete_repeat_5x6_vector,delete_one_complete_repeat_5x6_vector,809a3f2f1d77cce8aa4e86320f229cd025238ab79be8d1df66d61a601099ba7f
bdb2023_sack,game_equal_label0_set_coverage,50,attn_relnet,set_transformer,0.07123853256909099,0.055583712050768126,0.24814365018529114,1.2816440273730607,0.02863868384997896,0.4613503665391324,1.0290527139311871,1.5862145104210157,0.95,BCa,0.0017546406925954574,-0.006749538915933975,0.023701422814966455,0.9736785154703792,0,0,False,1e-12,100,10000,complete_repeat_5x6_vector,delete_one_complete_repeat_5x6_vector,809a3f2f1d77cce8aa4e86320f229cd025238ab79be8d1df66d61a601099ba7f
bdb2023_sack,game_equal_label0_set_coverage,60,linear_structure,boosted_structure,0.05663026212460107,0.06354584158397343,-0.11521805131349769,0.8911718015374196,-0.32667228104196183,0.08749928975719325,0.7213200945658547,1.0914414892542097,0.95,BCa,-0.0233137547405855,-0.017721190389178368,0.018816262655590554,0.9677766174244522,0,0,False,1e-12,100,10000,complete_repeat_5x6_vector,delete_one_complete_repeat_5x6_vector,809a3f2f1d77cce8aa4e86320f229cd025238ab79be8d1df66d61a601099ba7f
bdb2023_sack,game_equal_label0_set_coverage,60,linear_structure,relnet,0.05663026212460107,0.057054572508093745,-0.007464713391986112,0.9925630783854794,-0.24119758896890717,0.20426981274517075,0.7856863680908317,1.2266290689679962,0.95,BCa,-0.03510000177270884,-0.015131168689235301,0.018207410028961146,0.9667684934394521,0,0,False,1e-12,100,10000,complete_repeat_5x6_vector,delete_one_complete_repeat_5x6_vector,809a3f2f1d77cce8aa4e86320f229cd025238ab79be8d1df66d61a601099ba7f
bdb2023_sack,game_equal_label0_set_coverage,60,linear_structure,attn_relnet,0.05663026212460107,0.05717392680148177,-0.009554460478656521,0.9904910383579495,-0.2594879986258263,0.20023731588325355,0.771446466356123,1.221692650831238,0.95,BCa,-0.0421238092207306,-0.030160240825115123,0.01489491490839312,0.9617071276043461,0,0,False,1e-12,100,10000,complete_repeat_5x6_vector,delete_one_complete_repeat_5x6_vector,809a3f2f1d77cce8aa4e86320f229cd025238ab79be8d1df66d61a601099ba7f
bdb2023_sack,game_equal_label0_set_coverage,60,linear_structure,set_transformer,0.05663026212460107,0.06915198575666096,-0.19976326551467333,0.8189245978253958,-0.37826054051384633,0.00953481044530178,0.6850519936142929,1.0095804115678704,0.95,BCa,0.0010026514778481883,0.008826556415909558,0.027135813941758846,0.9770607084121594,0,0,False,1e-12,100,10000,complete_repeat_5x6_vector,delete_one_complete_repeat_5x6_vector,809a3f2f1d77cce8aa4e86320f229cd025238ab79be8d1df66d61a601099ba7f
bdb2023_sack,game_equal_label0_set_coverage,60,boosted_structure,relnet,0.06354584158397343,0.057054572508093745,0.1077533379215116,1.1137729859418162,-0.1343873745646993,0.3402291812167092,0.8742513362693742,1.4052696150613855,0.95,BCa,-0.010026681100274767,0.004785474516302102,0.024903427982513382,0.9749012766084977,0,0,False,1e-12,100,10000,complete_repeat_5x6_vector,delete_one_complete_repeat_5x6_vector,809a3f2f1d77cce8aa4e86320f229cd025238ab79be8d1df66d61a601099ba7f
bdb2023_sack,game_equal_label0_set_coverage,60,boosted_structure,attn_relnet,0.06354584158397343,0.05717392680148177,0.1056635908348412,1.1114479123432628,-0.15117254989214265,0.33792112152007897,0.8596993448311293,1.4020299090555906,0.95,BCa,-0.024567428181125114,-0.006719710868959264,0.0208791341437225,0.970351299843359,0,0,False,1e-12,100,10000,complete_repeat_5x6_vector,delete_one_complete_repeat_5x6_vector,809a3f2f1d77cce8aa4e86320f229cd025238ab79be8d1df66d61a601099ba7f
bdb2023_sack,game_equal_label0_set_coverage,60,boosted_structure,set_transformer,0.06354584158397343,0.06915198575666096,-0.08454521420117564,0.9189301057468545,-0.2823363538386421,0.08899843886706212,0.7540200243460898,1.093078949883446,0.95,BCa,-0.01504033667863567,-0.0011600404783293297,0.023044356005279876,0.9729168989609165,0,0,False,1e-12,100,10000,complete_repeat_5x6_vector,delete_one_complete_repeat_5x6_vector,809a3f2f1d77cce8aa4e86320f229cd025238ab79be8d1df66d61a601099ba7f
bdb2023_sack,game_equal_label0_set_coverage,60,relnet,attn_relnet,0.057054572508093745,0.05717392680148177,-0.0020897470866705114,0.9979124349145644,-0.037114731602932105,0.02186608009709453,0.9635655775836935,1.0221068948484033,0.95,BCa,-0.0687357011322444,-0.07342644749390942,0.0070928727547383,0.9442950758732002,0,0,False,1e-12,100,10000,complete_repeat_5x6_vector,delete_one_complete_repeat_5x6_vector,809a3f2f1d77cce8aa4e86320f229cd025238ab79be8d1df66d61a601099ba7f
bdb2023_sack,game_equal_label0_set_coverage,60,relnet,set_transformer,0.057054572508093745,0.06915198575666096,-0.1922985521226873,0.8250605081517569,-0.40333291103641716,0.023598811045640784,0.6680896478802492,1.0238794663490876,0.95,BCa,0.004762611726370971,0.0021049361761717456,0.026042837660714524,0.976015803017174,0,0,False,1e-12,100,10000,complete_repeat_5x6_vector,delete_one_complete_repeat_5x6_vector,809a3f2f1d77cce8aa4e86320f229cd025238ab79be8d1df66d61a601099ba7f
bdb2023_sack,game_equal_label0_set_coverage,60,attn_relnet,set_transformer,0.05717392680148177,0.06915198575666096,-0.1902088050360168,0.8267864787378804,-0.4033392925338285,0.04201158901185442,0.6680853844814941,1.0429065649372737,0.95,BCa,0.013536206042278273,0.016040599098087104,0.030467941491967576,0.9798933934649074,0,0,False,1e-12,100,10000,complete_repeat_5x6_vector,delete_one_complete_repeat_5x6_vector,809a3f2f1d77cce8aa4e86320f229cd025238ab79be8d1df66d61a601099ba7f
bdb2023_sack,game_equal_label1_set_coverage,10,linear_structure,boosted_structure,0.07671833610908467,0.06612839475481094,0.14854251519447031,1.160142120393801,-0.08728171514070021,0.37400139201883564,0.9164188901880786,1.4535391738093526,0.95,BCa,-0.00726928601715347,-0.02662849235941851,0.018614140226903386,0.9677645315475222,0,0,False,1e-12,100,10000,complete_repeat_5x6_vector,delete_one_complete_repeat_5x6_vector,809a3f2f1d77cce8aa4e86320f229cd025238ab79be8d1df66d61a601099ba7f
bdb2023_sack,game_equal_label1_set_coverage,10,linear_structure,relnet,0.07671833610908467,0.0655132782391069,0.15788789919842944,1.171034913396978,-0.031134083392706322,0.35363401665510014,0.9693455912164411,1.4242338452180057,0.95,BCa,0.0005013256759256268,-0.001644281305612312,0.024690055014534695,0.9746888222653016,0,0,False,1e-12,100,10000,complete_repeat_5x6_vector,delete_one_complete_repeat_5x6_vector,809a3f2f1d77cce8aa4e86320f229cd025238ab79be8d1df66d61a601099ba7f
bdb2023_sack,game_equal_label1_set_coverage,10,linear_structure,attn_relnet,0.07671833610908467,0.06520976435204476,0.1625315247818229,1.1764854063098458,-0.021742137826760977,0.35311728890873556,0.9784925187299811,1.4234980941807287,0.95,BCa,0.009023984261129213,-0.0020627145527963974,0.025600053885504737,0.9755835270621407,0,0,False,1e-12,100,10000,complete_repeat_5x6_vector,delete_one_complete_repeat_5x6_vector,809a3f2f1d77cce8aa4e86320f229cd025238ab79be8d1df66d61a601099ba7f
bdb2023_sack,game_equal_label1_set_coverage,10,linear_structure,set_transformer,0.07671833610908467,0.07855720689853689,-0.023686367176425794,0.9765919530231355,-0.27623823633075995,0.16180860501106542,0.7586321754849754,1.1756352090988302,0.95,BCa,-0.029331756209256744,-0.05758109587758298,0.01142388448339371,0.9561955964400283,0,0,False,1e-12,100,10000,complete_repeat_5x6_vector,delete_one_complete_repeat_5x6_vector,809a3f2f1d77cce8aa4e86320f229cd025238ab79be8d1df66d61a601099ba7f
bdb2023_sack,game_equal_label1_set_coverage,10,boosted_structure,relnet,0.06612839475481094,0.0655132782391069,0.009345384003959331,1.0093891884551867,-0.21884783523598705,0.24352971297522932,0.8034439647138695,1.275744223434027,0.95,BCa,0.0015039775317651199,0.020925614377679404,0.030063972487165913,0.9796673311077506,0,0,False,1e-12,100,10000,complete_repeat_5x6_vector,delete_one_complete_repeat_5x6_vector,809a3f2f1d77cce8aa4e86320f229cd025238ab79be8d1df66d61a601099ba7f
bdb2023_sack,game_equal_label1_set_coverage,10,boosted_structure,attn_relnet,0.06612839475481094,0.06520976435204476,0.013989009587352483,1.0140873136392092,-0.20747576215240077,0.24223588986983868,0.8126329380077051,1.274094703404848,0.95,BCa,0.0007519885532624761,0.02337974760392669,0.030558552512065018,0.9800927084126985,0,0,False,1e-12,100,10000,complete_repeat_5x6_vector,delete_one_complete_repeat_5x6_vector,809a3f2f1d77cce8aa4e86320f229cd025238ab79be8d1df66d61a601099ba7f
bdb2023_sack,game_equal_label1_set_coverage,10,boosted_structure,set_transformer,0.06612839475481094,0.07855720689853689,-0.17222888237089612,0.8417864810318577,-0.44747495509774793,0.05009432616412407,0.6392402257588204,1.0513702634229498,0.95,BCa,-0.024818167439752018,-0.028517168960261952,0.016640386655035533,0.9647839652869705,0,0,False,1e-12,100,10000,complete_repeat_5x6_vector,delete_one_complete_repeat_5x6_vector,809a3f2f1d77cce8aa4e86320f229cd025238ab79be8d1df66d61a601099ba7f
bdb2023_sack,game_equal_label1_set_coverage,10,relnet,attn_relnet,0.0655132782391069,0.06520976435204476,0.0046436255833933425,1.0046544239206812,-0.024244024605364883,0.0629824205103696,0.9760475010884326,1.0650081167675953,0.95,BCa,0.08256177071792013,0.08622392659479476,0.06260419900526126,0.994791936465538,0,0,False,1e-12,100,10000,complete_repeat_5x6_vector,delete_one_complete_repeat_5x6_vector,809a3f2f1d77cce8aa4e86320f229cd025238ab79be8d1df66d61a601099ba7f
bdb2023_sack,game_equal_label1_set_coverage,10,relnet,set_transformer,0.0655132782391069,0.07855720689853689,-0.18157426637485538,0.8339563080917922,-0.4099610609469749,0.034714477086988715,0.6636760925517359,1.035324057853163,0.95,BCa,-0.012533469508069278,-0.029304230784845165,0.017600398496936953,0.9663571625500378,0,0,False,1e-12,100,10000,complete_repeat_5x6_vector,delete_one_complete_repeat_5x6_vector,809a3f2f1d77cce8aa4e86320f229cd025238ab79be8d1df66d61a601099ba7f
bdb2023_sack,game_equal_label1_set_coverage,10,attn_relnet,set_transformer,0.06520976435204476,0.07855720689853689,-0.1862178919582487,0.830092704750419,-0.4029309589882836,0.023509983968191085,0.6683582418598852,1.0237885221676437,0.95,BCa,-0.0050132775489266585,-0.032241371427743956,0.01773729626388465,0.9666746705886681,0,0,False,1e-12,100,10000,complete_repeat_5x6_vector,delete_one_complete_repeat_5x6_vector,809a3f2f1d77cce8aa4e86320f229cd025238ab79be8d1df66d61a601099ba7f
bdb2023_sack,game_equal_label1_set_coverage,20,linear_structure,boosted_structure,0.06933034808310834,0.07427167412554297,-0.06884690888822803,0.9334695750349964,-0.2666898648372715,0.1153884383147533,0.7659105704344767,1.122309300846913,0.95,BCa,0.01027735684581974,0.019085583174568224,0.03077925163471512,0.9801809640237338,0,0,False,1e-12,100,10000,complete_repeat_5x6_vector,delete_one_complete_repeat_5x6_vector,809a3f2f1d77cce8aa4e86320f229cd025238ab79be8d1df66d61a601099ba7f
bdb2023_sack,game_equal_label1_set_coverage,20,linear_structure,relnet,0.06933034808310834,0.06571103690617637,0.05361583279118363,1.0550791974581029,-0.15759460122873484,0.28912029867723094,0.8541960017947412,1.335252347958391,0.95,BCa,0.022561568390224718,0.033509279056104714,0.036189195051921974,0.9840700690147197,0,0,False,1e-12,100,10000,complete_repeat_5x6_vector,delete_one_complete_repeat_5x6_vector,809a3f2f1d77cce8aa4e86320f229cd025238ab79be8d1df66d61a601099ba7f
bdb2023_sack,game_equal_label1_set_coverage,20,linear_structure,attn_relnet,0.06933034808310834,0.06660580598486845,0.04009098291599044,1.0409054744996082,-0.16948701084780526,0.2764195320260674,0.8440977185228886,1.3184008594032717,0.95,BCa,0.026573386823392803,0.03552207255984473,0.03732825592824707,0.9847653579593028,0,0,False,1e-12,100,10000,complete_repeat_5x6_vector,delete_one_complete_repeat_5x6_vector,809a3f2f1d77cce8aa4e86320f229cd025238ab79be8d1df66d61a601099ba7f
bdb2023_sack,game_equal_label1_set_coverage,20,linear_structure,set_transformer,0.06933034808310834,0.07062987949684375,-0.018570543688160975,0.9816008264067124,-0.2126793493888271,0.1566512877848244,0.8084153145262707,1.1695876932662321,0.95,BCa,-0.017296597500018798,-0.006028766565172875,0.021774218997703543,0.9714720196713105,0,0,False,1e-12,100,10000,complete_repeat_5x6_vector,delete_one_complete_repeat_5x6_vector,809a3f2f1d77cce8aa4e86320f229cd025238ab79be8d1df66d61a601099ba7f
bdb2023_sack,game_equal_label1_set_coverage,20,boosted_structure,relnet,0.07427167412554297,0.06571103690617637,0.12246274167941161,1.130277007066403,-0.07472624460650693,0.29322277793342333,0.9279974958783692,1.3407414447719692,0.95,BCa,-0.02531965065378632,-0.007689201419389089,0.020606588740834597,0.9700117967276788,0,0,False,1e-12,100,10000,complete_repeat_5x6_vector,delete_one_complete_repeat_5x6_vector,809a3f2f1d77cce8aa4e86320f229cd025238ab79be8d1df66d61a601099ba7f
bdb2023_sack,game_equal_label1_set_coverage,20,boosted_structure,attn_relnet,0.07427167412554297,0.06660580598486845,0.10893789180421837,1.1150930917706492,-0.08037085441940764,0.2727643056567164,0.9227740680815848,1.3135906024613053,0.95,BCa,-0.02105723355782982,-0.00732240452352486,0.021115438456950075,0.9706682874479304,0,0,False,1e-12,100,10000,complete_repeat_5x6_vector,delete_one_complete_repeat_5x6_vector,809a3f2f1d77cce8aa4e86320f229cd025238ab79be8d1df66d61a601099ba7f
bdb2023_sack,game_equal_label1_set_coverage,20,boosted_structure,set_transformer,0.07427167412554297,0.07062987949684375,0.0502763652000671,1.0515616712734441,-0.11695586562488987,0.24292964048277596,0.8896244553164178,1.2749789140616543,0.95,BCa,-0.009023984261129074,-0.007497060693100945,0.02234753968316333,0.972176650006894,0,0,False,1e-12,100,10000,complete_repeat_5x6_vector,delete_one_complete_repeat_5x6_vector,809a3f2f1d77cce8aa4e86320f229cd025238ab79be8d1df66d61a601099ba7f
bdb2023_sack,game_equal_label1_set_coverage,20,relnet,attn_relnet,0.06571103690617637,0.06660580598486845,-0.013524849875193189,0.9865661999661808,-0.04668678011141712,0.015907728547080294,0.9543862835448118,1.0160349300614764,0.95,BCa,-0.00701861679253328,-0.005121956346833751,0.023074942298848045,0.9729843217736995,0,0,False,1e-12,100,10000,complete_repeat_5x6_vector,delete_one_complete_repeat_5x6_vector,809a3f2f1d77cce8aa4e86320f229cd025238ab79be8d1df66d61a601099ba7f
bdb2023_sack,game_equal_label1_set_coverage,20,relnet,set_transformer,0.06571103690617637,0.07062987949684375,-0.07218637647934455,0.9303574828994691,-0.2849319510818948,0.15314054915193975,0.7520654298169877,1.165488775890754,0.95,BCa,-0.004762611726370971,-0.018956079098621074,0.020403130296660577,0.9699843074499357,0,0,False,1e-12,100,10000,complete_repeat_5x6_vector,delete_one_complete_repeat_5x6_vector,809a3f2f1d77cce8aa4e86320f229cd025238ab79be8d1df66d61a601099ba7f
bdb2023_sack,game_equal_label1_set_coverage,20,attn_relnet,set_transformer,0.06660580598486845,0.07062987949684375,-0.05866152660415132,0.9430259043248811,-0.27383662641701223,0.16492066257839916,0.7604563035838148,1.1792995524140018,0.95,BCa,-0.0025066308995717666,-0.020839193692771665,0.020247821290784396,0.9698252793296356,0,0,False,1e-12,100,10000,complete_repeat_5x6_vector,delete_one_complete_repeat_5x6_vector,809a3f2f1d77cce8aa4e86320f229cd025238ab79be8d1df66d61a601099ba7f
bdb2023_sack,game_equal_label1_set_coverage,30,linear_structure,boosted_structure,0.07676300618203091,0.07183578800976548,0.06634004164389723,1.0685900205005843,-0.1392829571965715,0.2854349665365837,0.8699818260089612,1.3303405559163206,0.95,BCa,-0.005263943686483789,-0.006265075044764323,0.023021986540271266,0.9729345608226758,0,0,False,1e-12,100,10000,complete_repeat_5x6_vector,delete_one_complete_repeat_5x6_vector,809a3f2f1d77cce8aa4e86320f229cd025238ab79be8d1df66d61a601099ba7f
bdb2023_sack,game_equal_label1_set_coverage,30,linear_structure,relnet,0.07676300618203091,0.057067092253254854,0.29649520104479954,1.3451361047338573,0.08868762922527136,0.5000011081886034,1.0927392631982666,1.648723097795263,0.95,BCa,-0.0015039775317649809,-0.005919483479225985,0.023515893593613224,0.973474875160524,0,0,False,1e-12,100,10000,complete_repeat_5x6_vector,delete_one_complete_repeat_5x6_vector,809a3f2f1d77cce8aa4e86320f229cd025238ab79be8d1df66d61a601099ba7f
bdb2023_sack,game_equal_label1_set_coverage,30,linear_structure,attn_relnet,0.07676300618203091,0.0582562313200692,0.2758717715892521,1.317678889324002,0.0714460198353681,0.49965287233461186,1.0740601711915907,1.6481490532565528,0.95,BCa,0.01504033667863567,0.007717571891487076,0.02864304660728556,0.9783401353908109,0,0,False,1e-12,100,10000,complete_repeat_5x6_vector,delete_one_complete_repeat_5x6_vector,809a3f2f1d77cce8aa4e86320f229cd025238ab79be8d1df66d61a601099ba7f
bdb2023_sack,game_equal_label1_set_coverage,30,linear_structure,set_transformer,0.07676300618203091,0.06113541054870166,0.22763158474728803,1.2556226496733838,0.05121373778138707,0.43656200527322153,1.0525478384825047,1.5473781851252149,0.95,BCa,0.02055579937118015,0.0097222290449885,0.029852835289667146,0.9793228118580122,0,0,False,1e-12,100,10000,complete_repeat_5x6_vector,delete_one_complete_repeat_5x6_vector,809a3f2f1d77cce8aa4e86320f229cd025238ab79be8d1df66d61a601099ba7f
bdb2023_sack,game_equal_label1_set_coverage,30,boosted_structure,relnet,0.07183578800976548,0.057067092253254854,0.23015515940090236,1.2587953087038228,-0.03089439252479936,0.47166464290477955,0.9695779623500084,1.6026598302501267,0.95,BCa,-0.001754640692595318,-0.000486474816261509,0.02468703452008003,0.974684320729295,0,0,False,1e-12,100,10000,complete_repeat_5x6_vector,delete_one_complete_repeat_5x6_vector,809a3f2f1d77cce8aa4e86320f229cd025238ab79be8d1df66d61a601099ba7f
bdb2023_sack,game_equal_label1_set_coverage,30,boosted_structure,attn_relnet,0.07183578800976548,0.0582562313200692,0.2095317299453548,1.2331005007015985,-0.04462378820967468,0.4537819810517191,0.9563572070194722,1.5742547426950266,0.95,BCa,0.0015039775317651199,0.002961450473720615,0.02584763547515795,0.9758336939124928,0,0,False,1e-12,100,10000,complete_repeat_5x6_vector,delete_one_complete_repeat_5x6_vector,809a3f2f1d77cce8aa4e86320f229cd025238ab79be8d1df66d61a601099ba7f
bdb2023_sack,game_equal_label1_set_coverage,30,boosted_structure,set_transformer,0.07183578800976548,0.06113541054870166,0.16129154310339078,1.175027490042611,-0.03333393937286744,0.35420817573842495,0.9672155143109886,1.425051816817457,0.95,BCa,0.009525331483604745,0.00011847858920534298,0.026161741017753648,0.9761186859282008,0,0,False,1e-12,100,10000,complete_repeat_5x6_vector,delete_one_complete_repeat_5x6_vector,809a3f2f1d77cce8aa4e86320f229cd025238ab79be8d1df66d61a601099ba7f
bdb2023_sack,game_equal_label1_set_coverage,30,relnet,attn_relnet,0.057067092253254854,0.0582562313200692,-0.020623429455547505,0.9795877790260578,-0.09887349049228145,0.025925003604230556,0.9058573003360159,1.0262639794877104,0.95,BCa,-0.06823319845380023,-0.04967578925057686,0.01007156939131354,0.951642907276453,0,0,False,1e-12,100,10000,complete_repeat_5x6_vector,delete_one_complete_repeat_5x6_vector,809a3f2f1d77cce8aa4e86320f229cd025238ab79be8d1df66d61a601099ba7f
bdb2023_sack,game_equal_label1_set_coverage,30,relnet,set_transformer,0.057067092253254854,0.06113541054870166,-0.06886361629751146,0.9334539793070351,-0.26343006171449196,0.13016187840252008,0.768411361933201,1.139012749966145,0.95,BCa,0.003509286787335955,0.00010643872766238895,0.02543717731625128,0.9754310390222005,0,0,False,1e-12,100,10000,complete_repeat_5x6_vector,delete_one_complete_repeat_5x6_vector,809a3f2f1d77cce8aa4e86320f229cd025238ab79be8d1df66d61a601099ba7f
bdb2023_sack,game_equal_label1_set_coverage,30,attn_relnet,set_transformer,0.0582562313200692,0.06113541054870166,-0.04824018684196405,0.9529048843740265,-0.2424250465887755,0.15048715321381054,0.7847225630074487,1.1624003718981695,0.95,BCa,0.002757294595891845,-0.003385098012550492,0.024562623301692565,0.974562006426267,0,0,False,1e-12,100,10000,complete_repeat_5x6_vector,delete_one_complete_repeat_5x6_vector,809a3f2f1d77cce8aa4e86320f229cd025238ab79be8d1df66d61a601099ba7f
bdb2023_sack,game_equal_label1_set_coverage,40,linear_structure,boosted_structure,0.0691376571899218,0.06589437789798266,0.04804642365864784,1.0492193627954174,-0.18173784768461385,0.281429694066895,0.8338198995838786,1.325022836079825,0.95,BCa,0.004261280963260362,0.035627297534958594,0.03407216699196358,0.9828397599660854,0,0,False,1e-12,100,10000,complete_repeat_5x6_vector,delete_one_complete_repeat_5x6_vector,809a3f2f1d77cce8aa4e86320f229cd025238ab79be8d1df66d61a601099ba7f
bdb2023_sack,game_equal_label1_set_coverage,40,linear_structure,relnet,0.0691376571899218,0.059398972932833215,0.1518226133762577,1.163953748292935,-0.13313654011674064,0.4600800035695406,0.8753455641632578,1.584200721637322,0.95,BCa,-0.0005013256759256268,0.012572489585983017,0.027822372197849166,0.9777023889418038,0,0,False,1e-12,100,10000,complete_repeat_5x6_vector,delete_one_complete_repeat_5x6_vector,809a3f2f1d77cce8aa4e86320f229cd025238ab79be8d1df66d61a601099ba7f
bdb2023_sack,game_equal_label1_set_coverage,40,linear_structure,attn_relnet,0.0691376571899218,0.06120072385550063,0.12194053174973536,1.1296869192782892,-0.15944883279432295,0.4215578249381071,0.8526135921353676,1.5243343530064264,0.95,BCa,0.005263943686483789,0.01631330349638307,0.02944380182777656,0.9791038561280089,0,0,False,1e-12,100,10000,complete_repeat_5x6_vector,delete_one_complete_repeat_5x6_vector,809a3f2f1d77cce8aa4e86320f229cd025238ab79be8d1df66d61a601099ba7f
bdb2023_sack,game_equal_label1_set_coverage,40,linear_structure,set_transformer,0.0691376571899218,0.06491730713459958,0.06298528686671438,1.065011169464743,-0.21286145982370475,0.34737190304888577,0.8082681070661947,1.415342997879318,0.95,BCa,-0.007519955698540525,0.003023310182811619,0.024801605161347218,0.9747978873058762,0,0,False,1e-12,100,10000,complete_repeat_5x6_vector,delete_one_complete_repeat_5x6_vector,809a3f2f1d77cce8aa4e86320f229cd025238ab79be8d1df66d61a601099ba7f
bdb2023_sack,game_equal_label1_set_coverage,40,boosted_structure,relnet,0.06589437789798266,0.059398972932833215,0.10377618971760988,1.1093521427128763,-0.1470858338447021,0.35392000069317303,0.8632198807551758,1.4246412116115879,0.95,BCa,-0.00726928601715347,-0.024241664119875578,0.019085396811572675,0.9683564634726884,0,0,False,1e-12,100,10000,complete_repeat_5x6_vector,delete_one_complete_repeat_5x6_vector,809a3f2f1d77cce8aa4e86320f229cd025238ab79be8d1df66d61a601099ba7f
bdb2023_sack,game_equal_label1_set_coverage,40,boosted_structure,attn_relnet,0.06589437789798266,0.06120072385550063,0.07389410809108742,1.076692786405012,-0.1772499462677411,0.3206591209345222,0.8375704107598487,1.3780357572806494,0.95,BCa,-0.013786892263084284,-0.021450687896876503,0.019002653997837515,0.9681589749442168,0,0,False,1e-12,100,10000,complete_repeat_5x6_vector,delete_one_complete_repeat_5x6_vector,809a3f2f1d77cce8aa4e86320f229cd025238ab79be8d1df66d61a601099ba7f
bdb2023_sack,game_equal_label1_set_coverage,40,boosted_structure,set_transformer,0.06589437789798266,0.06491730713459958,0.01493886320806662,1.0150510057565578,-0.26851380148059045,0.24626380997620645,0.7645148712998812,1.2792370045146761,0.95,BCa,-0.05040456332913908,-0.041519335044018627,0.012420740158159915,0.9571818490698527,0,0,False,1e-12,100,10000,complete_repeat_5x6_vector,delete_one_complete_repeat_5x6_vector,809a3f2f1d77cce8aa4e86320f229cd025238ab79be8d1df66d61a601099ba7f
bdb2023_sack,game_equal_label1_set_coverage,40,relnet,attn_relnet,0.059398972932833215,0.06120072385550063,-0.02988208162652236,0.9705599736545358,-0.13607277242638183,0.01952384658339253,0.872779115923659,1.0197156833058039,0.95,BCa,-0.06546973825647305,-0.0656266460764335,0.008166211256087186,0.9473333293805684,0,0,False,1e-12,100,10000,complete_repeat_5x6_vector,delete_one_complete_repeat_5x6_vector,809a3f2f1d77cce8aa4e86320f229cd025238ab79be8d1df66d61a601099ba7f
bdb2023_sack,game_equal_label1_set_coverage,40,relnet,set_transformer,0.059398972932833215,0.06491730713459958,-0.08883732650954326,0.9149944068024164,-0.3852851031482664,0.18489289411941212,0.6802566652381463,1.2030895752583417,0.95,BCa,-0.00701861679253328,-0.017414161749291647,0.020488301728591674,0.9700611928656562,0,0,False,1e-12,100,10000,complete_repeat_5x6_vector,delete_one_complete_repeat_5x6_vector,809a3f2f1d77cce8aa4e86320f229cd025238ab79be8d1df66d61a601099ba7f
bdb2023_sack,game_equal_label1_set_coverage,40,attn_relnet,set_transformer,0.06120072385550063,0.06491730713459958,-0.05895524488302095,0.9427489610529749,-0.34559344648977447,0.20299997854822865,0.7078001872704562,1.225072441967525,0.95,BCa,-0.015792414544589822,-0.021922437281547826,0.018716954604131975,0.9677641597849163,0,0,False,1e-12,100,10000,complete_repeat_5x6_vector,delete_one_complete_repeat_5x6_vector,809a3f2f1d77cce8aa4e86320f229cd025238ab79be8d1df66d61a601099ba7f
bdb2023_sack,game_equal_label1_set_coverage,50,linear_structure,boosted_structure,0.06537858781409446,0.06877469774219189,-0.050641110521181996,0.9506197767552822,-0.2917180592100347,0.17061059746615378,0.7469791101676432,1.1860288164623491,0.95,BCa,-0.003258622524023968,0.0051957860134887925,0.02578789794556896,0.9757831999844601,0,0,False,1e-12,100,10000,complete_repeat_5x6_vector,delete_one_complete_repeat_5x6_vector,809a3f2f1d77cce8aa4e86320f229cd025238ab79be8d1df66d61a601099ba7f
bdb2023_sack,game_equal_label1_set_coverage,50,linear_structure,relnet,0.06537858781409446,0.0760726561801761,-0.15149408457710958,0.8594229661081767,-0.4068688047203367,0.13862691203350155,0.6657315254060755,1.1486954555958877,0.95,BCa,0.01804870344078816,-0.00997726800960809,0.024867589585758687,0.9748721109441119,0,0,False,1e-12,100,10000,complete_repeat_5x6_vector,delete_one_complete_repeat_5x6_vector,809a3f2f1d77cce8aa4e86320f229cd025238ab79be8d1df66d61a601099ba7f
bdb2023_sack,game_equal_label1_set_coverage,50,linear_structure,attn_relnet,0.06537858781409446,0.0762461449417364,-0.15377205466752553,0.8574674544405307,-0.41383169314016927,0.1444306324734177,0.6611122116230431,1.1553815462238046,0.95,BCa,0.016043109130585577,-0.01108483714135288,0.024379790476999175,0.9743938193350484,0,0,False,1e-12,100,10000,complete_repeat_5x6_vector,delete_one_complete_repeat_5x6_vector,809a3f2f1d77cce8aa4e86320f229cd025238ab79be8d1df66d61a601099ba7f
bdb2023_sack,game_equal_label1_set_coverage,50,linear_structure,set_transformer,0.06537858781409446,0.06781119566406646,-0.036532507702120465,0.9641267518416424,-0.3293894249011756,0.2593931500518305,0.719362824396877,1.2961432834697848,0.95,BCa,0.0025066308995717666,-0.008461194577753996,0.023410436827804748,0.9733771567798554,0,0,False,1e-12,100,10000,complete_repeat_5x6_vector,delete_one_complete_repeat_5x6_vector,809a3f2f1d77cce8aa4e86320f229cd025238ab79be8d1df66d61a601099ba7f
bdb2023_sack,game_equal_label1_set_coverage,50,boosted_structure,relnet,0.06877469774219189,0.0760726561801761,-0.10085297405592764,0.9040659442638733,-0.4200126926071371,0.13751359405589747,0.6570384802308279,1.1474173039210196,0.95,BCa,-0.049651633197572514,-0.05870759659009616,0.009954061880172671,0.9523444882682948,0,0,False,1e-12,100,10000,complete_repeat_5x6_vector,delete_one_complete_repeat_5x6_vector,809a3f2f1d77cce8aa4e86320f229cd025238ab79be8d1df66d61a601099ba7f
bdb2023_sack,game_equal_label1_set_coverage,50,boosted_structure,attn_relnet,0.06877469774219189,0.0762461449417364,-0.10313094414634347,0.9020088529688441,-0.4197795421770549,0.13763394011305993,0.6571916868944799,1.1475553993789216,0.95,BCa,-0.048898731212656525,-0.059772261236066965,0.009853240832479904,0.952167945691075,0,0,False,1e-12,100,10000,complete_repeat_5x6_vector,delete_one_complete_repeat_5x6_vector,809a3f2f1d77cce8aa4e86320f229cd025238ab79be8d1df66d61a601099ba7f
bdb2023_sack,game_equal_label1_set_coverage,50,boosted_structure,set_transformer,0.06877469774219189,0.06781119566406646,0.014108602819061442,1.0142085988705842,-0.2727359491235029,0.2961535234671013,0.7612937813817238,1.3446765803969691,0.95,BCa,-0.006517279650583851,-0.01848087588035217,0.020321179240682052,0.9698685008584039,0,0,False,1e-12,100,10000,complete_repeat_5x6_vector,delete_one_complete_repeat_5x6_vector,809a3f2f1d77cce8aa4e86320f229cd025238ab79be8d1df66d61a601099ba7f
bdb2023_sack,game_equal_label1_set_coverage,50,relnet,attn_relnet,0.0760726561801761,0.0762461449417364,-0.002277970090415942,0.9977246225144514,-0.037879659045899274,0.04405125222376788,0.9628288016562891,1.0450359139304284,0.95,BCa,0.01504033667863567,0.004129521771406809,0.027785368149838563,0.9775870697578652,0,0,False,1e-12,100,10000,complete_repeat_5x6_vector,delete_one_complete_repeat_5x6_vector,809a3f2f1d77cce8aa4e86320f229cd025238ab79be8d1df66d61a601099ba7f
bdb2023_sack,game_equal_label1_set_coverage,50,relnet,set_transformer,0.0760726561801761,0.06781119566406646,0.11496157687498915,1.121830332516721,-0.10782293611987623,0.4591060103879165,0.8977865479274342,1.5826584721282992,0.95,BCa,0.057433346709609645,0.054158679990195024,0.047719881922275,0.9898912754600219,0,0,False,1e-12,100,10000,complete_repeat_5x6_vector,delete_one_complete_repeat_5x6_vector,809a3f2f1d77cce8aa4e86320f229cd025238ab79be8d1df66d61a601099ba7f
bdb2023_sack,game_equal_label1_set_coverage,50,attn_relnet,set_transformer,0.0762461449417364,0.06781119566406646,0.11723954696540494,1.1243887413437788,-0.12427467012456597,0.4577299184397064,0.8831372361514777,1.5804820863449522,0.95,BCa,0.050153583464733656,0.0476302747063057,0.04452629910871586,0.9884899724831808,0,0,False,1e-12,100,10000,complete_repeat_5x6_vector,delete_one_complete_repeat_5x6_vector,809a3f2f1d77cce8aa4e86320f229cd025238ab79be8d1df66d61a601099ba7f
bdb2023_sack,game_equal_label1_set_coverage,60,linear_structure,boosted_structure,0.06862482611836941,0.06999651146163641,-0.019791038512922205,0.9804035184807919,-0.3507229247680302,0.2552766625752565,0.7041788373426766,1.2908186927001184,0.95,BCa,0.0025066308995717666,-0.01021279601563191,0.023027945485295964,0.9729738755807908,0,0,False,1e-12,100,10000,complete_repeat_5x6_vector,delete_one_complete_repeat_5x6_vector,809a3f2f1d77cce8aa4e86320f229cd025238ab79be8d1df66d61a601099ba7f
bdb2023_sack,game_equal_label1_set_coverage,60,linear_structure,relnet,0.06862482611836941,0.06630021777067473,0.03446118422024804,1.0350618508635259,-0.1950283342027828,0.3033754877901505,0.8228113440222542,1.3544229382494735,0.95,BCa,-0.006266611701750475,-0.002232931563681356,0.023786222194881523,0.9737459717972811,0,0,False,1e-12,100,10000,complete_repeat_5x6_vector,delete_one_complete_repeat_5x6_vector,809a3f2f1d77cce8aa4e86320f229cd025238ab79be8d1df66d61a601099ba7f
bdb2023_sack,game_equal_label1_set_coverage,60,linear_structure,attn_relnet,0.06862482611836941,0.06415544155831009,0.06734545302933045,1.0696649333478152,-0.17538991835153772,0.3140287538786463,0.8391297648771675,1.368929098002635,0.95,BCa,-0.013786892263084284,0.0014233248178540203,0.02373914652777409,0.9736759522219249,0,0,False,1e-12,100,10000,complete_repeat_5x6_vector,delete_one_complete_repeat_5x6_vector,809a3f2f1d77cce8aa4e86320f229cd025238ab79be8d1df66d61a601099ba7f
bdb2023_sack,game_equal_label1_set_coverage,60,linear_structure,set_transformer,0.06862482611836941,0.0616410208842677,0.10732679367548531,1.113298013788804,-0.13273558515770426,0.2969392969225901,0.8756966086798964,1.3457336067973185,0.95,BCa,-0.018299407668827674,0.006363519529236394,0.024306595017900556,0.9742719406550576,0,0,False,1e-12,100,10000,complete_repeat_5x6_vector,delete_one_complete_repeat_5x6_vector,809a3f2f1d77cce8aa4e86320f229cd025238ab79be8d1df66d61a601099ba7f
bdb2023_sack,game_equal_label1_set_coverage,60,boosted_structure,relnet,0.06999651146163641,0.06630021777067473,0.054252222733170236,1.0557508529420938,-0.2856857172706689,0.38471281734072094,0.7514987619186267,1.4691923342887947,0.95,BCa,-0.03510000177270884,-0.03591692972456183,0.014475315256263555,0.9612427671024313,0,0,False,1e-12,100,10000,complete_repeat_5x6_vector,delete_one_complete_repeat_5x6_vector,809a3f2f1d77cce8aa4e86320f229cd025238ab79be8d1df66d61a601099ba7f
bdb2023_sack,game_equal_label1_set_coverage,60,boosted_structure,attn_relnet,0.06999651146163641,0.06415544155831009,0.08713649154225261,1.0910455880506635,-0.21989754962847932,0.40777091900521073,0.8026010205232761,1.5034627069851199,0.95,BCa,-0.021809394804630282,-0.014922562541586606,0.019509993676338933,0.9686889477803955,0,0,False,1e-12,100,10000,complete_repeat_5x6_vector,delete_one_complete_repeat_5x6_vector,809a3f2f1d77cce8aa4e86320f229cd025238ab79be8d1df66d61a601099ba7f
bdb2023_sack,game_equal_label1_set_coverage,60,boosted_structure,set_transformer,0.06999651146163641,0.0616410208842677,0.12711783218840736,1.1355508143360622,-0.13047081901218857,0.43131438709572284,0.8776821042058409,1.5392794034753932,0.95,BCa,-0.0050132775489266585,0.033111418110443644,0.03216016960087392,0.9814763372426669,0,0,False,1e-12,100,10000,complete_repeat_5x6_vector,delete_one_complete_repeat_5x6_vector,809a3f2f1d77cce8aa4e86320f229cd025238ab79be8d1df66d61a601099ba7f
bdb2023_sack,game_equal_label1_set_coverage,60,relnet,attn_relnet,0.06630021777067473,0.06415544155831009,0.03288426880908242,1.033430932127796,-0.00971326853942703,0.08233253123884302,0.9903337528863683,1.0858168178145906,0.95,BCa,0.08105275255257917,0.12013462227020628,0.0732718678383889,0.9973243642880446,0,0,False,1e-12,100,10000,complete_repeat_5x6_vector,delete_one_complete_repeat_5x6_vector,809a3f2f1d77cce8aa4e86320f229cd025238ab79be8d1df66d61a601099ba7f
bdb2023_sack,game_equal_label1_set_coverage,60,relnet,set_transformer,0.06630021777067473,0.0616410208842677,0.07286560945523722,1.0755859786156814,-0.2258090934715606,0.3468373312036592,0.7978704057966004,1.4145865975544847,0.95,BCa,0.01980365774256217,0.03492490360991674,0.03614921300638385,0.9840884911007177,0,0,False,1e-12,100,10000,complete_repeat_5x6_vector,delete_one_complete_repeat_5x6_vector,809a3f2f1d77cce8aa4e86320f229cd025238ab79be8d1df66d61a601099ba7f
bdb2023_sack,game_equal_label1_set_coverage,60,attn_relnet,set_transformer,0.06415544155831009,0.0616410208842677,0.03998134064615481,1.0407913535170559,-0.24956828815523477,0.298485477221367,0.7791370731791576,1.3478159630217823,0.95,BCa,0.008271967640830167,0.01329675756652585,0.029109021299906224,0.9787913834709656,0,0,False,1e-12,100,10000,complete_repeat_5x6_vector,delete_one_complete_repeat_5x6_vector,809a3f2f1d77cce8aa4e86320f229cd025238ab79be8d1df66d61a601099ba7f
bdb2023_sack,set_singleton_rate,10,linear_structure,boosted_structure,0.10159838770524335,0.0939277865284591,0.0785014073649005,1.0816648774583881,-0.09961316322050459,0.274775618765907,0.9051875101386045,1.316235303229239,0.95,BCa,-0.0010026514778483275,0.007836954529106814,0.026661906484375164,0.9766219085981093,0,0,False,1e-12,100,10000,complete_repeat_5x6_vector,delete_one_complete_repeat_5x6_vector,809a3f2f1d77cce8aa4e86320f229cd025238ab79be8d1df66d61a601099ba7f
bdb2023_sack,set_singleton_rate,10,linear_structure,relnet,0.10159838770524335,0.08628812880066652,0.16333563469841422,1.1774318103472254,-0.020073079042004366,0.36135440241498756,0.9801270439440706,1.4352720346285865,0.95,BCa,0.016043109130585577,0.0013865864294066014,0.02726187313069256,0.977113421317596,0,0,False,1e-12,100,10000,complete_repeat_5x6_vector,delete_one_complete_repeat_5x6_vector,809a3f2f1d77cce8aa4e86320f229cd025238ab79be8d1df66d61a601099ba7f
bdb2023_sack,set_singleton_rate,10,linear_structure,attn_relnet,0.10159838770524335,0.08746437625856882,0.14979608398481517,1.1615973502731043,-0.03598466117913308,0.3488984573082117,0.9646550900412664,1.4175052457355724,0.95,BCa,0.013285520672133198,0.0013775141537285787,0.026915951737808252,0.97680971376692,0,0,False,1e-12,100,10000,complete_repeat_5x6_vector,delete_one_complete_repeat_5x6_vector,809a3f2f1d77cce8aa4e86320f229cd025238ab79be8d1df66d61a601099ba7f
bdb2023_sack,set_singleton_rate,10,linear_structure,set_transformer,0.10159838770524335,0.0956152629956865,0.06069520389510166,1.0625749961052429,-0.15845768732409776,0.2659112867293721,0.8534590751641874,1.3046193165065785,0.95,BCa,-0.0040106159912038294,-0.022463456494788793,0.019764837677872904,0.9692317074994274,0,0,False,1e-12,100,10000,complete_repeat_5x6_vector,delete_one_complete_repeat_5x6_vector,809a3f2f1d77cce8aa4e86320f229cd025238ab79be8d1df66d61a601099ba7f
bdb2023_sack,set_singleton_rate,10,boosted_structure,relnet,0.0939277865284591,0.08628812880066652,0.0848342273335138,1.088536602125663,-0.10602605304891256,0.2618090384880362,0.8994012156268193,1.299278406568956,0.95,BCa,-0.018299407668827674,-0.004284951530279475,0.02203231842565978,0.9717619678089637,0,0,False,1e-12,100,10000,complete_repeat_5x6_vector,delete_one_complete_repeat_5x6_vector,809a3f2f1d77cce8aa4e86320f229cd025238ab79be8d1df66d61a601099ba7f
bdb2023_sack,set_singleton_rate,10,boosted_structure,attn_relnet,0.0939277865284591,0.08746437625856882,0.07129467661991465,1.0738976317716216,-0.11833546285602295,0.25287203710255196,0.8883979780979306,1.2877184861027264,0.95,BCa,-0.011280066443693096,-0.004353368139811261,0.02277244624813274,0.9726348754201015,0,0,False,1e-12,100,10000,complete_repeat_5x6_vector,delete_one_complete_repeat_5x6_vector,809a3f2f1d77cce8aa4e86320f229cd025238ab79be8d1df66d61a601099ba7f
bdb2023_sack,set_singleton_rate,10,boosted_structure,set_transformer,0.0939277865284591,0.0956152629956865,-0.017806203469798935,0.9823513902032196,-0.23127161602763566,0.17612264380624104,0.7935239029510202,1.192584312761286,0.95,BCa,-0.009776005984788104,-0.025305812684570352,0.01863244074715048,0.9677490256197855,0,0,False,1e-12,100,10000,complete_repeat_5x6_vector,delete_one_complete_repeat_5x6_vector,809a3f2f1d77cce8aa4e86320f229cd025238ab79be8d1df66d61a601099ba7f
bdb2023_sack,set_singleton_rate,10,relnet,attn_relnet,0.08628812880066652,0.08746437625856882,-0.01353955071359909,0.9865516967225035,-0.02870398752882293,0.005203568360175728,0.9717040584183919,1.00521713043554,0.95,BCa,0.03384594262165119,0.008675040116664104,0.031399125115142756,0.9804317373494824,0,0,False,1e-12,100,10000,complete_repeat_5x6_vector,delete_one_complete_repeat_5x6_vector,809a3f2f1d77cce8aa4e86320f229cd025238ab79be8d1df66d61a601099ba7f
bdb2023_sack,set_singleton_rate,10,relnet,set_transformer,0.08628812880066652,0.0956152629956865,-0.10264043080331255,0.9024514088776732,-0.30514901816196116,0.10281607818435803,0.7370135378052637,1.1082875520708764,0.95,BCa,0.004010615991203968,-0.011408305800968292,0.022935182333738646,0.972881910006126,0,0,False,1e-12,100,10000,complete_repeat_5x6_vector,delete_one_complete_repeat_5x6_vector,809a3f2f1d77cce8aa4e86320f229cd025238ab79be8d1df66d61a601099ba7f
bdb2023_sack,set_singleton_rate,10,attn_relnet,set_transformer,0.08746437625856882,0.0956152629956865,-0.08910088008971355,0.914753288525856,-0.29397075185275445,0.11672778758297091,0.745298289718627,1.1238134720681727,0.95,BCa,-0.0025066308995717666,-0.010007880342792088,0.022519359487755408,0.9724026821676217,0,0,False,1e-12,100,10000,complete_repeat_5x6_vector,delete_one_complete_repeat_5x6_vector,809a3f2f1d77cce8aa4e86320f229cd025238ab79be8d1df66d61a601099ba7f
bdb2023_sack,set_singleton_rate,20,linear_structure,boosted_structure,0.09423529172768612,0.10692521397720817,-0.12633489709021004,0.881319645970248,-0.2908321470332542,0.030318965071941036,0.7476411612734091,1.0307832653822062,0.95,BCa,-0.011781425432631035,0.0009566576379951764,0.02386218466433332,0.9738125142648022,0,0,False,1e-12,100,10000,complete_repeat_5x6_vector,delete_one_complete_repeat_5x6_vector,809a3f2f1d77cce8aa4e86320f229cd025238ab79be8d1df66d61a601099ba7f
bdb2023_sack,set_singleton_rate,20,linear_structure,relnet,0.09423529172768612,0.09158671905253084,0.028508485551709244,1.0289187417406682,-0.16783425220449227,0.19953816774623898,0.8454939618317437,1.2208388052074741,0.95,BCa,-0.02080651581056588,-0.010553679125201196,0.020483297841401293,0.9699092472215474,0,0,False,1e-12,100,10000,complete_repeat_5x6_vector,delete_one_complete_repeat_5x6_vector,809a3f2f1d77cce8aa4e86320f229cd025238ab79be8d1df66d61a601099ba7f
bdb2023_sack,set_singleton_rate,20,linear_structure,attn_relnet,0.09423529172768612,0.09107551148150045,0.03410579928437887,1.0346940708296488,-0.17090848997000058,0.21031133096282484,0.8428987036281301,1.2340622019295078,0.95,BCa,-0.023063024512527855,-0.01456848231308995,0.019457556013911692,0.968605518002454,0,0,False,1e-12,100,10000,complete_repeat_5x6_vector,delete_one_complete_repeat_5x6_vector,809a3f2f1d77cce8aa4e86320f229cd025238ab79be8d1df66d61a601099ba7f
bdb2023_sack,set_singleton_rate,20,linear_structure,set_transformer,0.09423529172768612,0.09794287865271264,-0.03858967963415513,0.9621454160217922,-0.21328054681844866,0.1287218017792665,0.8079294433839861,1.1373736648186972,0.95,BCa,-0.03535082016400561,-0.033840630453784645,0.01480941204659808,0.9617675930225478,0,0,False,1e-12,100,10000,complete_repeat_5x6_vector,delete_one_complete_repeat_5x6_vector,809a3f2f1d77cce8aa4e86320f229cd025238ab79be8d1df66d61a601099ba7f
bdb2023_sack,set_singleton_rate,20,boosted_structure,relnet,0.10692521397720817,0.09158671905253084,0.15484338264191924,1.1674750999201065,-0.004482333915289976,0.29827807756107316,0.9955276967508461,1.3475364554348042,0.95,BCa,-0.014037579350310843,-0.015295433205799876,0.020206810986048096,0.9696479595731,0,0,False,1e-12,100,10000,complete_repeat_5x6_vector,delete_one_complete_repeat_5x6_vector,809a3f2f1d77cce8aa4e86320f229cd025238ab79be8d1df66d61a601099ba7f
bdb2023_sack,set_singleton_rate,20,boosted_structure,attn_relnet,0.10692521397720817,0.09107551148150045,0.16044069637458894,1.174028146950645,-0.007948600682010072,0.3117579431147028,0.9920829059113495,1.3658240458989728,0.95,BCa,-0.017798000347151635,-0.018166914054421866,0.019260425790934343,0.9684281032422886,0,0,False,1e-12,100,10000,complete_repeat_5x6_vector,delete_one_complete_repeat_5x6_vector,809a3f2f1d77cce8aa4e86320f229cd025238ab79be8d1df66d61a601099ba7f
bdb2023_sack,set_singleton_rate,20,boosted_structure,set_transformer,0.10692521397720817,0.09794287865271264,0.08774521745605494,1.091709937956237,-0.15450083981407955,0.27235598148465356,0.8568427725531702,1.313054341157803,0.95,BCa,-0.048898731212656525,-0.05628082540490328,0.010338351316614869,0.9531877118239074,0,0,False,1e-12,100,10000,complete_repeat_5x6_vector,delete_one_complete_repeat_5x6_vector,809a3f2f1d77cce8aa4e86320f229cd025238ab79be8d1df66d61a601099ba7f
bdb2023_sack,set_singleton_rate,20,relnet,attn_relnet,0.09158671905253084,0.09107551148150045,0.00559731373266951,1.0056130079613577,-0.026914559621935393,0.02959438491097397,0.9734444094297041,1.0300366508015752,0.95,BCa,-0.015792414544589822,-0.07053687581502056,0.010403040723737433,0.9548594558019885,0,0,False,1e-12,100,10000,complete_repeat_5x6_vector,delete_one_complete_repeat_5x6_vector,809a3f2f1d77cce8aa4e86320f229cd025238ab79be8d1df66d61a601099ba7f
bdb2023_sack,set_singleton_rate,20,relnet,set_transformer,0.09158671905253084,0.09794287865271264,-0.06709816518586442,0.9351034022318296,-0.3031658619708248,0.13129650077509766,0.7384766010276494,1.1403058327565168,0.95,BCa,-0.04137116513242771,-0.04857987034641275,0.011965332922242056,0.9567030608902658,0,0,False,1e-12,100,10000,complete_repeat_5x6_vector,delete_one_complete_repeat_5x6_vector,809a3f2f1d77cce8aa4e86320f229cd025238ab79be8d1df66d61a601099ba7f
bdb2023_sack,set_singleton_rate,20,attn_relnet,set_transformer,0.09107551148150045,0.09794287865271264,-0.07269547891853391,0.9298839561826377,-0.3143220602427962,0.13395584445987552,0.7302837949055213,1.1433423336317479,0.95,BCa,-0.03484918558952907,-0.04141038088197555,0.01357745957906109,0.9597789983745962,0,0,False,1e-12,100,10000,complete_repeat_5x6_vector,delete_one_complete_repeat_5x6_vector,809a3f2f1d77cce8aa4e86320f229cd025238ab79be8d1df66d61a601099ba7f
bdb2023_sack,set_singleton_rate,30,linear_structure,boosted_structure,0.0994787646323866,0.10527904807677183,-0.05667022510509631,0.944905624145124,-0.2417691213828822,0.11947018462809819,0.7852374511617574,1.1268996446343178,0.95,BCa,-0.03610328874478396,-0.028228084872707986,0.015724105511596254,0.9631652182510071,0,0,False,1e-12,100,10000,complete_repeat_5x6_vector,delete_one_complete_repeat_5x6_vector,809a3f2f1d77cce8aa4e86320f229cd025238ab79be8d1df66d61a601099ba7f
bdb2023_sack,set_singleton_rate,30,linear_structure,relnet,0.0994787646323866,0.07874388964705138,0.23374351769518764,1.2633204313156716,0.08489394832804083,0.38758723353686253,1.0886016125553455,1.4734214797800085,0.95,BCa,-0.010026681100274767,-0.0072843507114412585,0.022284559327437614,0.9721004599962925,0,0,False,1e-12,100,10000,complete_repeat_5x6_vector,delete_one_complete_repeat_5x6_vector,809a3f2f1d77cce8aa4e86320f229cd025238ab79be8d1df66d61a601099ba7f
bdb2023_sack,set_singleton_rate,30,linear_structure,attn_relnet,0.0994787646323866,0.08020648709385661,0.21533980254865673,1.2402832767875474,0.06940294156838236,0.3688800530521419,1.0718680223267794,1.4461141362946033,0.95,BCa,-0.01027735684581974,-0.004889117357522933,0.022767300089191922,0.9726341374248269,0,0,False,1e-12,100,10000,complete_repeat_5x6_vector,delete_one_complete_repeat_5x6_vector,809a3f2f1d77cce8aa4e86320f229cd025238ab79be8d1df66d61a601099ba7f
bdb2023_sack,set_singleton_rate,30,linear_structure,set_transformer,0.0994787646323866,0.09026752813962106,0.09716640463833644,1.1020437435543609,-0.09073881270295839,0.259829770134801,0.9132562106725264,1.2967093292222343,0.95,BCa,-0.04287647717179934,-0.030615112050894067,0.014757167397968729,0.9614638111294243,0,0,False,1e-12,100,10000,complete_repeat_5x6_vector,delete_one_complete_repeat_5x6_vector,809a3f2f1d77cce8aa4e86320f229cd025238ab79be8d1df66d61a601099ba7f
bdb2023_sack,set_singleton_rate,30,boosted_structure,relnet,0.10527904807677183,0.07874388964705138,0.2904137428002839,1.3369805396794248,0.08962313781414911,0.49953493537963156,1.0937620084833015,1.6479546870375634,0.95,BCa,0.004762611726370971,0.01566047005991001,0.029222158125697395,0.9789160865639429,0,0,False,1e-12,100,10000,complete_repeat_5x6_vector,delete_one_complete_repeat_5x6_vector,809a3f2f1d77cce8aa4e86320f229cd025238ab79be8d1df66d61a601099ba7f
bdb2023_sack,set_singleton_rate,30,boosted_structure,attn_relnet,0.10527904807677183,0.08020648709385661,0.2720100276537531,1.3126001635450713,0.07072565258322727,0.47848503934347403,1.0732867320310036,1.6136279666502527,0.95,BCa,0.00701861679253328,0.015175708728479545,0.029398197394431502,0.9790505510628216,0,0,False,1e-12,100,10000,complete_repeat_5x6_vector,delete_one_complete_repeat_5x6_vector,809a3f2f1d77cce8aa4e86320f229cd025238ab79be8d1df66d61a601099ba7f
bdb2023_sack,set_singleton_rate,30,boosted_structure,set_transformer,0.10527904807677183,0.09026752813962106,0.15383662974343273,1.1663003324288634,-0.07911852954252296,0.382548362102149,0.923930404906348,1.4660157722476963,0.95,BCa,-0.008271967640830305,0.006968518980085525,0.02559536303644183,0.9755997091361512,0,0,False,1e-12,100,10000,complete_repeat_5x6_vector,delete_one_complete_repeat_5x6_vector,809a3f2f1d77cce8aa4e86320f229cd025238ab79be8d1df66d61a601099ba7f
bdb2023_sack,set_singleton_rate,30,relnet,attn_relnet,0.07874388964705138,0.08020648709385661,-0.018403715146530896,0.9817645991016448,-0.05227586598342333,-0.00393712741077053,0.9490670154210564,0.9960706129138072,0.95,BCa,-0.11682340025169619,-0.07126301784594995,0.005319130321548959,0.9347752059332561,0,0,False,1e-12,100,10000,complete_repeat_5x6_vector,delete_one_complete_repeat_5x6_vector,809a3f2f1d77cce8aa4e86320f229cd025238ab79be8d1df66d61a601099ba7f
bdb2023_sack,set_singleton_rate,30,relnet,set_transformer,0.07874388964705138,0.09026752813962106,-0.1365771130568512,0.8723390489352326,-0.33348165402710006,0.041565324330077764,0.716425042033806,1.0424412564040537,0.95,BCa,-0.014538956187067702,-0.014542295232982757,0.02030875303358831,0.9697657790637286,0,0,False,1e-12,100,10000,complete_repeat_5x6_vector,delete_one_complete_repeat_5x6_vector,809a3f2f1d77cce8aa4e86320f229cd025238ab79be8d1df66d61a601099ba7f
bdb2023_sack,set_singleton_rate,30,attn_relnet,set_transformer,0.08020648709385661,0.09026752813962106,-0.11817339791032029,0.8885419679355508,-0.3177211368494285,0.061795668937978616,0.7278057183140578,1.063744966381515,0.95,BCa,-0.012533469508069278,-0.01602869761964672,0.020210013064932975,0.969668824426631,0,0,False,1e-12,100,10000,complete_repeat_5x6_vector,delete_one_complete_repeat_5x6_vector,809a3f2f1d77cce8aa4e86320f229cd025238ab79be8d1df66d61a601099ba7f
bdb2023_sack,set_singleton_rate,40,linear_structure,boosted_structure,0.10506473886375627,0.09300443468962923,0.12192954391823338,1.1296745065369649,-0.08733375675840635,0.2824159650413314,0.9163711995074977,1.326330312300454,0.95,BCa,-0.040869415452702035,-0.03892639425328068,0.013528287888195767,0.9594925470488421,0,0,False,1e-12,100,10000,complete_repeat_5x6_vector,delete_one_complete_repeat_5x6_vector,809a3f2f1d77cce8aa4e86320f229cd025238ab79be8d1df66d61a601099ba7f
bdb2023_sack,set_singleton_rate,40,linear_structure,relnet,0.10506473886375627,0.09624623842817064,0.08766682963088515,1.091624364542485,-0.10153550831198008,0.276212177785831,0.9034490988202024,1.3181275117356215,0.95,BCa,-0.012784152420787679,-0.007034274711450063,0.022041904227725118,0.9718099188088871,0,0,False,1e-12,100,10000,complete_repeat_5x6_vector,delete_one_complete_repeat_5x6_vector,809a3f2f1d77cce8aa4e86320f229cd025238ab79be8d1df66d61a601099ba7f
bdb2023_sack,set_singleton_rate,40,linear_structure,attn_relnet,0.10506473886375627,0.09602011366549792,0.09001903389824802,1.094195110305397,-0.11633568407897339,0.2818153824900796,0.8901763551077443,1.3255339806130846,0.95,BCa,-0.02080651581056588,-0.021032314376263177,0.018413197119177327,0.9672888694957221,0,0,False,1e-12,100,10000,complete_repeat_5x6_vector,delete_one_complete_repeat_5x6_vector,809a3f2f1d77cce8aa4e86320f229cd025238ab79be8d1df66d61a601099ba7f
bdb2023_sack,set_singleton_rate,40,linear_structure,set_transformer,0.10506473886375627,0.10388401956324862,0.011301640429500161,1.0113657452365787,-0.16662663520036405,0.18428665308594494,0.8465156114735201,1.2023604340308809,0.95,BCa,-0.022060117941149964,-0.01275702201810413,0.01991540797981145,0.9691949180003905,0,0,False,1e-12,100,10000,complete_repeat_5x6_vector,delete_one_complete_repeat_5x6_vector,809a3f2f1d77cce8aa4e86320f229cd025238ab79be8d1df66d61a601099ba7f
bdb2023_sack,set_singleton_rate,40,boosted_structure,relnet,0.09300443468962923,0.09624623842817064,-0.03426271428734818,0.966317605846375,-0.24156907709580341,0.20933194040142258,0.7853945491406154,1.2328541647234366,0.95,BCa,0.016043109130585577,0.019427248847925915,0.03164582891511025,0.9808175245816584,0,0,False,1e-12,100,10000,complete_repeat_5x6_vector,delete_one_complete_repeat_5x6_vector,809a3f2f1d77cce8aa4e86320f229cd025238ab79be8d1df66d61a601099ba7f
bdb2023_sack,set_singleton_rate,40,boosted_structure,attn_relnet,0.09300443468962923,0.09602011366549792,-0.031910510019985246,0.9685932575921091,-0.2525307906728741,0.20962571485321452,0.7768322932820452,1.2332163989847982,0.95,BCa,0.010528033237178321,0.00800339305458377,0.028133634236753247,0.9779213140630889,0,0,False,1e-12,100,10000,complete_repeat_5x6_vector,delete_one_complete_repeat_5x6_vector,809a3f2f1d77cce8aa4e86320f229cd025238ab79be8d1df66d61a601099ba7f
bdb2023_sack,set_singleton_rate,40,boosted_structure,set_transformer,0.09300443468962923,0.10388401956324862,-0.11062790348873319,0.8952718144777264,-0.30773574989499136,0.11495225474777415,0.7351095451201621,1.121819874720392,0.95,BCa,0.01955294637696234,0.013059635750068455,0.030541008323616226,0.9798958182799009,0,0,False,1e-12,100,10000,complete_repeat_5x6_vector,delete_one_complete_repeat_5x6_vector,809a3f2f1d77cce8aa4e86320f229cd025238ab79be8d1df66d61a601099ba7f
bdb2023_sack,set_singleton_rate,40,relnet,attn_relnet,0.09624623842817064,0.09602011366549792,0.0023522042673629344,1.0023549728701682,-0.07874101203428244,0.08039484721920036,0.9242792706579172,1.0837148850169114,0.95,BCa,-0.006517279650583851,-0.020789302490252907,0.019851844197634028,0.9693062721077026,0,0,False,1e-12,100,10000,complete_repeat_5x6_vector,delete_one_complete_repeat_5x6_vector,809a3f2f1d77cce8aa4e86320f229cd025238ab79be8d1df66d61a601099ba7f
bdb2023_sack,set_singleton_rate,40,relnet,set_transformer,0.09624623842817064,0.10388401956324862,-0.07636518920138492,0.9264778050831215,-0.2509251550402143,0.0928732541975229,0.7780806047912738,1.0973226454144713,0.95,BCa,0.0032586225240238288,-0.008785627403247133,0.023423955156725962,0.9733938136571503,0,0,False,1e-12,100,10000,complete_repeat_5x6_vector,delete_one_complete_repeat_5x6_vector,809a3f2f1d77cce8aa4e86320f229cd025238ab79be8d1df66d61a601099ba7f
bdb2023_sack,set_singleton_rate,40,attn_relnet,set_transformer,0.09602011366549792,0.10388401956324862,-0.07871739346874781,0.924301101066244,-0.27671627709931595,0.0933984084584865,0.7582696050453858,1.0978990604175127,0.95,BCa,-0.0025066308995717666,-0.013623007854118718,0.021749606939691246,0.9715519441601972,0,0,False,1e-12,100,10000,complete_repeat_5x6_vector,delete_one_complete_repeat_5x6_vector,809a3f2f1d77cce8aa4e86320f229cd025238ab79be8d1df66d61a601099ba7f
bdb2023_sack,set_singleton_rate,50,linear_structure,boosted_structure,0.10481036969901573,0.09791173567082621,0.06808629808591092,1.0704576829419339,-0.24086024928627497,0.2721037992810328,0.785951455990712,1.312723253969479,0.95,BCa,-0.05668013317416302,-0.05775427109902439,0.00966345277172903,0.9513522974535444,0,0,False,1e-12,100,10000,complete_repeat_5x6_vector,delete_one_complete_repeat_5x6_vector,809a3f2f1d77cce8aa4e86320f229cd025238ab79be8d1df66d61a601099ba7f
bdb2023_sack,set_singleton_rate,50,linear_structure,relnet,0.10481036969901573,0.11215570375636867,-0.06773540345370459,0.9345077083791573,-0.28164733150450355,0.1378777694155427,0.7545397400105407,1.1478352411269352,0.95,BCa,0.003509286787335955,0.00650396391970047,0.026905001778023685,0.9768353739285653,0,0,False,1e-12,100,10000,complete_repeat_5x6_vector,delete_one_complete_repeat_5x6_vector,809a3f2f1d77cce8aa4e86320f229cd025238ab79be8d1df66d61a601099ba7f
bdb2023_sack,set_singleton_rate,50,linear_structure,attn_relnet,0.10481036969901573,0.11354365686721211,-0.08003469046590315,0.9230843236059426,-0.29851728659143756,0.1267829227333592,0.7419174565153013,1.1351705713087001,0.95,BCa,0.002255967360748947,0.004651271995760672,0.026324646923217954,0.9762911247412104,0,0,False,1e-12,100,10000,complete_repeat_5x6_vector,delete_one_complete_repeat_5x6_vector,809a3f2f1d77cce8aa4e86320f229cd025238ab79be8d1df66d61a601099ba7f
bdb2023_sack,set_singleton_rate,50,linear_structure,set_transformer,0.10481036969901573,0.09244092857081478,0.12558288402676795,1.1338091397332222,-0.08213363733881299,0.3333771321920849,0.9211488505895685,1.395673552656217,0.95,BCa,0.009274657580969943,0.009568226537509486,0.02834633076994686,0.9781172856293785,0,0,False,1e-12,100,10000,complete_repeat_5x6_vector,delete_one_complete_repeat_5x6_vector,809a3f2f1d77cce8aa4e86320f229cd025238ab79be8d1df66d61a601099ba7f
bdb2023_sack,set_singleton_rate,50,boosted_structure,relnet,0.09791173567082621,0.11215570375636867,-0.13582170153961556,0.872998272861057,-0.33980671331924767,0.09852190452220866,0.7119079117823887,1.1035385766149095,0.95,BCa,0.031588768951337685,0.04958169333008692,0.04194925752512224,0.9874980573778076,0,0,False,1e-12,100,10000,complete_repeat_5x6_vector,delete_one_complete_repeat_5x6_vector,809a3f2f1d77cce8aa4e86320f229cd025238ab79be8d1df66d61a601099ba7f
bdb2023_sack,set_singleton_rate,50,boosted_structure,attn_relnet,0.09791173567082621,0.11354365686721211,-0.1481209885518142,0.8623267769623869,-0.3559215171864224,0.08590871049276057,0.7005275974546777,1.0897068449633929,0.95,BCa,0.024316690467047538,0.04554664677190618,0.039671952485778206,0.986299225735326,0,0,False,1e-12,100,10000,complete_repeat_5x6_vector,delete_one_complete_repeat_5x6_vector,809a3f2f1d77cce8aa4e86320f229cd025238ab79be8d1df66d61a601099ba7f
bdb2023_sack,set_singleton_rate,50,boosted_structure,set_transformer,0.09791173567082621,0.09244092857081478,0.05749658594085682,1.0591816545397474,-0.1583383707571518,0.355659042063719,0.8535609130464172,1.42712087711228,0.95,BCa,0.04262558517694437,0.06169393940511513,0.04727160350396792,0.9900308473341167,0,0,False,1e-12,100,10000,complete_repeat_5x6_vector,delete_one_complete_repeat_5x6_vector,809a3f2f1d77cce8aa4e86320f229cd025238ab79be8d1df66d61a601099ba7f
bdb2023_sack,set_singleton_rate,50,relnet,attn_relnet,0.11215570375636867,0.11354365686721211,-0.012299287012198573,0.9877760400788691,-0.05056681061203393,0.01636634168456794,0.9506904103423315,1.0165010038941713,0.95,BCa,-0.047894904941883386,-0.043488314548842416,0.012292865907251926,0.9570456971305284,0,0,False,1e-12,100,10000,complete_repeat_5x6_vector,delete_one_complete_repeat_5x6_vector,809a3f2f1d77cce8aa4e86320f229cd025238ab79be8d1df66d61a601099ba7f
bdb2023_sack,set_singleton_rate,50,relnet,set_transformer,0.11215570375636867,0.09244092857081478,0.19331828748047256,1.2132689003708061,0.05138207928044668,0.33311434640306875,1.0527250408783067,1.3953068376663276,0.95,BCa,0.002757294595891845,-0.007059736883437952,0.023746798926720436,0.9737282712869654,0,0,False,1e-12,100,10000,complete_repeat_5x6_vector,delete_one_complete_repeat_5x6_vector,809a3f2f1d77cce8aa4e86320f229cd025238ab79be8d1df66d61a601099ba7f
bdb2023_sack,set_singleton_rate,50,attn_relnet,set_transformer,0.11354365686721211,0.09244092857081478,0.205617574492671,1.228283387268568,0.060468827774969716,0.3485183452030161,1.0623344817246587,1.4169665372237896,0.95,BCa,0.008773311508328054,-0.006156472212556681,0.024641167230886996,0.9746455079653331,0,0,False,1e-12,100,10000,complete_repeat_5x6_vector,delete_one_complete_repeat_5x6_vector,809a3f2f1d77cce8aa4e86320f229cd025238ab79be8d1df66d61a601099ba7f
bdb2023_sack,set_singleton_rate,60,linear_structure,boosted_structure,0.09966501519154917,0.09382263971052703,0.06040852619218524,1.0622704232053986,-0.15437424460248791,0.2797471218853863,0.8569512516115821,1.3227952640668545,0.95,BCa,0.02807792553819829,-0.006261835261875732,0.026960875985397592,0.9767966588872756,0,0,False,1e-12,100,10000,complete_repeat_5x6_vector,delete_one_complete_repeat_5x6_vector,809a3f2f1d77cce8aa4e86320f229cd025238ab79be8d1df66d61a601099ba7f
bdb2023_sack,set_singleton_rate,60,linear_structure,relnet,0.09966501519154917,0.09989039626458174,-0.0022588329448810906,0.9977437162984558,-0.2731935936171405,0.25459224763068183,0.760945459184581,1.2899355393522471,0.95,BCa,-0.05241251788185768,-0.06129977236820827,0.009438167950473253,0.9510819558982674,0,0,False,1e-12,100,10000,complete_repeat_5x6_vector,delete_one_complete_repeat_5x6_vector,809a3f2f1d77cce8aa4e86320f229cd025238ab79be8d1df66d61a601099ba7f
bdb2023_sack,set_singleton_rate,60,linear_structure,attn_relnet,0.09966501519154917,0.09951688041883337,0.0014874323750523734,1.0014885391512711,-0.26260317776338343,0.2571967714385845,0.7690470117243203,1.2932995861434493,0.95,BCa,-0.046389255705389994,-0.052537895844069524,0.011035288158053547,0.9547130531823632,0,0,False,1e-12,100,10000,complete_repeat_5x6_vector,delete_one_complete_repeat_5x6_vector,809a3f2f1d77cce8aa4e86320f229cd025238ab79be8d1df66d61a601099ba7f
bdb2023_sack,set_singleton_rate,60,linear_structure,set_transformer,0.09966501519154917,0.09598411149729429,0.037632042067021164,1.0383490937909932,-0.1334564831938978,0.22378243607338294,0.8750655482068554,1.250798861111888,0.95,BCa,0.0233137547405855,0.02078349341233517,0.03300161296085313,0.9817742839554213,0,0,False,1e-12,100,10000,complete_repeat_5x6_vector,delete_one_complete_repeat_5x6_vector,809a3f2f1d77cce8aa4e86320f229cd025238ab79be8d1df66d61a601099ba7f
bdb2023_sack,set_singleton_rate,60,boosted_structure,relnet,0.09382263971052703,0.09989039626458174,-0.06266735913706627,0.9392558566092488,-0.3935032191152363,0.21218675286084537,0.6746891456712678,1.2363787607901486,0.95,BCa,-0.06999203404538505,-0.07051757846299729,0.007362418997599207,0.9449467104416889,0,0,False,1e-12,100,10000,complete_repeat_5x6_vector,delete_one_complete_repeat_5x6_vector,809a3f2f1d77cce8aa4e86320f229cd025238ab79be8d1df66d61a601099ba7f
bdb2023_sack,set_singleton_rate,60,boosted_structure,attn_relnet,0.09382263971052703,0.09951688041883337,-0.05892109381713283,0.9427811574846279,-0.3765293135703766,0.21546151139090114,0.6862390012766695,1.2404342394157772,0.95,BCa,-0.06722824465557493,-0.06154729572396999,0.008576637562675293,0.9482399943965065,0,0,False,1e-12,100,10000,complete_repeat_5x6_vector,delete_one_complete_repeat_5x6_vector,809a3f2f1d77cce8aa4e86320f229cd025238ab79be8d1df66d61a601099ba7f
bdb2023_sack,set_singleton_rate,60,boosted_structure,set_transformer,0.09382263971052703,0.09598411149729429,-0.02277648412516402,0.9774809418657984,-0.19442269132799717,0.18506794578233451,0.8233098247854782,1.203300196523399,0.95,BCa,0.007519955698540525,0.0397308650628061,0.03558654366359709,0.9838969665655721,0,0,False,1e-12,100,10000,complete_repeat_5x6_vector,delete_one_complete_repeat_5x6_vector,809a3f2f1d77cce8aa4e86320f229cd025238ab79be8d1df66d61a601099ba7f
bdb2023_sack,set_singleton_rate,60,relnet,attn_relnet,0.09989039626458174,0.09951688041883337,0.0037462653199335123,1.0037532913428995,-0.014256084812098106,0.02248763565470566,0.985845051989627,1.0227423885462295,0.95,BCa,0.05592695179372389,0.09123489974260479,0.05863864927867596,0.9942337941587003,0,0,False,1e-12,100,10000,complete_repeat_5x6_vector,delete_one_complete_repeat_5x6_vector,809a3f2f1d77cce8aa4e86320f229cd025238ab79be8d1df66d61a601099ba7f
bdb2023_sack,set_singleton_rate,60,relnet,set_transformer,0.09989039626458174,0.09598411149729429,0.03989087501190225,1.0406972019259413,-0.19154388205229486,0.2811348142518706,0.8256833916297185,1.3246321711934443,0.95,BCa,0.05291453922441612,0.08429665359277912,0.05591512692184569,0.993377847206474,0,0,False,1e-12,100,10000,complete_repeat_5x6_vector,delete_one_complete_repeat_5x6_vector,809a3f2f1d77cce8aa4e86320f229cd025238ab79be8d1df66d61a601099ba7f
bdb2023_sack,set_singleton_rate,60,attn_relnet,set_transformer,0.09951688041883337,0.09598411149729429,0.03614460969196883,1.0368057678133393,-0.19487328129515966,0.2668768837265755,0.8229389332048513,1.3058796613957846,0.95,BCa,0.04538554817940915,0.07447520272541118,0.05152282525362706,0.9918652756810654,0,0,False,1e-12,100,10000,complete_repeat_5x6_vector,delete_one_complete_repeat_5x6_vector,809a3f2f1d77cce8aa4e86320f229cd025238ab79be8d1df66d61a601099ba7f
bdb2023_sack,set_doubleton_rate,10,linear_structure,boosted_structure,0.10159838770524339,0.09392778652845911,0.0785014073649007,1.0816648774583884,-0.09961316322050448,0.27477561876590667,0.9051875101386047,1.3162353032292387,0.95,BCa,-0.0010026514778483275,0.007836954529106651,0.02666190648437511,0.9766219085981093,0,0,False,1e-12,100,10000,complete_repeat_5x6_vector,delete_one_complete_repeat_5x6_vector,809a3f2f1d77cce8aa4e86320f229cd025238ab79be8d1df66d61a601099ba7f
bdb2023_sack,set_doubleton_rate,10,linear_structure,relnet,0.10159838770524339,0.08628812880066652,0.16333563469841458,1.1774318103472259,-0.020073079042004463,0.36135440241498823,0.9801270439440705,1.4352720346285877,0.95,BCa,0.016043109130585577,0.001386586429407088,0.02726187313069267,0.9771134213175962,0,0,False,1e-12,100,10000,complete_repeat_5x6_vector,delete_one_complete_repeat_5x6_vector,809a3f2f1d77cce8aa4e86320f229cd025238ab79be8d1df66d61a601099ba7f
bdb2023_sack,set_doubleton_rate,10,linear_structure,attn_relnet,0.10159838770524339,0.0874643762585688,0.14979608398481573,1.161597350273105,-0.03598466117913198,0.3488984573082116,0.9646550900412675,1.4175052457355724,0.95,BCa,0.013285520672133198,0.0013775141537291705,0.02691595173780842,0.97680971376692,0,0,False,1e-12,100,10000,complete_repeat_5x6_vector,delete_one_complete_repeat_5x6_vector,809a3f2f1d77cce8aa4e86320f229cd025238ab79be8d1df66d61a601099ba7f
bdb2023_sack,set_doubleton_rate,10,linear_structure,set_transformer,0.10159838770524339,0.0956152629956865,0.060695203895102086,1.0625749961052433,-0.15845768732409823,0.2659112867293719,0.853459075164187,1.3046193165065783,0.95,BCa,-0.0040106159912038294,-0.02246345649478937,0.019764837677872737,0.9692317074994272,0,0,False,1e-12,100,10000,complete_repeat_5x6_vector,delete_one_complete_repeat_5x6_vector,809a3f2f1d77cce8aa4e86320f229cd025238ab79be8d1df66d61a601099ba7f
bdb2023_sack,set_doubleton_rate,10,boosted_structure,relnet,0.09392778652845911,0.08628812880066652,0.0848342273335138,1.088536602125663,-0.10602605304891251,0.26180903848803505,0.8994012156268193,1.2992784065689544,0.95,BCa,-0.018299407668827674,-0.004284951530279811,0.02203231842565967,0.9717619678089636,0,0,False,1e-12,100,10000,complete_repeat_5x6_vector,delete_one_complete_repeat_5x6_vector,809a3f2f1d77cce8aa4e86320f229cd025238ab79be8d1df66d61a601099ba7f
bdb2023_sack,set_doubleton_rate,10,boosted_structure,attn_relnet,0.09392778652845911,0.0874643762585688,0.07129467661991505,1.073897631771622,-0.1183354628560225,0.2528720371025517,0.888397978097931,1.287718486102726,0.95,BCa,-0.011280066443693096,-0.004353368139811402,0.02277244624813274,0.9726348754201015,0,0,False,1e-12,100,10000,complete_repeat_5x6_vector,delete_one_complete_repeat_5x6_vector,809a3f2f1d77cce8aa4e86320f229cd025238ab79be8d1df66d61a601099ba7f
bdb2023_sack,set_doubleton_rate,10,boosted_structure,set_transformer,0.09392778652845911,0.0956152629956865,-0.01780620346979871,0.9823513902032198,-0.23127161602763588,0.17612264380624096,0.79352390295102,1.192584312761286,0.95,BCa,-0.009776005984788104,-0.02530581268457013,0.018632440747150536,0.9677490256197856,0,0,False,1e-12,100,10000,complete_repeat_5x6_vector,delete_one_complete_repeat_5x6_vector,809a3f2f1d77cce8aa4e86320f229cd025238ab79be8d1df66d61a601099ba7f
bdb2023_sack,set_doubleton_rate,10,relnet,attn_relnet,0.08628812880066652,0.0874643762585688,-0.013539550713598865,0.9865516967225038,-0.028703987528823076,0.005203568360175532,0.9717040584183917,1.0052171304355397,0.95,BCa,0.03384594262165119,0.008675040116659665,0.031399125115141646,0.9804317373494815,0,0,False,1e-12,100,10000,complete_repeat_5x6_vector,delete_one_complete_repeat_5x6_vector,809a3f2f1d77cce8aa4e86320f229cd025238ab79be8d1df66d61a601099ba7f
bdb2023_sack,set_doubleton_rate,10,relnet,set_transformer,0.08628812880066652,0.0956152629956865,-0.10264043080331255,0.9024514088776732,-0.3051490181619609,0.1028160781843579,0.7370135378052639,1.1082875520708761,0.95,BCa,0.004010615991203968,-0.011408305800968879,0.02293518233373848,0.9728819100061259,0,0,False,1e-12,100,10000,complete_repeat_5x6_vector,delete_one_complete_repeat_5x6_vector,809a3f2f1d77cce8aa4e86320f229cd025238ab79be8d1df66d61a601099ba7f
bdb2023_sack,set_doubleton_rate,10,attn_relnet,set_transformer,0.0874643762585688,0.0956152629956865,-0.08910088008971367,0.9147532885258559,-0.29397075185275484,0.11672778758297109,0.7452982897186268,1.123813472068173,0.95,BCa,-0.0025066308995717666,-0.01000788034279249,0.022519359487755297,0.9724026821676217,0,0,False,1e-12,100,10000,complete_repeat_5x6_vector,delete_one_complete_repeat_5x6_vector,809a3f2f1d77cce8aa4e86320f229cd025238ab79be8d1df66d61a601099ba7f
bdb2023_sack,set_doubleton_rate,20,linear_structure,boosted_structure,0.09423529172768612,0.10692521397720813,-0.12633489709020967,0.8813196459702484,-0.2908321470332546,0.030318965071940856,0.7476411612734087,1.030783265382206,0.95,BCa,-0.011781425432631035,0.0009566576379950246,0.023862184664333264,0.9738125142648022,0,0,False,1e-12,100,10000,complete_repeat_5x6_vector,delete_one_complete_repeat_5x6_vector,809a3f2f1d77cce8aa4e86320f229cd025238ab79be8d1df66d61a601099ba7f
bdb2023_sack,set_doubleton_rate,20,linear_structure,relnet,0.09423529172768612,0.09158671905253081,0.028508485551709675,1.0289187417406687,-0.16783425220449177,0.19953816774623928,0.8454939618317442,1.2208388052074746,0.95,BCa,-0.02080651581056588,-0.010553679125200853,0.02048329784140135,0.9699092472215476,0,0,False,1e-12,100,10000,complete_repeat_5x6_vector,delete_one_complete_repeat_5x6_vector,809a3f2f1d77cce8aa4e86320f229cd025238ab79be8d1df66d61a601099ba7f
bdb2023_sack,set_doubleton_rate,20,linear_structure,attn_relnet,0.09423529172768612,0.09107551148150045,0.03410579928437887,1.0346940708296488,-0.17090848997000072,0.2103113309628256,0.84289870362813,1.2340622019295087,0.95,BCa,-0.023063024512527855,-0.014568482313089678,0.019457556013911692,0.9686055180024541,0,0,False,1e-12,100,10000,complete_repeat_5x6_vector,delete_one_complete_repeat_5x6_vector,809a3f2f1d77cce8aa4e86320f229cd025238ab79be8d1df66d61a601099ba7f
bdb2023_sack,set_doubleton_rate,20,linear_structure,set_transformer,0.09423529172768612,0.09794287865271264,-0.03858967963415513,0.9621454160217922,-0.21328054681844838,0.12872180177926654,0.8079294433839863,1.1373736648186974,0.95,BCa,-0.03535082016400561,-0.033840630453784215,0.014809412046598136,0.9617675930225479,0,0,False,1e-12,100,10000,complete_repeat_5x6_vector,delete_one_complete_repeat_5x6_vector,809a3f2f1d77cce8aa4e86320f229cd025238ab79be8d1df66d61a601099ba7f
bdb2023_sack,set_doubleton_rate,20,boosted_structure,relnet,0.10692521397720813,0.09158671905253081,0.15484338264191924,1.1674750999201065,-0.004482333915289051,0.29827807756107333,0.995527696750847,1.3475364554348044,0.95,BCa,-0.014037579350310843,-0.015295433205799428,0.02020681098604815,0.9696479595731,0,0,False,1e-12,100,10000,complete_repeat_5x6_vector,delete_one_complete_repeat_5x6_vector,809a3f2f1d77cce8aa4e86320f229cd025238ab79be8d1df66d61a601099ba7f
bdb2023_sack,set_doubleton_rate,20,boosted_structure,attn_relnet,0.10692521397720813,0.09107551148150045,0.16044069637458855,1.1740281469506446,-0.007948600682010202,0.3117579431147026,0.9920829059113494,1.3658240458989725,0.95,BCa,-0.017798000347151635,-0.01816691405442172,0.0192604257909344,0.9684281032422886,0,0,False,1e-12,100,10000,complete_repeat_5x6_vector,delete_one_complete_repeat_5x6_vector,809a3f2f1d77cce8aa4e86320f229cd025238ab79be8d1df66d61a601099ba7f
bdb2023_sack,set_doubleton_rate,20,boosted_structure,set_transformer,0.10692521397720813,0.09794287865271264,0.08774521745605454,1.0917099379562365,-0.15450083981407958,0.27235598148465373,0.8568427725531702,1.3130543411578033,0.95,BCa,-0.048898731212656525,-0.056280825404903374,0.010338351316614869,0.9531877118239074,0,0,False,1e-12,100,10000,complete_repeat_5x6_vector,delete_one_complete_repeat_5x6_vector,809a3f2f1d77cce8aa4e86320f229cd025238ab79be8d1df66d61a601099ba7f
bdb2023_sack,set_doubleton_rate,20,relnet,attn_relnet,0.09158671905253081,0.09107551148150045,0.0055973137326692885,1.0056130079613574,-0.026914559621934255,0.02959438491097403,0.9734444094297052,1.0300366508015752,0.95,BCa,-0.015792414544589822,-0.0705368758150131,0.010403040723738488,0.9548594558019906,0,0,False,1e-12,100,10000,complete_repeat_5x6_vector,delete_one_complete_repeat_5x6_vector,809a3f2f1d77cce8aa4e86320f229cd025238ab79be8d1df66d61a601099ba7f
bdb2023_sack,set_doubleton_rate,20,relnet,set_transformer,0.09158671905253081,0.09794287865271264,-0.06709816518586466,0.9351034022318294,-0.3031658619708246,0.13129650077509783,0.7384766010276496,1.140305832756517,0.95,BCa,-0.04137116513242771,-0.04857987034641306,0.011965332922242,0.9567030608902658,0,0,False,1e-12,100,10000,complete_repeat_5x6_vector,delete_one_complete_repeat_5x6_vector,809a3f2f1d77cce8aa4e86320f229cd025238ab79be8d1df66d61a601099ba7f
bdb2023_sack,set_doubleton_rate,20,attn_relnet,set_transformer,0.09107551148150045,0.09794287865271264,-0.07269547891853391,0.9298839561826377,-0.31432206024279624,0.13395584445987582,0.7302837949055213,1.143342333631748,0.95,BCa,-0.03484918558952907,-0.04141038088197561,0.01357745957906109,0.9597789983745962,0,0,False,1e-12,100,10000,complete_repeat_5x6_vector,delete_one_complete_repeat_5x6_vector,809a3f2f1d77cce8aa4e86320f229cd025238ab79be8d1df66d61a601099ba7f
bdb2023_sack,set_doubleton_rate,30,linear_structure,boosted_structure,0.09947876463238658,0.10527904807677185,-0.05667022510509678,0.9449056241451236,-0.2417691213828825,0.1194701846280978,0.7852374511617571,1.1268996446343174,0.95,BCa,-0.03610328874478396,-0.0282280848727086,0.015724105511596143,0.9631652182510069,0,0,False,1e-12,100,10000,complete_repeat_5x6_vector,delete_one_complete_repeat_5x6_vector,809a3f2f1d77cce8aa4e86320f229cd025238ab79be8d1df66d61a601099ba7f
bdb2023_sack,set_doubleton_rate,30,linear_structure,relnet,0.09947876463238658,0.07874388964705135,0.2337435176951878,1.2633204313156718,0.08489394832804076,0.3875872335368628,1.0886016125553455,1.473421479780009,0.95,BCa,-0.010026681100274767,-0.007284350711441445,0.02228455932743756,0.9721004599962925,0,0,False,1e-12,100,10000,complete_repeat_5x6_vector,delete_one_complete_repeat_5x6_vector,809a3f2f1d77cce8aa4e86320f229cd025238ab79be8d1df66d61a601099ba7f
bdb2023_sack,set_doubleton_rate,30,linear_structure,attn_relnet,0.09947876463238658,0.08020648709385662,0.21533980254865637,1.240283276787547,0.06940294156838245,0.3688800530521417,1.0718680223267794,1.446114136294603,0.95,BCa,-0.01027735684581974,-0.00488911735752271,0.022767300089191977,0.9726341374248269,0,0,False,1e-12,100,10000,complete_repeat_5x6_vector,delete_one_complete_repeat_5x6_vector,809a3f2f1d77cce8aa4e86320f229cd025238ab79be8d1df66d61a601099ba7f
bdb2023_sack,set_doubleton_rate,30,linear_structure,set_transformer,0.09947876463238658,0.09026752813962106,0.09716640463833624,1.1020437435543606,-0.09073881270295886,0.2598297701348009,0.9132562106725259,1.296709329222234,0.95,BCa,-0.04287647717179934,-0.030615112050893924,0.014757167397968729,0.9614638111294244,0,0,False,1e-12,100,10000,complete_repeat_5x6_vector,delete_one_complete_repeat_5x6_vector,809a3f2f1d77cce8aa4e86320f229cd025238ab79be8d1df66d61a601099ba7f
bdb2023_sack,set_doubleton_rate,30,boosted_structure,relnet,0.10527904807677185,0.07874388964705135,0.2904137428002846,1.3369805396794257,0.08962313781414866,0.4995349353796316,1.093762008483301,1.6479546870375634,0.95,BCa,0.004762611726370971,0.015660470059909896,0.029222158125697395,0.9789160865639429,0,0,False,1e-12,100,10000,complete_repeat_5x6_vector,delete_one_complete_repeat_5x6_vector,809a3f2f1d77cce8aa4e86320f229cd025238ab79be8d1df66d61a601099ba7f
bdb2023_sack,set_doubleton_rate,30,boosted_structure,attn_relnet,0.10527904807677185,0.08020648709385662,0.2720100276537531,1.3126001635450713,0.07072565258322731,0.4784850393434738,1.0732867320310036,1.6136279666502522,0.95,BCa,0.00701861679253328,0.01517570872847868,0.02939819739443128,0.9790505510628215,0,0,False,1e-12,100,10000,complete_repeat_5x6_vector,delete_one_complete_repeat_5x6_vector,809a3f2f1d77cce8aa4e86320f229cd025238ab79be8d1df66d61a601099ba7f
bdb2023_sack,set_doubleton_rate,30,boosted_structure,set_transformer,0.10527904807677185,0.09026752813962106,0.15383662974343293,1.1663003324288637,-0.07911852954252274,0.38254836210214943,0.9239304049063483,1.466015772247697,0.95,BCa,-0.008271967640830305,0.006968518980085793,0.025595363036441887,0.9755997091361513,0,0,False,1e-12,100,10000,complete_repeat_5x6_vector,delete_one_complete_repeat_5x6_vector,809a3f2f1d77cce8aa4e86320f229cd025238ab79be8d1df66d61a601099ba7f
bdb2023_sack,set_doubleton_rate,30,relnet,attn_relnet,0.07874388964705135,0.08020648709385662,-0.01840371514653146,0.9817645991016443,-0.05227586598342278,-0.00393712741077037,0.949067015421057,0.9960706129138073,0.95,BCa,-0.11682340025169619,-0.07126301784594703,0.005319130321549181,0.934775205933257,0,0,False,1e-12,100,10000,complete_repeat_5x6_vector,delete_one_complete_repeat_5x6_vector,809a3f2f1d77cce8aa4e86320f229cd025238ab79be8d1df66d61a601099ba7f
bdb2023_sack,set_doubleton_rate,30,relnet,set_transformer,0.07874388964705135,0.09026752813962106,-0.13657711305685158,0.8723390489352323,-0.33348165402710034,0.04156532433007754,0.7164250420338057,1.0424412564040535,0.95,BCa,-0.014538956187067702,-0.014542295232982614,0.02030875303358831,0.9697657790637286,0,0,False,1e-12,100,10000,complete_repeat_5x6_vector,delete_one_complete_repeat_5x6_vector,809a3f2f1d77cce8aa4e86320f229cd025238ab79be8d1df66d61a601099ba7f
bdb2023_sack,set_doubleton_rate,30,attn_relnet,set_transformer,0.08020648709385662,0.09026752813962106,-0.11817339791032017,0.888541967935551,-0.3177211368494286,0.061795668937978825,0.7278057183140578,1.0637449663815153,0.95,BCa,-0.012533469508069278,-0.01602869761964628,0.020210013064933086,0.9696688244266312,0,0,False,1e-12,100,10000,complete_repeat_5x6_vector,delete_one_complete_repeat_5x6_vector,809a3f2f1d77cce8aa4e86320f229cd025238ab79be8d1df66d61a601099ba7f
bdb2023_sack,set_doubleton_rate,40,linear_structure,boosted_structure,0.10506473886375634,0.09300443468962924,0.12192954391823377,1.1296745065369653,-0.08733375675840638,0.2824159650413312,0.9163711995074977,1.3263303123004537,0.95,BCa,-0.040869415452702035,-0.03892639425328054,0.013528287888195822,0.9594925470488422,0,0,False,1e-12,100,10000,complete_repeat_5x6_vector,delete_one_complete_repeat_5x6_vector,809a3f2f1d77cce8aa4e86320f229cd025238ab79be8d1df66d61a601099ba7f
bdb2023_sack,set_doubleton_rate,40,linear_structure,relnet,0.10506473886375634,0.09624623842817065,0.08766682963088555,1.0916243645424855,-0.10153550831197994,0.2762121777858308,0.9034490988202025,1.318127511735621,0.95,BCa,-0.012784152420787679,-0.007034274711450642,0.022041904227725007,0.971809918808887,0,0,False,1e-12,100,10000,complete_repeat_5x6_vector,delete_one_complete_repeat_5x6_vector,809a3f2f1d77cce8aa4e86320f229cd025238ab79be8d1df66d61a601099ba7f
bdb2023_sack,set_doubleton_rate,40,linear_structure,attn_relnet,0.10506473886375634,0.09602011366549791,0.09001903389824883,1.094195110305398,-0.11633568407897364,0.28181538249008,0.8901763551077441,1.325533980613085,0.95,BCa,-0.02080651581056588,-0.021032314376262996,0.018413197119177327,0.9672888694957222,0,0,False,1e-12,100,10000,complete_repeat_5x6_vector,delete_one_complete_repeat_5x6_vector,809a3f2f1d77cce8aa4e86320f229cd025238ab79be8d1df66d61a601099ba7f
bdb2023_sack,set_doubleton_rate,40,linear_structure,set_transformer,0.10506473886375634,0.10388401956324864,0.011301640429500602,1.0113657452365792,-0.16662663520036403,0.18428665308594513,0.8465156114735201,1.202360434030881,0.95,BCa,-0.022060117941149964,-0.012757022018103935,0.019915407979811506,0.9691949180003905,0,0,False,1e-12,100,10000,complete_repeat_5x6_vector,delete_one_complete_repeat_5x6_vector,809a3f2f1d77cce8aa4e86320f229cd025238ab79be8d1df66d61a601099ba7f
bdb2023_sack,set_doubleton_rate,40,boosted_structure,relnet,0.09300443468962924,0.09624623842817065,-0.03426271428734818,0.966317605846375,-0.2415690770958033,0.20933194040142258,0.7853945491406155,1.2328541647234366,0.95,BCa,0.016043109130585577,0.019427248847925835,0.03164582891511025,0.9808175245816584,0,0,False,1e-12,100,10000,complete_repeat_5x6_vector,delete_one_complete_repeat_5x6_vector,809a3f2f1d77cce8aa4e86320f229cd025238ab79be8d1df66d61a601099ba7f
bdb2023_sack,set_doubleton_rate,40,boosted_structure,attn_relnet,0.09300443468962924,0.09602011366549791,-0.03191051001998502,0.9685932575921093,-0.2525307906728743,0.2096257148532148,0.776832293282045,1.2332163989847984,0.95,BCa,0.010528033237178321,0.008003393054583972,0.028133634236753302,0.977921314063089,0,0,False,1e-12,100,10000,complete_repeat_5x6_vector,delete_one_complete_repeat_5x6_vector,809a3f2f1d77cce8aa4e86320f229cd025238ab79be8d1df66d61a601099ba7f
bdb2023_sack,set_doubleton_rate,40,boosted_structure,set_transformer,0.09300443468962924,0.10388401956324864,-0.11062790348873319,0.8952718144777264,-0.30773574989499114,0.11495225474777435,0.7351095451201622,1.1218198747203922,0.95,BCa,0.01955294637696234,0.013059635750068169,0.03054100832361617,0.9798958182799009,0,0,False,1e-12,100,10000,complete_repeat_5x6_vector,delete_one_complete_repeat_5x6_vector,809a3f2f1d77cce8aa4e86320f229cd025238ab79be8d1df66d61a601099ba7f
bdb2023_sack,set_doubleton_rate,40,relnet,attn_relnet,0.09624623842817065,0.09602011366549791,0.002352204267363156,1.0023549728701684,-0.0787410120342826,0.08039484721920023,0.924279270657917,1.0837148850169114,0.95,BCa,-0.006517279650583851,-0.020789302490255252,0.019851844197633528,0.9693062721077021,0,0,False,1e-12,100,10000,complete_repeat_5x6_vector,delete_one_complete_repeat_5x6_vector,809a3f2f1d77cce8aa4e86320f229cd025238ab79be8d1df66d61a601099ba7f
bdb2023_sack,set_doubleton_rate,40,relnet,set_transformer,0.09624623842817065,0.10388401956324864,-0.07636518920138492,0.9264778050831215,-0.25092515504021445,0.09287325419752288,0.7780806047912737,1.0973226454144713,0.95,BCa,0.0032586225240238288,-0.008785627403247113,0.023423955156725962,0.9733938136571503,0,0,False,1e-12,100,10000,complete_repeat_5x6_vector,delete_one_complete_repeat_5x6_vector,809a3f2f1d77cce8aa4e86320f229cd025238ab79be8d1df66d61a601099ba7f
bdb2023_sack,set_doubleton_rate,40,attn_relnet,set_transformer,0.09602011366549791,0.10388401956324864,-0.07871739346874818,0.9243011010662436,-0.27671627709931534,0.09339840845848658,0.7582696050453862,1.0978990604175127,0.95,BCa,-0.0025066308995717666,-0.013623007854118427,0.021749606939691357,0.9715519441601974,0,0,False,1e-12,100,10000,complete_repeat_5x6_vector,delete_one_complete_repeat_5x6_vector,809a3f2f1d77cce8aa4e86320f229cd025238ab79be8d1df66d61a601099ba7f
bdb2023_sack,set_doubleton_rate,50,linear_structure,boosted_structure,0.1048103696990157,0.09791173567082624,0.0680862980859105,1.0704576829419334,-0.2408602492862749,0.27210379928103334,0.7859514559907121,1.3127232539694798,0.95,BCa,-0.05668013317416302,-0.05775427109902336,0.009663452771729142,0.9513522974535447,0,0,False,1e-12,100,10000,complete_repeat_5x6_vector,delete_one_complete_repeat_5x6_vector,809a3f2f1d77cce8aa4e86320f229cd025238ab79be8d1df66d61a601099ba7f
bdb2023_sack,set_doubleton_rate,50,linear_structure,relnet,0.1048103696990157,0.11215570375636869,-0.06773540345370495,0.934507708379157,-0.2816473315045035,0.1378777694155429,0.7545397400105407,1.1478352411269355,0.95,BCa,0.003509286787335955,0.006503963919700682,0.02690500177802374,0.9768353739285655,0,0,False,1e-12,100,10000,complete_repeat_5x6_vector,delete_one_complete_repeat_5x6_vector,809a3f2f1d77cce8aa4e86320f229cd025238ab79be8d1df66d61a601099ba7f
bdb2023_sack,set_doubleton_rate,50,linear_structure,attn_relnet,0.1048103696990157,0.11354365686721211,-0.08003469046590339,0.9230843236059424,-0.2985172865914373,0.12678292273335923,0.7419174565153015,1.1351705713087001,0.95,BCa,0.002255967360748947,0.004651271995760895,0.02632464692321801,0.9762911247412105,0,0,False,1e-12,100,10000,complete_repeat_5x6_vector,delete_one_complete_repeat_5x6_vector,809a3f2f1d77cce8aa4e86320f229cd025238ab79be8d1df66d61a601099ba7f
bdb2023_sack,set_doubleton_rate,50,linear_structure,set_transformer,0.1048103696990157,0.0924409285708148,0.12558288402676737,1.1338091397332215,-0.08213363733881329,0.333377132192085,0.9211488505895683,1.395673552656217,0.95,BCa,0.009274657580969943,0.009568226537509257,0.028346330769946804,0.9781172856293784,0,0,False,1e-12,100,10000,complete_repeat_5x6_vector,delete_one_complete_repeat_5x6_vector,809a3f2f1d77cce8aa4e86320f229cd025238ab79be8d1df66d61a601099ba7f
bdb2023_sack,set_doubleton_rate,50,boosted_structure,relnet,0.09791173567082624,0.11215570375636869,-0.13582170153961542,0.8729982728610571,-0.33980671331924744,0.09852190452220905,0.7119079117823888,1.10353857661491,0.95,BCa,0.031588768951337685,0.04958169333008724,0.04194925752512241,0.9874980573778076,0,0,False,1e-12,100,10000,complete_repeat_5x6_vector,delete_one_complete_repeat_5x6_vector,809a3f2f1d77cce8aa4e86320f229cd025238ab79be8d1df66d61a601099ba7f
bdb2023_sack,set_doubleton_rate,50,boosted_structure,attn_relnet,0.09791173567082624,0.11354365686721211,-0.14812098855181394,0.8623267769623871,-0.35592151718642234,0.08590871049276098,0.7005275974546777,1.0897068449633935,0.95,BCa,0.024316690467047538,0.045546646771906396,0.03967195248577826,0.986299225735326,0,0,False,1e-12,100,10000,complete_repeat_5x6_vector,delete_one_complete_repeat_5x6_vector,809a3f2f1d77cce8aa4e86320f229cd025238ab79be8d1df66d61a601099ba7f
bdb2023_sack,set_doubleton_rate,50,boosted_structure,set_transformer,0.09791173567082624,0.0924409285708148,0.05749658594085682,1.0591816545397474,-0.15833837075715182,0.355659042063716,0.8535609130464172,1.4271208771122759,0.95,BCa,0.04262558517694437,0.061693939405114806,0.04727160350396786,0.9900308473341166,0,0,False,1e-12,100,10000,complete_repeat_5x6_vector,delete_one_complete_repeat_5x6_vector,809a3f2f1d77cce8aa4e86320f229cd025238ab79be8d1df66d61a601099ba7f
bdb2023_sack,set_doubleton_rate,50,relnet,attn_relnet,0.11215570375636869,0.11354365686721211,-0.01229928701219846,0.9877760400788692,-0.05056681061203336,0.01636634168456798,0.950690410342332,1.0165010038941715,0.95,BCa,-0.047894904941883386,-0.04348831454884009,0.012292865907252315,0.957045697130529,0,0,False,1e-12,100,10000,complete_repeat_5x6_vector,delete_one_complete_repeat_5x6_vector,809a3f2f1d77cce8aa4e86320f229cd025238ab79be8d1df66d61a601099ba7f
bdb2023_sack,set_doubleton_rate,50,relnet,set_transformer,0.11215570375636869,0.0924409285708148,0.1933182874804724,1.213268900370806,0.05138207928044654,0.3331143464030689,1.0527250408783067,1.3953068376663278,0.95,BCa,0.002757294595891845,-0.007059736883438672,0.023746798926720325,0.9737282712869653,0,0,False,1e-12,100,10000,complete_repeat_5x6_vector,delete_one_complete_repeat_5x6_vector,809a3f2f1d77cce8aa4e86320f229cd025238ab79be8d1df66d61a601099ba7f
bdb2023_sack,set_doubleton_rate,50,attn_relnet,set_transformer,0.11354365686721211,0.0924409285708148,0.20561757449267085,1.2282833872685677,0.06046882777496953,0.34851834520301606,1.0623344817246585,1.4169665372237896,0.95,BCa,0.008773311508328054,-0.0061564722125571235,0.02464116723088694,0.974645507965333,0,0,False,1e-12,100,10000,complete_repeat_5x6_vector,delete_one_complete_repeat_5x6_vector,809a3f2f1d77cce8aa4e86320f229cd025238ab79be8d1df66d61a601099ba7f
bdb2023_sack,set_doubleton_rate,60,linear_structure,boosted_structure,0.09966501519154919,0.09382263971052701,0.060408526192185445,1.0622704232053988,-0.15437424460248764,0.2797471218853863,0.8569512516115824,1.3227952640668545,0.95,BCa,0.02807792553819829,-0.006261835261875476,0.026960875985397648,0.9767966588872757,0,0,False,1e-12,100,10000,complete_repeat_5x6_vector,delete_one_complete_repeat_5x6_vector,809a3f2f1d77cce8aa4e86320f229cd025238ab79be8d1df66d61a601099ba7f
bdb2023_sack,set_doubleton_rate,60,linear_structure,relnet,0.09966501519154919,0.09989039626458174,-0.0022588329448809796,0.9977437162984559,-0.27319359361714046,0.2545922476306826,0.760945459184581,1.289935539352248,0.95,BCa,-0.05241251788185768,-0.06129977236820824,0.009438167950473253,0.9510819558982674,0,0,False,1e-12,100,10000,complete_repeat_5x6_vector,delete_one_complete_repeat_5x6_vector,809a3f2f1d77cce8aa4e86320f229cd025238ab79be8d1df66d61a601099ba7f
bdb2023_sack,set_doubleton_rate,60,linear_structure,attn_relnet,0.09966501519154919,0.09951688041883337,0.0014874323750525952,1.0014885391512713,-0.2626031777633831,0.25719677143858455,0.7690470117243206,1.2932995861434493,0.95,BCa,-0.046389255705389994,-0.05253789584406936,0.011035288158053547,0.9547130531823632,0,0,False,1e-12,100,10000,complete_repeat_5x6_vector,delete_one_complete_repeat_5x6_vector,809a3f2f1d77cce8aa4e86320f229cd025238ab79be8d1df66d61a601099ba7f
bdb2023_sack,set_doubleton_rate,60,linear_structure,set_transformer,0.09966501519154919,0.09598411149729427,0.037632042067021594,1.0383490937909936,-0.13345648319389766,0.2237824360733839,0.8750655482068557,1.2507988611118894,0.95,BCa,0.0233137547405855,0.02078349341233523,0.03300161296085313,0.9817742839554214,0,0,False,1e-12,100,10000,complete_repeat_5x6_vector,delete_one_complete_repeat_5x6_vector,809a3f2f1d77cce8aa4e86320f229cd025238ab79be8d1df66d61a601099ba7f
bdb2023_sack,set_doubleton_rate,60,boosted_structure,relnet,0.09382263971052701,0.09989039626458174,-0.0626673591370665,0.9392558566092486,-0.39350321911523634,0.21218675286084546,0.6746891456712678,1.2363787607901489,0.95,BCa,-0.06999203404538505,-0.07051757846299715,0.007362418997599207,0.9449467104416889,0,0,False,1e-12,100,10000,complete_repeat_5x6_vector,delete_one_complete_repeat_5x6_vector,809a3f2f1d77cce8aa4e86320f229cd025238ab79be8d1df66d61a601099ba7f
bdb2023_sack,set_doubleton_rate,60,boosted_structure,attn_relnet,0.09382263971052701,0.09951688041883337,-0.058921093817132945,0.9427811574846278,-0.37652931357037683,0.2154615113909012,0.6862390012766694,1.2404342394157772,0.95,BCa,-0.06722824465557493,-0.06154729572397005,0.008576637562675293,0.9482399943965065,0,0,False,1e-12,100,10000,complete_repeat_5x6_vector,delete_one_complete_repeat_5x6_vector,809a3f2f1d77cce8aa4e86320f229cd025238ab79be8d1df66d61a601099ba7f
bdb2023_sack,set_doubleton_rate,60,boosted_structure,set_transformer,0.09382263971052701,0.09598411149729427,-0.02277648412516402,0.9774809418657984,-0.1944226913279969,0.18506794578233451,0.8233098247854784,1.203300196523399,0.95,BCa,0.007519955698540525,0.03973086506280661,0.0355865436635972,0.9838969665655722,0,0,False,1e-12,100,10000,complete_repeat_5x6_vector,delete_one_complete_repeat_5x6_vector,809a3f2f1d77cce8aa4e86320f229cd025238ab79be8d1df66d61a601099ba7f
bdb2023_sack,set_doubleton_rate,60,relnet,attn_relnet,0.09989039626458174,0.09951688041883337,0.0037462653199335123,1.0037532913428995,-0.014256084812098032,0.022487635654705712,0.985845051989627,1.0227423885462297,0.95,BCa,0.05592695179372389,0.09123489974260446,0.05863864927867585,0.9942337941587002,0,0,False,1e-12,100,10000,complete_repeat_5x6_vector,delete_one_complete_repeat_5x6_vector,809a3f2f1d77cce8aa4e86320f229cd025238ab79be8d1df66d61a601099ba7f
bdb2023_sack,set_doubleton_rate,60,relnet,set_transformer,0.09989039626458174,0.09598411149729427,0.03989087501190246,1.0406972019259415,-0.19154388205229508,0.28113481425187076,0.8256833916297183,1.3246321711934446,0.95,BCa,0.05291453922441612,0.08429665359277894,0.05591512692184564,0.993377847206474,0,0,False,1e-12,100,10000,complete_repeat_5x6_vector,delete_one_complete_repeat_5x6_vector,809a3f2f1d77cce8aa4e86320f229cd025238ab79be8d1df66d61a601099ba7f
bdb2023_sack,set_doubleton_rate,60,attn_relnet,set_transformer,0.09951688041883337,0.09598411149729427,0.036144609691969046,1.0368057678133396,-0.19487328129515927,0.2668768837265753,0.8229389332048517,1.3058796613957844,0.95,BCa,0.04538554817940915,0.0744752027254116,0.05152282525362717,0.9918652756810655,0,0,False,1e-12,100,10000,complete_repeat_5x6_vector,delete_one_complete_repeat_5x6_vector,809a3f2f1d77cce8aa4e86320f229cd025238ab79be8d1df66d61a601099ba7f
bdb2023_sack,set_empty_rate,10,linear_structure,boosted_structure,0.0,0.0,0.0,1.0,0.0,0.0,1.0,1.0,0.95,BCa,-3.890591886413094,0.0,0.0,2.9209842322686086e-09,10000,100,True,1e-12,100,10000,complete_repeat_5x6_vector,delete_one_complete_repeat_5x6_vector,809a3f2f1d77cce8aa4e86320f229cd025238ab79be8d1df66d61a601099ba7f
bdb2023_sack,set_empty_rate,10,linear_structure,relnet,0.0,0.0,0.0,1.0,0.0,0.0,1.0,1.0,0.95,BCa,-3.890591886413094,0.0,0.0,2.9209842322686086e-09,10000,100,True,1e-12,100,10000,complete_repeat_5x6_vector,delete_one_complete_repeat_5x6_vector,809a3f2f1d77cce8aa4e86320f229cd025238ab79be8d1df66d61a601099ba7f
bdb2023_sack,set_empty_rate,10,linear_structure,attn_relnet,0.0,0.0,0.0,1.0,0.0,0.0,1.0,1.0,0.95,BCa,-3.890591886413094,0.0,0.0,2.9209842322686086e-09,10000,100,True,1e-12,100,10000,complete_repeat_5x6_vector,delete_one_complete_repeat_5x6_vector,809a3f2f1d77cce8aa4e86320f229cd025238ab79be8d1df66d61a601099ba7f
bdb2023_sack,set_empty_rate,10,linear_structure,set_transformer,0.0,0.0,0.0,1.0,0.0,0.0,1.0,1.0,0.95,BCa,-3.890591886413094,0.0,0.0,2.9209842322686086e-09,10000,100,True,1e-12,100,10000,complete_repeat_5x6_vector,delete_one_complete_repeat_5x6_vector,809a3f2f1d77cce8aa4e86320f229cd025238ab79be8d1df66d61a601099ba7f
bdb2023_sack,set_empty_rate,10,boosted_structure,relnet,0.0,0.0,0.0,1.0,0.0,0.0,1.0,1.0,0.95,BCa,-3.890591886413094,0.0,0.0,2.9209842322686086e-09,10000,100,True,1e-12,100,10000,complete_repeat_5x6_vector,delete_one_complete_repeat_5x6_vector,809a3f2f1d77cce8aa4e86320f229cd025238ab79be8d1df66d61a601099ba7f
bdb2023_sack,set_empty_rate,10,boosted_structure,attn_relnet,0.0,0.0,0.0,1.0,0.0,0.0,1.0,1.0,0.95,BCa,-3.890591886413094,0.0,0.0,2.9209842322686086e-09,10000,100,True,1e-12,100,10000,complete_repeat_5x6_vector,delete_one_complete_repeat_5x6_vector,809a3f2f1d77cce8aa4e86320f229cd025238ab79be8d1df66d61a601099ba7f
bdb2023_sack,set_empty_rate,10,boosted_structure,set_transformer,0.0,0.0,0.0,1.0,0.0,0.0,1.0,1.0,0.95,BCa,-3.890591886413094,0.0,0.0,2.9209842322686086e-09,10000,100,True,1e-12,100,10000,complete_repeat_5x6_vector,delete_one_complete_repeat_5x6_vector,809a3f2f1d77cce8aa4e86320f229cd025238ab79be8d1df66d61a601099ba7f
bdb2023_sack,set_empty_rate,10,relnet,attn_relnet,0.0,0.0,0.0,1.0,0.0,0.0,1.0,1.0,0.95,BCa,-3.890591886413094,0.0,0.0,2.9209842322686086e-09,10000,100,True,1e-12,100,10000,complete_repeat_5x6_vector,delete_one_complete_repeat_5x6_vector,809a3f2f1d77cce8aa4e86320f229cd025238ab79be8d1df66d61a601099ba7f
bdb2023_sack,set_empty_rate,10,relnet,set_transformer,0.0,0.0,0.0,1.0,0.0,0.0,1.0,1.0,0.95,BCa,-3.890591886413094,0.0,0.0,2.9209842322686086e-09,10000,100,True,1e-12,100,10000,complete_repeat_5x6_vector,delete_one_complete_repeat_5x6_vector,809a3f2f1d77cce8aa4e86320f229cd025238ab79be8d1df66d61a601099ba7f
bdb2023_sack,set_empty_rate,10,attn_relnet,set_transformer,0.0,0.0,0.0,1.0,0.0,0.0,1.0,1.0,0.95,BCa,-3.890591886413094,0.0,0.0,2.9209842322686086e-09,10000,100,True,1e-12,100,10000,complete_repeat_5x6_vector,delete_one_complete_repeat_5x6_vector,809a3f2f1d77cce8aa4e86320f229cd025238ab79be8d1df66d61a601099ba7f
bdb2023_sack,set_empty_rate,20,linear_structure,boosted_structure,0.0,0.0,0.0,1.0,0.0,0.0,1.0,1.0,0.95,BCa,-3.890591886413094,0.0,0.0,2.9209842322686086e-09,10000,100,True,1e-12,100,10000,complete_repeat_5x6_vector,delete_one_complete_repeat_5x6_vector,809a3f2f1d77cce8aa4e86320f229cd025238ab79be8d1df66d61a601099ba7f
bdb2023_sack,set_empty_rate,20,linear_structure,relnet,0.0,0.0,0.0,1.0,0.0,0.0,1.0,1.0,0.95,BCa,-3.890591886413094,0.0,0.0,2.9209842322686086e-09,10000,100,True,1e-12,100,10000,complete_repeat_5x6_vector,delete_one_complete_repeat_5x6_vector,809a3f2f1d77cce8aa4e86320f229cd025238ab79be8d1df66d61a601099ba7f
bdb2023_sack,set_empty_rate,20,linear_structure,attn_relnet,0.0,0.0,0.0,1.0,0.0,0.0,1.0,1.0,0.95,BCa,-3.890591886413094,0.0,0.0,2.9209842322686086e-09,10000,100,True,1e-12,100,10000,complete_repeat_5x6_vector,delete_one_complete_repeat_5x6_vector,809a3f2f1d77cce8aa4e86320f229cd025238ab79be8d1df66d61a601099ba7f
bdb2023_sack,set_empty_rate,20,linear_structure,set_transformer,0.0,0.0,0.0,1.0,0.0,0.0,1.0,1.0,0.95,BCa,-3.890591886413094,0.0,0.0,2.9209842322686086e-09,10000,100,True,1e-12,100,10000,complete_repeat_5x6_vector,delete_one_complete_repeat_5x6_vector,809a3f2f1d77cce8aa4e86320f229cd025238ab79be8d1df66d61a601099ba7f
bdb2023_sack,set_empty_rate,20,boosted_structure,relnet,0.0,0.0,0.0,1.0,0.0,0.0,1.0,1.0,0.95,BCa,-3.890591886413094,0.0,0.0,2.9209842322686086e-09,10000,100,True,1e-12,100,10000,complete_repeat_5x6_vector,delete_one_complete_repeat_5x6_vector,809a3f2f1d77cce8aa4e86320f229cd025238ab79be8d1df66d61a601099ba7f
bdb2023_sack,set_empty_rate,20,boosted_structure,attn_relnet,0.0,0.0,0.0,1.0,0.0,0.0,1.0,1.0,0.95,BCa,-3.890591886413094,0.0,0.0,2.9209842322686086e-09,10000,100,True,1e-12,100,10000,complete_repeat_5x6_vector,delete_one_complete_repeat_5x6_vector,809a3f2f1d77cce8aa4e86320f229cd025238ab79be8d1df66d61a601099ba7f
bdb2023_sack,set_empty_rate,20,boosted_structure,set_transformer,0.0,0.0,0.0,1.0,0.0,0.0,1.0,1.0,0.95,BCa,-3.890591886413094,0.0,0.0,2.9209842322686086e-09,10000,100,True,1e-12,100,10000,complete_repeat_5x6_vector,delete_one_complete_repeat_5x6_vector,809a3f2f1d77cce8aa4e86320f229cd025238ab79be8d1df66d61a601099ba7f
bdb2023_sack,set_empty_rate,20,relnet,attn_relnet,0.0,0.0,0.0,1.0,0.0,0.0,1.0,1.0,0.95,BCa,-3.890591886413094,0.0,0.0,2.9209842322686086e-09,10000,100,True,1e-12,100,10000,complete_repeat_5x6_vector,delete_one_complete_repeat_5x6_vector,809a3f2f1d77cce8aa4e86320f229cd025238ab79be8d1df66d61a601099ba7f
bdb2023_sack,set_empty_rate,20,relnet,set_transformer,0.0,0.0,0.0,1.0,0.0,0.0,1.0,1.0,0.95,BCa,-3.890591886413094,0.0,0.0,2.9209842322686086e-09,10000,100,True,1e-12,100,10000,complete_repeat_5x6_vector,delete_one_complete_repeat_5x6_vector,809a3f2f1d77cce8aa4e86320f229cd025238ab79be8d1df66d61a601099ba7f
bdb2023_sack,set_empty_rate,20,attn_relnet,set_transformer,0.0,0.0,0.0,1.0,0.0,0.0,1.0,1.0,0.95,BCa,-3.890591886413094,0.0,0.0,2.9209842322686086e-09,10000,100,True,1e-12,100,10000,complete_repeat_5x6_vector,delete_one_complete_repeat_5x6_vector,809a3f2f1d77cce8aa4e86320f229cd025238ab79be8d1df66d61a601099ba7f
bdb2023_sack,set_empty_rate,30,linear_structure,boosted_structure,0.0,0.0,0.0,1.0,0.0,0.0,1.0,1.0,0.95,BCa,-3.890591886413094,0.0,0.0,2.9209842322686086e-09,10000,100,True,1e-12,100,10000,complete_repeat_5x6_vector,delete_one_complete_repeat_5x6_vector,809a3f2f1d77cce8aa4e86320f229cd025238ab79be8d1df66d61a601099ba7f
bdb2023_sack,set_empty_rate,30,linear_structure,relnet,0.0,0.0,0.0,1.0,0.0,0.0,1.0,1.0,0.95,BCa,-3.890591886413094,0.0,0.0,2.9209842322686086e-09,10000,100,True,1e-12,100,10000,complete_repeat_5x6_vector,delete_one_complete_repeat_5x6_vector,809a3f2f1d77cce8aa4e86320f229cd025238ab79be8d1df66d61a601099ba7f
bdb2023_sack,set_empty_rate,30,linear_structure,attn_relnet,0.0,0.0,0.0,1.0,0.0,0.0,1.0,1.0,0.95,BCa,-3.890591886413094,0.0,0.0,2.9209842322686086e-09,10000,100,True,1e-12,100,10000,complete_repeat_5x6_vector,delete_one_complete_repeat_5x6_vector,809a3f2f1d77cce8aa4e86320f229cd025238ab79be8d1df66d61a601099ba7f
bdb2023_sack,set_empty_rate,30,linear_structure,set_transformer,0.0,0.0,0.0,1.0,0.0,0.0,1.0,1.0,0.95,BCa,-3.890591886413094,0.0,0.0,2.9209842322686086e-09,10000,100,True,1e-12,100,10000,complete_repeat_5x6_vector,delete_one_complete_repeat_5x6_vector,809a3f2f1d77cce8aa4e86320f229cd025238ab79be8d1df66d61a601099ba7f
bdb2023_sack,set_empty_rate,30,boosted_structure,relnet,0.0,0.0,0.0,1.0,0.0,0.0,1.0,1.0,0.95,BCa,-3.890591886413094,0.0,0.0,2.9209842322686086e-09,10000,100,True,1e-12,100,10000,complete_repeat_5x6_vector,delete_one_complete_repeat_5x6_vector,809a3f2f1d77cce8aa4e86320f229cd025238ab79be8d1df66d61a601099ba7f
bdb2023_sack,set_empty_rate,30,boosted_structure,attn_relnet,0.0,0.0,0.0,1.0,0.0,0.0,1.0,1.0,0.95,BCa,-3.890591886413094,0.0,0.0,2.9209842322686086e-09,10000,100,True,1e-12,100,10000,complete_repeat_5x6_vector,delete_one_complete_repeat_5x6_vector,809a3f2f1d77cce8aa4e86320f229cd025238ab79be8d1df66d61a601099ba7f
bdb2023_sack,set_empty_rate,30,boosted_structure,set_transformer,0.0,0.0,0.0,1.0,0.0,0.0,1.0,1.0,0.95,BCa,-3.890591886413094,0.0,0.0,2.9209842322686086e-09,10000,100,True,1e-12,100,10000,complete_repeat_5x6_vector,delete_one_complete_repeat_5x6_vector,809a3f2f1d77cce8aa4e86320f229cd025238ab79be8d1df66d61a601099ba7f
bdb2023_sack,set_empty_rate,30,relnet,attn_relnet,0.0,0.0,0.0,1.0,0.0,0.0,1.0,1.0,0.95,BCa,-3.890591886413094,0.0,0.0,2.9209842322686086e-09,10000,100,True,1e-12,100,10000,complete_repeat_5x6_vector,delete_one_complete_repeat_5x6_vector,809a3f2f1d77cce8aa4e86320f229cd025238ab79be8d1df66d61a601099ba7f
bdb2023_sack,set_empty_rate,30,relnet,set_transformer,0.0,0.0,0.0,1.0,0.0,0.0,1.0,1.0,0.95,BCa,-3.890591886413094,0.0,0.0,2.9209842322686086e-09,10000,100,True,1e-12,100,10000,complete_repeat_5x6_vector,delete_one_complete_repeat_5x6_vector,809a3f2f1d77cce8aa4e86320f229cd025238ab79be8d1df66d61a601099ba7f
bdb2023_sack,set_empty_rate,30,attn_relnet,set_transformer,0.0,0.0,0.0,1.0,0.0,0.0,1.0,1.0,0.95,BCa,-3.890591886413094,0.0,0.0,2.9209842322686086e-09,10000,100,True,1e-12,100,10000,complete_repeat_5x6_vector,delete_one_complete_repeat_5x6_vector,809a3f2f1d77cce8aa4e86320f229cd025238ab79be8d1df66d61a601099ba7f
bdb2023_sack,set_empty_rate,40,linear_structure,boosted_structure,0.0,0.0,0.0,1.0,0.0,0.0,1.0,1.0,0.95,BCa,-3.890591886413094,0.0,0.0,2.9209842322686086e-09,10000,100,True,1e-12,100,10000,complete_repeat_5x6_vector,delete_one_complete_repeat_5x6_vector,809a3f2f1d77cce8aa4e86320f229cd025238ab79be8d1df66d61a601099ba7f
bdb2023_sack,set_empty_rate,40,linear_structure,relnet,0.0,0.0,0.0,1.0,0.0,0.0,1.0,1.0,0.95,BCa,-3.890591886413094,0.0,0.0,2.9209842322686086e-09,10000,100,True,1e-12,100,10000,complete_repeat_5x6_vector,delete_one_complete_repeat_5x6_vector,809a3f2f1d77cce8aa4e86320f229cd025238ab79be8d1df66d61a601099ba7f
bdb2023_sack,set_empty_rate,40,linear_structure,attn_relnet,0.0,0.0,0.0,1.0,0.0,0.0,1.0,1.0,0.95,BCa,-3.890591886413094,0.0,0.0,2.9209842322686086e-09,10000,100,True,1e-12,100,10000,complete_repeat_5x6_vector,delete_one_complete_repeat_5x6_vector,809a3f2f1d77cce8aa4e86320f229cd025238ab79be8d1df66d61a601099ba7f
bdb2023_sack,set_empty_rate,40,linear_structure,set_transformer,0.0,0.0,0.0,1.0,0.0,0.0,1.0,1.0,0.95,BCa,-3.890591886413094,0.0,0.0,2.9209842322686086e-09,10000,100,True,1e-12,100,10000,complete_repeat_5x6_vector,delete_one_complete_repeat_5x6_vector,809a3f2f1d77cce8aa4e86320f229cd025238ab79be8d1df66d61a601099ba7f
bdb2023_sack,set_empty_rate,40,boosted_structure,relnet,0.0,0.0,0.0,1.0,0.0,0.0,1.0,1.0,0.95,BCa,-3.890591886413094,0.0,0.0,2.9209842322686086e-09,10000,100,True,1e-12,100,10000,complete_repeat_5x6_vector,delete_one_complete_repeat_5x6_vector,809a3f2f1d77cce8aa4e86320f229cd025238ab79be8d1df66d61a601099ba7f
bdb2023_sack,set_empty_rate,40,boosted_structure,attn_relnet,0.0,0.0,0.0,1.0,0.0,0.0,1.0,1.0,0.95,BCa,-3.890591886413094,0.0,0.0,2.9209842322686086e-09,10000,100,True,1e-12,100,10000,complete_repeat_5x6_vector,delete_one_complete_repeat_5x6_vector,809a3f2f1d77cce8aa4e86320f229cd025238ab79be8d1df66d61a601099ba7f
bdb2023_sack,set_empty_rate,40,boosted_structure,set_transformer,0.0,0.0,0.0,1.0,0.0,0.0,1.0,1.0,0.95,BCa,-3.890591886413094,0.0,0.0,2.9209842322686086e-09,10000,100,True,1e-12,100,10000,complete_repeat_5x6_vector,delete_one_complete_repeat_5x6_vector,809a3f2f1d77cce8aa4e86320f229cd025238ab79be8d1df66d61a601099ba7f
bdb2023_sack,set_empty_rate,40,relnet,attn_relnet,0.0,0.0,0.0,1.0,0.0,0.0,1.0,1.0,0.95,BCa,-3.890591886413094,0.0,0.0,2.9209842322686086e-09,10000,100,True,1e-12,100,10000,complete_repeat_5x6_vector,delete_one_complete_repeat_5x6_vector,809a3f2f1d77cce8aa4e86320f229cd025238ab79be8d1df66d61a601099ba7f
bdb2023_sack,set_empty_rate,40,relnet,set_transformer,0.0,0.0,0.0,1.0,0.0,0.0,1.0,1.0,0.95,BCa,-3.890591886413094,0.0,0.0,2.9209842322686086e-09,10000,100,True,1e-12,100,10000,complete_repeat_5x6_vector,delete_one_complete_repeat_5x6_vector,809a3f2f1d77cce8aa4e86320f229cd025238ab79be8d1df66d61a601099ba7f
bdb2023_sack,set_empty_rate,40,attn_relnet,set_transformer,0.0,0.0,0.0,1.0,0.0,0.0,1.0,1.0,0.95,BCa,-3.890591886413094,0.0,0.0,2.9209842322686086e-09,10000,100,True,1e-12,100,10000,complete_repeat_5x6_vector,delete_one_complete_repeat_5x6_vector,809a3f2f1d77cce8aa4e86320f229cd025238ab79be8d1df66d61a601099ba7f
bdb2023_sack,set_empty_rate,50,linear_structure,boosted_structure,0.0,0.0,0.0,1.0,0.0,0.0,1.0,1.0,0.95,BCa,-3.890591886413094,0.0,0.0,2.9209842322686086e-09,10000,100,True,1e-12,100,10000,complete_repeat_5x6_vector,delete_one_complete_repeat_5x6_vector,809a3f2f1d77cce8aa4e86320f229cd025238ab79be8d1df66d61a601099ba7f
bdb2023_sack,set_empty_rate,50,linear_structure,relnet,0.0,0.0,0.0,1.0,0.0,0.0,1.0,1.0,0.95,BCa,-3.890591886413094,0.0,0.0,2.9209842322686086e-09,10000,100,True,1e-12,100,10000,complete_repeat_5x6_vector,delete_one_complete_repeat_5x6_vector,809a3f2f1d77cce8aa4e86320f229cd025238ab79be8d1df66d61a601099ba7f
bdb2023_sack,set_empty_rate,50,linear_structure,attn_relnet,0.0,0.0,0.0,1.0,0.0,0.0,1.0,1.0,0.95,BCa,-3.890591886413094,0.0,0.0,2.9209842322686086e-09,10000,100,True,1e-12,100,10000,complete_repeat_5x6_vector,delete_one_complete_repeat_5x6_vector,809a3f2f1d77cce8aa4e86320f229cd025238ab79be8d1df66d61a601099ba7f
bdb2023_sack,set_empty_rate,50,linear_structure,set_transformer,0.0,0.0,0.0,1.0,0.0,0.0,1.0,1.0,0.95,BCa,-3.890591886413094,0.0,0.0,2.9209842322686086e-09,10000,100,True,1e-12,100,10000,complete_repeat_5x6_vector,delete_one_complete_repeat_5x6_vector,809a3f2f1d77cce8aa4e86320f229cd025238ab79be8d1df66d61a601099ba7f
bdb2023_sack,set_empty_rate,50,boosted_structure,relnet,0.0,0.0,0.0,1.0,0.0,0.0,1.0,1.0,0.95,BCa,-3.890591886413094,0.0,0.0,2.9209842322686086e-09,10000,100,True,1e-12,100,10000,complete_repeat_5x6_vector,delete_one_complete_repeat_5x6_vector,809a3f2f1d77cce8aa4e86320f229cd025238ab79be8d1df66d61a601099ba7f
bdb2023_sack,set_empty_rate,50,boosted_structure,attn_relnet,0.0,0.0,0.0,1.0,0.0,0.0,1.0,1.0,0.95,BCa,-3.890591886413094,0.0,0.0,2.9209842322686086e-09,10000,100,True,1e-12,100,10000,complete_repeat_5x6_vector,delete_one_complete_repeat_5x6_vector,809a3f2f1d77cce8aa4e86320f229cd025238ab79be8d1df66d61a601099ba7f
bdb2023_sack,set_empty_rate,50,boosted_structure,set_transformer,0.0,0.0,0.0,1.0,0.0,0.0,1.0,1.0,0.95,BCa,-3.890591886413094,0.0,0.0,2.9209842322686086e-09,10000,100,True,1e-12,100,10000,complete_repeat_5x6_vector,delete_one_complete_repeat_5x6_vector,809a3f2f1d77cce8aa4e86320f229cd025238ab79be8d1df66d61a601099ba7f
bdb2023_sack,set_empty_rate,50,relnet,attn_relnet,0.0,0.0,0.0,1.0,0.0,0.0,1.0,1.0,0.95,BCa,-3.890591886413094,0.0,0.0,2.9209842322686086e-09,10000,100,True,1e-12,100,10000,complete_repeat_5x6_vector,delete_one_complete_repeat_5x6_vector,809a3f2f1d77cce8aa4e86320f229cd025238ab79be8d1df66d61a601099ba7f
bdb2023_sack,set_empty_rate,50,relnet,set_transformer,0.0,0.0,0.0,1.0,0.0,0.0,1.0,1.0,0.95,BCa,-3.890591886413094,0.0,0.0,2.9209842322686086e-09,10000,100,True,1e-12,100,10000,complete_repeat_5x6_vector,delete_one_complete_repeat_5x6_vector,809a3f2f1d77cce8aa4e86320f229cd025238ab79be8d1df66d61a601099ba7f
bdb2023_sack,set_empty_rate,50,attn_relnet,set_transformer,0.0,0.0,0.0,1.0,0.0,0.0,1.0,1.0,0.95,BCa,-3.890591886413094,0.0,0.0,2.9209842322686086e-09,10000,100,True,1e-12,100,10000,complete_repeat_5x6_vector,delete_one_complete_repeat_5x6_vector,809a3f2f1d77cce8aa4e86320f229cd025238ab79be8d1df66d61a601099ba7f
bdb2023_sack,set_empty_rate,60,linear_structure,boosted_structure,0.0,0.0,0.0,1.0,0.0,0.0,1.0,1.0,0.95,BCa,-3.890591886413094,0.0,0.0,2.9209842322686086e-09,10000,100,True,1e-12,100,10000,complete_repeat_5x6_vector,delete_one_complete_repeat_5x6_vector,809a3f2f1d77cce8aa4e86320f229cd025238ab79be8d1df66d61a601099ba7f
bdb2023_sack,set_empty_rate,60,linear_structure,relnet,0.0,0.0,0.0,1.0,0.0,0.0,1.0,1.0,0.95,BCa,-3.890591886413094,0.0,0.0,2.9209842322686086e-09,10000,100,True,1e-12,100,10000,complete_repeat_5x6_vector,delete_one_complete_repeat_5x6_vector,809a3f2f1d77cce8aa4e86320f229cd025238ab79be8d1df66d61a601099ba7f
bdb2023_sack,set_empty_rate,60,linear_structure,attn_relnet,0.0,0.0,0.0,1.0,0.0,0.0,1.0,1.0,0.95,BCa,-3.890591886413094,0.0,0.0,2.9209842322686086e-09,10000,100,True,1e-12,100,10000,complete_repeat_5x6_vector,delete_one_complete_repeat_5x6_vector,809a3f2f1d77cce8aa4e86320f229cd025238ab79be8d1df66d61a601099ba7f
bdb2023_sack,set_empty_rate,60,linear_structure,set_transformer,0.0,0.0,0.0,1.0,0.0,0.0,1.0,1.0,0.95,BCa,-3.890591886413094,0.0,0.0,2.9209842322686086e-09,10000,100,True,1e-12,100,10000,complete_repeat_5x6_vector,delete_one_complete_repeat_5x6_vector,809a3f2f1d77cce8aa4e86320f229cd025238ab79be8d1df66d61a601099ba7f
bdb2023_sack,set_empty_rate,60,boosted_structure,relnet,0.0,0.0,0.0,1.0,0.0,0.0,1.0,1.0,0.95,BCa,-3.890591886413094,0.0,0.0,2.9209842322686086e-09,10000,100,True,1e-12,100,10000,complete_repeat_5x6_vector,delete_one_complete_repeat_5x6_vector,809a3f2f1d77cce8aa4e86320f229cd025238ab79be8d1df66d61a601099ba7f
bdb2023_sack,set_empty_rate,60,boosted_structure,attn_relnet,0.0,0.0,0.0,1.0,0.0,0.0,1.0,1.0,0.95,BCa,-3.890591886413094,0.0,0.0,2.9209842322686086e-09,10000,100,True,1e-12,100,10000,complete_repeat_5x6_vector,delete_one_complete_repeat_5x6_vector,809a3f2f1d77cce8aa4e86320f229cd025238ab79be8d1df66d61a601099ba7f
bdb2023_sack,set_empty_rate,60,boosted_structure,set_transformer,0.0,0.0,0.0,1.0,0.0,0.0,1.0,1.0,0.95,BCa,-3.890591886413094,0.0,0.0,2.9209842322686086e-09,10000,100,True,1e-12,100,10000,complete_repeat_5x6_vector,delete_one_complete_repeat_5x6_vector,809a3f2f1d77cce8aa4e86320f229cd025238ab79be8d1df66d61a601099ba7f
bdb2023_sack,set_empty_rate,60,relnet,attn_relnet,0.0,0.0,0.0,1.0,0.0,0.0,1.0,1.0,0.95,BCa,-3.890591886413094,0.0,0.0,2.9209842322686086e-09,10000,100,True,1e-12,100,10000,complete_repeat_5x6_vector,delete_one_complete_repeat_5x6_vector,809a3f2f1d77cce8aa4e86320f229cd025238ab79be8d1df66d61a601099ba7f
bdb2023_sack,set_empty_rate,60,relnet,set_transformer,0.0,0.0,0.0,1.0,0.0,0.0,1.0,1.0,0.95,BCa,-3.890591886413094,0.0,0.0,2.9209842322686086e-09,10000,100,True,1e-12,100,10000,complete_repeat_5x6_vector,delete_one_complete_repeat_5x6_vector,809a3f2f1d77cce8aa4e86320f229cd025238ab79be8d1df66d61a601099ba7f
bdb2023_sack,set_empty_rate,60,attn_relnet,set_transformer,0.0,0.0,0.0,1.0,0.0,0.0,1.0,1.0,0.95,BCa,-3.890591886413094,0.0,0.0,2.9209842322686086e-09,10000,100,True,1e-12,100,10000,complete_repeat_5x6_vector,delete_one_complete_repeat_5x6_vector,809a3f2f1d77cce8aa4e86320f229cd025238ab79be8d1df66d61a601099ba7f
bdb2023_sack,game_equal_set_singleton_rate,10,linear_structure,boosted_structure,0.10147559710683772,0.09403120256477705,0.07619167761509837,1.079169406952254,-0.10201541017482481,0.2713468800980624,0.9030156359328358,1.311730004508825,0.95,BCa,-0.004762611726370971,0.007278067014920207,0.026081212902294815,0.9760730238396236,0,0,False,1e-12,100,10000,complete_repeat_5x6_vector,delete_one_complete_repeat_5x6_vector,809a3f2f1d77cce8aa4e86320f229cd025238ab79be8d1df66d61a601099ba7f
bdb2023_sack,game_equal_set_singleton_rate,10,linear_structure,relnet,0.10147559710683772,0.08620921255242217,0.16304130086592408,1.1770853033268613,-0.02118353326620395,0.36009474894856314,0.9790392618057853,1.4334652274492772,0.95,BCa,0.01428826731971852,0.0008808447936925719,0.02692392000323035,0.9768133597949811,0,0,False,1e-12,100,10000,complete_repeat_5x6_vector,delete_one_complete_repeat_5x6_vector,809a3f2f1d77cce8aa4e86320f229cd025238ab79be8d1df66d61a601099ba7f
bdb2023_sack,game_equal_set_singleton_rate,10,linear_structure,attn_relnet,0.10147559710683772,0.08733891538910946,0.1500222172633692,1.161860055792392,-0.03575999870936682,0.35028430865993954,0.9648718361827177,1.4194710591444155,0.95,BCa,0.015541720951108279,0.0008566809791992065,0.027074232407210685,0.9769456240128906,0,0,False,1e-12,100,10000,complete_repeat_5x6_vector,delete_one_complete_repeat_5x6_vector,809a3f2f1d77cce8aa4e86320f229cd025238ab79be8d1df66d61a601099ba7f
bdb2023_sack,game_equal_set_singleton_rate,10,linear_structure,set_transformer,0.10147559710683772,0.09506062558713001,0.06530349484747522,1.067482950802043,-0.15507265130145603,0.27148370405081307,0.8563529600664982,1.311909492871857,0.95,BCa,-0.002255967360748947,-0.024307174174774026,0.01956802925399309,0.969015930758254,0,0,False,1e-12,100,10000,complete_repeat_5x6_vector,delete_one_complete_repeat_5x6_vector,809a3f2f1d77cce8aa4e86320f229cd025238ab79be8d1df66d61a601099ba7f
bdb2023_sack,game_equal_set_singleton_rate,10,boosted_structure,relnet,0.09403120256477705,0.08620921255242217,0.0868496232508257,1.0907326465555927,-0.10452664500548578,0.26493216340139947,0.9007507965772173,1.3033425584534606,0.95,BCa,-0.018299407668827674,-0.004435704919906332,0.022000791997646374,0.9717257884315207,0,0,False,1e-12,100,10000,complete_repeat_5x6_vector,delete_one_complete_repeat_5x6_vector,809a3f2f1d77cce8aa4e86320f229cd025238ab79be8d1df66d61a601099ba7f
bdb2023_sack,game_equal_set_singleton_rate,10,boosted_structure,attn_relnet,0.09403120256477705,0.08733891538910946,0.0738305396482709,1.0766243448965716,-0.11609419220311208,0.2560863189235837,0.8903913514244738,1.2918642354572512,0.95,BCa,-0.011781425432631035,-0.0045387587221440906,0.022678318557227906,0.972528432870873,0,0,False,1e-12,100,10000,complete_repeat_5x6_vector,delete_one_complete_repeat_5x6_vector,809a3f2f1d77cce8aa4e86320f229cd025238ab79be8d1df66d61a601099ba7f
bdb2023_sack,game_equal_set_singleton_rate,10,boosted_structure,set_transformer,0.09403120256477705,0.09506062558713001,-0.010888182767623277,0.9891708789417821,-0.22696240020563133,0.18649243621275,0.7969507469110101,1.205015507570294,0.95,BCa,-0.00701861679253328,-0.02629571855570383,0.018703722821988178,0.9678816754816517,0,0,False,1e-12,100,10000,complete_repeat_5x6_vector,delete_one_complete_repeat_5x6_vector,809a3f2f1d77cce8aa4e86320f229cd025238ab79be8d1df66d61a601099ba7f
bdb2023_sack,game_equal_set_singleton_rate,10,relnet,attn_relnet,0.08620921255242217,0.08733891538910946,-0.013019083602554856,0.9870652980787056,-0.027907358866737345,0.0049017626002570485,0.9724784541343506,1.0049137958919643,0.95,BCa,0.027576405739391723,0.006806162489760975,0.030072711242081773,0.9794426769643021,0,0,False,1e-12,100,10000,complete_repeat_5x6_vector,delete_one_complete_repeat_5x6_vector,809a3f2f1d77cce8aa4e86320f229cd025238ab79be8d1df66d61a601099ba7f
bdb2023_sack,game_equal_set_singleton_rate,10,relnet,set_transformer,0.08620921255242217,0.09506062558713001,-0.0977378060184489,0.9068866528066885,-0.3032511870781936,0.1098518082791051,0.7384135931204938,1.1161126595471793,0.95,BCa,0.002757294595891845,-0.012130903819178696,0.02263973740538522,0.9725605508555999,0,0,False,1e-12,100,10000,complete_repeat_5x6_vector,delete_one_complete_repeat_5x6_vector,809a3f2f1d77cce8aa4e86320f229cd025238ab79be8d1df66d61a601099ba7f
bdb2023_sack,game_equal_set_singleton_rate,10,attn_relnet,set_transformer,0.08733891538910946,0.09506062558713001,-0.08471872241589408,0.918770677656197,-0.2925878728020578,0.12263018599278565,0.7463296600758671,1.1304662813697843,0.95,BCa,-0.003258622524023968,-0.010776867558262224,0.022273037385026007,0.9721283744858883,0,0,False,1e-12,100,10000,complete_repeat_5x6_vector,delete_one_complete_repeat_5x6_vector,809a3f2f1d77cce8aa4e86320f229cd025238ab79be8d1df66d61a601099ba7f
bdb2023_sack,game_equal_set_singleton_rate,20,linear_structure,boosted_structure,0.09376277942078586,0.10703524358806916,-0.132390190173842,0.8759991221362274,-0.29654638933973393,0.024410974760536226,0.7433811415038997,1.0247113618720347,0.95,BCa,-0.012784152420787679,0.001124194896723657,0.02378627982202891,0.9737290762420063,0,0,False,1e-12,100,10000,complete_repeat_5x6_vector,delete_one_complete_repeat_5x6_vector,809a3f2f1d77cce8aa4e86320f229cd025238ab79be8d1df66d61a601099ba7f
bdb2023_sack,game_equal_set_singleton_rate,20,linear_structure,relnet,0.09376277942078586,0.09108038765380626,0.029025472005638674,1.029450816318166,-0.16750492767792402,0.20029657983076674,0.845772449584347,1.2217650553058403,0.95,BCa,-0.022060117941149964,-0.009360386339859767,0.020598052720577686,0.9700356207462499,0,0,False,1e-12,100,10000,complete_repeat_5x6_vector,delete_one_complete_repeat_5x6_vector,809a3f2f1d77cce8aa4e86320f229cd025238ab79be8d1df66d61a601099ba7f
bdb2023_sack,game_equal_set_singleton_rate,20,linear_structure,attn_relnet,0.09376277942078586,0.09060821305927369,0.03422310857368689,1.0348154571754828,-0.16914921320045878,0.21130491338165877,0.8443829009105942,1.2352889537757044,0.95,BCa,-0.019302236240380063,-0.013595357823484708,0.020021697519956305,0.9693602468536772,0,0,False,1e-12,100,10000,complete_repeat_5x6_vector,delete_one_complete_repeat_5x6_vector,809a3f2f1d77cce8aa4e86320f229cd025238ab79be8d1df66d61a601099ba7f
bdb2023_sack,game_equal_set_singleton_rate,20,linear_structure,set_transformer,0.09376277942078586,0.09768963032645395,-0.04102744612603049,0.9598027867180421,-0.21727434236414025,0.1278482979717228,0.8047091732025022,1.1363805983786797,0.95,BCa,-0.031588768951337824,-0.035598090382544696,0.014811038813075939,0.9618784968948138,0,0,False,1e-12,100,10000,complete_repeat_5x6_vector,delete_one_complete_repeat_5x6_vector,809a3f2f1d77cce8aa4e86320f229cd025238ab79be8d1df66d61a601099ba7f
bdb2023_sack,game_equal_set_singleton_rate,20,boosted_structure,relnet,0.10703524358806916,0.09108038765380626,0.1614156621794806,1.1751733424203992,0.004569639263182332,0.3034476924379155,1.0045800959864306,1.3545207374113892,0.95,BCa,-0.014789645968119597,-0.013800828191238745,0.020433861726926072,0.9699140289901707,0,0,False,1e-12,100,10000,complete_repeat_5x6_vector,delete_one_complete_repeat_5x6_vector,809a3f2f1d77cce8aa4e86320f229cd025238ab79be8d1df66d61a601099ba7f
bdb2023_sack,game_equal_set_singleton_rate,20,boosted_structure,attn_relnet,0.10703524358806916,0.09060821305927369,0.16661329874752878,1.1812973678009664,-0.0004038256048059985,0.3174488942586067,0.999596255921779,1.373619043251916,0.95,BCa,-0.020054370352950632,-0.01701403824194637,0.01926829382445372,0.9684064703862736,0,0,False,1e-12,100,10000,complete_repeat_5x6_vector,delete_one_complete_repeat_5x6_vector,809a3f2f1d77cce8aa4e86320f229cd025238ab79be8d1df66d61a601099ba7f
bdb2023_sack,game_equal_set_singleton_rate,20,boosted_structure,set_transformer,0.10703524358806916,0.09768963032645395,0.09136274404781154,1.0956663796391137,-0.15316129781691057,0.2749572136050521,0.8579913185230138,1.3164743464712587,0.95,BCa,-0.053416573903138934,-0.05827986589412528,0.009786009616826574,0.9517909809322309,0,0,False,1e-12,100,10000,complete_repeat_5x6_vector,delete_one_complete_repeat_5x6_vector,809a3f2f1d77cce8aa4e86320f229cd025238ab79be8d1df66d61a601099ba7f
bdb2023_sack,game_equal_set_singleton_rate,20,relnet,attn_relnet,0.09108038765380626,0.09060821305927369,0.005197636568048266,1.005211167714164,-0.027055065096141168,0.029021656228761916,0.9733076447696609,1.0294468881710397,0.95,BCa,-0.01855011304703817,-0.06997182287463972,0.010306933569935617,0.9545505815274263,0,0,False,1e-12,100,10000,complete_repeat_5x6_vector,delete_one_complete_repeat_5x6_vector,809a3f2f1d77cce8aa4e86320f229cd025238ab79be8d1df66d61a601099ba7f
bdb2023_sack,game_equal_set_singleton_rate,20,relnet,set_transformer,0.09108038765380626,0.09768963032645395,-0.07005291813166922,0.9323444806725004,-0.3092028093246209,0.12704946876827772,0.734031886418147,1.1354731868521335,0.95,BCa,-0.04137116513242771,-0.05137092521459352,0.011541967964557476,0.9559112338799811,0,0,False,1e-12,100,10000,complete_repeat_5x6_vector,delete_one_complete_repeat_5x6_vector,809a3f2f1d77cce8aa4e86320f229cd025238ab79be8d1df66d61a601099ba7f
bdb2023_sack,game_equal_set_singleton_rate,20,attn_relnet,set_transformer,0.09060821305927369,0.09768963032645395,-0.07525055469971738,0.9275110649562706,-0.3182513949933487,0.12909260747333712,0.7274198957065603,1.137795487652219,0.95,BCa,-0.0363541161267396,-0.04400156202750243,0.01304336773519077,0.958819090024944,0,0,False,1e-12,100,10000,complete_repeat_5x6_vector,delete_one_complete_repeat_5x6_vector,809a3f2f1d77cce8aa4e86320f229cd025238ab79be8d1df66d61a601099ba7f
bdb2023_sack,game_equal_set_singleton_rate,30,linear_structure,boosted_structure,0.09953557984469302,0.10549318326718773,-0.05813117062281548,0.9435261764032127,-0.24311110906131647,0.11711075290874035,0.7841843789406683,1.1242439360817418,0.95,BCa,-0.03560164077923748,-0.028253550899852427,0.015761650291036544,0.9632351100475969,0,0,False,1e-12,100,10000,complete_repeat_5x6_vector,delete_one_complete_repeat_5x6_vector,809a3f2f1d77cce8aa4e86320f229cd025238ab79be8d1df66d61a601099ba7f
bdb2023_sack,game_equal_set_singleton_rate,30,linear_structure,relnet,0.09953557984469302,0.07891951995714108,0.23208656814021647,1.2612289063434234,0.08329644318690761,0.38634840937014125,1.0868639542112568,1.4715972997955107,0.95,BCa,-0.012533469508069278,-0.0067183517076043215,0.02213520746326403,0.9719170919720957,0,0,False,1e-12,100,10000,complete_repeat_5x6_vector,delete_one_complete_repeat_5x6_vector,809a3f2f1d77cce8aa4e86320f229cd025238ab79be8d1df66d61a601099ba7f
bdb2023_sack,game_equal_set_singleton_rate,30,linear_structure,attn_relnet,0.09953557984469302,0.08052155793811205,0.21199021757878625,1.236135792618356,0.06508719094172455,0.3635861268699576,1.0672520750410268,1.4384787432418753,0.95,BCa,-0.015291028334377803,-0.004315129675134132,0.022346798585262284,0.9721387075349701,0,0,False,1e-12,100,10000,complete_repeat_5x6_vector,delete_one_complete_repeat_5x6_vector,809a3f2f1d77cce8aa4e86320f229cd025238ab79be8d1df66d61a601099ba7f
bdb2023_sack,game_equal_set_singleton_rate,30,linear_structure,set_transformer,0.09953557984469302,0.09036695750017885,0.09663648042168378,1.1014598985972945,-0.09170031201022508,0.2616871134010889,0.9123785374673132,1.2991200015932327,0.95,BCa,-0.03961508598957956,-0.030771745654493407,0.014992210666354144,0.961934270079623,0,0,False,1e-12,100,10000,complete_repeat_5x6_vector,delete_one_complete_repeat_5x6_vector,809a3f2f1d77cce8aa4e86320f229cd025238ab79be8d1df66d61a601099ba7f
bdb2023_sack,game_equal_set_singleton_rate,30,boosted_structure,relnet,0.10549318326718773,0.07891951995714108,0.29021773876303186,1.3367185117760225,0.0895371366796956,0.4973542158548501,1.0936679477544724,1.6443648756840634,0.95,BCa,0.005263943686483789,0.013837734193349795,0.02885089913771771,0.9785883260183332,0,0,False,1e-12,100,10000,complete_repeat_5x6_vector,delete_one_complete_repeat_5x6_vector,809a3f2f1d77cce8aa4e86320f229cd025238ab79be8d1df66d61a601099ba7f
bdb2023_sack,game_equal_set_singleton_rate,30,boosted_structure,attn_relnet,0.10549318326718773,0.08052155793811205,0.27012138820160175,1.3101234746137003,0.0696432804242606,0.4737309236735739,1.0721256648204287,1.6059747990850253,0.95,BCa,0.00651727965058399,0.013669396968456071,0.028971807891926715,0.9786850966543729,0,0,False,1e-12,100,10000,complete_repeat_5x6_vector,delete_one_complete_repeat_5x6_vector,809a3f2f1d77cce8aa4e86320f229cd025238ab79be8d1df66d61a601099ba7f
bdb2023_sack,game_equal_set_singleton_rate,30,boosted_structure,set_transformer,0.10549318326718773,0.09036695750017885,0.15476765104449916,1.1673866885136521,-0.078467457341046,0.38440376514761243,0.9245321461763323,1.4687383473322304,0.95,BCa,-0.005514610154793434,0.006449178710105198,0.025803883441024134,0.9758025488100505,0,0,False,1e-12,100,10000,complete_repeat_5x6_vector,delete_one_complete_repeat_5x6_vector,809a3f2f1d77cce8aa4e86320f229cd025238ab79be8d1df66d61a601099ba7f
bdb2023_sack,game_equal_set_singleton_rate,30,relnet,attn_relnet,0.07891951995714108,0.08052155793811205,-0.02009635056143016,0.9801042351639262,-0.05671320397942547,-0.005226287724843437,0.9448650140377456,0.9947873455560249,0.95,BCa,-0.11429997792338967,-0.07821006474686859,0.004795592911996938,0.93300478692105,0,0,False,1e-12,100,10000,complete_repeat_5x6_vector,delete_one_complete_repeat_5x6_vector,809a3f2f1d77cce8aa4e86320f229cd025238ab79be8d1df66d61a601099ba7f
bdb2023_sack,game_equal_set_singleton_rate,30,relnet,set_transformer,0.07891951995714108,0.09036695750017885,-0.13545008771853265,0.8733227513716492,-0.33256990975383716,0.04352615562946736,0.7170785363276728,1.0444873131779004,0.95,BCa,-0.014037579350310843,-0.014466914266966025,0.0203747755343901,0.9698509755699941,0,0,False,1e-12,100,10000,complete_repeat_5x6_vector,delete_one_complete_repeat_5x6_vector,809a3f2f1d77cce8aa4e86320f229cd025238ab79be8d1df66d61a601099ba7f
bdb2023_sack,game_equal_set_singleton_rate,30,attn_relnet,set_transformer,0.08052155793811205,0.09036695750017885,-0.11535373715710247,0.8910508903428854,-0.31538895800398736,0.06503214228783351,0.7295050722423019,1.0671933258679795,0.95,BCa,-0.011280066443693096,-0.016288144072107505,0.02028410352600618,0.9697720911873711,0,0,False,1e-12,100,10000,complete_repeat_5x6_vector,delete_one_complete_repeat_5x6_vector,809a3f2f1d77cce8aa4e86320f229cd025238ab79be8d1df66d61a601099ba7f
bdb2023_sack,game_equal_set_singleton_rate,40,linear_structure,boosted_structure,0.10488619541068822,0.0931871786832358,0.11826576468051805,1.125543201251108,-0.08808947428830355,0.2792614919853013,0.915678943336145,1.3221530310913225,0.95,BCa,-0.03510000177270884,-0.03752550723304758,0.014203729933470743,0.9608040990465678,0,0,False,1e-12,100,10000,complete_repeat_5x6_vector,delete_one_complete_repeat_5x6_vector,809a3f2f1d77cce8aa4e86320f229cd025238ab79be8d1df66d61a601099ba7f
bdb2023_sack,game_equal_set_singleton_rate,40,linear_structure,relnet,0.10488619541068822,0.09627364732929328,0.08568127960229852,1.0894590401456037,-0.10329675660203841,0.27356141838546216,0.9018593010650017,1.314638099682108,0.95,BCa,-0.019051527317045187,-0.006568640400638188,0.02147828776085875,0.9711142265804524,0,0,False,1e-12,100,10000,complete_repeat_5x6_vector,delete_one_complete_repeat_5x6_vector,809a3f2f1d77cce8aa4e86320f229cd025238ab79be8d1df66d61a601099ba7f
bdb2023_sack,game_equal_set_singleton_rate,40,linear_structure,attn_relnet,0.10488619541068822,0.09583708914094871,0.09022614729497574,1.09442175624127,-0.11554934934992082,0.2802956476756336,0.8908766069708447,1.3235210504224815,0.95,BCa,-0.02531965065378632,-0.01985110414630408,0.01821686897822644,0.9669520644144487,0,0,False,1e-12,100,10000,complete_repeat_5x6_vector,delete_one_complete_repeat_5x6_vector,809a3f2f1d77cce8aa4e86320f229cd025238ab79be8d1df66d61a601099ba7f
bdb2023_sack,game_equal_set_singleton_rate,40,linear_structure,set_transformer,0.10488619541068822,0.10394216600501348,0.009041260775362221,1.0090822564312274,-0.16925824548166446,0.18019101666850978,0.8442908409355426,1.1974460734370416,0.95,BCa,-0.024316690467047396,-0.011834163636588584,0.01987616238737666,0.9691178571203376,0,0,False,1e-12,100,10000,complete_repeat_5x6_vector,delete_one_complete_repeat_5x6_vector,809a3f2f1d77cce8aa4e86320f229cd025238ab79be8d1df66d61a601099ba7f
bdb2023_sack,game_equal_set_singleton_rate,40,boosted_structure,relnet,0.0931871786832358,0.09627364732929328,-0.0325844850782194,0.9679406698335573,-0.23880297228166564,0.20985861067793987,0.7875700402150402,1.2335036433828166,0.95,BCa,0.01654450134317476,0.018654767375714913,0.03152185109327943,0.9807137850296912,0,0,False,1e-12,100,10000,complete_repeat_5x6_vector,delete_one_complete_repeat_5x6_vector,809a3f2f1d77cce8aa4e86320f229cd025238ab79be8d1df66d61a601099ba7f
bdb2023_sack,game_equal_set_singleton_rate,40,boosted_structure,attn_relnet,0.0931871786832358,0.09583708914094871,-0.02803961738554227,0.9723498440795123,-0.24692915293918585,0.20998043381116419,0.7811960370140338,1.233653921815006,0.95,BCa,0.009525331483604745,0.007810631607075213,0.02796081414561341,0.9777730014419641,0,0,False,1e-12,100,10000,complete_repeat_5x6_vector,delete_one_complete_repeat_5x6_vector,809a3f2f1d77cce8aa4e86320f229cd025238ab79be8d1df66d61a601099ba7f
bdb2023_sack,game_equal_set_singleton_rate,40,boosted_structure,set_transformer,0.0931871786832358,0.10394216600501348,-0.10922450390515574,0.8965291206144489,-0.30539971630247237,0.11420311722533301,0.7368287930403564,1.120979792066826,0.95,BCa,0.017798000347151635,0.011639734930540227,0.029956493879279678,0.9794322733509586,0,0,False,1e-12,100,10000,complete_repeat_5x6_vector,delete_one_complete_repeat_5x6_vector,809a3f2f1d77cce8aa4e86320f229cd025238ab79be8d1df66d61a601099ba7f
bdb2023_sack,game_equal_set_singleton_rate,40,relnet,attn_relnet,0.09627364732929328,0.09583708914094871,0.004544867692677053,1.0045552112679728,-0.07655884728401834,0.08551347222631409,0.9262984025397236,1.0892762362211867,0.95,BCa,0.0002506628300880075,-0.015666292007985222,0.02161223891387304,0.97141847677115,0,0,False,1e-12,100,10000,complete_repeat_5x6_vector,delete_one_complete_repeat_5x6_vector,809a3f2f1d77cce8aa4e86320f229cd025238ab79be8d1df66d61a601099ba7f
bdb2023_sack,game_equal_set_singleton_rate,40,relnet,set_transformer,0.09627364732929328,0.10394216600501348,-0.0766400188269363,0.9262232165207109,-0.24952804239922333,0.09256845889362318,0.779168430770705,1.0969882375908422,0.95,BCa,0.007519955698540525,-0.008258149606742905,0.024025317365526988,0.9740249939756624,0,0,False,1e-12,100,10000,complete_repeat_5x6_vector,delete_one_complete_repeat_5x6_vector,809a3f2f1d77cce8aa4e86320f229cd025238ab79be8d1df66d61a601099ba7f
bdb2023_sack,game_equal_set_singleton_rate,40,attn_relnet,set_transformer,0.09583708914094871,0.10394216600501348,-0.08118488651961346,0.9220232060233011,-0.2795151172917849,0.08855522010379756,0.7561502967840958,1.092594584131052,0.95,BCa,-0.0077706258524470675,-0.014315493933058018,0.021049449336070225,0.970711099413379,0,0,False,1e-12,100,10000,complete_repeat_5x6_vector,delete_one_complete_repeat_5x6_vector,809a3f2f1d77cce8aa4e86320f229cd025238ab79be8d1df66d61a601099ba7f
bdb2023_sack,game_equal_set_singleton_rate,50,linear_structure,boosted_structure,0.10459907661297965,0.09816641464641217,0.06347057664898566,1.0655281339319302,-0.24534857918607858,0.2668834252261442,0.7824317512776789,1.3058882038349666,0.95,BCa,-0.05542484852498542,-0.0587095098519628,0.009608822908675374,0.9512984480330702,0,0,False,1e-12,100,10000,complete_repeat_5x6_vector,delete_one_complete_repeat_5x6_vector,809a3f2f1d77cce8aa4e86320f229cd025238ab79be8d1df66d61a601099ba7f
bdb2023_sack,game_equal_set_singleton_rate,50,linear_structure,relnet,0.10459907661297965,0.11186126236430602,-0.06712465074608423,0.9350786358223356,-0.2796939700067866,0.13662884399995343,0.7560150693438246,1.146402575353955,0.95,BCa,0.0015039775317651199,0.005895147307790366,0.02651952308090283,0.9764787852504553,0,0,False,1e-12,100,10000,complete_repeat_5x6_vector,delete_one_complete_repeat_5x6_vector,809a3f2f1d77cce8aa4e86320f229cd025238ab79be8d1df66d61a601099ba7f
bdb2023_sack,game_equal_set_singleton_rate,50,linear_structure,attn_relnet,0.10459907661297965,0.1131709738527239,-0.0787649943605421,0.9242571045566916,-0.2947931925235369,0.12726234307290465,0.7446855780873173,1.1357149256462833,0.95,BCa,0.0015039775317651199,0.004089479369015565,0.026105180574905795,0.9760825857674602,0,0,False,1e-12,100,10000,complete_repeat_5x6_vector,delete_one_complete_repeat_5x6_vector,809a3f2f1d77cce8aa4e86320f229cd025238ab79be8d1df66d61a601099ba7f
bdb2023_sack,game_equal_set_singleton_rate,50,linear_structure,set_transformer,0.10459907661297965,0.09249449692667065,0.1229855737360978,1.1308681066280675,-0.08351444005014666,0.32927118533591476,0.9198778034937206,1.3899547398255876,0.95,BCa,0.010528033237178321,0.0096865428384509,0.02853473415383473,0.9782752582996418,0,0,False,1e-12,100,10000,complete_repeat_5x6_vector,delete_one_complete_repeat_5x6_vector,809a3f2f1d77cce8aa4e86320f229cd025238ab79be8d1df66d61a601099ba7f
bdb2023_sack,game_equal_set_singleton_rate,50,boosted_structure,relnet,0.09816641464641217,0.11186126236430602,-0.13059522739506968,0.87757291998643,-0.33498734634958344,0.10289885102774671,0.7153471380479026,1.1083792919795876,0.95,BCa,0.02807792553819829,0.04979512032428427,0.041434858612590664,0.9872765127074166,0,0,False,1e-12,100,10000,complete_repeat_5x6_vector,delete_one_complete_repeat_5x6_vector,809a3f2f1d77cce8aa4e86320f229cd025238ab79be8d1df66d61a601099ba7f
bdb2023_sack,game_equal_set_singleton_rate,50,boosted_structure,attn_relnet,0.09816641464641217,0.1131709738527239,-0.14223557100952758,0.8674168941425029,-0.34924363743928194,0.09088333824337158,0.7052212910280948,1.0951412367053281,0.95,BCa,0.025821140235424707,0.04579868151474429,0.039978590967805094,0.986456933896922,0,0,False,1e-12,100,10000,complete_repeat_5x6_vector,delete_one_complete_repeat_5x6_vector,809a3f2f1d77cce8aa4e86320f229cd025238ab79be8d1df66d61a601099ba7f
bdb2023_sack,game_equal_set_singleton_rate,50,boosted_structure,set_transformer,0.09816641464641217,0.09249449692667065,0.05951499708711221,1.0613216775938377,-0.155124195149908,0.35739170339606025,0.8563088214768493,1.4295957377011008,0.95,BCa,0.04262558517694437,0.06257523394035547,0.04752723870753245,0.9901527337001051,0,0,False,1e-12,100,10000,complete_repeat_5x6_vector,delete_one_complete_repeat_5x6_vector,809a3f2f1d77cce8aa4e86320f229cd025238ab79be8d1df66d61a601099ba7f
bdb2023_sack,game_equal_set_singleton_rate,50,relnet,attn_relnet,0.11186126236430602,0.1131709738527239,-0.011640343614457881,0.9884271430753765,-0.05024141178470426,0.017553879499362168,0.9509998142241105,1.0177088543171509,0.95,BCa,-0.0433782692742585,-0.043096302586962704,0.012675020801827475,0.957914357542808,0,0,False,1e-12,100,10000,complete_repeat_5x6_vector,delete_one_complete_repeat_5x6_vector,809a3f2f1d77cce8aa4e86320f229cd025238ab79be8d1df66d61a601099ba7f
bdb2023_sack,game_equal_set_singleton_rate,50,relnet,set_transformer,0.11186126236430602,0.09249449692667065,0.19011022448218198,1.2093828939141025,0.04828742730966819,0.3308509786157591,1.0494722589657985,1.3921523163841418,0.95,BCa,0.004261280963260362,-0.005535797358577012,0.024256536511494287,0.9742540959098511,0,0,False,1e-12,100,10000,complete_repeat_5x6_vector,delete_one_complete_repeat_5x6_vector,809a3f2f1d77cce8aa4e86320f229cd025238ab79be8d1df66d61a601099ba7f
bdb2023_sack,game_equal_set_singleton_rate,50,attn_relnet,set_transformer,0.1131709738527239,0.09249449692667065,0.2017505680966399,1.223542779441738,0.05729580821275898,0.3444802991610759,1.0589690158007818,1.4112562979702732,0.95,BCa,0.009525331483604745,-0.004738656505865431,0.025050050320435946,0.9750490476568443,0,0,False,1e-12,100,10000,complete_repeat_5x6_vector,delete_one_complete_repeat_5x6_vector,809a3f2f1d77cce8aa4e86320f229cd025238ab79be8d1df66d61a601099ba7f
bdb2023_sack,game_equal_set_singleton_rate,60,linear_structure,boosted_structure,0.10004721462989476,0.09384046780313363,0.06404603141387008,1.0661414736314205,-0.14915188306728322,0.2859969683549503,0.8614382670761468,1.331088419858556,0.95,BCa,0.028830218517740373,-0.005113407603695209,0.02733038115472164,0.9771201387836208,0,0,False,1e-12,100,10000,complete_repeat_5x6_vector,delete_one_complete_repeat_5x6_vector,809a3f2f1d77cce8aa4e86320f229cd025238ab79be8d1df66d61a601099ba7f
bdb2023_sack,game_equal_set_singleton_rate,60,linear_structure,relnet,0.10004721462989476,0.09981032742087559,0.002370561726337232,1.0023733737293563,-0.26630010426688566,0.25988087892095696,0.7662091503588349,1.296775604155649,0.95,BCa,-0.04864777006503447,-0.05822090117205727,0.010082596855214954,0.9526665740695711,0,0,False,1e-12,100,10000,complete_repeat_5x6_vector,delete_one_complete_repeat_5x6_vector,809a3f2f1d77cce8aa4e86320f229cd025238ab79be8d1df66d61a601099ba7f
bdb2023_sack,game_equal_set_singleton_rate,60,linear_structure,attn_relnet,0.10004721462989476,0.09933438505878281,0.007150435239707382,1.0071760606429498,-0.2521326413094717,0.26232920810194316,0.7771416501461184,1.299954427523595,0.95,BCa,-0.0421238092207306,-0.049531918450043184,0.011768330274010697,0.956305776244081,0,0,False,1e-12,100,10000,complete_repeat_5x6_vector,delete_one_complete_repeat_5x6_vector,809a3f2f1d77cce8aa4e86320f229cd025238ab79be8d1df66d61a601099ba7f
bdb2023_sack,game_equal_set_singleton_rate,60,linear_structure,set_transformer,0.10004721462989476,0.09609324985345707,0.04032314821073188,1.041147164680844,-0.13155171209731328,0.22993794166245785,0.876733936214894,1.2585219057287647,0.95,BCa,0.023564486434286026,0.022192261343920414,0.03339752782812966,0.9820662462584404,0,0,False,1e-12,100,10000,complete_repeat_5x6_vector,delete_one_complete_repeat_5x6_vector,809a3f2f1d77cce8aa4e86320f229cd025238ab79be8d1df66d61a601099ba7f
bdb2023_sack,game_equal_set_singleton_rate,60,boosted_structure,relnet,0.09384046780313363,0.09981032742087559,-0.06167546968753275,0.9401879567775734,-0.38836086325662067,0.21214282191063183,0.6781675733434737,1.236324446689407,0.95,BCa,-0.06722824465557493,-0.06798115891283377,0.007793532739636788,0.9462718509150141,0,0,False,1e-12,100,10000,complete_repeat_5x6_vector,delete_one_complete_repeat_5x6_vector,809a3f2f1d77cce8aa4e86320f229cd025238ab79be8d1df66d61a601099ba7f
bdb2023_sack,game_equal_set_singleton_rate,60,boosted_structure,attn_relnet,0.09384046780313363,0.09933438505878281,-0.05689559617416276,0.9446926937495203,-0.3698290867448565,0.21625662390935574,0.6908523963794561,1.2414209164154917,0.95,BCa,-0.06270677794321383,-0.0589868311443329,0.009152308161907208,0.9498698474001903,0,0,False,1e-12,100,10000,complete_repeat_5x6_vector,delete_one_complete_repeat_5x6_vector,809a3f2f1d77cce8aa4e86320f229cd025238ab79be8d1df66d61a601099ba7f
bdb2023_sack,game_equal_set_singleton_rate,60,boosted_structure,set_transformer,0.09384046780313363,0.09609324985345707,-0.02372288320313815,0.9765562924163876,-0.1963667240277444,0.18245635540031568,0.8217108383086533,1.2001617692305218,0.95,BCa,0.004511946203065806,0.03924962112762914,0.0350274494342257,0.9835422945210706,0,0,False,1e-12,100,10000,complete_repeat_5x6_vector,delete_one_complete_repeat_5x6_vector,809a3f2f1d77cce8aa4e86320f229cd025238ab79be8d1df66d61a601099ba7f
bdb2023_sack,game_equal_set_singleton_rate,60,relnet,attn_relnet,0.09981032742087559,0.09933438505878281,0.004779873513369942,1.004791315331656,-0.012783262276829393,0.023546717998657474,0.9872980965742222,1.023826130737161,0.95,BCa,0.05768442510798417,0.09260259418965194,0.059417091879013895,0.9944403469507339,0,0,False,1e-12,100,10000,complete_repeat_5x6_vector,delete_one_complete_repeat_5x6_vector,809a3f2f1d77cce8aa4e86320f229cd025238ab79be8d1df66d61a601099ba7f
bdb2023_sack,game_equal_set_singleton_rate,60,relnet,set_transformer,0.09981032742087559,0.09609324985345707,0.037952586484394694,1.038681984146515,-0.1923425848278813,0.2752119779368039,0.8250241793054688,1.316809779904829,0.95,BCa,0.04739300996743081,0.08161379281561659,0.054032860816533135,0.9928182918648052,0,0,False,1e-12,100,10000,complete_repeat_5x6_vector,delete_one_complete_repeat_5x6_vector,809a3f2f1d77cce8aa4e86320f229cd025238ab79be8d1df66d61a601099ba7f
bdb2023_sack,game_equal_set_singleton_rate,60,attn_relnet,set_transformer,0.09933438505878281,0.09609324985345707,0.033172712971024705,1.0337290622418172,-0.1949124980942379,0.2617842230286986,0.8229066608068684,1.2992461647785385,0.95,BCa,0.044130977947614766,0.07182931016342385,0.05050772188766317,0.991465874449809,0,0,False,1e-12,100,10000,complete_repeat_5x6_vector,delete_one_complete_repeat_5x6_vector,809a3f2f1d77cce8aa4e86320f229cd025238ab79be8d1df66d61a601099ba7f
bdb2023_sack,game_equal_set_doubleton_rate,10,linear_structure,boosted_structure,0.10147559710683772,0.09403120256477705,0.07619167761509837,1.079169406952254,-0.10201541017482517,0.27134688009806224,0.9030156359328355,1.3117300045088247,0.95,BCa,-0.004762611726370971,0.007278067014920254,0.026081212902294815,0.9760730238396236,0,0,False,1e-12,100,10000,complete_repeat_5x6_vector,delete_one_complete_repeat_5x6_vector,809a3f2f1d77cce8aa4e86320f229cd025238ab79be8d1df66d61a601099ba7f
bdb2023_sack,game_equal_set_doubleton_rate,10,linear_structure,relnet,0.10147559710683772,0.08620921255242214,0.16304130086592447,1.1770853033268618,-0.021183533266204105,0.360094748948563,0.9790392618057852,1.433465227449277,0.95,BCa,0.01428826731971852,0.0008808447936926726,0.026923920003230406,0.9768133597949811,0,0,False,1e-12,100,10000,complete_repeat_5x6_vector,delete_one_complete_repeat_5x6_vector,809a3f2f1d77cce8aa4e86320f229cd025238ab79be8d1df66d61a601099ba7f
bdb2023_sack,game_equal_set_doubleton_rate,10,linear_structure,attn_relnet,0.10147559710683772,0.0873389153891095,0.1500222172633688,1.1618600557923915,-0.03575999870936698,0.35028430865993937,0.9648718361827175,1.4194710591444153,0.95,BCa,0.015541720951108279,0.0008566809791995635,0.02707423240721074,0.9769456240128908,0,0,False,1e-12,100,10000,complete_repeat_5x6_vector,delete_one_complete_repeat_5x6_vector,809a3f2f1d77cce8aa4e86320f229cd025238ab79be8d1df66d61a601099ba7f
bdb2023_sack,game_equal_set_doubleton_rate,10,linear_structure,set_transformer,0.10147559710683772,0.09506062558713002,0.06530349484747501,1.0674829508020427,-0.15507265130145628,0.27148370405081323,0.856352960066498,1.3119094928718573,0.95,BCa,-0.002255967360748947,-0.024307174174773963,0.01956802925399309,0.9690159307582541,0,0,False,1e-12,100,10000,complete_repeat_5x6_vector,delete_one_complete_repeat_5x6_vector,809a3f2f1d77cce8aa4e86320f229cd025238ab79be8d1df66d61a601099ba7f
bdb2023_sack,game_equal_set_doubleton_rate,10,boosted_structure,relnet,0.09403120256477705,0.08620921255242214,0.0868496232508261,1.090732646555593,-0.10452664500548568,0.2649321634013994,0.9007507965772175,1.3033425584534606,0.95,BCa,-0.018299407668827674,-0.0044357049199065255,0.022000791997646374,0.9717257884315207,0,0,False,1e-12,100,10000,complete_repeat_5x6_vector,delete_one_complete_repeat_5x6_vector,809a3f2f1d77cce8aa4e86320f229cd025238ab79be8d1df66d61a601099ba7f
bdb2023_sack,game_equal_set_doubleton_rate,10,boosted_structure,attn_relnet,0.09403120256477705,0.0873389153891095,0.07383053964827029,1.0766243448965709,-0.11609419220311273,0.2560863189235832,0.8903913514244731,1.2918642354572505,0.95,BCa,-0.011781425432631035,-0.004538758722144237,0.02267831855722785,0.972528432870873,0,0,False,1e-12,100,10000,complete_repeat_5x6_vector,delete_one_complete_repeat_5x6_vector,809a3f2f1d77cce8aa4e86320f229cd025238ab79be8d1df66d61a601099ba7f
bdb2023_sack,game_equal_set_doubleton_rate,10,boosted_structure,set_transformer,0.09403120256477705,0.09506062558713002,-0.010888182767623388,0.989170878941782,-0.22696240020563166,0.18649243621274916,0.7969507469110099,1.205015507570293,0.95,BCa,-0.00701861679253328,-0.026295718555704426,0.018703722821988067,0.9678816754816515,0,0,False,1e-12,100,10000,complete_repeat_5x6_vector,delete_one_complete_repeat_5x6_vector,809a3f2f1d77cce8aa4e86320f229cd025238ab79be8d1df66d61a601099ba7f
bdb2023_sack,game_equal_set_doubleton_rate,10,relnet,attn_relnet,0.08620921255242214,0.0873389153891095,-0.013019083602555643,0.9870652980787048,-0.027907358866737363,0.0049017626002568065,0.9724784541343506,1.0049137958919638,0.95,BCa,0.027576405739391723,0.006806162489753648,0.03007271124207994,0.9794426769643008,0,0,False,1e-12,100,10000,complete_repeat_5x6_vector,delete_one_complete_repeat_5x6_vector,809a3f2f1d77cce8aa4e86320f229cd025238ab79be8d1df66d61a601099ba7f
bdb2023_sack,game_equal_set_doubleton_rate,10,relnet,set_transformer,0.08620921255242214,0.09506062558713002,-0.09773780601844939,0.906886652806688,-0.3032511870781928,0.10985180827910461,0.7384135931204945,1.1161126595471786,0.95,BCa,0.002757294595891845,-0.012130903819178368,0.02263973740538533,0.9725605508556,0,0,False,1e-12,100,10000,complete_repeat_5x6_vector,delete_one_complete_repeat_5x6_vector,809a3f2f1d77cce8aa4e86320f229cd025238ab79be8d1df66d61a601099ba7f
bdb2023_sack,game_equal_set_doubleton_rate,10,attn_relnet,set_transformer,0.0873389153891095,0.09506062558713002,-0.08471872241589372,0.9187706776561974,-0.29258787280205856,0.12263018599278618,0.7463296600758665,1.130466281369785,0.95,BCa,-0.003258622524023968,-0.010776867558261934,0.022273037385026062,0.9721283744858884,0,0,False,1e-12,100,10000,complete_repeat_5x6_vector,delete_one_complete_repeat_5x6_vector,809a3f2f1d77cce8aa4e86320f229cd025238ab79be8d1df66d61a601099ba7f
bdb2023_sack,game_equal_set_doubleton_rate,20,linear_structure,boosted_structure,0.09376277942078587,0.10703524358806915,-0.13239019017384174,0.8759991221362277,-0.2965463893397338,0.02441097476053652,0.7433811415038998,1.024711361872035,0.95,BCa,-0.012784152420787679,0.0011241948967239145,0.023786279822028966,0.9737290762420063,0,0,False,1e-12,100,10000,complete_repeat_5x6_vector,delete_one_complete_repeat_5x6_vector,809a3f2f1d77cce8aa4e86320f229cd025238ab79be8d1df66d61a601099ba7f
bdb2023_sack,game_equal_set_doubleton_rate,20,linear_structure,relnet,0.09376277942078587,0.09108038765380624,0.02902547200563889,1.0294508163181662,-0.16750492767792416,0.20029657983076665,0.8457724495843469,1.2217650553058403,0.95,BCa,-0.022060117941149964,-0.00936038633985963,0.020598052720577686,0.97003562074625,0,0,False,1e-12,100,10000,complete_repeat_5x6_vector,delete_one_complete_repeat_5x6_vector,809a3f2f1d77cce8aa4e86320f229cd025238ab79be8d1df66d61a601099ba7f
bdb2023_sack,game_equal_set_doubleton_rate,20,linear_structure,attn_relnet,0.09376277942078587,0.09060821305927366,0.03422310857368732,1.0348154571754833,-0.16914921320045903,0.21130491338165877,0.8443829009105941,1.2352889537757044,0.95,BCa,-0.019302236240380063,-0.013595357823484578,0.02002169751995636,0.9693602468536772,0,0,False,1e-12,100,10000,complete_repeat_5x6_vector,delete_one_complete_repeat_5x6_vector,809a3f2f1d77cce8aa4e86320f229cd025238ab79be8d1df66d61a601099ba7f
bdb2023_sack,game_equal_set_doubleton_rate,20,linear_structure,set_transformer,0.09376277942078587,0.09768963032645395,-0.04102744612603037,0.9598027867180422,-0.21727434236414028,0.12784829797172173,0.8047091732025021,1.1363805983786783,0.95,BCa,-0.031588768951337824,-0.03559809038254464,0.014811038813075939,0.9618784968948138,0,0,False,1e-12,100,10000,complete_repeat_5x6_vector,delete_one_complete_repeat_5x6_vector,809a3f2f1d77cce8aa4e86320f229cd025238ab79be8d1df66d61a601099ba7f
bdb2023_sack,game_equal_set_doubleton_rate,20,boosted_structure,relnet,0.10703524358806915,0.09108038765380624,0.1614156621794806,1.1751733424203992,0.004569639263182036,0.30344769243791575,1.0045800959864304,1.3545207374113895,0.95,BCa,-0.014789645968119597,-0.013800828191238004,0.020433861726926184,0.9699140289901708,0,0,False,1e-12,100,10000,complete_repeat_5x6_vector,delete_one_complete_repeat_5x6_vector,809a3f2f1d77cce8aa4e86320f229cd025238ab79be8d1df66d61a601099ba7f
bdb2023_sack,game_equal_set_doubleton_rate,20,boosted_structure,attn_relnet,0.10703524358806915,0.09060821305927366,0.16661329874752898,1.1812973678009666,-0.0004038256048061057,0.31744889425860706,0.9995962559217789,1.3736190432519164,0.95,BCa,-0.020054370352950632,-0.0170140382419462,0.019268293824453775,0.9684064703862736,0,0,False,1e-12,100,10000,complete_repeat_5x6_vector,delete_one_complete_repeat_5x6_vector,809a3f2f1d77cce8aa4e86320f229cd025238ab79be8d1df66d61a601099ba7f
bdb2023_sack,game_equal_set_doubleton_rate,20,boosted_structure,set_transformer,0.10703524358806915,0.09768963032645395,0.09136274404781135,1.0956663796391135,-0.1531612978169107,0.2749572136050516,0.8579913185230136,1.316474346471258,0.95,BCa,-0.053416573903138934,-0.05827986589412528,0.009786009616826574,0.9517909809322309,0,0,False,1e-12,100,10000,complete_repeat_5x6_vector,delete_one_complete_repeat_5x6_vector,809a3f2f1d77cce8aa4e86320f229cd025238ab79be8d1df66d61a601099ba7f
bdb2023_sack,game_equal_set_doubleton_rate,20,relnet,attn_relnet,0.09108038765380624,0.09060821305927366,0.005197636568048266,1.005211167714164,-0.027055065096141313,0.02902165622876215,0.9733076447696608,1.02944688817104,0.95,BCa,-0.01855011304703817,-0.06997182287464032,0.010306933569935506,0.9545505815274262,0,0,False,1e-12,100,10000,complete_repeat_5x6_vector,delete_one_complete_repeat_5x6_vector,809a3f2f1d77cce8aa4e86320f229cd025238ab79be8d1df66d61a601099ba7f
bdb2023_sack,game_equal_set_doubleton_rate,20,relnet,set_transformer,0.09108038765380624,0.09768963032645395,-0.07005291813166933,0.9323444806725003,-0.3092028093246206,0.12704946876827725,0.7340318864181473,1.135473186852133,0.95,BCa,-0.04137116513242771,-0.05137092521459406,0.01154196796455742,0.955911233879981,0,0,False,1e-12,100,10000,complete_repeat_5x6_vector,delete_one_complete_repeat_5x6_vector,809a3f2f1d77cce8aa4e86320f229cd025238ab79be8d1df66d61a601099ba7f
bdb2023_sack,game_equal_set_doubleton_rate,20,attn_relnet,set_transformer,0.09060821305927366,0.09768963032645395,-0.07525055469971763,0.9275110649562703,-0.31825139499334937,0.12909260747333678,0.7274198957065597,1.1377954876522187,0.95,BCa,-0.0363541161267396,-0.044001562027502904,0.013043367735190714,0.9588190900249439,0,0,False,1e-12,100,10000,complete_repeat_5x6_vector,delete_one_complete_repeat_5x6_vector,809a3f2f1d77cce8aa4e86320f229cd025238ab79be8d1df66d61a601099ba7f
bdb2023_sack,game_equal_set_doubleton_rate,30,linear_structure,boosted_structure,0.09953557984469302,0.10549318326718775,-0.0581311706228156,0.9435261764032126,-0.24311110906131647,0.11711075290874005,0.7841843789406683,1.1242439360817416,0.95,BCa,-0.03560164077923748,-0.0282535508998525,0.015761650291036544,0.9632351100475969,0,0,False,1e-12,100,10000,complete_repeat_5x6_vector,delete_one_complete_repeat_5x6_vector,809a3f2f1d77cce8aa4e86320f229cd025238ab79be8d1df66d61a601099ba7f
bdb2023_sack,game_equal_set_doubleton_rate,30,linear_structure,relnet,0.09953557984469302,0.07891951995714108,0.23208656814021647,1.2612289063434234,0.08329644318690728,0.38634840937014103,1.0868639542112564,1.4715972997955102,0.95,BCa,-0.012533469508069278,-0.0067183517076042365,0.02213520746326403,0.9719170919720959,0,0,False,1e-12,100,10000,complete_repeat_5x6_vector,delete_one_complete_repeat_5x6_vector,809a3f2f1d77cce8aa4e86320f229cd025238ab79be8d1df66d61a601099ba7f
bdb2023_sack,game_equal_set_doubleton_rate,30,linear_structure,attn_relnet,0.09953557984469302,0.08052155793811207,0.21199021757878606,1.2361357926183558,0.06508719094172433,0.3635861268699573,1.0672520750410266,1.4384787432418749,0.95,BCa,-0.015291028334377803,-0.004315129675134352,0.02234679858526223,0.9721387075349701,0,0,False,1e-12,100,10000,complete_repeat_5x6_vector,delete_one_complete_repeat_5x6_vector,809a3f2f1d77cce8aa4e86320f229cd025238ab79be8d1df66d61a601099ba7f
bdb2023_sack,game_equal_set_doubleton_rate,30,linear_structure,set_transformer,0.09953557984469302,0.09036695750017885,0.09663648042168378,1.1014598985972945,-0.09170031201022523,0.2616871134010888,0.912378537467313,1.2991200015932325,0.95,BCa,-0.03961508598957956,-0.030771745654493098,0.014992210666354144,0.961934270079623,0,0,False,1e-12,100,10000,complete_repeat_5x6_vector,delete_one_complete_repeat_5x6_vector,809a3f2f1d77cce8aa4e86320f229cd025238ab79be8d1df66d61a601099ba7f
bdb2023_sack,game_equal_set_doubleton_rate,30,boosted_structure,relnet,0.10549318326718775,0.07891951995714108,0.29021773876303203,1.3367185117760227,0.08953713667969551,0.49735421585484996,1.0936679477544724,1.644364875684063,0.95,BCa,0.005263943686483789,0.013837734193349613,0.028850899137717656,0.9785883260183332,0,0,False,1e-12,100,10000,complete_repeat_5x6_vector,delete_one_complete_repeat_5x6_vector,809a3f2f1d77cce8aa4e86320f229cd025238ab79be8d1df66d61a601099ba7f
bdb2023_sack,game_equal_set_doubleton_rate,30,boosted_structure,attn_relnet,0.10549318326718775,0.08052155793811207,0.2701213882016016,1.3101234746137,0.06964328042426102,0.4737309236735743,1.0721256648204291,1.605974799085026,0.95,BCa,0.00651727965058399,0.013669396968456735,0.028971807891926882,0.978685096654373,0,0,False,1e-12,100,10000,complete_repeat_5x6_vector,delete_one_complete_repeat_5x6_vector,809a3f2f1d77cce8aa4e86320f229cd025238ab79be8d1df66d61a601099ba7f
bdb2023_sack,game_equal_set_doubleton_rate,30,boosted_structure,set_transformer,0.10549318326718775,0.09036695750017885,0.15476765104449935,1.1673866885136523,-0.07846745734104565,0.38440376514761254,0.9245321461763326,1.4687383473322306,0.95,BCa,-0.005514610154793434,0.006449178710105449,0.02580388344102419,0.9758025488100506,0,0,False,1e-12,100,10000,complete_repeat_5x6_vector,delete_one_complete_repeat_5x6_vector,809a3f2f1d77cce8aa4e86320f229cd025238ab79be8d1df66d61a601099ba7f
bdb2023_sack,game_equal_set_doubleton_rate,30,relnet,attn_relnet,0.07891951995714108,0.08052155793811207,-0.020096350561430387,0.980104235163926,-0.05671320397942546,-0.005226287724842988,0.9448650140377456,0.9947873455560253,0.95,BCa,-0.11429997792338967,-0.0782100647468621,0.004795592911997493,0.9330047869210523,0,0,False,1e-12,100,10000,complete_repeat_5x6_vector,delete_one_complete_repeat_5x6_vector,809a3f2f1d77cce8aa4e86320f229cd025238ab79be8d1df66d61a601099ba7f
bdb2023_sack,game_equal_set_doubleton_rate,30,relnet,set_transformer,0.07891951995714108,0.09036695750017885,-0.13545008771853265,0.8733227513716492,-0.3325699097538375,0.043526155629467086,0.7170785363276726,1.0444873131779,0.95,BCa,-0.014037579350310843,-0.01446691426696633,0.02037477553438999,0.969850975569994,0,0,False,1e-12,100,10000,complete_repeat_5x6_vector,delete_one_complete_repeat_5x6_vector,809a3f2f1d77cce8aa4e86320f229cd025238ab79be8d1df66d61a601099ba7f
bdb2023_sack,game_equal_set_doubleton_rate,30,attn_relnet,set_transformer,0.08052155793811207,0.09036695750017885,-0.11535373715710234,0.8910508903428855,-0.3153889580039882,0.06503214228783351,0.7295050722423012,1.0671933258679795,0.95,BCa,-0.011280066443693096,-0.016288144072108022,0.02028410352600607,0.969772091187371,0,0,False,1e-12,100,10000,complete_repeat_5x6_vector,delete_one_complete_repeat_5x6_vector,809a3f2f1d77cce8aa4e86320f229cd025238ab79be8d1df66d61a601099ba7f
bdb2023_sack,game_equal_set_doubleton_rate,40,linear_structure,boosted_structure,0.10488619541068818,0.09318717868323581,0.11826576468051747,1.1255432012511073,-0.08808947428830456,0.279261491985301,0.9156789433361441,1.322153031091322,0.95,BCa,-0.03510000177270884,-0.03752550723304845,0.014203729933470632,0.9608040990465675,0,0,False,1e-12,100,10000,complete_repeat_5x6_vector,delete_one_complete_repeat_5x6_vector,809a3f2f1d77cce8aa4e86320f229cd025238ab79be8d1df66d61a601099ba7f
bdb2023_sack,game_equal_set_doubleton_rate,40,linear_structure,relnet,0.10488619541068818,0.0962736473292933,0.0856812796022979,1.089459040145603,-0.10329675660203873,0.273561418385462,0.9018593010650013,1.3146380996821079,0.95,BCa,-0.019051527317045187,-0.006568640400637853,0.021478287760858805,0.9711142265804525,0,0,False,1e-12,100,10000,complete_repeat_5x6_vector,delete_one_complete_repeat_5x6_vector,809a3f2f1d77cce8aa4e86320f229cd025238ab79be8d1df66d61a601099ba7f
bdb2023_sack,game_equal_set_doubleton_rate,40,linear_structure,attn_relnet,0.10488619541068818,0.09583708914094873,0.09022614729497513,1.0944217562412693,-0.11554934934992105,0.2802956476756323,0.8908766069708445,1.3235210504224797,0.95,BCa,-0.02531965065378632,-0.019851104146304314,0.018216868978226386,0.9669520644144486,0,0,False,1e-12,100,10000,complete_repeat_5x6_vector,delete_one_complete_repeat_5x6_vector,809a3f2f1d77cce8aa4e86320f229cd025238ab79be8d1df66d61a601099ba7f
bdb2023_sack,game_equal_set_doubleton_rate,40,linear_structure,set_transformer,0.10488619541068818,0.10394216600501349,0.009041260775361782,1.009082256431227,-0.16925824548166482,0.18019101666850962,0.8442908409355423,1.1974460734370413,0.95,BCa,-0.024316690467047396,-0.011834163636588855,0.019876162387376606,0.9691178571203376,0,0,False,1e-12,100,10000,complete_repeat_5x6_vector,delete_one_complete_repeat_5x6_vector,809a3f2f1d77cce8aa4e86320f229cd025238ab79be8d1df66d61a601099ba7f
bdb2023_sack,game_equal_set_doubleton_rate,40,boosted_structure,relnet,0.09318717868323581,0.0962736473292933,-0.03258448507821963,0.9679406698335571,-0.23880297228166575,0.20985861067794004,0.7875700402150402,1.2335036433828168,0.95,BCa,0.01654450134317476,0.018654767375715326,0.03152185109327954,0.9807137850296912,0,0,False,1e-12,100,10000,complete_repeat_5x6_vector,delete_one_complete_repeat_5x6_vector,809a3f2f1d77cce8aa4e86320f229cd025238ab79be8d1df66d61a601099ba7f
bdb2023_sack,game_equal_set_doubleton_rate,40,boosted_structure,attn_relnet,0.09318717868323581,0.09583708914094873,-0.02803961738554227,0.9723498440795123,-0.24692915293918616,0.20998043381116407,0.7811960370140336,1.233653921815006,0.95,BCa,0.009525331483604745,0.007810631607075326,0.02796081414561341,0.9777730014419641,0,0,False,1e-12,100,10000,complete_repeat_5x6_vector,delete_one_complete_repeat_5x6_vector,809a3f2f1d77cce8aa4e86320f229cd025238ab79be8d1df66d61a601099ba7f
bdb2023_sack,game_equal_set_doubleton_rate,40,boosted_structure,set_transformer,0.09318717868323581,0.10394216600501349,-0.10922450390515574,0.8965291206144489,-0.30539971630247187,0.11420311722533404,0.7368287930403568,1.1209797920668272,0.95,BCa,0.017798000347151635,0.011639734930541623,0.02995649387928001,0.9794322733509588,0,0,False,1e-12,100,10000,complete_repeat_5x6_vector,delete_one_complete_repeat_5x6_vector,809a3f2f1d77cce8aa4e86320f229cd025238ab79be8d1df66d61a601099ba7f
bdb2023_sack,game_equal_set_doubleton_rate,40,relnet,attn_relnet,0.0962736473292933,0.09583708914094873,0.004544867692677274,1.004555211267973,-0.07655884728401853,0.08551347222631417,0.9262984025397235,1.0892762362211867,0.95,BCa,0.0002506628300880075,-0.015666292007985427,0.021612238913872983,0.9714184767711499,0,0,False,1e-12,100,10000,complete_repeat_5x6_vector,delete_one_complete_repeat_5x6_vector,809a3f2f1d77cce8aa4e86320f229cd025238ab79be8d1df66d61a601099ba7f
bdb2023_sack,game_equal_set_doubleton_rate,40,relnet,set_transformer,0.0962736473292933,0.10394216600501349,-0.07664001882693618,0.926223216520711,-0.2495280423992231,0.09256845889362322,0.7791684307707052,1.0969882375908422,0.95,BCa,0.007519955698540525,-0.008258149606742784,0.024025317365526988,0.9740249939756624,0,0,False,1e-12,100,10000,complete_repeat_5x6_vector,delete_one_complete_repeat_5x6_vector,809a3f2f1d77cce8aa4e86320f229cd025238ab79be8d1df66d61a601099ba7f
bdb2023_sack,game_equal_set_doubleton_rate,40,attn_relnet,set_transformer,0.09583708914094873,0.10394216600501349,-0.08118488651961346,0.9220232060233011,-0.27951511729178447,0.08855522010379765,0.7561502967840962,1.092594584131052,0.95,BCa,-0.0077706258524470675,-0.014315493933057208,0.02104944933607039,0.9707110994133792,0,0,False,1e-12,100,10000,complete_repeat_5x6_vector,delete_one_complete_repeat_5x6_vector,809a3f2f1d77cce8aa4e86320f229cd025238ab79be8d1df66d61a601099ba7f
bdb2023_sack,game_equal_set_doubleton_rate,50,linear_structure,boosted_structure,0.10459907661297964,0.09816641464641217,0.06347057664898545,1.06552813393193,-0.24534857918607747,0.26688342522614406,0.7824317512776798,1.3058882038349664,0.95,BCa,-0.05542484852498542,-0.05870950985196216,0.009608822908675485,0.9512984480330704,0,0,False,1e-12,100,10000,complete_repeat_5x6_vector,delete_one_complete_repeat_5x6_vector,809a3f2f1d77cce8aa4e86320f229cd025238ab79be8d1df66d61a601099ba7f
bdb2023_sack,game_equal_set_doubleton_rate,50,linear_structure,relnet,0.10459907661297964,0.11186126236430603,-0.06712465074608447,0.9350786358223354,-0.2796939700067865,0.1366288439999532,0.7560150693438247,1.1464025753539548,0.95,BCa,0.0015039775317651199,0.005895147307790387,0.026519523080902885,0.9764787852504553,0,0,False,1e-12,100,10000,complete_repeat_5x6_vector,delete_one_complete_repeat_5x6_vector,809a3f2f1d77cce8aa4e86320f229cd025238ab79be8d1df66d61a601099ba7f
bdb2023_sack,game_equal_set_doubleton_rate,50,linear_structure,attn_relnet,0.10459907661297964,0.11317097385272391,-0.07876499436054234,0.9242571045566914,-0.2947931925235372,0.12726234307290502,0.7446855780873171,1.1357149256462837,0.95,BCa,0.0015039775317651199,0.004089479369015712,0.026105180574905795,0.9760825857674602,0,0,False,1e-12,100,10000,complete_repeat_5x6_vector,delete_one_complete_repeat_5x6_vector,809a3f2f1d77cce8aa4e86320f229cd025238ab79be8d1df66d61a601099ba7f
bdb2023_sack,game_equal_set_doubleton_rate,50,linear_structure,set_transformer,0.10459907661297964,0.09249449692667067,0.1229855737360976,1.1308681066280672,-0.08351444005014669,0.3292711853359143,0.9198778034937205,1.389954739825587,0.95,BCa,0.010528033237178321,0.009686542838451192,0.028534734153834784,0.9782752582996419,0,0,False,1e-12,100,10000,complete_repeat_5x6_vector,delete_one_complete_repeat_5x6_vector,809a3f2f1d77cce8aa4e86320f229cd025238ab79be8d1df66d61a601099ba7f
bdb2023_sack,game_equal_set_doubleton_rate,50,boosted_structure,relnet,0.09816641464641217,0.11186126236430603,-0.13059522739506982,0.8775729199864298,-0.33498734634958344,0.10289885102774643,0.7153471380479026,1.1083792919795874,0.95,BCa,0.02807792553819829,0.04979512032428413,0.041434858612590664,0.9872765127074166,0,0,False,1e-12,100,10000,complete_repeat_5x6_vector,delete_one_complete_repeat_5x6_vector,809a3f2f1d77cce8aa4e86320f229cd025238ab79be8d1df66d61a601099ba7f
bdb2023_sack,game_equal_set_doubleton_rate,50,boosted_structure,attn_relnet,0.09816641464641217,0.11317097385272391,-0.14223557100952772,0.8674168941425028,-0.3492436374392824,0.09088333824337166,0.7052212910280945,1.0951412367053281,0.95,BCa,0.025821140235424707,0.045798681514744054,0.03997859096780504,0.986456933896922,0,0,False,1e-12,100,10000,complete_repeat_5x6_vector,delete_one_complete_repeat_5x6_vector,809a3f2f1d77cce8aa4e86320f229cd025238ab79be8d1df66d61a601099ba7f
bdb2023_sack,game_equal_set_doubleton_rate,50,boosted_structure,set_transformer,0.09816641464641217,0.09249449692667067,0.05951499708711221,1.0613216775938377,-0.15512419514990836,0.35739170339605986,0.856308821476849,1.4295957377011002,0.95,BCa,0.04262558517694437,0.06257523394035565,0.04752723870753256,0.9901527337001053,0,0,False,1e-12,100,10000,complete_repeat_5x6_vector,delete_one_complete_repeat_5x6_vector,809a3f2f1d77cce8aa4e86320f229cd025238ab79be8d1df66d61a601099ba7f
bdb2023_sack,game_equal_set_doubleton_rate,50,relnet,attn_relnet,0.11186126236430603,0.11317097385272391,-0.011640343614457881,0.9884271430753765,-0.050241411784704204,0.017553879499362268,0.9509998142241106,1.0177088543171509,0.95,BCa,-0.0433782692742585,-0.043096302586960934,0.012675020801827752,0.9579143575428084,0,0,False,1e-12,100,10000,complete_repeat_5x6_vector,delete_one_complete_repeat_5x6_vector,809a3f2f1d77cce8aa4e86320f229cd025238ab79be8d1df66d61a601099ba7f
bdb2023_sack,game_equal_set_doubleton_rate,50,relnet,set_transformer,0.11186126236430603,0.09249449692667067,0.19011022448218198,1.2093828939141025,0.04828742730966808,0.3308509786157592,1.0494722589657983,1.3921523163841418,0.95,BCa,0.004261280963260362,-0.005535797358577136,0.02425653651149423,0.9742540959098511,0,0,False,1e-12,100,10000,complete_repeat_5x6_vector,delete_one_complete_repeat_5x6_vector,809a3f2f1d77cce8aa4e86320f229cd025238ab79be8d1df66d61a601099ba7f
bdb2023_sack,game_equal_set_doubleton_rate,50,attn_relnet,set_transformer,0.11317097385272391,0.09249449692667067,0.2017505680966399,1.223542779441738,0.057295808212758786,0.34448029916107564,1.0589690158007816,1.4112562979702727,0.95,BCa,0.009525331483604745,-0.004738656505864768,0.025050050320436112,0.9750490476568445,0,0,False,1e-12,100,10000,complete_repeat_5x6_vector,delete_one_complete_repeat_5x6_vector,809a3f2f1d77cce8aa4e86320f229cd025238ab79be8d1df66d61a601099ba7f
bdb2023_sack,game_equal_set_doubleton_rate,60,linear_structure,boosted_structure,0.10004721462989477,0.09384046780313363,0.06404603141387029,1.0661414736314208,-0.14915188306728308,0.28599696835495003,0.8614382670761469,1.3310884198585555,0.95,BCa,0.028830218517740373,-0.005113407603695055,0.027330381154721695,0.9771201387836208,0,0,False,1e-12,100,10000,complete_repeat_5x6_vector,delete_one_complete_repeat_5x6_vector,809a3f2f1d77cce8aa4e86320f229cd025238ab79be8d1df66d61a601099ba7f
bdb2023_sack,game_equal_set_doubleton_rate,60,linear_structure,relnet,0.10004721462989477,0.09981032742087562,0.002370561726337232,1.0023733737293563,-0.26630010426688505,0.25988087892095674,0.7662091503588353,1.2967756041556489,0.95,BCa,-0.04864777006503447,-0.058220901172057166,0.010082596855214954,0.9526665740695712,0,0,False,1e-12,100,10000,complete_repeat_5x6_vector,delete_one_complete_repeat_5x6_vector,809a3f2f1d77cce8aa4e86320f229cd025238ab79be8d1df66d61a601099ba7f
bdb2023_sack,game_equal_set_doubleton_rate,60,linear_structure,attn_relnet,0.10004721462989477,0.09933438505878281,0.007150435239707382,1.0071760606429498,-0.252132641309472,0.26232920810194255,0.7771416501461181,1.2999544275235944,0.95,BCa,-0.0421238092207306,-0.04953191845004365,0.011768330274010641,0.9563057762440808,0,0,False,1e-12,100,10000,complete_repeat_5x6_vector,delete_one_complete_repeat_5x6_vector,809a3f2f1d77cce8aa4e86320f229cd025238ab79be8d1df66d61a601099ba7f
bdb2023_sack,game_equal_set_doubleton_rate,60,linear_structure,set_transformer,0.10004721462989477,0.09609324985345714,0.040323148210731456,1.0411471646808435,-0.13155171209731378,0.22993794166245765,0.8767339362148936,1.2585219057287644,0.95,BCa,0.023564486434286026,0.022192261343920893,0.03339752782812977,0.9820662462584404,0,0,False,1e-12,100,10000,complete_repeat_5x6_vector,delete_one_complete_repeat_5x6_vector,809a3f2f1d77cce8aa4e86320f229cd025238ab79be8d1df66d61a601099ba7f
bdb2023_sack,game_equal_set_doubleton_rate,60,boosted_structure,relnet,0.09384046780313363,0.09981032742087562,-0.061675469687532986,0.9401879567775732,-0.3883608632566205,0.21214282191063144,0.6781675733434738,1.2363244466894066,0.95,BCa,-0.06722824465557493,-0.06798115891283382,0.007793532739636788,0.9462718509150141,0,0,False,1e-12,100,10000,complete_repeat_5x6_vector,delete_one_complete_repeat_5x6_vector,809a3f2f1d77cce8aa4e86320f229cd025238ab79be8d1df66d61a601099ba7f
bdb2023_sack,game_equal_set_doubleton_rate,60,boosted_structure,attn_relnet,0.09384046780313363,0.09933438505878281,-0.05689559617416276,0.9446926937495203,-0.3698290867448571,0.21625662390935452,0.6908523963794556,1.2414209164154903,0.95,BCa,-0.06270677794321383,-0.05898683114433367,0.009152308161907097,0.9498698474001901,0,0,False,1e-12,100,10000,complete_repeat_5x6_vector,delete_one_complete_repeat_5x6_vector,809a3f2f1d77cce8aa4e86320f229cd025238ab79be8d1df66d61a601099ba7f
bdb2023_sack,game_equal_set_doubleton_rate,60,boosted_structure,set_transformer,0.09384046780313363,0.09609324985345714,-0.023722883203138832,0.976556292416387,-0.19636672402774463,0.1824563554003149,0.8217108383086531,1.2001617692305209,0.95,BCa,0.004511946203065806,0.039249621127629065,0.0350274494342257,0.9835422945210706,0,0,False,1e-12,100,10000,complete_repeat_5x6_vector,delete_one_complete_repeat_5x6_vector,809a3f2f1d77cce8aa4e86320f229cd025238ab79be8d1df66d61a601099ba7f
bdb2023_sack,game_equal_set_doubleton_rate,60,relnet,attn_relnet,0.09981032742087562,0.09933438505878281,0.004779873513370163,1.0047913153316563,-0.012783262276829195,0.023546717998657277,0.9872980965742224,1.023826130737161,0.95,BCa,0.05768442510798417,0.09260259418964972,0.05941709187901317,0.9944403469507337,0,0,False,1e-12,100,10000,complete_repeat_5x6_vector,delete_one_complete_repeat_5x6_vector,809a3f2f1d77cce8aa4e86320f229cd025238ab79be8d1df66d61a601099ba7f
bdb2023_sack,game_equal_set_doubleton_rate,60,relnet,set_transformer,0.09981032742087562,0.09609324985345714,0.037952586484394264,1.0386819841465145,-0.19234258482788164,0.2752119779368034,0.8250241793054686,1.3168097799048284,0.95,BCa,0.04739300996743081,0.0816137928156165,0.054032860816533135,0.9928182918648052,0,0,False,1e-12,100,10000,complete_repeat_5x6_vector,delete_one_complete_repeat_5x6_vector,809a3f2f1d77cce8aa4e86320f229cd025238ab79be8d1df66d61a601099ba7f
bdb2023_sack,game_equal_set_doubleton_rate,60,attn_relnet,set_transformer,0.09933438505878281,0.09609324985345714,0.033172712971023845,1.0337290622418163,-0.19491249809423747,0.2617842230286988,0.8229066608068688,1.299246164778539,0.95,BCa,0.044130977947614766,0.07182931016342475,0.05050772188766345,0.9914658744498093,0,0,False,1e-12,100,10000,complete_repeat_5x6_vector,delete_one_complete_repeat_5x6_vector,809a3f2f1d77cce8aa4e86320f229cd025238ab79be8d1df66d61a601099ba7f
bdb2023_sack,game_equal_set_empty_rate,10,linear_structure,boosted_structure,0.0,0.0,0.0,1.0,0.0,0.0,1.0,1.0,0.95,BCa,-3.890591886413094,0.0,0.0,2.9209842322686086e-09,10000,100,True,1e-12,100,10000,complete_repeat_5x6_vector,delete_one_complete_repeat_5x6_vector,809a3f2f1d77cce8aa4e86320f229cd025238ab79be8d1df66d61a601099ba7f
bdb2023_sack,game_equal_set_empty_rate,10,linear_structure,relnet,0.0,0.0,0.0,1.0,0.0,0.0,1.0,1.0,0.95,BCa,-3.890591886413094,0.0,0.0,2.9209842322686086e-09,10000,100,True,1e-12,100,10000,complete_repeat_5x6_vector,delete_one_complete_repeat_5x6_vector,809a3f2f1d77cce8aa4e86320f229cd025238ab79be8d1df66d61a601099ba7f
bdb2023_sack,game_equal_set_empty_rate,10,linear_structure,attn_relnet,0.0,0.0,0.0,1.0,0.0,0.0,1.0,1.0,0.95,BCa,-3.890591886413094,0.0,0.0,2.9209842322686086e-09,10000,100,True,1e-12,100,10000,complete_repeat_5x6_vector,delete_one_complete_repeat_5x6_vector,809a3f2f1d77cce8aa4e86320f229cd025238ab79be8d1df66d61a601099ba7f
bdb2023_sack,game_equal_set_empty_rate,10,linear_structure,set_transformer,0.0,0.0,0.0,1.0,0.0,0.0,1.0,1.0,0.95,BCa,-3.890591886413094,0.0,0.0,2.9209842322686086e-09,10000,100,True,1e-12,100,10000,complete_repeat_5x6_vector,delete_one_complete_repeat_5x6_vector,809a3f2f1d77cce8aa4e86320f229cd025238ab79be8d1df66d61a601099ba7f
bdb2023_sack,game_equal_set_empty_rate,10,boosted_structure,relnet,0.0,0.0,0.0,1.0,0.0,0.0,1.0,1.0,0.95,BCa,-3.890591886413094,0.0,0.0,2.9209842322686086e-09,10000,100,True,1e-12,100,10000,complete_repeat_5x6_vector,delete_one_complete_repeat_5x6_vector,809a3f2f1d77cce8aa4e86320f229cd025238ab79be8d1df66d61a601099ba7f
bdb2023_sack,game_equal_set_empty_rate,10,boosted_structure,attn_relnet,0.0,0.0,0.0,1.0,0.0,0.0,1.0,1.0,0.95,BCa,-3.890591886413094,0.0,0.0,2.9209842322686086e-09,10000,100,True,1e-12,100,10000,complete_repeat_5x6_vector,delete_one_complete_repeat_5x6_vector,809a3f2f1d77cce8aa4e86320f229cd025238ab79be8d1df66d61a601099ba7f
bdb2023_sack,game_equal_set_empty_rate,10,boosted_structure,set_transformer,0.0,0.0,0.0,1.0,0.0,0.0,1.0,1.0,0.95,BCa,-3.890591886413094,0.0,0.0,2.9209842322686086e-09,10000,100,True,1e-12,100,10000,complete_repeat_5x6_vector,delete_one_complete_repeat_5x6_vector,809a3f2f1d77cce8aa4e86320f229cd025238ab79be8d1df66d61a601099ba7f
bdb2023_sack,game_equal_set_empty_rate,10,relnet,attn_relnet,0.0,0.0,0.0,1.0,0.0,0.0,1.0,1.0,0.95,BCa,-3.890591886413094,0.0,0.0,2.9209842322686086e-09,10000,100,True,1e-12,100,10000,complete_repeat_5x6_vector,delete_one_complete_repeat_5x6_vector,809a3f2f1d77cce8aa4e86320f229cd025238ab79be8d1df66d61a601099ba7f
bdb2023_sack,game_equal_set_empty_rate,10,relnet,set_transformer,0.0,0.0,0.0,1.0,0.0,0.0,1.0,1.0,0.95,BCa,-3.890591886413094,0.0,0.0,2.9209842322686086e-09,10000,100,True,1e-12,100,10000,complete_repeat_5x6_vector,delete_one_complete_repeat_5x6_vector,809a3f2f1d77cce8aa4e86320f229cd025238ab79be8d1df66d61a601099ba7f
bdb2023_sack,game_equal_set_empty_rate,10,attn_relnet,set_transformer,0.0,0.0,0.0,1.0,0.0,0.0,1.0,1.0,0.95,BCa,-3.890591886413094,0.0,0.0,2.9209842322686086e-09,10000,100,True,1e-12,100,10000,complete_repeat_5x6_vector,delete_one_complete_repeat_5x6_vector,809a3f2f1d77cce8aa4e86320f229cd025238ab79be8d1df66d61a601099ba7f
bdb2023_sack,game_equal_set_empty_rate,20,linear_structure,boosted_structure,0.0,0.0,0.0,1.0,0.0,0.0,1.0,1.0,0.95,BCa,-3.890591886413094,0.0,0.0,2.9209842322686086e-09,10000,100,True,1e-12,100,10000,complete_repeat_5x6_vector,delete_one_complete_repeat_5x6_vector,809a3f2f1d77cce8aa4e86320f229cd025238ab79be8d1df66d61a601099ba7f
bdb2023_sack,game_equal_set_empty_rate,20,linear_structure,relnet,0.0,0.0,0.0,1.0,0.0,0.0,1.0,1.0,0.95,BCa,-3.890591886413094,0.0,0.0,2.9209842322686086e-09,10000,100,True,1e-12,100,10000,complete_repeat_5x6_vector,delete_one_complete_repeat_5x6_vector,809a3f2f1d77cce8aa4e86320f229cd025238ab79be8d1df66d61a601099ba7f
bdb2023_sack,game_equal_set_empty_rate,20,linear_structure,attn_relnet,0.0,0.0,0.0,1.0,0.0,0.0,1.0,1.0,0.95,BCa,-3.890591886413094,0.0,0.0,2.9209842322686086e-09,10000,100,True,1e-12,100,10000,complete_repeat_5x6_vector,delete_one_complete_repeat_5x6_vector,809a3f2f1d77cce8aa4e86320f229cd025238ab79be8d1df66d61a601099ba7f
bdb2023_sack,game_equal_set_empty_rate,20,linear_structure,set_transformer,0.0,0.0,0.0,1.0,0.0,0.0,1.0,1.0,0.95,BCa,-3.890591886413094,0.0,0.0,2.9209842322686086e-09,10000,100,True,1e-12,100,10000,complete_repeat_5x6_vector,delete_one_complete_repeat_5x6_vector,809a3f2f1d77cce8aa4e86320f229cd025238ab79be8d1df66d61a601099ba7f
bdb2023_sack,game_equal_set_empty_rate,20,boosted_structure,relnet,0.0,0.0,0.0,1.0,0.0,0.0,1.0,1.0,0.95,BCa,-3.890591886413094,0.0,0.0,2.9209842322686086e-09,10000,100,True,1e-12,100,10000,complete_repeat_5x6_vector,delete_one_complete_repeat_5x6_vector,809a3f2f1d77cce8aa4e86320f229cd025238ab79be8d1df66d61a601099ba7f
bdb2023_sack,game_equal_set_empty_rate,20,boosted_structure,attn_relnet,0.0,0.0,0.0,1.0,0.0,0.0,1.0,1.0,0.95,BCa,-3.890591886413094,0.0,0.0,2.9209842322686086e-09,10000,100,True,1e-12,100,10000,complete_repeat_5x6_vector,delete_one_complete_repeat_5x6_vector,809a3f2f1d77cce8aa4e86320f229cd025238ab79be8d1df66d61a601099ba7f
bdb2023_sack,game_equal_set_empty_rate,20,boosted_structure,set_transformer,0.0,0.0,0.0,1.0,0.0,0.0,1.0,1.0,0.95,BCa,-3.890591886413094,0.0,0.0,2.9209842322686086e-09,10000,100,True,1e-12,100,10000,complete_repeat_5x6_vector,delete_one_complete_repeat_5x6_vector,809a3f2f1d77cce8aa4e86320f229cd025238ab79be8d1df66d61a601099ba7f
bdb2023_sack,game_equal_set_empty_rate,20,relnet,attn_relnet,0.0,0.0,0.0,1.0,0.0,0.0,1.0,1.0,0.95,BCa,-3.890591886413094,0.0,0.0,2.9209842322686086e-09,10000,100,True,1e-12,100,10000,complete_repeat_5x6_vector,delete_one_complete_repeat_5x6_vector,809a3f2f1d77cce8aa4e86320f229cd025238ab79be8d1df66d61a601099ba7f
bdb2023_sack,game_equal_set_empty_rate,20,relnet,set_transformer,0.0,0.0,0.0,1.0,0.0,0.0,1.0,1.0,0.95,BCa,-3.890591886413094,0.0,0.0,2.9209842322686086e-09,10000,100,True,1e-12,100,10000,complete_repeat_5x6_vector,delete_one_complete_repeat_5x6_vector,809a3f2f1d77cce8aa4e86320f229cd025238ab79be8d1df66d61a601099ba7f
bdb2023_sack,game_equal_set_empty_rate,20,attn_relnet,set_transformer,0.0,0.0,0.0,1.0,0.0,0.0,1.0,1.0,0.95,BCa,-3.890591886413094,0.0,0.0,2.9209842322686086e-09,10000,100,True,1e-12,100,10000,complete_repeat_5x6_vector,delete_one_complete_repeat_5x6_vector,809a3f2f1d77cce8aa4e86320f229cd025238ab79be8d1df66d61a601099ba7f
bdb2023_sack,game_equal_set_empty_rate,30,linear_structure,boosted_structure,0.0,0.0,0.0,1.0,0.0,0.0,1.0,1.0,0.95,BCa,-3.890591886413094,0.0,0.0,2.9209842322686086e-09,10000,100,True,1e-12,100,10000,complete_repeat_5x6_vector,delete_one_complete_repeat_5x6_vector,809a3f2f1d77cce8aa4e86320f229cd025238ab79be8d1df66d61a601099ba7f
bdb2023_sack,game_equal_set_empty_rate,30,linear_structure,relnet,0.0,0.0,0.0,1.0,0.0,0.0,1.0,1.0,0.95,BCa,-3.890591886413094,0.0,0.0,2.9209842322686086e-09,10000,100,True,1e-12,100,10000,complete_repeat_5x6_vector,delete_one_complete_repeat_5x6_vector,809a3f2f1d77cce8aa4e86320f229cd025238ab79be8d1df66d61a601099ba7f
bdb2023_sack,game_equal_set_empty_rate,30,linear_structure,attn_relnet,0.0,0.0,0.0,1.0,0.0,0.0,1.0,1.0,0.95,BCa,-3.890591886413094,0.0,0.0,2.9209842322686086e-09,10000,100,True,1e-12,100,10000,complete_repeat_5x6_vector,delete_one_complete_repeat_5x6_vector,809a3f2f1d77cce8aa4e86320f229cd025238ab79be8d1df66d61a601099ba7f
bdb2023_sack,game_equal_set_empty_rate,30,linear_structure,set_transformer,0.0,0.0,0.0,1.0,0.0,0.0,1.0,1.0,0.95,BCa,-3.890591886413094,0.0,0.0,2.9209842322686086e-09,10000,100,True,1e-12,100,10000,complete_repeat_5x6_vector,delete_one_complete_repeat_5x6_vector,809a3f2f1d77cce8aa4e86320f229cd025238ab79be8d1df66d61a601099ba7f
bdb2023_sack,game_equal_set_empty_rate,30,boosted_structure,relnet,0.0,0.0,0.0,1.0,0.0,0.0,1.0,1.0,0.95,BCa,-3.890591886413094,0.0,0.0,2.9209842322686086e-09,10000,100,True,1e-12,100,10000,complete_repeat_5x6_vector,delete_one_complete_repeat_5x6_vector,809a3f2f1d77cce8aa4e86320f229cd025238ab79be8d1df66d61a601099ba7f
bdb2023_sack,game_equal_set_empty_rate,30,boosted_structure,attn_relnet,0.0,0.0,0.0,1.0,0.0,0.0,1.0,1.0,0.95,BCa,-3.890591886413094,0.0,0.0,2.9209842322686086e-09,10000,100,True,1e-12,100,10000,complete_repeat_5x6_vector,delete_one_complete_repeat_5x6_vector,809a3f2f1d77cce8aa4e86320f229cd025238ab79be8d1df66d61a601099ba7f
bdb2023_sack,game_equal_set_empty_rate,30,boosted_structure,set_transformer,0.0,0.0,0.0,1.0,0.0,0.0,1.0,1.0,0.95,BCa,-3.890591886413094,0.0,0.0,2.9209842322686086e-09,10000,100,True,1e-12,100,10000,complete_repeat_5x6_vector,delete_one_complete_repeat_5x6_vector,809a3f2f1d77cce8aa4e86320f229cd025238ab79be8d1df66d61a601099ba7f
bdb2023_sack,game_equal_set_empty_rate,30,relnet,attn_relnet,0.0,0.0,0.0,1.0,0.0,0.0,1.0,1.0,0.95,BCa,-3.890591886413094,0.0,0.0,2.9209842322686086e-09,10000,100,True,1e-12,100,10000,complete_repeat_5x6_vector,delete_one_complete_repeat_5x6_vector,809a3f2f1d77cce8aa4e86320f229cd025238ab79be8d1df66d61a601099ba7f
bdb2023_sack,game_equal_set_empty_rate,30,relnet,set_transformer,0.0,0.0,0.0,1.0,0.0,0.0,1.0,1.0,0.95,BCa,-3.890591886413094,0.0,0.0,2.9209842322686086e-09,10000,100,True,1e-12,100,10000,complete_repeat_5x6_vector,delete_one_complete_repeat_5x6_vector,809a3f2f1d77cce8aa4e86320f229cd025238ab79be8d1df66d61a601099ba7f
bdb2023_sack,game_equal_set_empty_rate,30,attn_relnet,set_transformer,0.0,0.0,0.0,1.0,0.0,0.0,1.0,1.0,0.95,BCa,-3.890591886413094,0.0,0.0,2.9209842322686086e-09,10000,100,True,1e-12,100,10000,complete_repeat_5x6_vector,delete_one_complete_repeat_5x6_vector,809a3f2f1d77cce8aa4e86320f229cd025238ab79be8d1df66d61a601099ba7f
bdb2023_sack,game_equal_set_empty_rate,40,linear_structure,boosted_structure,0.0,0.0,0.0,1.0,0.0,0.0,1.0,1.0,0.95,BCa,-3.890591886413094,0.0,0.0,2.9209842322686086e-09,10000,100,True,1e-12,100,10000,complete_repeat_5x6_vector,delete_one_complete_repeat_5x6_vector,809a3f2f1d77cce8aa4e86320f229cd025238ab79be8d1df66d61a601099ba7f
bdb2023_sack,game_equal_set_empty_rate,40,linear_structure,relnet,0.0,0.0,0.0,1.0,0.0,0.0,1.0,1.0,0.95,BCa,-3.890591886413094,0.0,0.0,2.9209842322686086e-09,10000,100,True,1e-12,100,10000,complete_repeat_5x6_vector,delete_one_complete_repeat_5x6_vector,809a3f2f1d77cce8aa4e86320f229cd025238ab79be8d1df66d61a601099ba7f
bdb2023_sack,game_equal_set_empty_rate,40,linear_structure,attn_relnet,0.0,0.0,0.0,1.0,0.0,0.0,1.0,1.0,0.95,BCa,-3.890591886413094,0.0,0.0,2.9209842322686086e-09,10000,100,True,1e-12,100,10000,complete_repeat_5x6_vector,delete_one_complete_repeat_5x6_vector,809a3f2f1d77cce8aa4e86320f229cd025238ab79be8d1df66d61a601099ba7f
bdb2023_sack,game_equal_set_empty_rate,40,linear_structure,set_transformer,0.0,0.0,0.0,1.0,0.0,0.0,1.0,1.0,0.95,BCa,-3.890591886413094,0.0,0.0,2.9209842322686086e-09,10000,100,True,1e-12,100,10000,complete_repeat_5x6_vector,delete_one_complete_repeat_5x6_vector,809a3f2f1d77cce8aa4e86320f229cd025238ab79be8d1df66d61a601099ba7f
bdb2023_sack,game_equal_set_empty_rate,40,boosted_structure,relnet,0.0,0.0,0.0,1.0,0.0,0.0,1.0,1.0,0.95,BCa,-3.890591886413094,0.0,0.0,2.9209842322686086e-09,10000,100,True,1e-12,100,10000,complete_repeat_5x6_vector,delete_one_complete_repeat_5x6_vector,809a3f2f1d77cce8aa4e86320f229cd025238ab79be8d1df66d61a601099ba7f
bdb2023_sack,game_equal_set_empty_rate,40,boosted_structure,attn_relnet,0.0,0.0,0.0,1.0,0.0,0.0,1.0,1.0,0.95,BCa,-3.890591886413094,0.0,0.0,2.9209842322686086e-09,10000,100,True,1e-12,100,10000,complete_repeat_5x6_vector,delete_one_complete_repeat_5x6_vector,809a3f2f1d77cce8aa4e86320f229cd025238ab79be8d1df66d61a601099ba7f
bdb2023_sack,game_equal_set_empty_rate,40,boosted_structure,set_transformer,0.0,0.0,0.0,1.0,0.0,0.0,1.0,1.0,0.95,BCa,-3.890591886413094,0.0,0.0,2.9209842322686086e-09,10000,100,True,1e-12,100,10000,complete_repeat_5x6_vector,delete_one_complete_repeat_5x6_vector,809a3f2f1d77cce8aa4e86320f229cd025238ab79be8d1df66d61a601099ba7f
bdb2023_sack,game_equal_set_empty_rate,40,relnet,attn_relnet,0.0,0.0,0.0,1.0,0.0,0.0,1.0,1.0,0.95,BCa,-3.890591886413094,0.0,0.0,2.9209842322686086e-09,10000,100,True,1e-12,100,10000,complete_repeat_5x6_vector,delete_one_complete_repeat_5x6_vector,809a3f2f1d77cce8aa4e86320f229cd025238ab79be8d1df66d61a601099ba7f
bdb2023_sack,game_equal_set_empty_rate,40,relnet,set_transformer,0.0,0.0,0.0,1.0,0.0,0.0,1.0,1.0,0.95,BCa,-3.890591886413094,0.0,0.0,2.9209842322686086e-09,10000,100,True,1e-12,100,10000,complete_repeat_5x6_vector,delete_one_complete_repeat_5x6_vector,809a3f2f1d77cce8aa4e86320f229cd025238ab79be8d1df66d61a601099ba7f
bdb2023_sack,game_equal_set_empty_rate,40,attn_relnet,set_transformer,0.0,0.0,0.0,1.0,0.0,0.0,1.0,1.0,0.95,BCa,-3.890591886413094,0.0,0.0,2.9209842322686086e-09,10000,100,True,1e-12,100,10000,complete_repeat_5x6_vector,delete_one_complete_repeat_5x6_vector,809a3f2f1d77cce8aa4e86320f229cd025238ab79be8d1df66d61a601099ba7f
bdb2023_sack,game_equal_set_empty_rate,50,linear_structure,boosted_structure,0.0,0.0,0.0,1.0,0.0,0.0,1.0,1.0,0.95,BCa,-3.890591886413094,0.0,0.0,2.9209842322686086e-09,10000,100,True,1e-12,100,10000,complete_repeat_5x6_vector,delete_one_complete_repeat_5x6_vector,809a3f2f1d77cce8aa4e86320f229cd025238ab79be8d1df66d61a601099ba7f
bdb2023_sack,game_equal_set_empty_rate,50,linear_structure,relnet,0.0,0.0,0.0,1.0,0.0,0.0,1.0,1.0,0.95,BCa,-3.890591886413094,0.0,0.0,2.9209842322686086e-09,10000,100,True,1e-12,100,10000,complete_repeat_5x6_vector,delete_one_complete_repeat_5x6_vector,809a3f2f1d77cce8aa4e86320f229cd025238ab79be8d1df66d61a601099ba7f
bdb2023_sack,game_equal_set_empty_rate,50,linear_structure,attn_relnet,0.0,0.0,0.0,1.0,0.0,0.0,1.0,1.0,0.95,BCa,-3.890591886413094,0.0,0.0,2.9209842322686086e-09,10000,100,True,1e-12,100,10000,complete_repeat_5x6_vector,delete_one_complete_repeat_5x6_vector,809a3f2f1d77cce8aa4e86320f229cd025238ab79be8d1df66d61a601099ba7f
bdb2023_sack,game_equal_set_empty_rate,50,linear_structure,set_transformer,0.0,0.0,0.0,1.0,0.0,0.0,1.0,1.0,0.95,BCa,-3.890591886413094,0.0,0.0,2.9209842322686086e-09,10000,100,True,1e-12,100,10000,complete_repeat_5x6_vector,delete_one_complete_repeat_5x6_vector,809a3f2f1d77cce8aa4e86320f229cd025238ab79be8d1df66d61a601099ba7f
bdb2023_sack,game_equal_set_empty_rate,50,boosted_structure,relnet,0.0,0.0,0.0,1.0,0.0,0.0,1.0,1.0,0.95,BCa,-3.890591886413094,0.0,0.0,2.9209842322686086e-09,10000,100,True,1e-12,100,10000,complete_repeat_5x6_vector,delete_one_complete_repeat_5x6_vector,809a3f2f1d77cce8aa4e86320f229cd025238ab79be8d1df66d61a601099ba7f
bdb2023_sack,game_equal_set_empty_rate,50,boosted_structure,attn_relnet,0.0,0.0,0.0,1.0,0.0,0.0,1.0,1.0,0.95,BCa,-3.890591886413094,0.0,0.0,2.9209842322686086e-09,10000,100,True,1e-12,100,10000,complete_repeat_5x6_vector,delete_one_complete_repeat_5x6_vector,809a3f2f1d77cce8aa4e86320f229cd025238ab79be8d1df66d61a601099ba7f
bdb2023_sack,game_equal_set_empty_rate,50,boosted_structure,set_transformer,0.0,0.0,0.0,1.0,0.0,0.0,1.0,1.0,0.95,BCa,-3.890591886413094,0.0,0.0,2.9209842322686086e-09,10000,100,True,1e-12,100,10000,complete_repeat_5x6_vector,delete_one_complete_repeat_5x6_vector,809a3f2f1d77cce8aa4e86320f229cd025238ab79be8d1df66d61a601099ba7f
bdb2023_sack,game_equal_set_empty_rate,50,relnet,attn_relnet,0.0,0.0,0.0,1.0,0.0,0.0,1.0,1.0,0.95,BCa,-3.890591886413094,0.0,0.0,2.9209842322686086e-09,10000,100,True,1e-12,100,10000,complete_repeat_5x6_vector,delete_one_complete_repeat_5x6_vector,809a3f2f1d77cce8aa4e86320f229cd025238ab79be8d1df66d61a601099ba7f
bdb2023_sack,game_equal_set_empty_rate,50,relnet,set_transformer,0.0,0.0,0.0,1.0,0.0,0.0,1.0,1.0,0.95,BCa,-3.890591886413094,0.0,0.0,2.9209842322686086e-09,10000,100,True,1e-12,100,10000,complete_repeat_5x6_vector,delete_one_complete_repeat_5x6_vector,809a3f2f1d77cce8aa4e86320f229cd025238ab79be8d1df66d61a601099ba7f
bdb2023_sack,game_equal_set_empty_rate,50,attn_relnet,set_transformer,0.0,0.0,0.0,1.0,0.0,0.0,1.0,1.0,0.95,BCa,-3.890591886413094,0.0,0.0,2.9209842322686086e-09,10000,100,True,1e-12,100,10000,complete_repeat_5x6_vector,delete_one_complete_repeat_5x6_vector,809a3f2f1d77cce8aa4e86320f229cd025238ab79be8d1df66d61a601099ba7f
bdb2023_sack,game_equal_set_empty_rate,60,linear_structure,boosted_structure,0.0,0.0,0.0,1.0,0.0,0.0,1.0,1.0,0.95,BCa,-3.890591886413094,0.0,0.0,2.9209842322686086e-09,10000,100,True,1e-12,100,10000,complete_repeat_5x6_vector,delete_one_complete_repeat_5x6_vector,809a3f2f1d77cce8aa4e86320f229cd025238ab79be8d1df66d61a601099ba7f
bdb2023_sack,game_equal_set_empty_rate,60,linear_structure,relnet,0.0,0.0,0.0,1.0,0.0,0.0,1.0,1.0,0.95,BCa,-3.890591886413094,0.0,0.0,2.9209842322686086e-09,10000,100,True,1e-12,100,10000,complete_repeat_5x6_vector,delete_one_complete_repeat_5x6_vector,809a3f2f1d77cce8aa4e86320f229cd025238ab79be8d1df66d61a601099ba7f
bdb2023_sack,game_equal_set_empty_rate,60,linear_structure,attn_relnet,0.0,0.0,0.0,1.0,0.0,0.0,1.0,1.0,0.95,BCa,-3.890591886413094,0.0,0.0,2.9209842322686086e-09,10000,100,True,1e-12,100,10000,complete_repeat_5x6_vector,delete_one_complete_repeat_5x6_vector,809a3f2f1d77cce8aa4e86320f229cd025238ab79be8d1df66d61a601099ba7f
bdb2023_sack,game_equal_set_empty_rate,60,linear_structure,set_transformer,0.0,0.0,0.0,1.0,0.0,0.0,1.0,1.0,0.95,BCa,-3.890591886413094,0.0,0.0,2.9209842322686086e-09,10000,100,True,1e-12,100,10000,complete_repeat_5x6_vector,delete_one_complete_repeat_5x6_vector,809a3f2f1d77cce8aa4e86320f229cd025238ab79be8d1df66d61a601099ba7f
bdb2023_sack,game_equal_set_empty_rate,60,boosted_structure,relnet,0.0,0.0,0.0,1.0,0.0,0.0,1.0,1.0,0.95,BCa,-3.890591886413094,0.0,0.0,2.9209842322686086e-09,10000,100,True,1e-12,100,10000,complete_repeat_5x6_vector,delete_one_complete_repeat_5x6_vector,809a3f2f1d77cce8aa4e86320f229cd025238ab79be8d1df66d61a601099ba7f
bdb2023_sack,game_equal_set_empty_rate,60,boosted_structure,attn_relnet,0.0,0.0,0.0,1.0,0.0,0.0,1.0,1.0,0.95,BCa,-3.890591886413094,0.0,0.0,2.9209842322686086e-09,10000,100,True,1e-12,100,10000,complete_repeat_5x6_vector,delete_one_complete_repeat_5x6_vector,809a3f2f1d77cce8aa4e86320f229cd025238ab79be8d1df66d61a601099ba7f
bdb2023_sack,game_equal_set_empty_rate,60,boosted_structure,set_transformer,0.0,0.0,0.0,1.0,0.0,0.0,1.0,1.0,0.95,BCa,-3.890591886413094,0.0,0.0,2.9209842322686086e-09,10000,100,True,1e-12,100,10000,complete_repeat_5x6_vector,delete_one_complete_repeat_5x6_vector,809a3f2f1d77cce8aa4e86320f229cd025238ab79be8d1df66d61a601099ba7f
bdb2023_sack,game_equal_set_empty_rate,60,relnet,attn_relnet,0.0,0.0,0.0,1.0,0.0,0.0,1.0,1.0,0.95,BCa,-3.890591886413094,0.0,0.0,2.9209842322686086e-09,10000,100,True,1e-12,100,10000,complete_repeat_5x6_vector,delete_one_complete_repeat_5x6_vector,809a3f2f1d77cce8aa4e86320f229cd025238ab79be8d1df66d61a601099ba7f
bdb2023_sack,game_equal_set_empty_rate,60,relnet,set_transformer,0.0,0.0,0.0,1.0,0.0,0.0,1.0,1.0,0.95,BCa,-3.890591886413094,0.0,0.0,2.9209842322686086e-09,10000,100,True,1e-12,100,10000,complete_repeat_5x6_vector,delete_one_complete_repeat_5x6_vector,809a3f2f1d77cce8aa4e86320f229cd025238ab79be8d1df66d61a601099ba7f
bdb2023_sack,game_equal_set_empty_rate,60,attn_relnet,set_transformer,0.0,0.0,0.0,1.0,0.0,0.0,1.0,1.0,0.95,BCa,-3.890591886413094,0.0,0.0,2.9209842322686086e-09,10000,100,True,1e-12,100,10000,complete_repeat_5x6_vector,delete_one_complete_repeat_5x6_vector,809a3f2f1d77cce8aa4e86320f229cd025238ab79be8d1df66d61a601099ba7f
