task_id,metric,n_train,model_left,model_right,repeats,difference_mean,difference_sd,difference_q10,difference_q90,difference_mcse
bdb2023_sack,primary_loss,10,linear_structure,boosted_structure,100,-0.00242174007994262,0.0010967730175147658,-0.0035885155811684983,-0.0013733319871749024,0.00010967730175147658
bdb2023_sack,primary_loss,10,linear_structure,relnet,100,-0.0001517297092796982,0.001622876015837098,-0.001516247752403485,0.0012258351213035419,0.0001622876015837098
bdb2023_sack,primary_loss,10,linear_structure,attn_relnet,100,-0.00016831282779129235,0.0016452197903476162,-0.0016449668528142267,0.001226108348371708,0.00016452197903476162
bdb2023_sack,primary_loss,10,linear_structure,set_transformer,100,-0.0006281204134391489,0.00255084781999911,-0.00280277248361425,0.0010005101068439298,0.000255084781999911
bdb2023_sack,primary_loss,10,boosted_structure,relnet,100,0.0022700103706629216,0.0015857761889419215,0.0008977155314724886,0.0035982321918944754,0.00015857761889419216
bdb2023_sack,primary_loss,10,boosted_structure,attn_relnet,100,0.0022534272521513277,0.0016118974804272066,0.0009000331020180815,0.0036013807086406405,0.00016118974804272065
bdb2023_sack,primary_loss,10,boosted_structure,set_transformer,100,0.0017936196665034707,0.0027402669083172815,-0.0013930085218770987,0.0036297357677084795,0.00027402669083172816
bdb2023_sack,primary_loss,10,relnet,attn_relnet,100,-1.6583118511594164e-05,7.910198065255798e-05,-2.0262976725469997e-05,4.339668607617619e-06,7.910198065255798e-06
bdb2023_sack,primary_loss,10,relnet,set_transformer,100,-0.0004763907041594506,0.00257838279500395,-0.003002628903709827,0.001158315135160284,0.000257838279500395
bdb2023_sack,primary_loss,10,attn_relnet,set_transformer,100,-0.00045980758564785645,0.002568211993021861,-0.003004309840147218,0.001157992808929834,0.0002568211993021861
bdb2023_sack,primary_loss,20,linear_structure,boosted_structure,100,-0.0023172564388891626,0.0010231924643683038,-0.003383715659210435,-0.0011141752225304832,0.00010231924643683038
bdb2023_sack,primary_loss,20,linear_structure,relnet,100,-0.0002668741108340029,0.001176572904661364,-0.0012729617228127619,0.0007358513617932838,0.00011765729046613639
bdb2023_sack,primary_loss,20,linear_structure,attn_relnet,100,-0.0006113185640046014,0.003793352841840655,-0.0012676142145271415,0.0007940913351072432,0.0003793352841840655
bdb2023_sack,primary_loss,20,linear_structure,set_transformer,100,-0.0012813774134780745,0.005296020773504129,-0.002239824623546143,0.0005649326929215271,0.0005296020773504129
bdb2023_sack,primary_loss,20,boosted_structure,relnet,100,0.0020503823280551598,0.001298228253718068,0.0005360764484287406,0.0033314233352731057,0.0001298228253718068
bdb2023_sack,primary_loss,20,boosted_structure,attn_relnet,100,0.0017059378748845604,0.0037917439183215184,0.00047875245045070694,0.0033322368478659286,0.0003791743918321518
bdb2023_sack,primary_loss,20,boosted_structure,set_transformer,100,0.001035879025411088,0.0054083480726898545,-0.00048546355054822766,0.0035657047241447622,0.0005408348072689854
bdb2023_sack,primary_loss,20,relnet,attn_relnet,100,-0.0003444444531705986,0.0036847093797492112,-2.1468552067535616e-05,1.5390579292984384e-05,0.0003684709379749211
bdb2023_sack,primary_loss,20,relnet,set_transformer,100,-0.0010145033026440716,0.004981511402284857,-0.0018894986252110952,0.0009660093719234121,0.0004981511402284857
bdb2023_sack,primary_loss,20,attn_relnet,set_transformer,100,-0.000670058849473473,0.0058005980164836605,-0.0016183930540671458,0.0010007552265942966,0.000580059801648366
bdb2023_sack,primary_loss,30,linear_structure,boosted_structure,100,-0.001972166518863184,0.0007918833601421195,-0.00280218774813063,-0.0012567895171788361,7.918833601421195e-05
bdb2023_sack,primary_loss,30,linear_structure,relnet,100,-0.00030969334328737026,0.0010697606741436666,-0.0013270034077989018,0.0005566298702503199,0.00010697606741436665
bdb2023_sack,primary_loss,30,linear_structure,attn_relnet,100,-0.00031582851153485846,0.0010881574597647974,-0.00151214788880824,0.0005713514455763646,0.00010881574597647973
bdb2023_sack,primary_loss,30,linear_structure,set_transformer,100,-0.00036247899732284796,0.0012470335418071346,-0.001537769307507511,0.000660760520976928,0.00012470335418071345
bdb2023_sack,primary_loss,30,boosted_structure,relnet,100,0.0016624731755758143,0.0012056120132253709,0.0007311402712240054,0.0030123966779920706,0.00012056120132253709
bdb2023_sack,primary_loss,30,boosted_structure,attn_relnet,100,0.0016563380073283257,0.0012196219579072287,0.0005481697166802933,0.003003259110639018,0.00012196219579072288
bdb2023_sack,primary_loss,30,boosted_structure,set_transformer,100,0.0016096875215403366,0.0013672738350083572,0.00026914976527723524,0.0029457593851876934,0.00013672738350083572
bdb2023_sack,primary_loss,30,relnet,attn_relnet,100,-6.135168247488193e-06,0.00010383131544923655,-3.1119362883081506e-05,1.3108008315963068e-05,1.0383131544923655e-05
bdb2023_sack,primary_loss,30,relnet,set_transformer,100,-5.27856540354777e-05,0.0013508627040635468,-0.001110420122647296,0.0008739126511674054,0.00013508627040635467
bdb2023_sack,primary_loss,30,attn_relnet,set_transformer,100,-4.6650485787989515e-05,0.0013584191455469367,-0.0011255237774002904,0.0008740458179048675,0.00013584191455469368
bdb2023_sack,primary_loss,40,linear_structure,boosted_structure,100,-0.0016979134669426988,0.0007042981595957827,-0.0026281625844726945,-0.0006780328973669008,7.042981595957826e-05
bdb2023_sack,primary_loss,40,linear_structure,relnet,100,-0.00022768137765519092,0.0010097771779189319,-0.001039326155360036,0.0006325400091681833,0.00010097771779189319
bdb2023_sack,primary_loss,40,linear_structure,attn_relnet,100,-0.0001845726133192791,0.0008249056656658655,-0.0010425491502671995,0.000625604811173186,8.249056656658655e-05
bdb2023_sack,primary_loss,40,linear_structure,set_transformer,100,-0.0003215697411570524,0.0011755010913022644,-0.0016090696137917263,0.0008277888906024842,0.00011755010913022643
bdb2023_sack,primary_loss,40,boosted_structure,relnet,100,0.001470232089287508,0.0010902016965175453,0.0002702010334192845,0.002483426109645639,0.00010902016965175453
bdb2023_sack,primary_loss,40,boosted_structure,attn_relnet,100,0.00151334085362342,0.00097437165685104,0.00027890064298655913,0.002468833058824209,9.743716568510399e-05
bdb2023_sack,primary_loss,40,boosted_structure,set_transformer,100,0.0013763437257856464,0.0012950930476196998,-1.4121789540727274e-07,0.002728585809385423,0.00012950930476196998
bdb2023_sack,primary_loss,40,relnet,attn_relnet,100,4.310876433591182e-05,0.0004839875227888781,-7.288731150975891e-05,1.6920017663117663e-05,4.839875227888781e-05
bdb2023_sack,primary_loss,40,relnet,set_transformer,100,-9.388836350186148e-05,0.0012659219644560052,-0.0014501958262903812,0.0008165611303143167,0.00012659219644560053
bdb2023_sack,primary_loss,40,attn_relnet,set_transformer,100,-0.0001369971278377733,0.001154242282480864,-0.0014475429815022083,0.0007775657331384295,0.0001154242282480864
bdb2023_sack,primary_loss,50,linear_structure,boosted_structure,100,-0.001509763565685553,0.0007929587783645684,-0.002540793343736976,-0.000704950413395501,7.929587783645684e-05
bdb2023_sack,primary_loss,50,linear_structure,relnet,100,-0.00026623734857789523,0.0010112401904162735,-0.0008921686660279711,0.00044412470454967197,0.00010112401904162735
bdb2023_sack,primary_loss,50,linear_structure,attn_relnet,100,-0.00027506521781101473,0.0010181950229224963,-0.0008954170018915936,0.00044017819029294123,0.00010181950229224963
bdb2023_sack,primary_loss,50,linear_structure,set_transformer,100,-0.00018351849904097911,0.0009412557768595824,-0.0012320245298199244,0.0006281570846430996,9.412557768595824e-05
bdb2023_sack,primary_loss,50,boosted_structure,relnet,100,0.0012435262171076574,0.0010245221842302044,0.0003244208931926673,0.002346852829368787,0.00010245221842302043
bdb2023_sack,primary_loss,50,boosted_structure,attn_relnet,100,0.0012346983478745378,0.001027431593194962,0.00033413197081445665,0.0023258988450121374,0.0001027431593194962
bdb2023_sack,primary_loss,50,boosted_structure,set_transformer,100,0.0013262450666445737,0.0009939136102188454,6.3542399997819385e-06,0.002370592753118639,9.939136102188454e-05
bdb2023_sack,primary_loss,50,relnet,attn_relnet,100,-8.827869233119512e-06,5.208626697019727e-05,-4.337716594725871e-05,6.5178815480113116e-06,5.208626697019727e-06
bdb2023_sack,primary_loss,50,relnet,set_transformer,100,8.271884953691612e-05,0.001128479319098057,-0.0007228499113555837,0.0008731199694855923,0.0001128479319098057
bdb2023_sack,primary_loss,50,attn_relnet,set_transformer,100,9.154671877003563e-05,0.0011313712325889131,-0.0007241056611967042,0.0009180466910845898,0.00011313712325889132
bdb2023_sack,primary_loss,60,linear_structure,boosted_structure,100,-0.001392135149611705,0.0006902444165353006,-0.002206557551319941,-0.0006928316930101048,6.902444165353007e-05
bdb2023_sack,primary_loss,60,linear_structure,relnet,100,-0.0001082976564791207,0.0005312580335804863,-0.0007833407325639974,0.000598447565145298,5.3125803358048633e-05
bdb2023_sack,primary_loss,60,linear_structure,attn_relnet,100,-9.943062969154516e-05,0.0005266258312074321,-0.0007351140326285088,0.0006229788921249161,5.2662583120743205e-05
bdb2023_sack,primary_loss,60,linear_structure,set_transformer,100,-3.325606735256108e-05,0.0006939272409781383,-0.0007396252937990789,0.0007900649228075916,6.939272409781383e-05
bdb2023_sack,primary_loss,60,boosted_structure,relnet,100,0.0012838374931325846,0.0007071617912840463,0.0005184116170258983,0.0021418807943137485,7.071617912840463e-05
bdb2023_sack,primary_loss,60,boosted_structure,attn_relnet,100,0.00129270451992016,0.0007010085069200914,0.0005135921827864153,0.002141265789171859,7.010085069200914e-05
bdb2023_sack,primary_loss,60,boosted_structure,set_transformer,100,0.001358879082259144,0.0008248449953935681,0.0005566193514727154,0.0024110288539902235,8.248449953935681e-05
bdb2023_sack,primary_loss,60,relnet,attn_relnet,100,8.867026787575533e-06,8.257859427696669e-05,-1.8050185447555934e-05,8.289653143615101e-06,8.257859427696668e-06
bdb2023_sack,primary_loss,60,relnet,set_transformer,100,7.504158912655962e-05,0.0006584205182463525,-0.0006927878081811369,0.0008991905977817727,6.584205182463525e-05
bdb2023_sack,primary_loss,60,attn_relnet,set_transformer,100,6.617456233898409e-05,0.0006496086062603429,-0.0006801493931953082,0.0007847652755985121,6.496086062603429e-05
bdb2023_sack,game_equal_loss,10,linear_structure,boosted_structure,100,-0.002483461283929273,0.0011442323782555055,-0.0037192922959432746,-0.001348885050427487,0.00011442323782555055
bdb2023_sack,game_equal_loss,10,linear_structure,relnet,100,-0.00011345180931160117,0.0017057902640395793,-0.0016235144874945761,0.0014394627840675334,0.00017057902640395793
bdb2023_sack,game_equal_loss,10,linear_structure,attn_relnet,100,-0.00012998246176580116,0.0017283880587481966,-0.0016376116179142293,0.001424379944061868,0.00017283880587481965
bdb2023_sack,game_equal_loss,10,linear_structure,set_transformer,100,-0.0005941194070670548,0.0025605699513176865,-0.002703145705205845,0.0013319048324885573,0.00025605699513176866
bdb2023_sack,game_equal_loss,10,boosted_structure,relnet,100,0.0023700094746176713,0.0016608248091369063,0.0010164548965807172,0.003821130243045848,0.00016608248091369064
bdb2023_sack,game_equal_loss,10,boosted_structure,attn_relnet,100,0.002353478822163472,0.0016868499453266443,0.00101818911135593,0.0038194254960407727,0.00016868499453266442
bdb2023_sack,game_equal_loss,10,boosted_structure,set_transformer,100,0.0018893418768622177,0.002755458439606629,-0.0014808260845721067,0.003791826135543126,0.0002755458439606629
bdb2023_sack,game_equal_loss,10,relnet,attn_relnet,100,-1.653065245419999e-05,8.146373419219875e-05,-1.879205872951372e-05,5.534780581735468e-06,8.146373419219875e-06
bdb2023_sack,game_equal_loss,10,relnet,set_transformer,100,-0.00048066759775545364,0.002560107338976576,-0.0029537735710073315,0.0011742773611677422,0.0002560107338976576
bdb2023_sack,game_equal_loss,10,attn_relnet,set_transformer,100,-0.00046413694530125365,0.0025484840037031022,-0.002953361746710075,0.0011759450055264513,0.0002548484003703102
bdb2023_sack,game_equal_loss,20,linear_structure,boosted_structure,100,-0.002361996035893188,0.0011042214486410948,-0.0036118811396237474,-0.0011789173016794308,0.00011042214486410949
bdb2023_sack,game_equal_loss,20,linear_structure,relnet,100,-0.00019905645294916036,0.001221436809808128,-0.0012856801678536318,0.001010547506724295,0.0001221436809808128
bdb2023_sack,game_equal_loss,20,linear_structure,attn_relnet,100,-0.0005387033174529879,0.0037791536786035,-0.0012987330986805122,0.0010089690649496069,0.00037791536786035
bdb2023_sack,game_equal_loss,20,linear_structure,set_transformer,100,-0.001268264943058358,0.005332011590804594,-0.0023080510892619505,0.0006264004293294907,0.0005332011590804594
bdb2023_sack,game_equal_loss,20,boosted_structure,relnet,100,0.0021629395829440273,0.0012992467199527643,0.000682037042758736,0.0035033786895070835,0.00012992467199527644
bdb2023_sack,game_equal_loss,20,boosted_structure,attn_relnet,100,0.0018232927184401997,0.0037751350943148977,0.000677666204164601,0.00350439588163603,0.0003775135094314898
bdb2023_sack,game_equal_loss,20,boosted_structure,set_transformer,100,0.00109373109283483,0.0054408168970719335,-0.00044390896122767153,0.0037008200255376268,0.0005440816897071933
bdb2023_sack,game_equal_loss,20,relnet,attn_relnet,100,-0.0003396468645038276,0.0036459216542728988,-2.1012046314879823e-05,1.4054625744895774e-05,0.0003645921654272899
bdb2023_sack,game_equal_loss,20,relnet,set_transformer,100,-0.0010692084901091977,0.005017689553055296,-0.001936304328099641,0.0010468466921426962,0.0005017689553055295
bdb2023_sack,game_equal_loss,20,attn_relnet,set_transformer,100,-0.0007295616256053701,0.005801885591911384,-0.0018025220316140683,0.0010596853195321114,0.0005801885591911384
bdb2023_sack,game_equal_loss,30,linear_structure,boosted_structure,100,-0.0020172619304613605,0.0008713900834444384,-0.0029317803488034685,-0.001360614680637468,8.713900834444384e-05
bdb2023_sack,game_equal_loss,30,linear_structure,relnet,100,-0.000261437213379235,0.001140044884906456,-0.001319360255549324,0.0007006662208001807,0.0001140044884906456
bdb2023_sack,game_equal_loss,30,linear_structure,attn_relnet,100,-0.0002655519110841021,0.0011575189084273416,-0.0015044318184728727,0.0007143647151800628,0.00011575189084273416
bdb2023_sack,game_equal_loss,30,linear_structure,set_transformer,100,-0.00032948149711855174,0.00129239081806388,-0.0014946498597037145,0.0007086841707158219,0.00012923908180638799
bdb2023_sack,game_equal_loss,30,boosted_structure,relnet,100,0.0017558247170821257,0.0012540236302103127,0.000777545230614684,0.0031494679452934355,0.00012540236302103128
bdb2023_sack,game_equal_loss,30,boosted_structure,attn_relnet,100,0.0017517100193772581,0.0012692995706393736,0.0006728831660043386,0.0031480671677041466,0.00012692995706393737
bdb2023_sack,game_equal_loss,30,boosted_structure,set_transformer,100,0.0016877804333428092,0.0013861146074105382,0.00036020103636210185,0.003037562523512865,0.00013861146074105383
bdb2023_sack,game_equal_loss,30,relnet,attn_relnet,100,-4.114697704867068e-06,0.00010247623617355828,-3.175013364276752e-05,1.389902978492788e-05,1.0247623617355828e-05
bdb2023_sack,game_equal_loss,30,relnet,set_transformer,100,-6.804428373931671e-05,0.001358960136761447,-0.0011702069602774936,0.0008638101201882544,0.0001358960136761447
bdb2023_sack,game_equal_loss,30,attn_relnet,set_transformer,100,-6.392958603444965e-05,0.0013683853177460493,-0.0012366513871781878,0.0008577733146429134,0.00013683853177460492
bdb2023_sack,game_equal_loss,40,linear_structure,boosted_structure,100,-0.0017406222465794724,0.0007654843862753525,-0.0027349101069286696,-0.0006779991760652745,7.654843862753525e-05
bdb2023_sack,game_equal_loss,40,linear_structure,relnet,100,-0.0001815835164662527,0.0010395185742521934,-0.0010811227569508008,0.000759662433690326,0.00010395185742521935
bdb2023_sack,game_equal_loss,40,linear_structure,attn_relnet,100,-0.00013937276431700784,0.0008617289833023063,-0.0010578670338643708,0.0007616371427980454,8.617289833023063e-05
bdb2023_sack,game_equal_loss,40,linear_structure,set_transformer,100,-0.0003073668771744501,0.001183741054654942,-0.0016103879792496792,0.000872640087135445,0.0001183741054654942
bdb2023_sack,game_equal_loss,40,boosted_structure,relnet,100,0.0015590387301132197,0.0011244661173382992,0.00028590236808235386,0.002652895689145442,0.00011244661173382992
bdb2023_sack,game_equal_loss,40,boosted_structure,attn_relnet,100,0.001601249482262464,0.0010169776279544767,0.0004177462984724393,0.0025729640378036648,0.00010169776279544767
bdb2023_sack,game_equal_loss,40,boosted_structure,set_transformer,100,0.001433255369405022,0.001299630944649415,-0.00014751938043810266,0.002762996375591727,0.00012996309446494151
bdb2023_sack,game_equal_loss,40,relnet,attn_relnet,100,4.2210752149244855e-05,0.00047903936066798246,-7.956874143850573e-05,1.6214764271171206e-05,4.7903936066798244e-05
bdb2023_sack,game_equal_loss,40,relnet,set_transformer,100,-0.0001257833607081974,0.0012503011757853818,-0.001466560098026848,0.0007482570733598174,0.00012503011757853817
bdb2023_sack,game_equal_loss,40,attn_relnet,set_transformer,100,-0.00016799411285744228,0.0011361648321725644,-0.0014621182762825356,0.0007431889024521508,0.00011361648321725644
bdb2023_sack,game_equal_loss,50,linear_structure,boosted_structure,100,-0.0015418179888933112,0.0008412236359276084,-0.002641810694043996,-0.0006246103338730414,8.412236359276084e-05
bdb2023_sack,game_equal_loss,50,linear_structure,relnet,100,-0.00023586979851142608,0.001037929262864314,-0.0009627453339059483,0.0005378321830068065,0.0001037929262864314
bdb2023_sack,game_equal_loss,50,linear_structure,attn_relnet,100,-0.0002438995242869666,0.0010424994547289592,-0.0008731381187517858,0.0005379840877128988,0.00010424994547289592
bdb2023_sack,game_equal_loss,50,linear_structure,set_transformer,100,-0.00017453862134934675,0.0009657558325793739,-0.0011883648224914924,0.0006962261108683116,9.65755832579374e-05
bdb2023_sack,game_equal_loss,50,boosted_structure,relnet,100,0.0013059481903818849,0.0010500956059520843,0.0003676005131362674,0.0023445358289610994,0.00010500956059520843
bdb2023_sack,game_equal_loss,50,boosted_structure,attn_relnet,100,0.0012979184646063446,0.0010511632281499032,0.00028501609369907185,0.0023480671786167005,0.00010511632281499032
bdb2023_sack,game_equal_loss,50,boosted_structure,set_transformer,100,0.0013672793675439637,0.001014861810543285,0.0002180468412057137,0.0023860194165246165,0.0001014861810543285
bdb2023_sack,game_equal_loss,50,relnet,attn_relnet,100,-8.029725775540523e-06,5.378442281185279e-05,-4.1196103479111676e-05,6.7865744342865425e-06,5.378442281185279e-06
bdb2023_sack,game_equal_loss,50,relnet,set_transformer,100,6.133117716207933e-05,0.0011450938912052852,-0.000797568536643347,0.0009312517623574047,0.00011450938912052852
bdb2023_sack,game_equal_loss,50,attn_relnet,set_transformer,100,6.936090293761986e-05,0.0011466333641816245,-0.0007922055563414909,0.000945997823932744,0.00011466333641816245
bdb2023_sack,game_equal_loss,60,linear_structure,boosted_structure,100,-0.0014090213576161352,0.0007452726035236024,-0.0023177068695544325,-0.0006376244714891328,7.452726035236024e-05
bdb2023_sack,game_equal_loss,60,linear_structure,relnet,100,-6.689893007562238e-05,0.0005655498759847402,-0.0007185894553842665,0.0006123610107944709,5.6554987598474016e-05
bdb2023_sack,game_equal_loss,60,linear_structure,attn_relnet,100,-5.721905030660508e-05,0.0005604812043210725,-0.0006680263522637369,0.0006575363127155995,5.604812043210725e-05
bdb2023_sack,game_equal_loss,60,linear_structure,set_transformer,100,-1.9490390905249483e-05,0.0007453683808638696,-0.0007517162281032274,0.000841905303667867,7.453683808638696e-05
bdb2023_sack,game_equal_loss,60,boosted_structure,relnet,100,0.0013421224275405128,0.0007337681212772698,0.00047791347866583055,0.0022010150579409794,7.337681212772698e-05
bdb2023_sack,game_equal_loss,60,boosted_structure,attn_relnet,100,0.00135180230730953,0.0007257605265156133,0.0005098865748296031,0.0022027203225603495,7.257605265156134e-05
bdb2023_sack,game_equal_loss,60,boosted_structure,set_transformer,100,0.0013895309667108858,0.0008663141664218384,0.000508347510620212,0.002515317520548163,8.663141664218384e-05
bdb2023_sack,game_equal_loss,60,relnet,attn_relnet,100,9.679879769017297e-06,8.588127882407478e-05,-1.750193662345828e-05,9.854775874877655e-06,8.588127882407478e-06
bdb2023_sack,game_equal_loss,60,relnet,set_transformer,100,4.74085391703729e-05,0.0006774377598875808,-0.0007363421470198417,0.0008785173786534793,6.774377598875808e-05
bdb2023_sack,game_equal_loss,60,attn_relnet,set_transformer,100,3.7728659401355596e-05,0.0006689691121820093,-0.0007344502919581455,0.000764610501503182,6.689691121820093e-05
bdb2023_sack,skill,10,linear_structure,boosted_structure,100,0.03917249279064702,0.016885490051171487,0.023611296507813885,0.05665924608642562,0.0016885490051171486
bdb2023_sack,skill,10,linear_structure,relnet,100,0.0027353066092958046,0.026875563502800154,-0.019367642596441324,0.024690636931632603,0.0026875563502800153
bdb2023_sack,skill,10,linear_structure,attn_relnet,100,0.00300841251955955,0.027255034176852613,-0.019401057795339117,0.025851478737669877,0.002725503417685261
bdb2023_sack,skill,10,linear_structure,set_transformer,100,0.011094342942383506,0.043800356023628834,-0.016658637933419852,0.04894110067882908,0.0043800356023628835
bdb2023_sack,skill,10,boosted_structure,relnet,100,-0.036437186181351215,0.02495837689966293,-0.05760670977588374,-0.015473106441840159,0.0024958376899662927
bdb2023_sack,skill,10,boosted_structure,attn_relnet,100,-0.036164080271087466,0.02541438209964347,-0.05761445852433654,-0.015513296914070341,0.002541438209964347
bdb2023_sack,skill,10,boosted_structure,set_transformer,100,-0.02807814984826351,0.04592276205026704,-0.05694959498193606,0.02642989692696033,0.004592276205026704
bdb2023_sack,skill,10,relnet,attn_relnet,100,0.00027310591026374567,0.0012778535443259274,-7.526775869802771e-05,0.00031523086813667556,0.00012778535443259276
bdb2023_sack,skill,10,relnet,set_transformer,100,0.008359036333087703,0.043938079406998225,-0.019833312636945932,0.05519551526798021,0.004393807940699822
bdb2023_sack,skill,10,attn_relnet,set_transformer,100,0.008085930422823958,0.04378625252247704,-0.0199316768961742,0.053553085453627615,0.004378625252247704
bdb2023_sack,skill,20,linear_structure,boosted_structure,100,0.03737278069796905,0.01571718350907929,0.01940161417708275,0.05283726539623192,0.0015717183509079287
bdb2023_sack,skill,20,linear_structure,relnet,100,0.00444507782442416,0.01954320238108427,-0.012935379495599775,0.021209337275884994,0.001954320238108427
bdb2023_sack,skill,20,linear_structure,attn_relnet,100,0.009952059036983969,0.06107746252270283,-0.013597390707259249,0.02117592086541965,0.0061077462522702835
bdb2023_sack,skill,20,linear_structure,set_transformer,100,0.0215672754612461,0.08974056867345129,-0.009401982786194463,0.036873129882990796,0.008974056867345129
bdb2023_sack,skill,20,boosted_structure,relnet,100,-0.03292770287354489,0.02023024773851206,-0.05249163349015035,-0.009817043246980997,0.002023024773851206
bdb2023_sack,skill,20,boosted_structure,attn_relnet,100,-0.02742072166098508,0.060667698485034664,-0.05249629491546674,-0.008047185252669294,0.006066769848503467
bdb2023_sack,skill,20,boosted_structure,set_transformer,100,-0.015805505236722948,0.09108386496975653,-0.053169335665526264,0.008951690502913567,0.009108386496975653
bdb2023_sack,skill,20,relnet,attn_relnet,100,0.0055069812125598085,0.05917222258320016,-0.0002570594648016455,0.00035009975643405324,0.005917222258320016
bdb2023_sack,skill,20,relnet,set_transformer,100,0.01712219763682194,0.08451324815535183,-0.015283592822330837,0.03050979803078709,0.008451324815535182
bdb2023_sack,skill,20,attn_relnet,set_transformer,100,0.011615216424262132,0.09704884106450531,-0.017838297693222684,0.02698289176861299,0.009704884106450531
bdb2023_sack,skill,30,linear_structure,boosted_structure,100,0.03195046872010725,0.012296555852058147,0.02127428521622743,0.04451410403225245,0.0012296555852058147
bdb2023_sack,skill,30,linear_structure,relnet,100,0.005344443515258491,0.018541596490998815,-0.008912260229073942,0.022468946668591398,0.0018541596490998815
bdb2023_sack,skill,30,linear_structure,attn_relnet,100,0.0054426763280484205,0.018791166001949938,-0.009441474522522763,0.024986986781197585,0.0018791166001949939
bdb2023_sack,skill,30,linear_structure,set_transformer,100,0.0061140099358464,0.020628844668894284,-0.010066639316966419,0.02442543938442114,0.0020628844668894282
bdb2023_sack,skill,30,boosted_structure,relnet,100,-0.026606025204848754,0.019580570514095764,-0.045979739925884625,-0.011886961384134098,0.0019580570514095763
bdb2023_sack,skill,30,boosted_structure,attn_relnet,100,-0.026507792392058825,0.019779597003199593,-0.0461629530469293,-0.009181613441641558,0.001977959700319959
bdb2023_sack,skill,30,boosted_structure,set_transformer,100,-0.02583645878426084,0.02144774208946413,-0.04583958609308877,-0.004820457715836424,0.002144774208946413
bdb2023_sack,skill,30,relnet,attn_relnet,100,9.823281278992902e-05,0.0016314341504875456,-0.00020458100910043518,0.0004646293303723909,0.00016314341504875457
bdb2023_sack,skill,30,relnet,set_transformer,100,0.0007695664205879082,0.022796486938557906,-0.012887504189775056,0.01765707609374152,0.0022796486938557905
bdb2023_sack,skill,30,attn_relnet,set_transformer,100,0.0006713336077979792,0.02289706354558901,-0.012920474172373263,0.01774927219076562,0.002289706354558901
bdb2023_sack,skill,40,linear_structure,boosted_structure,100,0.027653460538628143,0.011069417335763112,0.011351705329212525,0.041587708298426646,0.0011069417335763112
bdb2023_sack,skill,40,linear_structure,relnet,100,0.003921121007414621,0.016886140693703484,-0.010693852693396544,0.017781781162118374,0.0016886140693703484
bdb2023_sack,skill,40,linear_structure,attn_relnet,100,0.00312714022726284,0.013280741109011361,-0.010541339673507831,0.017037008118503432,0.0013280741109011362
bdb2023_sack,skill,40,linear_structure,set_transformer,100,0.005448565303648753,0.019144705613998957,-0.013767691810535831,0.024553575500818683,0.0019144705613998957
bdb2023_sack,skill,40,boosted_structure,relnet,100,-0.02373233953121352,0.01739674333155048,-0.04021868138309872,-0.0047785442418447725,0.0017396743331550481
bdb2023_sack,skill,40,boosted_structure,attn_relnet,100,-0.024526320311365302,0.015216286887222827,-0.04009667863907124,-0.004975488937001059,0.0015216286887222827
bdb2023_sack,skill,40,boosted_structure,set_transformer,100,-0.02220489523497939,0.02066990866284424,-0.04290260743216495,2.018193364440582e-05,0.002066990866284424
bdb2023_sack,skill,40,relnet,attn_relnet,100,-0.0007939807801517806,0.008602597787768819,-0.0002884481036626418,0.0011316342790024475,0.0008602597787768819
bdb2023_sack,skill,40,relnet,set_transformer,100,0.0015274442962341316,0.02100656341527882,-0.013518286003216062,0.024074511481324494,0.002100656341527882
bdb2023_sack,skill,40,attn_relnet,set_transformer,100,0.002321425076385912,0.01880775689228032,-0.013167681740486626,0.024030361239613003,0.0018807756892280322
bdb2023_sack,skill,50,linear_structure,boosted_structure,100,0.02453777330771115,0.012493960015529744,0.012067461109033518,0.039304486738797356,0.0012493960015529744
bdb2023_sack,skill,50,linear_structure,relnet,100,0.004635316646993408,0.017377738933602848,-0.007129587952903782,0.014881652395598653,0.0017377738933602848
bdb2023_sack,skill,50,linear_structure,attn_relnet,100,0.004772066401044366,0.017459672747434662,-0.007066300374405532,0.0149250714513152,0.0017459672747434662
bdb2023_sack,skill,50,linear_structure,set_transformer,100,0.0032591744955791724,0.015651285129247225,-0.009768835110205987,0.019145523291351083,0.0015651285129247225
bdb2023_sack,skill,50,boosted_structure,relnet,100,-0.019902456660717733,0.016556353410437746,-0.03562324535895978,-0.005463111182390445,0.0016556353410437745
bdb2023_sack,skill,50,boosted_structure,attn_relnet,100,-0.01976570690666678,0.01659748960096953,-0.035582000815907865,-0.005598484219383178,0.001659748960096953
bdb2023_sack,skill,50,boosted_structure,set_transformer,100,-0.021278598812131965,0.015553776833734396,-0.038028343774112114,-0.00012092286460272246,0.0015553776833734396
bdb2023_sack,skill,50,relnet,attn_relnet,100,0.0001367497540509577,0.0008796240646330413,-9.734128093268345e-05,0.000669134641383885,8.796240646330413e-05
bdb2023_sack,skill,50,relnet,set_transformer,100,-0.0013761421514142359,0.019032310109622738,-0.012505458452093353,0.01178464645021297,0.0019032310109622739
bdb2023_sack,skill,50,attn_relnet,set_transformer,100,-0.0015128919054651934,0.01905490604984047,-0.014800611532157637,0.01180444191273911,0.001905490604984047
bdb2023_sack,skill,60,linear_structure,boosted_structure,100,0.02263282387582574,0.01120818278422684,0.011138095988509145,0.03632758241609091,0.001120818278422684
bdb2023_sack,skill,60,linear_structure,relnet,100,0.0018467032639117719,0.008888731429494206,-0.009933422348393017,0.01203437491223708,0.0008888731429494206
bdb2023_sack,skill,60,linear_structure,attn_relnet,100,0.0017005996207650476,0.008810729516399964,-0.010114108285521695,0.011405303624810487,0.0008810729516399964
bdb2023_sack,skill,60,linear_structure,set_transformer,100,0.0007116283022213809,0.011713017299850012,-0.012064215496780028,0.011962266227113395,0.0011713017299850013
bdb2023_sack,skill,60,boosted_structure,relnet,100,-0.02078612061191397,0.011088348732792337,-0.033693794596073134,-0.008053369742229538,0.0011088348732792336
bdb2023_sack,skill,60,boosted_structure,attn_relnet,100,-0.020932224255060704,0.010985370570968963,-0.03372939806097173,-0.008823442390495317,0.0010985370570968963
bdb2023_sack,skill,60,boosted_structure,set_transformer,100,-0.021921195573604363,0.013104824556052164,-0.038752033393825325,-0.010025567055232134,0.0013104824556052163
bdb2023_sack,skill,60,relnet,attn_relnet,100,-0.00014610364314672443,0.001370750849039617,-0.00013470554829457803,0.00028006368273231246,0.0001370750849039617
bdb2023_sack,skill,60,relnet,set_transformer,100,-0.001135074961690391,0.011189507745925333,-0.014109038490351954,0.010402082233577059,0.0011189507745925334
bdb2023_sack,skill,60,attn_relnet,set_transformer,100,-0.0009889713185436667,0.011038536431896758,-0.01235027358752343,0.010408119274329431,0.0011038536431896757
bdb2023_sack,calibrated_brier,10,linear_structure,boosted_structure,100,5.409891017297413e-06,0.0007641380059716679,-0.0008182355025749231,0.0008574974003388712,7.641380059716678e-05
bdb2023_sack,calibrated_brier,10,linear_structure,relnet,100,-1.0664591269122086e-05,0.0007068935443056414,-0.0007306408410847218,0.00083933509782301,7.068935443056414e-05
bdb2023_sack,calibrated_brier,10,linear_structure,attn_relnet,100,-6.658888889118988e-06,0.0006935023118388205,-0.0006940180936140884,0.0008356772642973122,6.935023118388205e-05
bdb2023_sack,calibrated_brier,10,linear_structure,set_transformer,100,-2.7355770668707343e-05,0.0007608269084047245,-0.0008361584018393999,0.000928754570690445,7.608269084047246e-05
bdb2023_sack,calibrated_brier,10,boosted_structure,relnet,100,-1.60744822864195e-05,0.0006593708029549334,-0.0007317311157256249,0.0008602419233478995,6.593708029549333e-05
bdb2023_sack,calibrated_brier,10,boosted_structure,attn_relnet,100,-1.2068779906416402e-05,0.0006498788283761333,-0.0007255524583125305,0.0008504916731958155,6.498788283761334e-05
bdb2023_sack,calibrated_brier,10,boosted_structure,set_transformer,100,-3.276566168600476e-05,0.0007169776254967025,-0.0008403594303148084,0.0007287051925116829,7.169776254967026e-05
bdb2023_sack,calibrated_brier,10,relnet,attn_relnet,100,4.005702380003099e-06,5.4768979038151156e-05,-4.5502092107095604e-05,4.360388772141766e-05,5.476897903815116e-06
bdb2023_sack,calibrated_brier,10,relnet,set_transformer,100,-1.6691179399585255e-05,0.0007644315840308021,-0.0009671958893033356,0.0009492221119371018,7.644315840308022e-05
bdb2023_sack,calibrated_brier,10,attn_relnet,set_transformer,100,-2.0696881779588352e-05,0.0007570422918909798,-0.0009711698731078383,0.0009427278145204765,7.570422918909798e-05
bdb2023_sack,calibrated_brier,20,linear_structure,boosted_structure,100,1.661650857801032e-05,0.0008691383503199121,-0.0008530093861670044,0.0008670142650040224,8.691383503199121e-05
bdb2023_sack,calibrated_brier,20,linear_structure,relnet,100,9.440408534344851e-05,0.0008932678366464396,-0.0008591881537587664,0.0009020553534461347,8.932678366464397e-05
bdb2023_sack,calibrated_brier,20,linear_structure,attn_relnet,100,8.360830969183518e-05,0.0008921539883378833,-0.0008743956050624418,0.0008702116959470424,8.921539883378833e-05
bdb2023_sack,calibrated_brier,20,linear_structure,set_transformer,100,9.776371625390252e-05,0.0008353887900640575,-0.0008449898727763867,0.0008762171380812877,8.353887900640575e-05
bdb2023_sack,calibrated_brier,20,boosted_structure,relnet,100,7.778757676543818e-05,0.0007309077249235498,-0.0007378817414373399,0.000989439648604035,7.309077249235499e-05
bdb2023_sack,calibrated_brier,20,boosted_structure,attn_relnet,100,6.699180111382485e-05,0.0007277270456113547,-0.0006499785652183238,0.0009998462668615344,7.277270456113547e-05
bdb2023_sack,calibrated_brier,20,boosted_structure,set_transformer,100,8.11472076758922e-05,0.0008043968559704322,-0.0008250524226876734,0.0010389801540117455,8.043968559704321e-05
bdb2023_sack,calibrated_brier,20,relnet,attn_relnet,100,-1.0795775651613326e-05,8.040103687579772e-05,-0.00010096332256577661,5.462506113754624e-05,8.040103687579772e-06
bdb2023_sack,calibrated_brier,20,relnet,set_transformer,100,3.35963091045402e-06,0.0007627438155951842,-0.0008640738985636672,0.0008207888582646316,7.627438155951842e-05
bdb2023_sack,calibrated_brier,20,attn_relnet,set_transformer,100,1.4155406562067347e-05,0.0007659184645133097,-0.0009119993765944835,0.0008021746962675604,7.659184645133097e-05
bdb2023_sack,calibrated_brier,30,linear_structure,boosted_structure,100,0.00012344783932339515,0.0008505025982010492,-0.0007063425071549209,0.001137385621804232,8.505025982010492e-05
bdb2023_sack,calibrated_brier,30,linear_structure,relnet,100,0.00014205758381294115,0.0009721647291230731,-0.0007964086076410221,0.0011566028578180278,9.721647291230731e-05
bdb2023_sack,calibrated_brier,30,linear_structure,attn_relnet,100,0.00015310914076324512,0.0009685331595556753,-0.0007971962141314446,0.0011453476199209237,9.685331595556753e-05
bdb2023_sack,calibrated_brier,30,linear_structure,set_transformer,100,5.6552925833003446e-05,0.001081071115036278,-0.0008511390743555807,0.0011350926218403384,0.00010810711150362781
bdb2023_sack,calibrated_brier,30,boosted_structure,relnet,100,1.860974448954597e-05,0.0006297993628318786,-0.0006187957201636257,0.000855752752288616,6.297993628318786e-05
bdb2023_sack,calibrated_brier,30,boosted_structure,attn_relnet,100,2.966130143984995e-05,0.0006256439782460963,-0.0006093869514100681,0.0008540709445770963,6.256439782460963e-05
bdb2023_sack,calibrated_brier,30,boosted_structure,set_transformer,100,-6.689491349039171e-05,0.0007880367273671442,-0.0008309745825007063,0.0007968042937735773,7.880367273671441e-05
bdb2023_sack,calibrated_brier,30,relnet,attn_relnet,100,1.1051556950303979e-05,7.282436879503351e-05,-7.236816548828392e-05,9.286326426076257e-05,7.2824368795033514e-06
bdb2023_sack,calibrated_brier,30,relnet,set_transformer,100,-8.550465797993768e-05,0.0007528830393480594,-0.0008301742887871131,0.0006716495125939612,7.528830393480594e-05
bdb2023_sack,calibrated_brier,30,attn_relnet,set_transformer,100,-9.655621493024166e-05,0.0007518142383718939,-0.0008774084750201249,0.0007816120335652582,7.51814238371894e-05
bdb2023_sack,calibrated_brier,40,linear_structure,boosted_structure,100,1.9621106704684406e-05,0.0010357769608209464,-0.0009209360270063909,0.0012024978654680916,0.00010357769608209465
bdb2023_sack,calibrated_brier,40,linear_structure,relnet,100,0.00021144999141176033,0.0009823159523449348,-0.0007523732948538121,0.001075493207628398,9.823159523449348e-05
bdb2023_sack,calibrated_brier,40,linear_structure,attn_relnet,100,0.0002051467855136762,0.0009804118641683864,-0.000765667062679902,0.0010280030861106275,9.804118641683864e-05
bdb2023_sack,calibrated_brier,40,linear_structure,set_transformer,100,0.00012049135724836922,0.0010412089912129267,-0.0008757794607586203,0.0009388595813900715,0.00010412089912129266
bdb2023_sack,calibrated_brier,40,boosted_structure,relnet,100,0.00019182888470707594,0.0007156364958303201,-0.0005897620871131784,0.0010044508850229666,7.156364958303201e-05
bdb2023_sack,calibrated_brier,40,boosted_structure,attn_relnet,100,0.0001855256788089918,0.000722828732599721,-0.0005397618406279253,0.0010122614785409534,7.22828732599721e-05
bdb2023_sack,calibrated_brier,40,boosted_structure,set_transformer,100,0.00010087025054368481,0.0007772309262120399,-0.0007589773644014738,0.0010268948552961117,7.772309262120399e-05
bdb2023_sack,calibrated_brier,40,relnet,attn_relnet,100,-6.303205898084141e-06,0.00011925913883037297,-9.750267882077043e-05,6.49806666162296e-05,1.1925913883037297e-05
bdb2023_sack,calibrated_brier,40,relnet,set_transformer,100,-9.095863416339112e-05,0.0006213642118297433,-0.000792071811572953,0.0005541494057034108,6.213642118297434e-05
bdb2023_sack,calibrated_brier,40,attn_relnet,set_transformer,100,-8.465542826530697e-05,0.0006139526488919958,-0.0007910392468598287,0.0005510769900819218,6.139526488919958e-05
bdb2023_sack,calibrated_brier,50,linear_structure,boosted_structure,100,-3.856770407949239e-07,0.0009821952105296206,-0.0010202032366397045,0.0009402311007760906,9.821952105296206e-05
bdb2023_sack,calibrated_brier,50,linear_structure,relnet,100,0.00019200602737889073,0.000973568613344645,-0.0007269128079953592,0.0011081491323092709,9.73568613344645e-05
bdb2023_sack,calibrated_brier,50,linear_structure,attn_relnet,100,0.00020368278546291336,0.0009592162210745363,-0.000545154615016865,0.0010648495972318387,9.592162210745364e-05
bdb2023_sack,calibrated_brier,50,linear_structure,set_transformer,100,0.000268636341316305,0.0011132118440894572,-0.0007817452403576653,0.0015042342676487767,0.00011132118440894571
bdb2023_sack,calibrated_brier,50,boosted_structure,relnet,100,0.00019239170441968565,0.00070980244270444,-0.0007442519992768793,0.0009471805893370765,7.0980244270444e-05
bdb2023_sack,calibrated_brier,50,boosted_structure,attn_relnet,100,0.00020406846250370828,0.0007021311729913863,-0.0007194341335716052,0.0009236278376921219,7.021311729913864e-05
bdb2023_sack,calibrated_brier,50,boosted_structure,set_transformer,100,0.00026902201835709997,0.0008173031907490343,-0.0007362614577097207,0.0014578991243810264,8.173031907490343e-05
bdb2023_sack,calibrated_brier,50,relnet,attn_relnet,100,1.1676758084022617e-05,8.420750799508292e-05,-5.982999533675065e-05,7.483018919798857e-05,8.420750799508292e-06
bdb2023_sack,calibrated_brier,50,relnet,set_transformer,100,7.663031393741429e-05,0.0007087286572316999,-0.0007460615758526183,0.000957646936236197,7.087286572316999e-05
bdb2023_sack,calibrated_brier,50,attn_relnet,set_transformer,100,6.495355585339168e-05,0.0006966215274854093,-0.0007360844069261325,0.0009033874242711154,6.966215274854093e-05
bdb2023_sack,calibrated_brier,60,linear_structure,boosted_structure,100,4.6855118378962975e-05,0.0010302677182274721,-0.0009463581451918057,0.0010268906636651757,0.00010302677182274722
bdb2023_sack,calibrated_brier,60,linear_structure,relnet,100,0.00019294739595924115,0.001060767870917928,-0.0008558557679120574,0.001396212503734429,0.0001060767870917928
bdb2023_sack,calibrated_brier,60,linear_structure,attn_relnet,100,0.0002044565720940355,0.0010505093951367352,-0.0008534772682599085,0.001365097336167857,0.00010505093951367352
bdb2023_sack,calibrated_brier,60,linear_structure,set_transformer,100,0.00020356119753800134,0.001056516835338487,-0.0007962840935854795,0.0014180013577202632,0.0001056516835338487
bdb2023_sack,calibrated_brier,60,boosted_structure,relnet,100,0.00014609227758027816,0.0007228464067791336,-0.0007540200145989405,0.0010510566530146316,7.228464067791335e-05
bdb2023_sack,calibrated_brier,60,boosted_structure,attn_relnet,100,0.0001576014537150725,0.0007110293841976053,-0.0007441878968437461,0.001098517467194553,7.110293841976053e-05
bdb2023_sack,calibrated_brier,60,boosted_structure,set_transformer,100,0.00015670607915903835,0.0008517488419038647,-0.0007714004970576907,0.0013295112867042509,8.517488419038647e-05
bdb2023_sack,calibrated_brier,60,relnet,attn_relnet,100,1.1509176134794352e-05,7.110566181285423e-05,-7.101523032223626e-05,9.537881376920566e-05,7.110566181285422e-06
bdb2023_sack,calibrated_brier,60,relnet,set_transformer,100,1.0613801578760185e-05,0.000634480279840167,-0.0007704767705492055,0.0006740221673908173,6.34480279840167e-05
bdb2023_sack,calibrated_brier,60,attn_relnet,set_transformer,100,-8.953745560341675e-07,0.0006414197836336252,-0.0007604075200530684,0.000681228896768818,6.414197836336251e-05
bdb2023_sack,calibrated_log_loss,10,linear_structure,boosted_structure,100,-0.00010974607551803128,0.0031383268766461444,-0.003845183061321458,0.0035881866784213726,0.00031383268766461443
bdb2023_sack,calibrated_log_loss,10,linear_structure,relnet,100,-0.00013713295375988394,0.0029676901079556586,-0.003845641782393469,0.0033680915382085968,0.00029676901079556583
bdb2023_sack,calibrated_log_loss,10,linear_structure,attn_relnet,100,-9.331390748355567e-05,0.0029245239881154858,-0.0037780586577339016,0.0033006667605302523,0.0002924523988115486
bdb2023_sack,calibrated_log_loss,10,linear_structure,set_transformer,100,-0.0001041903143221709,0.0031947336695955066,-0.004444806195886983,0.003548080474193353,0.00031947336695955066
bdb2023_sack,calibrated_log_loss,10,boosted_structure,relnet,100,-2.7386878241852653e-05,0.0031473548486358398,-0.003450302809425457,0.004488136743587343,0.000314735484863584
bdb2023_sack,calibrated_log_loss,10,boosted_structure,attn_relnet,100,1.6432168034475614e-05,0.0031072972969053694,-0.003564998078315415,0.004461524460834148,0.00031072972969053693
bdb2023_sack,calibrated_log_loss,10,boosted_structure,set_transformer,100,5.555761195860376e-06,0.003226561943887529,-0.003718873268658157,0.0036763101138269066,0.0003226561943887529
bdb2023_sack,calibrated_log_loss,10,relnet,attn_relnet,100,4.3819046276328264e-05,0.00030528487354596827,-0.00019073629348249354,0.00028316005526069226,3.052848735459683e-05
bdb2023_sack,calibrated_log_loss,10,relnet,set_transformer,100,3.294263943771303e-05,0.0033700447874969635,-0.00417143468990461,0.004021223701256444,0.00033700447874969637
bdb2023_sack,calibrated_log_loss,10,attn_relnet,set_transformer,100,-1.0876406838615238e-05,0.003364207700490131,-0.004207459010936348,0.003766828163423561,0.0003364207700490131
bdb2023_sack,calibrated_log_loss,20,linear_structure,boosted_structure,100,-0.00034146469594931004,0.0032486409869613556,-0.004416222924788782,0.0030895557370044144,0.0003248640986961356
bdb2023_sack,calibrated_log_loss,20,linear_structure,relnet,100,6.350262945104546e-06,0.0034220457762438065,-0.0045948391014769665,0.004054828467622416,0.00034220457762438065
bdb2023_sack,calibrated_log_loss,20,linear_structure,attn_relnet,100,-2.068765188279975e-05,0.003418731121823834,-0.004610113832064081,0.00411428841122016,0.0003418731121823834
bdb2023_sack,calibrated_log_loss,20,linear_structure,set_transformer,100,0.0003130089542514555,0.0033349867048776435,-0.003481613397111352,0.0036886945584827576,0.0003334986704877644
bdb2023_sack,calibrated_log_loss,20,boosted_structure,relnet,100,0.0003478149588944146,0.003530383156821796,-0.003813317087616233,0.00503302232182079,0.0003530383156821796
bdb2023_sack,calibrated_log_loss,20,boosted_structure,attn_relnet,100,0.0003207770440665103,0.0035226723769611087,-0.003675271418747819,0.005313214062816125,0.00035226723769611086
bdb2023_sack,calibrated_log_loss,20,boosted_structure,set_transformer,100,0.0006544736502007655,0.0038462425512240956,-0.003424025107281403,0.005363566438099866,0.00038462425512240955
bdb2023_sack,calibrated_log_loss,20,relnet,attn_relnet,100,-2.7037914827904296e-05,0.0003306008602460823,-0.00042854533592559806,0.0003268880157277085,3.3060086024608225e-05
bdb2023_sack,calibrated_log_loss,20,relnet,set_transformer,100,0.000306658691306351,0.0032142294069586485,-0.0034599609218740526,0.004409394088224838,0.00032142294069586487
bdb2023_sack,calibrated_log_loss,20,attn_relnet,set_transformer,100,0.0003336966061342553,0.0032505641784936028,-0.003518740623974217,0.0041946191085719285,0.00032505641784936026
bdb2023_sack,calibrated_log_loss,30,linear_structure,boosted_structure,100,1.411863166952132e-05,0.0029359258172822044,-0.00342134855295361,0.0034195664382903417,0.00029359258172822046
bdb2023_sack,calibrated_log_loss,30,linear_structure,relnet,100,0.0004956846986575903,0.0034380884714252965,-0.003678535922768564,0.004278443837145964,0.00034380884714252965
bdb2023_sack,calibrated_log_loss,30,linear_structure,attn_relnet,100,0.0005456080418204448,0.0034369204795548242,-0.003464687601937044,0.00441338828054182,0.0003436920479554824
bdb2023_sack,calibrated_log_loss,30,linear_structure,set_transformer,100,0.0004799813620149954,0.003962021643162283,-0.003636287579515157,0.004849414506526526,0.0003962021643162283
bdb2023_sack,calibrated_log_loss,30,boosted_structure,relnet,100,0.0004815660669880689,0.0029923045242875907,-0.0030971615901745297,0.004438030296206314,0.00029923045242875905
bdb2023_sack,calibrated_log_loss,30,boosted_structure,attn_relnet,100,0.0005314894101509235,0.003001985431979004,-0.002879634869734368,0.004464576150157336,0.0003001985431979004
bdb2023_sack,calibrated_log_loss,30,boosted_structure,set_transformer,100,0.00046586273034547403,0.0035302563847894246,-0.0035005876051906913,0.004187252716713889,0.00035302563847894243
bdb2023_sack,calibrated_log_loss,30,relnet,attn_relnet,100,4.9923343162854574e-05,0.00038496030266193355,-0.0003055490191897991,0.00048276907376593224,3.849603026619335e-05
bdb2023_sack,calibrated_log_loss,30,relnet,set_transformer,100,-1.570333664259488e-05,0.0030495538416173695,-0.0034356665631206013,0.0035184789779010676,0.00030495538416173696
bdb2023_sack,calibrated_log_loss,30,attn_relnet,set_transformer,100,-6.562667980544945e-05,0.0030412321889447492,-0.0037917940816051903,0.0037721222471725994,0.0003041232188944749
bdb2023_sack,calibrated_log_loss,40,linear_structure,boosted_structure,100,-0.0002459304338705548,0.003464571568989789,-0.004654121615036538,0.003936332426336663,0.0003464571568989789
bdb2023_sack,calibrated_log_loss,40,linear_structure,relnet,100,0.000779219902112927,0.0032881404822522,-0.00342677581186307,0.0041408519753543555,0.00032881404822522
bdb2023_sack,calibrated_log_loss,40,linear_structure,attn_relnet,100,0.0007366465263158744,0.003274728704107444,-0.0031368636612251503,0.0044938348588447995,0.0003274728704107444
bdb2023_sack,calibrated_log_loss,40,linear_structure,set_transformer,100,0.0005361383712476908,0.003593889485748409,-0.0036861523906757646,0.004930110694119878,0.0003593889485748409
bdb2023_sack,calibrated_log_loss,40,boosted_structure,relnet,100,0.0010251503359834818,0.0033956904200453143,-0.003039684500683268,0.00530481421800794,0.00033956904200453143
bdb2023_sack,calibrated_log_loss,40,boosted_structure,attn_relnet,100,0.0009825769601864293,0.0033526183353332737,-0.0031816967737566147,0.0050508696358891915,0.0003352618335333274
bdb2023_sack,calibrated_log_loss,40,boosted_structure,set_transformer,100,0.0007820688051182456,0.0037748183265488545,-0.0032548812658786423,0.005557395602793916,0.00037748183265488546
bdb2023_sack,calibrated_log_loss,40,relnet,attn_relnet,100,-4.257337579705256e-05,0.0005246599874003359,-0.000568916353198018,0.00037159791245129083,5.246599874003359e-05
bdb2023_sack,calibrated_log_loss,40,relnet,set_transformer,100,-0.0002430815308652362,0.002602444532899385,-0.0036009741392998033,0.002865748934544816,0.0002602444532899385
bdb2023_sack,calibrated_log_loss,40,attn_relnet,set_transformer,100,-0.00020050815506818365,0.0025526327844788248,-0.003611879686655228,0.0027658710718133643,0.00025526327844788247
bdb2023_sack,calibrated_log_loss,50,linear_structure,boosted_structure,100,-0.00039237183420636173,0.003294526055638128,-0.004403321893150239,0.003345903519514767,0.0003294526055638128
bdb2023_sack,calibrated_log_loss,50,linear_structure,relnet,100,0.0005995642193048429,0.003339730564662112,-0.003275851199747995,0.005064964352894124,0.0003339730564662112
bdb2023_sack,calibrated_log_loss,50,linear_structure,attn_relnet,100,0.0006497109850942845,0.0032482568462678923,-0.003208049021748699,0.005052570648313357,0.00032482568462678923
bdb2023_sack,calibrated_log_loss,50,linear_structure,set_transformer,100,0.0011946879240806974,0.004019360522241296,-0.003114352807495474,0.006099234465098972,0.00040193605222412957
bdb2023_sack,calibrated_log_loss,50,boosted_structure,relnet,100,0.0009919360535112045,0.0030265345465785277,-0.0029200053480734458,0.004763417794481155,0.00030265345465785277
bdb2023_sack,calibrated_log_loss,50,boosted_structure,attn_relnet,100,0.0010420828193006462,0.0030126867862771403,-0.002557394577207231,0.004888335981273789,0.000301268678627714
bdb2023_sack,calibrated_log_loss,50,boosted_structure,set_transformer,100,0.001587059758287059,0.003666769251256294,-0.002717526168064238,0.006749521152438254,0.0003666769251256294
bdb2023_sack,calibrated_log_loss,50,relnet,attn_relnet,100,5.014676578944166e-05,0.0004377126311639456,-0.0003779657242430817,0.0005211515775485869,4.3771263116394556e-05
bdb2023_sack,calibrated_log_loss,50,relnet,set_transformer,100,0.0005951237047758546,0.0029944979107880587,-0.003217455630006097,0.003921015285878113,0.0002994497910788059
bdb2023_sack,calibrated_log_loss,50,attn_relnet,set_transformer,100,0.0005449769389864129,0.002963702696577027,-0.0031711230852753598,0.00399078356490032,0.0002963702696577027
bdb2023_sack,calibrated_log_loss,60,linear_structure,boosted_structure,100,-0.00048548334094963396,0.0034324556659232433,-0.00462806924001889,0.003909052443846743,0.0003432455665923243
bdb2023_sack,calibrated_log_loss,60,linear_structure,relnet,100,0.000412576620448977,0.003812250871950108,-0.004180574447031765,0.004134467818079233,0.0003812250871950108
bdb2023_sack,calibrated_log_loss,60,linear_structure,attn_relnet,100,0.00046916917099542406,0.0038308328857462586,-0.0040579947002830265,0.004353880244869511,0.0003830832885746259
bdb2023_sack,calibrated_log_loss,60,linear_structure,set_transformer,100,0.0009877612621288375,0.0037103282777850737,-0.0026592907121297028,0.005487114955521158,0.0003710328277785074
bdb2023_sack,calibrated_log_loss,60,boosted_structure,relnet,100,0.000898059961398611,0.003164474527191317,-0.0032979956581374145,0.0048216196687664815,0.0003164474527191317
bdb2023_sack,calibrated_log_loss,60,boosted_structure,attn_relnet,100,0.000954652511945058,0.003151822851596132,-0.0029864278747188553,0.004832487007322981,0.0003151822851596132
bdb2023_sack,calibrated_log_loss,60,boosted_structure,set_transformer,100,0.0014732446030784716,0.003592745619101138,-0.0026084219521654572,0.006075444840971767,0.0003592745619101138
bdb2023_sack,calibrated_log_loss,60,relnet,attn_relnet,100,5.659255054644707e-05,0.000380388264516267,-0.00035367200058063485,0.00048008816164175097,3.80388264516267e-05
bdb2023_sack,calibrated_log_loss,60,relnet,set_transformer,100,0.0005751846416798606,0.0028385422194036575,-0.0030496283447761065,0.004185720350777379,0.00028385422194036577
bdb2023_sack,calibrated_log_loss,60,attn_relnet,set_transformer,100,0.0005185920911334135,0.0028617620481253417,-0.0032247083601710386,0.00417324883844107,0.0002861762048125342
bdb2023_sack,game_equal_calibrated_brier,10,linear_structure,boosted_structure,100,3.1122301098140125e-05,0.0007857393664931242,-0.0008721651914930801,0.0008288570747914095,7.857393664931241e-05
bdb2023_sack,game_equal_calibrated_brier,10,linear_structure,relnet,100,2.3010207443944704e-05,0.0007728928669960639,-0.0007584576763062283,0.0009513276058313191,7.728928669960638e-05
bdb2023_sack,game_equal_calibrated_brier,10,linear_structure,attn_relnet,100,2.67702085191384e-05,0.0007583281903992539,-0.0007391014930300886,0.0009480337728238941,7.583281903992539e-05
bdb2023_sack,game_equal_calibrated_brier,10,linear_structure,set_transformer,100,-2.0238221189041866e-05,0.0007897953270109967,-0.0008181586291690884,0.0009916197355118958,7.897953270109967e-05
bdb2023_sack,game_equal_calibrated_brier,10,boosted_structure,relnet,100,-8.112093654195421e-06,0.0006930791117955842,-0.0008099807367943204,0.000861123032125938,6.930791117955842e-05
bdb2023_sack,game_equal_calibrated_brier,10,boosted_structure,attn_relnet,100,-4.352092579001723e-06,0.0006815051197311034,-0.0007601280768713914,0.0009363568497112507,6.815051197311034e-05
bdb2023_sack,game_equal_calibrated_brier,10,boosted_structure,set_transformer,100,-5.136052228718199e-05,0.0007201758206201049,-0.0008112481109790619,0.00075490469217425,7.20175820620105e-05
bdb2023_sack,game_equal_calibrated_brier,10,relnet,attn_relnet,100,3.7600010751936976e-06,5.7372572917665924e-05,-4.6533183288476054e-05,4.259226908146162e-05,5.737257291766592e-06
bdb2023_sack,game_equal_calibrated_brier,10,relnet,set_transformer,100,-4.324842863298657e-05,0.0007988924841267991,-0.0010589915513435986,0.0010034434680556185,7.988924841267992e-05
bdb2023_sack,game_equal_calibrated_brier,10,attn_relnet,set_transformer,100,-4.700842970818027e-05,0.0007899277651238676,-0.0010571717336621406,0.0009975487881320598,7.899277651238676e-05
bdb2023_sack,game_equal_calibrated_brier,20,linear_structure,boosted_structure,100,6.965109659485317e-05,0.0009712833342829305,-0.000827449993585376,0.0009439654083840942,9.712833342829306e-05
bdb2023_sack,game_equal_calibrated_brier,20,linear_structure,relnet,100,0.0001691245776551574,0.001007726028612315,-0.0009044917472858891,0.0010521525056155525,0.0001007726028612315
bdb2023_sack,game_equal_calibrated_brier,20,linear_structure,attn_relnet,100,0.00015679654148599155,0.0010087431588141388,-0.0009128097982671057,0.0010474969955270356,0.00010087431588141388
bdb2023_sack,game_equal_calibrated_brier,20,linear_structure,set_transformer,100,0.00014657724892713753,0.0009299366142291376,-0.0007996299814915009,0.0009630799199212769,9.299366142291376e-05
bdb2023_sack,game_equal_calibrated_brier,20,boosted_structure,relnet,100,9.947348106030422e-05,0.0007694972412395947,-0.0007572483672298833,0.0011176638430555772,7.694972412395947e-05
bdb2023_sack,game_equal_calibrated_brier,20,boosted_structure,attn_relnet,100,8.714544489113837e-05,0.0007679761140678216,-0.0007355122821600779,0.0011141505682358312,7.679761140678215e-05
bdb2023_sack,game_equal_calibrated_brier,20,boosted_structure,set_transformer,100,7.692615233228436e-05,0.000819112245466041,-0.0008330784262185143,0.00103742530340729,8.19112245466041e-05
bdb2023_sack,game_equal_calibrated_brier,20,relnet,attn_relnet,100,-1.2328036169165849e-05,8.485209176465297e-05,-0.00011081676174004712,5.67661031275625e-05,8.485209176465297e-06
bdb2023_sack,game_equal_calibrated_brier,20,relnet,set_transformer,100,-2.2547328728019858e-05,0.0007942666053613486,-0.0009673808917479744,0.0008287548833469259,7.942666053613486e-05
bdb2023_sack,game_equal_calibrated_brier,20,attn_relnet,set_transformer,100,-1.0219292558854009e-05,0.0007971304400233063,-0.0009643620571754246,0.0008510979817799414,7.971304400233063e-05
bdb2023_sack,game_equal_calibrated_brier,30,linear_structure,boosted_structure,100,0.0001628837058536696,0.0009411895954089703,-0.0006876539882998071,0.0013635929684650912,9.411895954089704e-05
bdb2023_sack,game_equal_calibrated_brier,30,linear_structure,relnet,100,0.000205032011816369,0.001061228344201304,-0.000809895709631326,0.0014071359318413724,0.0001061228344201304
bdb2023_sack,game_equal_calibrated_brier,30,linear_structure,attn_relnet,100,0.00021800975394025674,0.0010585331600271978,-0.0008147960904903613,0.001420728305328411,0.00010585331600271978
bdb2023_sack,game_equal_calibrated_brier,30,linear_structure,set_transformer,100,7.760696189063929e-05,0.001141012072971479,-0.0008076491982736557,0.0012321866544077599,0.0001141012072971479
bdb2023_sack,game_equal_calibrated_brier,30,boosted_structure,relnet,100,4.214830596269939e-05,0.0006740013562498978,-0.0006511802175613243,0.0009590325583957255,6.740013562498978e-05
bdb2023_sack,game_equal_calibrated_brier,30,boosted_structure,attn_relnet,100,5.5126048086587135e-05,0.0006687347474809781,-0.0006520391578915396,0.0009727860073081091,6.68734747480978e-05
bdb2023_sack,game_equal_calibrated_brier,30,boosted_structure,set_transformer,100,-8.527674396303032e-05,0.000790834797361969,-0.0009055389592760698,0.0008092354123961847,7.90834797361969e-05
bdb2023_sack,game_equal_calibrated_brier,30,relnet,attn_relnet,100,1.2977742123887748e-05,7.720247417312414e-05,-6.275084736498265e-05,0.00010441262995743733,7.720247417312414e-06
bdb2023_sack,game_equal_calibrated_brier,30,relnet,set_transformer,100,-0.0001274250499257297,0.0007864957155629051,-0.0009570058884042678,0.0006546462261706188,7.864957155629051e-05
bdb2023_sack,game_equal_calibrated_brier,30,attn_relnet,set_transformer,100,-0.00014040279204961744,0.0007872945623062166,-0.0009965612253200445,0.0008285779101876071,7.872945623062165e-05
bdb2023_sack,game_equal_calibrated_brier,40,linear_structure,boosted_structure,100,5.449488217787825e-05,0.0011427826385485384,-0.0009568921663833996,0.0013191092020193999,0.00011427826385485384
bdb2023_sack,game_equal_calibrated_brier,40,linear_structure,relnet,100,0.0002861286980923194,0.001078741899527264,-0.0007554108624381828,0.0012389254943026254,0.00010787418995272639
bdb2023_sack,game_equal_calibrated_brier,40,linear_structure,attn_relnet,100,0.0002795555498685778,0.001075180591881681,-0.0007514880132510171,0.0012483908533712637,0.0001075180591881681
bdb2023_sack,game_equal_calibrated_brier,40,linear_structure,set_transformer,100,0.0001400965665929324,0.0011225886050904108,-0.0008989148118001763,0.0009859165823093016,0.00011225886050904108
bdb2023_sack,game_equal_calibrated_brier,40,boosted_structure,relnet,100,0.00023163381591444112,0.000765548581099781,-0.0006421496643264198,0.0010751573081869876,7.655485810997811e-05
bdb2023_sack,game_equal_calibrated_brier,40,boosted_structure,attn_relnet,100,0.0002250606676906996,0.0007735178393604485,-0.0006018497160008392,0.0010994222438695904,7.735178393604485e-05
bdb2023_sack,game_equal_calibrated_brier,40,boosted_structure,set_transformer,100,8.560168441505415e-05,0.000808049872207938,-0.0007931874276568864,0.0011130558517777308,8.08049872207938e-05
bdb2023_sack,game_equal_calibrated_brier,40,relnet,attn_relnet,100,-6.57314822374154e-06,0.0001261947875186642,-0.00010827163565706038,8.000489875332146e-05,1.261947875186642e-05
bdb2023_sack,game_equal_calibrated_brier,40,relnet,set_transformer,100,-0.00014603213149938697,0.0006555294719253865,-0.0008639253736200406,0.0005685419946680544,6.555294719253865e-05
bdb2023_sack,game_equal_calibrated_brier,40,attn_relnet,set_transformer,100,-0.00013945898327564544,0.0006487677282456922,-0.000860863033093645,0.0005318390607111081,6.487677282456923e-05
bdb2023_sack,game_equal_calibrated_brier,50,linear_structure,boosted_structure,100,5.626974289742799e-05,0.0010983912336174077,-0.001074241741605389,0.0009811170016744818,0.00010983912336174077
bdb2023_sack,game_equal_calibrated_brier,50,linear_structure,relnet,100,0.0002653067944207379,0.001068922798004692,-0.0006861235924419277,0.0012755133078193042,0.0001068922798004692
bdb2023_sack,game_equal_calibrated_brier,50,linear_structure,attn_relnet,100,0.000276703047081441,0.0010536852878293946,-0.0006305094995241462,0.001322251313117094,0.00010536852878293946
bdb2023_sack,game_equal_calibrated_brier,50,linear_structure,set_transformer,100,0.0003111485113822589,0.001209929816696388,-0.0008599267060078804,0.001584964382280801,0.0001209929816696388
bdb2023_sack,game_equal_calibrated_brier,50,boosted_structure,relnet,100,0.0002090370515233099,0.0007506942745314314,-0.0007204182362679591,0.0010853523061421313,7.506942745314315e-05
bdb2023_sack,game_equal_calibrated_brier,50,boosted_structure,attn_relnet,100,0.000220433304184013,0.0007424881425551245,-0.000677119551109604,0.0011044820707722732,7.424881425551245e-05
bdb2023_sack,game_equal_calibrated_brier,50,boosted_structure,set_transformer,100,0.0002548787684848309,0.0008320796612088698,-0.0007205056208815418,0.0015030272342472547,8.320796612088698e-05
bdb2023_sack,game_equal_calibrated_brier,50,relnet,attn_relnet,100,1.1396252660703099e-05,8.732571542004483e-05,-6.271575430438978e-05,7.395588143948585e-05,8.732571542004483e-06
bdb2023_sack,game_equal_calibrated_brier,50,relnet,set_transformer,100,4.584171696152099e-05,0.0007417248269734233,-0.0007916891575712383,0.000936803490898658,7.417248269734232e-05
bdb2023_sack,game_equal_calibrated_brier,50,attn_relnet,set_transformer,100,3.444546430081789e-05,0.0007297210865959729,-0.0007897007322544391,0.0009264800787103394,7.297210865959729e-05
bdb2023_sack,game_equal_calibrated_brier,60,linear_structure,boosted_structure,100,0.00011142504388759835,0.0011743792959093167,-0.0009917745075837265,0.0012842023264993852,0.00011743792959093168
bdb2023_sack,game_equal_calibrated_brier,60,linear_structure,relnet,100,0.0002812761917798421,0.001196624806524882,-0.0009352936749266877,0.001648349611468334,0.0001196624806524882
bdb2023_sack,game_equal_calibrated_brier,60,linear_structure,attn_relnet,100,0.0002916759711135045,0.0011843753798134184,-0.0008985519770340608,0.0015778314327828061,0.00011843753798134184
bdb2023_sack,game_equal_calibrated_brier,60,linear_structure,set_transformer,100,0.0002476199925108803,0.0011769101709392207,-0.0007708173313950142,0.0016690124933370256,0.00011769101709392207
bdb2023_sack,game_equal_calibrated_brier,60,boosted_structure,relnet,100,0.00016985114789224375,0.0007605677896746405,-0.0008035987659714271,0.0011438768458698402,7.605677896746405e-05
bdb2023_sack,game_equal_calibrated_brier,60,boosted_structure,attn_relnet,100,0.00018025092722590618,0.000750081787880868,-0.0007582967042039361,0.0011749816151241544,7.500817878808679e-05
bdb2023_sack,game_equal_calibrated_brier,60,boosted_structure,set_transformer,100,0.00013619494862328197,0.0008733606966832743,-0.0008544068630345166,0.0013375351889680408,8.733606966832743e-05
bdb2023_sack,game_equal_calibrated_brier,60,relnet,attn_relnet,100,1.0399779333662428e-05,7.607544015000746e-05,-7.106210958170434e-05,9.347565281962734e-05,7.607544015000746e-06
bdb2023_sack,game_equal_calibrated_brier,60,relnet,set_transformer,100,-3.365619926896178e-05,0.0006820113920321343,-0.0009318739584143088,0.000711804382933889,6.820113920321343e-05
bdb2023_sack,game_equal_calibrated_brier,60,attn_relnet,set_transformer,100,-4.405597860262421e-05,0.000687682782869978,-0.0009352484397864257,0.0006799061167301968,6.87682782869978e-05
bdb2023_sack,game_equal_calibrated_log_loss,10,linear_structure,boosted_structure,100,-2.746735946160428e-05,0.003210804740811856,-0.004193487160944029,0.0030268953577266377,0.0003210804740811856
bdb2023_sack,game_equal_calibrated_log_loss,10,linear_structure,relnet,100,-2.9547100245995438e-05,0.003215072775549646,-0.00432169146609245,0.0035561447184114586,0.0003215072775549646
bdb2023_sack,game_equal_calibrated_log_loss,10,linear_structure,attn_relnet,100,1.47439440059291e-05,0.003162569232304099,-0.00426985947378789,0.0034687548083791723,0.00031625692323040993
bdb2023_sack,game_equal_calibrated_log_loss,10,linear_structure,set_transformer,100,-8.022783629633462e-05,0.00326923874943209,-0.0040334957991353835,0.0036617217386887657,0.000326923874943209
bdb2023_sack,game_equal_calibrated_log_loss,10,boosted_structure,relnet,100,-2.0797407843911597e-06,0.003311993384889027,-0.003931577436174024,0.004582897160523763,0.0003311993384889027
bdb2023_sack,game_equal_calibrated_log_loss,10,boosted_structure,attn_relnet,100,4.2211303467533376e-05,0.003260350254853497,-0.003836808189518465,0.0046015138831652595,0.00032603502548534974
bdb2023_sack,game_equal_calibrated_log_loss,10,boosted_structure,set_transformer,100,-5.276047683473034e-05,0.0032764563575349652,-0.003429950022284481,0.0040161772635745,0.0003276456357534965
bdb2023_sack,game_equal_calibrated_log_loss,10,relnet,attn_relnet,100,4.429104425192454e-05,0.0003182798363465985,-0.00020128065867988377,0.000289139409185052,3.1827983634659854e-05
bdb2023_sack,game_equal_calibrated_log_loss,10,relnet,set_transformer,100,-5.0680736050339184e-05,0.00350450581744765,-0.004530600465551868,0.004228651553360447,0.000350450581744765
bdb2023_sack,game_equal_calibrated_log_loss,10,attn_relnet,set_transformer,100,-9.497178030226372e-05,0.0034904348389042557,-0.004477415807357959,0.004038450410452673,0.00034904348389042556
bdb2023_sack,game_equal_calibrated_log_loss,20,linear_structure,boosted_structure,100,-0.0001925778218240673,0.003491141704736309,-0.004379255674153768,0.003984567011509242,0.0003491141704736309
bdb2023_sack,game_equal_calibrated_log_loss,20,linear_structure,relnet,100,0.00022072378126410358,0.0037587657295886055,-0.0050388478975058855,0.00440098432435177,0.00037587657295886056
bdb2023_sack,game_equal_calibrated_log_loss,20,linear_structure,attn_relnet,100,0.0001841948334975288,0.003763414137437042,-0.004667279786030576,0.004550120122171487,0.0003763414137437042
bdb2023_sack,game_equal_calibrated_log_loss,20,linear_structure,set_transformer,100,0.00042396824885253677,0.0035619813007638163,-0.003963460213022668,0.004338854803034839,0.00035619813007638164
bdb2023_sack,game_equal_calibrated_log_loss,20,boosted_structure,relnet,100,0.00041330160308817085,0.003686037507011273,-0.003928892859321628,0.005026335333564169,0.0003686037507011273
bdb2023_sack,game_equal_calibrated_log_loss,20,boosted_structure,attn_relnet,100,0.0003767726553215961,0.003682052363147948,-0.0038592891961289925,0.005173067744692742,0.0003682052363147948
bdb2023_sack,game_equal_calibrated_log_loss,20,boosted_structure,set_transformer,100,0.000616546070676604,0.003943173509614757,-0.003495712126401074,0.00573225019157474,0.0003943173509614757
bdb2023_sack,game_equal_calibrated_log_loss,20,relnet,attn_relnet,100,-3.652894776657478e-05,0.00035383652390010787,-0.0004538168258175379,0.00034809533406116044,3.5383652390010784e-05
bdb2023_sack,game_equal_calibrated_log_loss,20,relnet,set_transformer,100,0.00020324446758843316,0.0033362107639690096,-0.003912988350494129,0.004526576092189383,0.00033362107639690094
bdb2023_sack,game_equal_calibrated_log_loss,20,attn_relnet,set_transformer,100,0.00023977341535500797,0.0033715537586284285,-0.0038801361982890026,0.004535515596428581,0.00033715537586284286
bdb2023_sack,game_equal_calibrated_log_loss,30,linear_structure,boosted_structure,100,0.0001423069072011929,0.0031630517718402454,-0.0034706856620629113,0.003834139702903109,0.0003163051771840245
bdb2023_sack,game_equal_calibrated_log_loss,30,linear_structure,relnet,100,0.0007084145586407433,0.00368684482993599,-0.0033237900667407476,0.004850725591358443,0.000368684482993599
bdb2023_sack,game_equal_calibrated_log_loss,30,linear_structure,attn_relnet,100,0.0007668133420476355,0.00368921345875897,-0.003405623347582265,0.005055761894037279,0.00036892134587589696
bdb2023_sack,game_equal_calibrated_log_loss,30,linear_structure,set_transformer,100,0.00047524543914574115,0.004053321604288596,-0.0038921245354038734,0.004882020745478281,0.0004053321604288596
bdb2023_sack,game_equal_calibrated_log_loss,30,boosted_structure,relnet,100,0.0005661076514395505,0.0031629436438025136,-0.002852750086517541,0.004906501461275487,0.00031629436438025135
bdb2023_sack,game_equal_calibrated_log_loss,30,boosted_structure,attn_relnet,100,0.0006245064348464426,0.0031752547738551516,-0.002766261430655589,0.005136965592764461,0.00031752547738551516
bdb2023_sack,game_equal_calibrated_log_loss,30,boosted_structure,set_transformer,100,0.00033293853194454827,0.003559869667656277,-0.003349317746270697,0.004464647901891007,0.0003559869667656277
bdb2023_sack,game_equal_calibrated_log_loss,30,relnet,attn_relnet,100,5.83987834068922e-05,0.0003966514782533312,-0.0003191985316928408,0.000528955582755997,3.966514782533312e-05
bdb2023_sack,game_equal_calibrated_log_loss,30,relnet,set_transformer,100,-0.00023316911949500225,0.00312689339163854,-0.0035007812871563986,0.003677985948887095,0.000312689339163854
bdb2023_sack,game_equal_calibrated_log_loss,30,attn_relnet,set_transformer,100,-0.0002915679029018944,0.003130782589812478,-0.003901757719917681,0.003712995228651973,0.0003130782589812478
bdb2023_sack,game_equal_calibrated_log_loss,40,linear_structure,boosted_structure,100,-0.0001798372567215828,0.003734401257213122,-0.005064690043398562,0.003724234460536885,0.0003734401257213122
bdb2023_sack,game_equal_calibrated_log_loss,40,linear_structure,relnet,100,0.0009408509810422011,0.0035825145821561937,-0.003416436220706051,0.004605249889670493,0.0003582514582156194
bdb2023_sack,game_equal_calibrated_log_loss,40,linear_structure,attn_relnet,100,0.0009031096882912018,0.00356204249573575,-0.003343441876263989,0.004794632048971787,0.00035620424957357496
bdb2023_sack,game_equal_calibrated_log_loss,40,linear_structure,set_transformer,100,0.00045478456189355253,0.0037842355655617454,-0.003934200410390096,0.004686285723862974,0.00037842355655617454
bdb2023_sack,game_equal_calibrated_log_loss,40,boosted_structure,relnet,100,0.0011206882377637838,0.0035699162276309924,-0.002948744690847363,0.005647602852123221,0.00035699162276309925
bdb2023_sack,game_equal_calibrated_log_loss,40,boosted_structure,attn_relnet,100,0.0010829469450127846,0.0035272746695662557,-0.0030489225720042312,0.005872480024910704,0.00035272746695662555
bdb2023_sack,game_equal_calibrated_log_loss,40,boosted_structure,set_transformer,100,0.0006346218186151353,0.003902260946879064,-0.003598176308647821,0.0055304815555545644,0.0003902260946879064
bdb2023_sack,game_equal_calibrated_log_loss,40,relnet,attn_relnet,100,-3.77412927509993e-05,0.0005459574544481949,-0.000595671817125562,0.0003455562869309011,5.4595745444819494e-05
bdb2023_sack,game_equal_calibrated_log_loss,40,relnet,set_transformer,100,-0.0004860664191486486,0.002799933837355033,-0.003653795815762936,0.0028465711477477012,0.0002799933837355033
bdb2023_sack,game_equal_calibrated_log_loss,40,attn_relnet,set_transformer,100,-0.00044832512639764925,0.0027506311710219157,-0.003668743674725272,0.002609492614602047,0.0002750631171021916
bdb2023_sack,game_equal_calibrated_log_loss,50,linear_structure,boosted_structure,100,-0.00023035874308543396,0.0036117770539595335,-0.005100001096430373,0.003971384356208356,0.00036117770539595336
bdb2023_sack,game_equal_calibrated_log_loss,50,linear_structure,relnet,100,0.0007769893979023345,0.00363764350259108,-0.003200332950889587,0.005886909324463102,0.000363764350259108
bdb2023_sack,game_equal_calibrated_log_loss,50,linear_structure,attn_relnet,100,0.0008245448681399432,0.0035398973630673225,-0.0029980352914108998,0.005766928407054176,0.00035398973630673225
bdb2023_sack,game_equal_calibrated_log_loss,50,linear_structure,set_transformer,100,0.001234497647757669,0.004271897823281821,-0.0031030761800371286,0.006510117896769253,0.00042718978232818213
bdb2023_sack,game_equal_calibrated_log_loss,50,boosted_structure,relnet,100,0.0010073481409877685,0.0032065754440023953,-0.0028603682711047544,0.004884971010120265,0.00032065754440023953
bdb2023_sack,game_equal_calibrated_log_loss,50,boosted_structure,attn_relnet,100,0.001054903611225377,0.0031883181765181286,-0.002880980338468911,0.004978164232490578,0.00031883181765181284
bdb2023_sack,game_equal_calibrated_log_loss,50,boosted_structure,set_transformer,100,0.0014648563908431032,0.0037786254106850557,-0.00323457088456027,0.006778174349610384,0.00037786254106850556
bdb2023_sack,game_equal_calibrated_log_loss,50,relnet,attn_relnet,100,4.755547023760853e-05,0.0004417613230410348,-0.00037965880605594915,0.0005348690435186544,4.4176132304103476e-05
bdb2023_sack,game_equal_calibrated_log_loss,50,relnet,set_transformer,100,0.0004575082498553346,0.003160459906752009,-0.0034170251520755533,0.003710346806648883,0.0003160459906752009
bdb2023_sack,game_equal_calibrated_log_loss,50,attn_relnet,set_transformer,100,0.000409952779617726,0.003125604677191568,-0.0032152722422222305,0.0037001442556345338,0.00031256046771915684
bdb2023_sack,game_equal_calibrated_log_loss,60,linear_structure,boosted_structure,100,-0.00032351316955232215,0.003795900544999139,-0.004850443733560933,0.0046373352668945015,0.00037959005449991393
bdb2023_sack,game_equal_calibrated_log_loss,60,linear_structure,relnet,100,0.0006126792934868855,0.004200618205759713,-0.004494669456207509,0.005125276478197068,0.00042006182057597127
bdb2023_sack,game_equal_calibrated_log_loss,60,linear_structure,attn_relnet,100,0.0006688250091369347,0.0042094578350307405,-0.00445532167313478,0.005256369424806213,0.00042094578350307404
bdb2023_sack,game_equal_calibrated_log_loss,60,linear_structure,set_transformer,100,0.0009971355242655686,0.0039592090272667696,-0.0030868071602690394,0.0056185560153624425,0.00039592090272667696
bdb2023_sack,game_equal_calibrated_log_loss,60,boosted_structure,relnet,100,0.0009361924630392076,0.0033428167698738376,-0.0034872821181494316,0.00535125980192536,0.00033428167698738376
bdb2023_sack,game_equal_calibrated_log_loss,60,boosted_structure,attn_relnet,100,0.000992338178689257,0.0033281772253783153,-0.0030825517125380396,0.005276850223442824,0.00033281772253783155
bdb2023_sack,game_equal_calibrated_log_loss,60,boosted_structure,set_transformer,100,0.0013206486938178907,0.0037322610820201755,-0.002920119871851809,0.0062436128018876855,0.00037322610820201754
bdb2023_sack,game_equal_calibrated_log_loss,60,relnet,attn_relnet,100,5.614571565004917e-05,0.00040283851425529306,-0.000358308210497979,0.0005027916634209123,4.02838514255293e-05
bdb2023_sack,game_equal_calibrated_log_loss,60,relnet,set_transformer,100,0.0003844562307786831,0.003060956031537778,-0.003549001481210445,0.0044133159793426305,0.00030609560315377783
bdb2023_sack,game_equal_calibrated_log_loss,60,attn_relnet,set_transformer,100,0.00032831051512863393,0.0030721558417493673,-0.004062021915200775,0.004040423392433656,0.00030721558417493673
bdb2023_sack,calibration_bias,10,linear_structure,boosted_structure,100,-1.0704397079919162e-05,0.0022230179283364636,-0.002591737380600288,0.0026634353355483747,0.00022230179283364636
bdb2023_sack,calibration_bias,10,linear_structure,relnet,100,-0.00042241575307396195,0.0027350857165813814,-0.00381932662471209,0.0025993269681817283,0.00027350857165813814
bdb2023_sack,calibration_bias,10,linear_structure,attn_relnet,100,-0.0004511237796704512,0.0027532507423913767,-0.0037767931558567503,0.00272089487333115,0.00027532507423913766
bdb2023_sack,calibration_bias,10,linear_structure,set_transformer,100,0.00011497473249703169,0.0028302832835981604,-0.003775543006151909,0.003461256156632484,0.00028302832835981606
bdb2023_sack,calibration_bias,10,boosted_structure,relnet,100,-0.0004117113559940427,0.0022425368845298177,-0.003492753826080185,0.0023868771634159417,0.00022425368845298177
bdb2023_sack,calibration_bias,10,boosted_structure,attn_relnet,100,-0.0004404193825905323,0.002271588342056641,-0.003424426946545498,0.0022098940377591396,0.0002271588342056641
bdb2023_sack,calibration_bias,10,boosted_structure,set_transformer,100,0.0001256791295769509,0.002349734582230112,-0.0027323170942290267,0.003046372889531477,0.00023497345822301119
bdb2023_sack,calibration_bias,10,relnet,attn_relnet,100,-2.8708026596489412e-05,0.00029398073031626493,-0.0003500555758532435,0.0002623728180881356,2.9398073031626494e-05
bdb2023_sack,calibration_bias,10,relnet,set_transformer,100,0.0005373904855709936,0.0026134997305561863,-0.0026911467151197665,0.0035364057592414525,0.00026134997305561863
bdb2023_sack,calibration_bias,10,attn_relnet,set_transformer,100,0.000566098512167483,0.002619009799199947,-0.002616281959601521,0.003550631844030094,0.00026190097991999467
bdb2023_sack,calibration_bias,20,linear_structure,boosted_structure,100,-0.0006203993292649052,0.0024067547575570827,-0.0037985519159505488,0.0022127317384478384,0.00024067547575570828
bdb2023_sack,calibration_bias,20,linear_structure,relnet,100,-0.0007319706037979801,0.0027598537612994484,-0.004648915894516047,0.0020609062995871944,0.00027598537612994487
bdb2023_sack,calibration_bias,20,linear_structure,attn_relnet,100,-0.0006776617726931913,0.00271584882389319,-0.004457549019996335,0.0021473664962484624,0.000271584882389319
bdb2023_sack,calibration_bias,20,linear_structure,set_transformer,100,-0.00022192091386468937,0.0025637360468251562,-0.003377543778938056,0.0029042010344384234,0.0002563736046825156
bdb2023_sack,calibration_bias,20,boosted_structure,relnet,100,-0.00011157127453307481,0.0028869371329392954,-0.0033381766721748032,0.0033054886442657637,0.00028869371329392953
bdb2023_sack,calibration_bias,20,boosted_structure,attn_relnet,100,-5.726244342828634e-05,0.0028893371379537214,-0.003097433016295556,0.0031809652093251484,0.00028893371379537215
bdb2023_sack,calibration_bias,20,boosted_structure,set_transformer,100,0.00039847841540021565,0.002561835920142677,-0.0031157882009759164,0.0035993316245975923,0.0002561835920142677
bdb2023_sack,calibration_bias,20,relnet,attn_relnet,100,5.4308831104788515e-05,0.0006303798580327434,-0.0004602456162778153,0.00048671111187191464,6.303798580327434e-05
bdb2023_sack,calibration_bias,20,relnet,set_transformer,100,0.0005100496899332907,0.002658414732781513,-0.002855990565387104,0.0041894477489271146,0.0002658414732781513
bdb2023_sack,calibration_bias,20,attn_relnet,set_transformer,100,0.000455740858828502,0.0026264923979863594,-0.002942472182383658,0.0039540968041259054,0.0002626492397986359
bdb2023_sack,calibration_bias,30,linear_structure,boosted_structure,100,-0.0004200060735430043,0.0022238463087314248,-0.003090196149030452,0.002020101840767196,0.00022238463087314247
bdb2023_sack,calibration_bias,30,linear_structure,relnet,100,-0.0004441155348645147,0.002828002989109093,-0.0033409574109055902,0.0034327436058299993,0.0002828002989109093
bdb2023_sack,calibration_bias,30,linear_structure,attn_relnet,100,-0.00045973081899518937,0.002793945810671561,-0.003318721980814108,0.003020812982567023,0.0002793945810671561
bdb2023_sack,calibration_bias,30,linear_structure,set_transformer,100,0.0002509824416643752,0.002608684781864655,-0.0032833563645296424,0.0033188517027103364,0.0002608684781864655
bdb2023_sack,calibration_bias,30,boosted_structure,relnet,100,-2.410946132151042e-05,0.0025918725734161686,-0.003434923721797825,0.0034570746169649263,0.00025918725734161684
bdb2023_sack,calibration_bias,30,boosted_structure,attn_relnet,100,-3.9724745452185163e-05,0.0025543550429546124,-0.0035664573390575423,0.003599478697899691,0.0002554355042954612
bdb2023_sack,calibration_bias,30,boosted_structure,set_transformer,100,0.0006709885152073795,0.0026183633774396215,-0.0020775903130459514,0.00382717559430609,0.00026183633774396213
bdb2023_sack,calibration_bias,30,relnet,attn_relnet,100,-1.5615284130674763e-05,0.0004588374274456276,-0.0006334042600468567,0.0005396909258710402,4.588374274456276e-05
bdb2023_sack,calibration_bias,30,relnet,set_transformer,100,0.0006950979765288901,0.0026944894353066397,-0.0026185438301223147,0.004370557602345127,0.00026944894353066396
bdb2023_sack,calibration_bias,30,attn_relnet,set_transformer,100,0.0007107132606595644,0.002687817021096714,-0.0027664638595453804,0.004688556094250521,0.0002687817021096714
bdb2023_sack,calibration_bias,40,linear_structure,boosted_structure,100,-0.0006789341199752887,0.001973714319097648,-0.0029325026235326825,0.0015371293138165992,0.00019737143190976482
bdb2023_sack,calibration_bias,40,linear_structure,relnet,100,-0.000552841654438625,0.002772098998818203,-0.003749063477745862,0.0024564477395718908,0.00027720989988182026
bdb2023_sack,calibration_bias,40,linear_structure,attn_relnet,100,-0.0004802446690912554,0.0026834794430513086,-0.003521956863467282,0.002712502320865599,0.0002683479443051309
bdb2023_sack,calibration_bias,40,linear_structure,set_transformer,100,-0.0003329454001919666,0.002582167178698869,-0.0033991919008012116,0.0032070511693400028,0.0002582167178698869
bdb2023_sack,calibration_bias,40,boosted_structure,relnet,100,0.00012609246553666354,0.002853304698187029,-0.0029162253714162694,0.004005148817082307,0.0002853304698187029
bdb2023_sack,calibration_bias,40,boosted_structure,attn_relnet,100,0.00019868945088403328,0.0028314231237660725,-0.002795677918370292,0.003844329260366283,0.00028314231237660723
bdb2023_sack,calibration_bias,40,boosted_structure,set_transformer,100,0.00034598871978332196,0.0028592408112051958,-0.002923304047661015,0.004272783317170239,0.0002859240811205196
bdb2023_sack,calibration_bias,40,relnet,attn_relnet,100,7.259698534736976e-05,0.0006597833610430044,-0.0007159095074572611,0.0005929385722186661,6.597833610430044e-05
bdb2023_sack,calibration_bias,40,relnet,set_transformer,100,0.00021989625424665853,0.0025469273411070576,-0.0025741637052963564,0.0031398842379521236,0.00025469273411070576
bdb2023_sack,calibration_bias,40,attn_relnet,set_transformer,100,0.0001472992688992887,0.0024146851488790412,-0.002514664741811943,0.0026756027433639533,0.00024146851488790412
bdb2023_sack,calibration_bias,50,linear_structure,boosted_structure,100,-0.0008828923741168061,0.0020208650735734977,-0.003429694093909521,0.001635309908543293,0.00020208650735734977
bdb2023_sack,calibration_bias,50,linear_structure,relnet,100,-0.0006006885274726647,0.00292546306703359,-0.004108091656873813,0.002513985806403145,0.000292546306703359
bdb2023_sack,calibration_bias,50,linear_structure,attn_relnet,100,-0.0006694666290742995,0.0029411441135642684,-0.004286599526752602,0.002628895667169787,0.00029411441135642684
bdb2023_sack,calibration_bias,50,linear_structure,set_transformer,100,-0.0001491316066277359,0.0025814008305183223,-0.0032629163076727517,0.0025266354024298526,0.00025814008305183225
bdb2023_sack,calibration_bias,50,boosted_structure,relnet,100,0.0002822038466441417,0.0024475872684523213,-0.002976392066263075,0.0037459968996470558,0.00024475872684523214
bdb2023_sack,calibration_bias,50,boosted_structure,attn_relnet,100,0.0002134257450425069,0.0024747076761775393,-0.0027655965677520974,0.003920185214883424,0.00024747076761775393
bdb2023_sack,calibration_bias,50,boosted_structure,set_transformer,100,0.0007337607674890704,0.0028448515046164613,-0.002807516914951227,0.004078478357120331,0.00028448515046164614
bdb2023_sack,calibration_bias,50,relnet,attn_relnet,100,-6.877810160163475e-05,0.000500034306534282,-0.0007278014333246325,0.0005357109746387956,5.0003430653428204e-05
bdb2023_sack,calibration_bias,50,relnet,set_transformer,100,0.00045155692084492883,0.002471071987666371,-0.002929801608949432,0.003220818740312727,0.0002471071987666371
bdb2023_sack,calibration_bias,50,attn_relnet,set_transformer,100,0.0005203350224465636,0.002463976628132908,-0.0026642582088717694,0.0032472609242789837,0.00024639766281329083
bdb2023_sack,calibration_bias,60,linear_structure,boosted_structure,100,-0.0005877661921754297,0.0023930250928431702,-0.003881035899183517,0.0022876194675489057,0.00023930250928431702
bdb2023_sack,calibration_bias,60,linear_structure,relnet,100,-0.0005852566099192472,0.0025301775369690476,-0.0033686586857955207,0.002560069986096247,0.00025301775369690477
bdb2023_sack,calibration_bias,60,linear_structure,attn_relnet,100,-0.0005738325868684265,0.002483622123621764,-0.0033075234985208775,0.002729345324590864,0.00024836221236217637
bdb2023_sack,calibration_bias,60,linear_structure,set_transformer,100,0.0001405819554728738,0.0027327532501523664,-0.0027701343612373756,0.002910321777047959,0.00027327532501523664
bdb2023_sack,calibration_bias,60,boosted_structure,relnet,100,2.5095822561825924e-06,0.002336128155438689,-0.0030987888735121137,0.002822426748392688,0.0002336128155438689
bdb2023_sack,calibration_bias,60,boosted_structure,attn_relnet,100,1.3933605307003355e-05,0.002346929029952451,-0.0028686127365797746,0.003113937108988313,0.0002346929029952451
bdb2023_sack,calibration_bias,60,boosted_structure,set_transformer,100,0.0007283481476483035,0.002585255014613277,-0.0023090976383108013,0.0037583657518863783,0.0002585255014613277
bdb2023_sack,calibration_bias,60,relnet,attn_relnet,100,1.1424023050820761e-05,0.0005819520609645377,-0.0006582930486706644,0.0006608789082718658,5.8195206096453774e-05
bdb2023_sack,calibration_bias,60,relnet,set_transformer,100,0.0007258385653921208,0.0020357608994842407,-0.0020400934060227985,0.003191143829647147,0.00020357608994842408
bdb2023_sack,calibration_bias,60,attn_relnet,set_transformer,100,0.0007144145423413004,0.002077223508899387,-0.0018770988641114011,0.003124084327597049,0.00020772235088993872
bdb2023_sack,game_equal_calibration_bias,10,linear_structure,boosted_structure,100,-4.483172260435732e-05,0.0022742749878715955,-0.0025386443343329273,0.002593169828508592,0.00022742749878715954
bdb2023_sack,game_equal_calibration_bias,10,linear_structure,relnet,100,-0.0003999433785006171,0.0028158558731192036,-0.0038113421090891996,0.0027631357212469306,0.00028158558731192034
bdb2023_sack,game_equal_calibration_bias,10,linear_structure,attn_relnet,100,-0.0004263748804056207,0.002839778021174628,-0.003918353476960652,0.0027697485573819833,0.00028397780211746276
bdb2023_sack,game_equal_calibration_bias,10,linear_structure,set_transformer,100,0.00011649922080885374,0.002901704329233715,-0.0035623912270472563,0.0037677531296166486,0.0002901704329233715
bdb2023_sack,game_equal_calibration_bias,10,boosted_structure,relnet,100,-0.0003551116558962598,0.00227381360759855,-0.00363188949164429,0.0024429522676923617,0.000227381360759855
bdb2023_sack,game_equal_calibration_bias,10,boosted_structure,attn_relnet,100,-0.0003815431578012634,0.0023021660155196754,-0.0035665227253430494,0.0022460257166326894,0.00023021660155196755
bdb2023_sack,game_equal_calibration_bias,10,boosted_structure,set_transformer,100,0.0001613309434132111,0.00240879040818737,-0.002872628639704714,0.0028867340773583348,0.00024087904081873698
bdb2023_sack,game_equal_calibration_bias,10,relnet,attn_relnet,100,-2.6431501905003586e-05,0.00029621918636973076,-0.00034594213256847997,0.00028578592874377296,2.9621918636973077e-05
bdb2023_sack,game_equal_calibration_bias,10,relnet,set_transformer,100,0.0005164425993094711,0.002631409417788469,-0.002554392448389522,0.003610857846431632,0.0002631409417788469
bdb2023_sack,game_equal_calibration_bias,10,attn_relnet,set_transformer,100,0.0005428741012144746,0.002640261596808748,-0.0024272745260657883,0.0035950833869315543,0.0002640261596808748
bdb2023_sack,game_equal_calibration_bias,20,linear_structure,boosted_structure,100,-0.0007083150413129199,0.002510438250746964,-0.0044914479222958985,0.0022841461957920028,0.0002510438250746964
bdb2023_sack,game_equal_calibration_bias,20,linear_structure,relnet,100,-0.0007261402054318987,0.0028711622043014954,-0.004759746696201883,0.00250512514836679,0.0002871162204301495
bdb2023_sack,game_equal_calibration_bias,20,linear_structure,attn_relnet,100,-0.0006765058019566037,0.0028317197623002784,-0.004654109209730553,0.0024362842739860903,0.00028317197623002784
bdb2023_sack,game_equal_calibration_bias,20,linear_structure,set_transformer,100,-0.00023388723904392916,0.002737931530914657,-0.0034662698841443577,0.003041373760109233,0.0002737931530914657
bdb2023_sack,game_equal_calibration_bias,20,boosted_structure,relnet,100,-1.782516411897875e-05,0.002949950560017269,-0.003214683452586584,0.0032484963400529194,0.0002949950560017269
bdb2023_sack,game_equal_calibration_bias,20,boosted_structure,attn_relnet,100,3.180923935631648e-05,0.0029553722254799615,-0.0031250796946310356,0.0032542341619926658,0.00029553722254799616
bdb2023_sack,game_equal_calibration_bias,20,boosted_structure,set_transformer,100,0.00047442780226899096,0.002569540874142107,-0.003005653705207517,0.0036352981232960968,0.00025695408741421074
bdb2023_sack,game_equal_calibration_bias,20,relnet,attn_relnet,100,4.963440347529522e-05,0.0005990988895806158,-0.00044448389386912853,0.0004801510413441673,5.990988895806158e-05
bdb2023_sack,game_equal_calibration_bias,20,relnet,set_transformer,100,0.0004922529663879696,0.0026789468802489607,-0.0027730200830486545,0.004321821136606289,0.0002678946880248961
bdb2023_sack,game_equal_calibration_bias,20,attn_relnet,set_transformer,100,0.00044261856291267436,0.002648874474842466,-0.002834151366469478,0.004036901248128215,0.0002648874474842466
bdb2023_sack,game_equal_calibration_bias,30,linear_structure,boosted_structure,100,-0.00048578196510971867,0.002286499826270622,-0.0031705716314643748,0.0019053138204533832,0.00022864998262706217
bdb2023_sack,game_equal_calibration_bias,30,linear_structure,relnet,100,-0.0003412782379392975,0.002846934823275368,-0.003356236286656567,0.0032939266730524367,0.00028469348232753683
bdb2023_sack,game_equal_calibration_bias,30,linear_structure,attn_relnet,100,-0.00035367294109257016,0.0028151953447258004,-0.003449979429335606,0.0032114768364114935,0.00028151953447258006
bdb2023_sack,game_equal_calibration_bias,30,linear_structure,set_transformer,100,0.0003162922451650832,0.002600964702363829,-0.003050005369109805,0.003302125119219384,0.0002600964702363829
bdb2023_sack,game_equal_calibration_bias,30,boosted_structure,relnet,100,0.0001445037271704211,0.002618539449964037,-0.0032377132615782206,0.003782866169951649,0.0002618539449964037
bdb2023_sack,game_equal_calibration_bias,30,boosted_structure,attn_relnet,100,0.00013210902401714856,0.0025757015500445244,-0.003372882057071401,0.0037782710576132355,0.00025757015500445246
bdb2023_sack,game_equal_calibration_bias,30,boosted_structure,set_transformer,100,0.0008020742102748019,0.002617383685768182,-0.0019136559229655677,0.003786111411665576,0.0002617383685768182
bdb2023_sack,game_equal_calibration_bias,30,relnet,attn_relnet,100,-1.2394703153272543e-05,0.0004614693637643686,-0.0006203268153150538,0.0005417705023327495,4.614693637643686e-05
bdb2023_sack,game_equal_calibration_bias,30,relnet,set_transformer,100,0.0006575704831043807,0.002726413416181942,-0.00267483291983927,0.00436338300057839,0.0002726413416181942
bdb2023_sack,game_equal_calibration_bias,30,attn_relnet,set_transformer,100,0.0006699651862576532,0.0027231168083970293,-0.0027185694865823457,0.004528976256455733,0.00027231168083970294
bdb2023_sack,game_equal_calibration_bias,40,linear_structure,boosted_structure,100,-0.000749307966721352,0.001987511881414137,-0.0030514462473472826,0.0015318179224050024,0.00019875118814141368
bdb2023_sack,game_equal_calibration_bias,40,linear_structure,relnet,100,-0.000505604236777682,0.0027626725694336655,-0.0036021343569630645,0.002408642274103123,0.00027626725694336656
bdb2023_sack,game_equal_calibration_bias,40,linear_structure,attn_relnet,100,-0.0004252949351611922,0.002687535095319868,-0.0034778792996641196,0.0026102279391070292,0.0002687535095319868
bdb2023_sack,game_equal_calibration_bias,40,linear_structure,set_transformer,100,-0.0003098835432934637,0.0026044942573303096,-0.0033699063236879265,0.0032412318212756614,0.00026044942573303097
bdb2023_sack,game_equal_calibration_bias,40,boosted_structure,relnet,100,0.0002437037299436701,0.002893018445274549,-0.0027485648234593157,0.004173976676417432,0.00028930184452745486
bdb2023_sack,game_equal_calibration_bias,40,boosted_structure,attn_relnet,100,0.0003240130315601598,0.0028712674132797163,-0.002447534799754932,0.003963887821927214,0.0002871267413279716
bdb2023_sack,game_equal_calibration_bias,40,boosted_structure,set_transformer,100,0.00043942442342788835,0.0028553302950148356,-0.0028370292670317596,0.0041656957853393115,0.00028553302950148354
bdb2023_sack,game_equal_calibration_bias,40,relnet,attn_relnet,100,8.03093016164898e-05,0.0006477673487551431,-0.0006705882572787102,0.0006043455836448171,6.477673487551431e-05
bdb2023_sack,game_equal_calibration_bias,40,relnet,set_transformer,100,0.0001957206934842183,0.002599979800268918,-0.0026554057171785835,0.003146375808440622,0.0002599979800268918
bdb2023_sack,game_equal_calibration_bias,40,attn_relnet,set_transformer,100,0.00011541139186772849,0.0024743327040486576,-0.002772530959787233,0.002686742493100779,0.00024743327040486574
bdb2023_sack,game_equal_calibration_bias,50,linear_structure,boosted_structure,100,-0.0009878345712213755,0.0021191699382358893,-0.0036553047869668743,0.0016860646912492025,0.00021191699382358894
bdb2023_sack,game_equal_calibration_bias,50,linear_structure,relnet,100,-0.0005530008214534545,0.0029936236570212494,-0.0040814435609321615,0.0028597195981047703,0.00029936236570212495
bdb2023_sack,game_equal_calibration_bias,50,linear_structure,attn_relnet,100,-0.0006242807298281045,0.002997815698118111,-0.004467688940851926,0.0030076931122977016,0.0002997815698118111
bdb2023_sack,game_equal_calibration_bias,50,linear_structure,set_transformer,100,-0.0001231375714941353,0.002656675153685115,-0.003495560127890895,0.002845116126032204,0.00026566751536851146
bdb2023_sack,game_equal_calibration_bias,50,boosted_structure,relnet,100,0.0004348337497679211,0.002484198572841911,-0.002802164451969956,0.003770928410388646,0.0002484198572841911
bdb2023_sack,game_equal_calibration_bias,50,boosted_structure,attn_relnet,100,0.0003635538413932711,0.0024985372317266616,-0.002779918884071032,0.003935478798679214,0.00024985372317266614
bdb2023_sack,game_equal_calibration_bias,50,boosted_structure,set_transformer,100,0.0008646969997272404,0.002866086126878469,-0.0023501370231826333,0.004183362173146569,0.0002866086126878469
bdb2023_sack,game_equal_calibration_bias,50,relnet,attn_relnet,100,-7.127990837464993e-05,0.0005062528884540175,-0.0007385228732318056,0.000491113298183481,5.062528884540175e-05
bdb2023_sack,game_equal_calibration_bias,50,relnet,set_transformer,100,0.00042986324995931925,0.002517414072455573,-0.0030429684024504623,0.003063296359502275,0.0002517414072455573
bdb2023_sack,game_equal_calibration_bias,50,attn_relnet,set_transformer,100,0.0005011431583339691,0.0025058444889203466,-0.0029247708011525334,0.003152221049321611,0.00025058444889203464
bdb2023_sack,game_equal_calibration_bias,60,linear_structure,boosted_structure,100,-0.0007027105207319781,0.002480835921461969,-0.004093336785792262,0.002404143323304645,0.0002480835921461969
bdb2023_sack,game_equal_calibration_bias,60,linear_structure,relnet,100,-0.0005697149231254397,0.0025753874264840652,-0.003477221989064384,0.002357586111681899,0.0002575387426484065
bdb2023_sack,game_equal_calibration_bias,60,linear_structure,attn_relnet,100,-0.000559186387080005,0.002524696797852033,-0.003666189945761444,0.00254215103076834,0.0002524696797852033
bdb2023_sack,game_equal_calibration_bias,60,linear_structure,set_transformer,100,0.00013473567752030904,0.002825022595558157,-0.0029684747019645993,0.002999153525429192,0.0002825022595558157
bdb2023_sack,game_equal_calibration_bias,60,boosted_structure,relnet,100,0.00013299559760653843,0.002422929956692008,-0.0029602966551653584,0.003089574842120396,0.0002422929956692008
bdb2023_sack,game_equal_calibration_bias,60,boosted_structure,attn_relnet,100,0.0001435241336519731,0.002433507760375517,-0.0029175423766772206,0.003396490872949432,0.0002433507760375517
bdb2023_sack,game_equal_calibration_bias,60,boosted_structure,set_transformer,100,0.0008374461982522869,0.0026304088882436257,-0.0024885323785464276,0.0037595680051092433,0.00026304088882436256
bdb2023_sack,game_equal_calibration_bias,60,relnet,attn_relnet,100,1.0528536045434694e-05,0.0005844023803815861,-0.0006592609155746804,0.000643292289653415,5.8440238038158604e-05
bdb2023_sack,game_equal_calibration_bias,60,relnet,set_transformer,100,0.0007044506006457487,0.002105130623513544,-0.00216935454446045,0.0032612694975993127,0.0002105130623513544
bdb2023_sack,game_equal_calibration_bias,60,attn_relnet,set_transformer,100,0.0006939220646003142,0.0021444227175541745,-0.0021205000949538477,0.0033716408178246535,0.00021444227175541745
bdb2023_sack,rms_reliability,10,linear_structure,boosted_structure,100,0.001808666724794017,0.009237536275843903,-0.009406931825363566,0.012086351296801317,0.0009237536275843903
bdb2023_sack,rms_reliability,10,linear_structure,relnet,100,0.002314414773277912,0.009596621114102054,-0.007932205464787874,0.015309836663621476,0.0009596621114102054
bdb2023_sack,rms_reliability,10,linear_structure,attn_relnet,100,0.0026099788592144936,0.009080952758355694,-0.007795580292194928,0.01553737162944469,0.0009080952758355694
bdb2023_sack,rms_reliability,10,linear_structure,set_transformer,100,0.0002913545984983738,0.010423900583805015,-0.01499370239760884,0.012592977749871233,0.0010423900583805014
bdb2023_sack,rms_reliability,10,boosted_structure,relnet,100,0.0005057480484838946,0.008510824206652848,-0.009945317177062875,0.010157730901491073,0.0008510824206652848
bdb2023_sack,rms_reliability,10,boosted_structure,attn_relnet,100,0.0008013121344204758,0.008160885509355812,-0.007542508370607727,0.009552634000471813,0.0008160885509355812
bdb2023_sack,rms_reliability,10,boosted_structure,set_transformer,100,-0.0015173121262956433,0.009964878691488701,-0.013433408737953097,0.010468176994287324,0.0009964878691488702
bdb2023_sack,rms_reliability,10,relnet,attn_relnet,100,0.00029556408593658115,0.0028770429034870476,-0.002309686042949451,0.002618961552644965,0.0002877042903487048
bdb2023_sack,rms_reliability,10,relnet,set_transformer,100,-0.0020230601747795378,0.009975552124238635,-0.014241374945737968,0.009388916548992042,0.0009975552124238635
bdb2023_sack,rms_reliability,10,attn_relnet,set_transformer,100,-0.0023186242607161193,0.00951613372555874,-0.01339002145134076,0.008662108411498757,0.000951613372555874
bdb2023_sack,rms_reliability,20,linear_structure,boosted_structure,100,0.0009038153508439078,0.009090845317226546,-0.00819397845306254,0.012802461431273933,0.0009090845317226545
bdb2023_sack,rms_reliability,20,linear_structure,relnet,100,0.000843915541506601,0.010320663404510447,-0.012476358730368477,0.013751234739307396,0.0010320663404510446
bdb2023_sack,rms_reliability,20,linear_structure,attn_relnet,100,0.000909088820325304,0.009992124036736952,-0.010306918046189877,0.013773931195712793,0.0009992124036736951
bdb2023_sack,rms_reliability,20,linear_structure,set_transformer,100,0.0007935163237253241,0.008937939580076047,-0.009563906911634728,0.01034003263262609,0.0008937939580076047
bdb2023_sack,rms_reliability,20,boosted_structure,relnet,100,-5.989980933730731e-05,0.010557315995864382,-0.01340072180054406,0.012110398174373479,0.001055731599586438
bdb2023_sack,rms_reliability,20,boosted_structure,attn_relnet,100,5.2734694813956314e-06,0.010442274998463548,-0.0128338356309745,0.01152062231805327,0.0010442274998463548
bdb2023_sack,rms_reliability,20,boosted_structure,set_transformer,100,-0.00011029902711858403,0.009615157260444106,-0.011484924308257096,0.011938084172953741,0.0009615157260444106
bdb2023_sack,rms_reliability,20,relnet,attn_relnet,100,6.517327881870301e-05,0.0023624559538043743,-0.0026829080354690946,0.0025727513510629494,0.00023624559538043744
bdb2023_sack,rms_reliability,20,relnet,set_transformer,100,-5.0399217781276604e-05,0.008978155153535273,-0.011486554982612073,0.010694007614559187,0.0008978155153535273
bdb2023_sack,rms_reliability,20,attn_relnet,set_transformer,100,-0.00011557249659997963,0.00901439251892315,-0.011634184545091065,0.011269074000165462,0.000901439251892315
bdb2023_sack,rms_reliability,30,linear_structure,boosted_structure,100,0.0013746858668762132,0.007658062149815762,-0.009749405955663783,0.010816946215858795,0.0007658062149815762
bdb2023_sack,rms_reliability,30,linear_structure,relnet,100,0.0009228149080535887,0.00850039469686415,-0.011342806751493443,0.011594005803372555,0.0008500394696864149
bdb2023_sack,rms_reliability,30,linear_structure,attn_relnet,100,0.0010281458399917644,0.008368793468788336,-0.010190198318224966,0.01013199772196218,0.0008368793468788336
bdb2023_sack,rms_reliability,30,linear_structure,set_transformer,100,-0.0009901165979009626,0.0081544322053575,-0.012225077467892994,0.008672557292375387,0.0008154432205357499
bdb2023_sack,rms_reliability,30,boosted_structure,relnet,100,-0.0004518709588226245,0.007951130706169537,-0.010895591752479273,0.01009637431265342,0.0007951130706169537
bdb2023_sack,rms_reliability,30,boosted_structure,attn_relnet,100,-0.0003465400268844489,0.007972545977858013,-0.011758709563654978,0.010100902268145882,0.0007972545977858013
bdb2023_sack,rms_reliability,30,boosted_structure,set_transformer,100,-0.0023648024647771756,0.009449996672069628,-0.015306125946667151,0.009752322677558092,0.0009449996672069628
bdb2023_sack,rms_reliability,30,relnet,attn_relnet,100,0.00010533093193817546,0.0026227963378543185,-0.002134759875629917,0.002915957771248278,0.0002622796337854318
bdb2023_sack,rms_reliability,30,relnet,set_transformer,100,-0.0019129315059545516,0.009272255605550625,-0.0162566167565624,0.009907023378151658,0.0009272255605550625
bdb2023_sack,rms_reliability,30,attn_relnet,set_transformer,100,-0.0020182624378927263,0.00893100383101458,-0.012832729349931044,0.009877435014416815,0.000893100383101458
bdb2023_sack,rms_reliability,40,linear_structure,boosted_structure,100,0.0011746173744601393,0.007935240770372857,-0.008786286483955939,0.010607385243691902,0.0007935240770372857
bdb2023_sack,rms_reliability,40,linear_structure,relnet,100,0.0001796464695760014,0.008462180902480644,-0.009696656454601129,0.00930361718313905,0.0008462180902480644
bdb2023_sack,rms_reliability,40,linear_structure,attn_relnet,100,0.0004854069807778191,0.008019911233792846,-0.010249167425759272,0.009636564159197485,0.0008019911233792846
bdb2023_sack,rms_reliability,40,linear_structure,set_transformer,100,-0.0014956205543333334,0.008293248312603058,-0.01219247586383745,0.008482906807791298,0.0008293248312603058
bdb2023_sack,rms_reliability,40,boosted_structure,relnet,100,-0.0009949709048841383,0.00979081406798818,-0.01513029509088431,0.010672928910587258,0.0009790814067988179
bdb2023_sack,rms_reliability,40,boosted_structure,attn_relnet,100,-0.0006892103936823206,0.009765050254241403,-0.013585247150083446,0.010318420602646147,0.0009765050254241403
bdb2023_sack,rms_reliability,40,boosted_structure,set_transformer,100,-0.002670237928793473,0.009980793958333236,-0.013502993994761759,0.008014480052332174,0.0009980793958333236
bdb2023_sack,rms_reliability,40,relnet,attn_relnet,100,0.0003057605112018177,0.0038335345481507184,-0.003692035180027511,0.004410631389742085,0.00038335345481507185
bdb2023_sack,rms_reliability,40,relnet,set_transformer,100,-0.0016752670239093348,0.009017607703584682,-0.01214331829186656,0.007534371790754281,0.0009017607703584682
bdb2023_sack,rms_reliability,40,attn_relnet,set_transformer,100,-0.0019810275351111527,0.008392351210408919,-0.011794010966513375,0.007200684833617504,0.0008392351210408919
bdb2023_sack,rms_reliability,50,linear_structure,boosted_structure,100,0.0009386613145318958,0.008756389432705122,-0.008580890226462464,0.01268882765672238,0.0008756389432705121
bdb2023_sack,rms_reliability,50,linear_structure,relnet,100,0.0006964406362230832,0.008436066240311482,-0.009062681781767135,0.010507077502798239,0.0008436066240311482
bdb2023_sack,rms_reliability,50,linear_structure,attn_relnet,100,0.0010080627379165442,0.00864654063122008,-0.008968002250810191,0.010604411158276357,0.0008646540631220081
bdb2023_sack,rms_reliability,50,linear_structure,set_transformer,100,-5.463188165309062e-05,0.008497838147947474,-0.010715841023450228,0.009574109347684294,0.0008497838147947474
bdb2023_sack,rms_reliability,50,boosted_structure,relnet,100,-0.00024222067830881238,0.008605036587338783,-0.012310958906889047,0.010233235531908613,0.0008605036587338783
bdb2023_sack,rms_reliability,50,boosted_structure,attn_relnet,100,6.940142338464854e-05,0.009175235461376822,-0.01129632199873225,0.012671697661561454,0.0009175235461376822
bdb2023_sack,rms_reliability,50,boosted_structure,set_transformer,100,-0.000993293196184986,0.009765758716519392,-0.014749444263966682,0.01275455657858765,0.0009765758716519391
bdb2023_sack,rms_reliability,50,relnet,attn_relnet,100,0.00031162210169346084,0.0035686947686702844,-0.002497675223549682,0.0032476640991354415,0.00035686947686702845
bdb2023_sack,rms_reliability,50,relnet,set_transformer,100,-0.0007510725178761736,0.008049023911327894,-0.010346822291161697,0.007225125508499017,0.0008049023911327894
bdb2023_sack,rms_reliability,50,attn_relnet,set_transformer,100,-0.0010626946195696344,0.007967415422115086,-0.010095962523216415,0.007863795680947113,0.0007967415422115087
bdb2023_sack,rms_reliability,60,linear_structure,boosted_structure,100,0.001632204568293342,0.007994812434913354,-0.007413580691864196,0.011623869455375585,0.0007994812434913354
bdb2023_sack,rms_reliability,60,linear_structure,relnet,100,0.001233169261312948,0.007507897074118303,-0.0068923874424458055,0.010001598215671172,0.0007507897074118303
bdb2023_sack,rms_reliability,60,linear_structure,attn_relnet,100,0.0012551485041212287,0.007442538835758629,-0.006603621551528821,0.009875418427203873,0.0007442538835758629
bdb2023_sack,rms_reliability,60,linear_structure,set_transformer,100,-0.0003354732679224522,0.00802454707491741,-0.010002524709570993,0.010401528804449495,0.000802454707491741
bdb2023_sack,rms_reliability,60,boosted_structure,relnet,100,-0.000399035306980394,0.008662721273946869,-0.01003749654075933,0.009080339681256681,0.0008662721273946869
bdb2023_sack,rms_reliability,60,boosted_structure,attn_relnet,100,-0.00037705606417211295,0.008564909122074698,-0.010464277540411659,0.009148053293615227,0.0008564909122074698
bdb2023_sack,rms_reliability,60,boosted_structure,set_transformer,100,-0.001967677836215794,0.008352946496153459,-0.012689415562961716,0.008129986435167668,0.0008352946496153459
bdb2023_sack,rms_reliability,60,relnet,attn_relnet,100,2.1979242808281006e-05,0.002468693677203315,-0.0022978598973146984,0.0022895901817457944,0.0002468693677203315
bdb2023_sack,rms_reliability,60,relnet,set_transformer,100,-0.0015686425292354004,0.0076377515256405995,-0.010240378566554749,0.007921024123377475,0.00076377515256406
bdb2023_sack,rms_reliability,60,attn_relnet,set_transformer,100,-0.0015906217720436816,0.0076447324408933015,-0.010889791880922657,0.00738817313803858,0.0007644732440893301
bdb2023_sack,game_equal_rms_reliability,10,linear_structure,boosted_structure,100,0.003069904349188464,0.014991434741311345,-0.01695620475958208,0.01834028659681889,0.0014991434741311346
bdb2023_sack,game_equal_rms_reliability,10,linear_structure,relnet,100,0.008109428873553504,0.018314256190216382,-0.014932557113153248,0.03453681384793916,0.0018314256190216382
bdb2023_sack,game_equal_rms_reliability,10,linear_structure,attn_relnet,100,0.008181299028576526,0.017999171949435674,-0.01590760118893664,0.03455944568288167,0.0017999171949435674
bdb2023_sack,game_equal_rms_reliability,10,linear_structure,set_transformer,100,0.000227051499605661,0.018789676817334105,-0.02190584599530048,0.025046367158111687,0.0018789676817334104
bdb2023_sack,game_equal_rms_reliability,10,boosted_structure,relnet,100,0.00503952452436504,0.019654202526586256,-0.020076324521384123,0.032867750394971196,0.0019654202526586256
bdb2023_sack,game_equal_rms_reliability,10,boosted_structure,attn_relnet,100,0.00511139467938806,0.018989113719203837,-0.01828186315156762,0.029781984266270427,0.0018989113719203837
bdb2023_sack,game_equal_rms_reliability,10,boosted_structure,set_transformer,100,-0.0028428528495828024,0.01922819559635374,-0.024456995362403117,0.020906177173704407,0.0019228195596353742
bdb2023_sack,game_equal_rms_reliability,10,relnet,attn_relnet,100,7.187015502301916e-05,0.007183370890395472,-0.007606260056872142,0.0053706316220536315,0.0007183370890395472
bdb2023_sack,game_equal_rms_reliability,10,relnet,set_transformer,100,-0.007882377373947843,0.01963284220830545,-0.03118391857097863,0.016442869382853054,0.001963284220830545
bdb2023_sack,game_equal_rms_reliability,10,attn_relnet,set_transformer,100,-0.007954247528970863,0.01849349256809468,-0.02877804093575195,0.014518366314198724,0.001849349256809468
bdb2023_sack,game_equal_rms_reliability,20,linear_structure,boosted_structure,100,0.002795954083530316,0.017324306199383552,-0.021120215227850424,0.024494109487052225,0.0017324306199383553
bdb2023_sack,game_equal_rms_reliability,20,linear_structure,relnet,100,0.0021974638476904575,0.016309607187799273,-0.017633660545514067,0.021666832864874724,0.0016309607187799274
bdb2023_sack,game_equal_rms_reliability,20,linear_structure,attn_relnet,100,0.002510962231181254,0.016821504600963502,-0.01955368665362276,0.022294844615584102,0.0016821504600963502
bdb2023_sack,game_equal_rms_reliability,20,linear_structure,set_transformer,100,0.0004873017668663559,0.016521118201820034,-0.020233306670164583,0.019783773015837877,0.0016521118201820034
bdb2023_sack,game_equal_rms_reliability,20,boosted_structure,relnet,100,-0.0005984902358398588,0.019087748976558454,-0.024061284652409476,0.019486677273790193,0.0019087748976558453
bdb2023_sack,game_equal_rms_reliability,20,boosted_structure,attn_relnet,100,-0.00028499185234906184,0.018554151895159368,-0.023422258976116307,0.017791338646543982,0.0018554151895159368
bdb2023_sack,game_equal_rms_reliability,20,boosted_structure,set_transformer,100,-0.00230865231666396,0.016641449769523708,-0.023512022014394632,0.01778282498342743,0.0016641449769523708
bdb2023_sack,game_equal_rms_reliability,20,relnet,attn_relnet,100,0.00031349838349079684,0.0064074388290361545,-0.0065099299598130825,0.008075362548970677,0.0006407438829036155
bdb2023_sack,game_equal_rms_reliability,20,relnet,set_transformer,100,-0.0017101620808241012,0.015995713684102443,-0.0210370526519224,0.017428953867663605,0.0015995713684102443
bdb2023_sack,game_equal_rms_reliability,20,attn_relnet,set_transformer,100,-0.002023660464314898,0.01649613604661417,-0.02122854690002924,0.017011531973011716,0.001649613604661417
bdb2023_sack,game_equal_rms_reliability,30,linear_structure,boosted_structure,100,-0.0004613151448123336,0.014360087412206842,-0.01920578442551325,0.018720271167369223,0.0014360087412206841
bdb2023_sack,game_equal_rms_reliability,30,linear_structure,relnet,100,0.00255354558028631,0.0159775600885006,-0.01705024155800338,0.022306600784084973,0.00159775600885006
bdb2023_sack,game_equal_rms_reliability,30,linear_structure,attn_relnet,100,0.002424856628493545,0.01615819231161198,-0.018861949976755714,0.02206258251587324,0.0016158192311611981
bdb2023_sack,game_equal_rms_reliability,30,linear_structure,set_transformer,100,-0.0016741282824158505,0.014563241420189797,-0.019977310311159766,0.014129105358414482,0.0014563241420189796
bdb2023_sack,game_equal_rms_reliability,30,boosted_structure,relnet,100,0.003014860725098644,0.01688184898155964,-0.018524814355766365,0.022751530772133093,0.001688184898155964
bdb2023_sack,game_equal_rms_reliability,30,boosted_structure,attn_relnet,100,0.002886171773305878,0.016339315610159787,-0.015814318747044087,0.02086035405985816,0.0016339315610159788
bdb2023_sack,game_equal_rms_reliability,30,boosted_structure,set_transformer,100,-0.0012128131376035163,0.015353425459118022,-0.02339991783012916,0.017587483959512134,0.0015353425459118022
bdb2023_sack,game_equal_rms_reliability,30,relnet,attn_relnet,100,-0.00012868895179276582,0.008406773072587215,-0.0077408247499852435,0.008355100450230498,0.0008406773072587215
bdb2023_sack,game_equal_rms_reliability,30,relnet,set_transformer,100,-0.00422767386270216,0.016002677896148898,-0.02509855008929392,0.013385139044577716,0.0016002677896148898
bdb2023_sack,game_equal_rms_reliability,30,attn_relnet,set_transformer,100,-0.004098984910909395,0.016881530465853906,-0.027910978981895873,0.015581626977586617,0.0016881530465853907
bdb2023_sack,game_equal_rms_reliability,40,linear_structure,boosted_structure,100,0.0035242427818932597,0.013515741216970772,-0.013548702575985755,0.01875163902186382,0.0013515741216970772
bdb2023_sack,game_equal_rms_reliability,40,linear_structure,relnet,100,-0.0030133961537800544,0.01541661873955488,-0.02141464080686916,0.01588759675774871,0.001541661873955488
bdb2023_sack,game_equal_rms_reliability,40,linear_structure,attn_relnet,100,-0.001885690173102981,0.014136479589336438,-0.01862730906724288,0.015056025622556861,0.0014136479589336437
bdb2023_sack,game_equal_rms_reliability,40,linear_structure,set_transformer,100,-0.0017031689702168935,0.015012298410804465,-0.01626037476136165,0.01970832299145743,0.0015012298410804466
bdb2023_sack,game_equal_rms_reliability,40,boosted_structure,relnet,100,-0.006537638935673317,0.015355285592786913,-0.027133182943939484,0.012008228090948297,0.0015355285592786913
bdb2023_sack,game_equal_rms_reliability,40,boosted_structure,attn_relnet,100,-0.00540993295499624,0.014542674181854497,-0.02369931471346746,0.011818888736564385,0.0014542674181854498
bdb2023_sack,game_equal_rms_reliability,40,boosted_structure,set_transformer,100,-0.005227411752110155,0.015655132493707622,-0.024088002759536906,0.013618942549007418,0.0015655132493707623
bdb2023_sack,game_equal_rms_reliability,40,relnet,attn_relnet,100,0.0011277059806770748,0.0066860190988399845,-0.005498087234324865,0.010709658231776867,0.0006686019098839984
bdb2023_sack,game_equal_rms_reliability,40,relnet,set_transformer,100,0.001310227183563162,0.01425910199247523,-0.017466219922745243,0.018528913798040416,0.001425910199247523
bdb2023_sack,game_equal_rms_reliability,40,attn_relnet,set_transformer,100,0.0001825212028860871,0.01339613080292498,-0.014733280299822243,0.016898963077046563,0.001339613080292498
bdb2023_sack,game_equal_rms_reliability,50,linear_structure,boosted_structure,100,0.004080278546508398,0.014030047852702156,-0.014980574714598995,0.023963335174971904,0.0014030047852702156
bdb2023_sack,game_equal_rms_reliability,50,linear_structure,relnet,100,0.0008679602534171116,0.015706071179375884,-0.01773805197557502,0.020975533563118015,0.0015706071179375884
bdb2023_sack,game_equal_rms_reliability,50,linear_structure,attn_relnet,100,0.0018915181313348955,0.017332732635766523,-0.018791612305247455,0.023441031854156427,0.0017332732635766523
bdb2023_sack,game_equal_rms_reliability,50,linear_structure,set_transformer,100,-0.0008319871549694491,0.014504506912821484,-0.01827506412750509,0.01630058658433,0.0014504506912821483
bdb2023_sack,game_equal_rms_reliability,50,boosted_structure,relnet,100,-0.003212318293091287,0.016066741233173216,-0.02117762078454951,0.01683185152841926,0.0016066741233173216
bdb2023_sack,game_equal_rms_reliability,50,boosted_structure,attn_relnet,100,-0.002188760415173502,0.016906642315949367,-0.023303113088507896,0.022051564163016492,0.0016906642315949367
bdb2023_sack,game_equal_rms_reliability,50,boosted_structure,set_transformer,100,-0.004912265701477846,0.015529303798848006,-0.02553237717465124,0.012933922751493533,0.0015529303798848006
bdb2023_sack,game_equal_rms_reliability,50,relnet,attn_relnet,100,0.001023557877917784,0.007890393926139586,-0.007832797680809163,0.009392117382890725,0.0007890393926139585
bdb2023_sack,game_equal_rms_reliability,50,relnet,set_transformer,100,-0.0016999474083865607,0.014348369094800084,-0.02017146358114328,0.01307418413384492,0.0014348369094800083
bdb2023_sack,game_equal_rms_reliability,50,attn_relnet,set_transformer,100,-0.002723505286304345,0.014120873778452258,-0.022383522876202662,0.013552130765295257,0.0014120873778452258
bdb2023_sack,game_equal_rms_reliability,60,linear_structure,boosted_structure,100,0.003972935963060123,0.014709493622490013,-0.01267615517836861,0.021761378745367602,0.0014709493622490012
bdb2023_sack,game_equal_rms_reliability,60,linear_structure,relnet,100,0.0022960354008637685,0.014591163359406375,-0.01624640984399021,0.021991091452163138,0.0014591163359406376
bdb2023_sack,game_equal_rms_reliability,60,linear_structure,attn_relnet,100,0.0021015975936240837,0.014353678402594139,-0.01542810427820115,0.020613586286127267,0.0014353678402594138
bdb2023_sack,game_equal_rms_reliability,60,linear_structure,set_transformer,100,-0.002198964678295907,0.014130173671393763,-0.017671865531556686,0.01640056457488977,0.0014130173671393763
bdb2023_sack,game_equal_rms_reliability,60,boosted_structure,relnet,100,-0.0016769005621963542,0.017087901005682662,-0.021353000057846697,0.02200786642247644,0.0017087901005682661
bdb2023_sack,game_equal_rms_reliability,60,boosted_structure,attn_relnet,100,-0.0018713383694360394,0.01761425688575343,-0.020519670577814012,0.021551608738938802,0.001761425688575343
bdb2023_sack,game_equal_rms_reliability,60,boosted_structure,set_transformer,100,-0.006171900641356028,0.013887923720923949,-0.02344477978121941,0.012227071378009753,0.001388792372092395
bdb2023_sack,game_equal_rms_reliability,60,relnet,attn_relnet,100,-0.00019443780723968484,0.0058696949584383235,-0.00691905479638759,0.006416377565834832,0.0005869694958438324
bdb2023_sack,game_equal_rms_reliability,60,relnet,set_transformer,100,-0.004495000079159674,0.015117934999943112,-0.021956290618176277,0.013157197422346835,0.0015117934999943111
bdb2023_sack,game_equal_rms_reliability,60,attn_relnet,set_transformer,100,-0.004300562271919991,0.015137540352990659,-0.021282786986595047,0.01393112259634439,0.001513754035299066
bdb2023_sack,mean_entropy,10,linear_structure,boosted_structure,100,-1.74104331618255e-05,0.004992802538603797,-0.006081512087398727,0.005762821771079049,0.0004992802538603797
bdb2023_sack,mean_entropy,10,linear_structure,relnet,100,0.0005946140196424496,0.006329421819892194,-0.007244135601788365,0.008291326115574345,0.0006329421819892194
bdb2023_sack,mean_entropy,10,linear_structure,attn_relnet,100,0.0006838184091484217,0.006410391193935204,-0.006409993140490203,0.00828807209164177,0.0006410391193935204
bdb2023_sack,mean_entropy,10,linear_structure,set_transformer,100,0.00010202013545306255,0.005709484443206623,-0.006691227890964768,0.00724284728402597,0.0005709484443206623
bdb2023_sack,mean_entropy,10,boosted_structure,relnet,100,0.000612024452804275,0.005456781764078308,-0.006759169579369154,0.008343528583839589,0.0005456781764078308
bdb2023_sack,mean_entropy,10,boosted_structure,attn_relnet,100,0.0007012288423102472,0.0055319942921765045,-0.006225062618903321,0.008124019487929542,0.0005531994292176504
bdb2023_sack,mean_entropy,10,boosted_structure,set_transformer,100,0.00011943056861488804,0.0044442128752172965,-0.005497680008424569,0.00580912718810422,0.00044442128752172964
bdb2023_sack,mean_entropy,10,relnet,attn_relnet,100,8.920438950597215e-05,0.0008354075173830413,-0.0007233282451586248,0.0010120614650525376,8.354075173830412e-05
bdb2023_sack,mean_entropy,10,relnet,set_transformer,100,-0.000492593884189387,0.005227534404217824,-0.006846841398970588,0.0057383871469849955,0.0005227534404217824
bdb2023_sack,mean_entropy,10,attn_relnet,set_transformer,100,-0.0005817982736953591,0.0052468408227083945,-0.00651477584096159,0.005505626674847597,0.0005246840822708394
bdb2023_sack,mean_entropy,20,linear_structure,boosted_structure,100,0.000881250191520167,0.0050916748275274416,-0.005507768908398813,0.007161775467538483,0.0005091674827527442
bdb2023_sack,mean_entropy,20,linear_structure,relnet,100,0.0013100296008911585,0.005726027608128844,-0.004314703219369664,0.007827183444378872,0.0005726027608128844
bdb2023_sack,mean_entropy,20,linear_structure,attn_relnet,100,0.001230239512046529,0.005582833199533473,-0.004362872781300537,0.007836108655308528,0.0005582833199533473
bdb2023_sack,mean_entropy,20,linear_structure,set_transformer,100,0.0005063567396327792,0.0052393655786968675,-0.006646839467061521,0.00754768943841042,0.0005239365578696868
bdb2023_sack,mean_entropy,20,boosted_structure,relnet,100,0.00042877940937099154,0.006070543230214187,-0.007117761412926027,0.00817535231848205,0.0006070543230214187
bdb2023_sack,mean_entropy,20,boosted_structure,attn_relnet,100,0.0003489893205263619,0.006148869831121325,-0.007396738910834058,0.008543990935284802,0.0006148869831121325
bdb2023_sack,mean_entropy,20,boosted_structure,set_transformer,100,-0.0003748934518873878,0.005741302971146911,-0.0071805880442742135,0.006545195365996904,0.0005741302971146911
bdb2023_sack,mean_entropy,20,relnet,attn_relnet,100,-7.979008884462956e-05,0.001720596399149965,-0.0013699978915928447,0.001221034738328755,0.0001720596399149965
bdb2023_sack,mean_entropy,20,relnet,set_transformer,100,-0.0008036728612583794,0.0057366168131031394,-0.008035479338061615,0.007294263497042687,0.000573661681310314
bdb2023_sack,mean_entropy,20,attn_relnet,set_transformer,100,-0.0007238827724137497,0.005771674315484315,-0.008289982660018463,0.007252070531627518,0.0005771674315484315
bdb2023_sack,mean_entropy,30,linear_structure,boosted_structure,100,-0.00017134365039135152,0.004824344661067247,-0.00601947921221545,0.005779444161770473,0.00048243446610672473
bdb2023_sack,mean_entropy,30,linear_structure,relnet,100,0.0006198078567018766,0.006239641209900604,-0.008221226867194639,0.007934896156919651,0.0006239641209900604
bdb2023_sack,mean_entropy,30,linear_structure,attn_relnet,100,0.0006245479505586027,0.006034509139377759,-0.007664996486369732,0.006640393125901014,0.0006034509139377759
bdb2023_sack,mean_entropy,30,linear_structure,set_transformer,100,0.00032836966350817344,0.006178353866304823,-0.00792321760017295,0.009200687832036475,0.0006178353866304824
bdb2023_sack,mean_entropy,30,boosted_structure,relnet,100,0.0007911515070932282,0.005469531753054546,-0.005774261040182118,0.007574485642600712,0.0005469531753054546
bdb2023_sack,mean_entropy,30,boosted_structure,attn_relnet,100,0.0007958916009499543,0.005325773371168707,-0.005908547228177172,0.007786965277837889,0.0005325773371168707
bdb2023_sack,mean_entropy,30,boosted_structure,set_transformer,100,0.0004997133138995249,0.005622175119263487,-0.004793915543922694,0.006761057372966179,0.0005622175119263487
bdb2023_sack,mean_entropy,30,relnet,attn_relnet,100,4.7400938567260244e-06,0.0011911306291764216,-0.0014653408003456798,0.0015609802464933878,0.00011911306291764216
bdb2023_sack,mean_entropy,30,relnet,set_transformer,100,-0.0002914381931937032,0.0056383384999846515,-0.007147897873643011,0.007436430231692273,0.0005638338499984652
bdb2023_sack,mean_entropy,30,attn_relnet,set_transformer,100,-0.00029617828705042924,0.0056324494074673935,-0.006893900713392534,0.006874750861928339,0.0005632449407467394
bdb2023_sack,mean_entropy,40,linear_structure,boosted_structure,100,0.0006717393383879999,0.004360635267531077,-0.005124868967249371,0.006384001838212395,0.0004360635267531077
bdb2023_sack,mean_entropy,40,linear_structure,relnet,100,0.0010146083852714041,0.006384608204680319,-0.0068926370668468155,0.009367209546965415,0.0006384608204680318
bdb2023_sack,mean_entropy,40,linear_structure,attn_relnet,100,0.0008287866556594373,0.006182182405355943,-0.0069083515546792314,0.008328093625761345,0.0006182182405355943
bdb2023_sack,mean_entropy,40,linear_structure,set_transformer,100,0.0014608894766814083,0.005997215559128462,-0.006155827058033356,0.010080563289876585,0.0005997215559128461
bdb2023_sack,mean_entropy,40,boosted_structure,relnet,100,0.0003428690468834042,0.005823666533962241,-0.006768304152703292,0.0072278393165365025,0.000582366653396224
bdb2023_sack,mean_entropy,40,boosted_structure,attn_relnet,100,0.00015704731727143734,0.005824624163253379,-0.007527481085648452,0.006593284498563904,0.0005824624163253379
bdb2023_sack,mean_entropy,40,boosted_structure,set_transformer,100,0.0007891501382934083,0.005952787974728233,-0.007551980889476273,0.008235868458204898,0.0005952787974728233
bdb2023_sack,mean_entropy,40,relnet,attn_relnet,100,-0.00018582172961196687,0.0017192144876437823,-0.0015641725717565613,0.0018974052502774882,0.00017192144876437823
bdb2023_sack,mean_entropy,40,relnet,set_transformer,100,0.00044628109141000406,0.005330600586367983,-0.005087772102524862,0.007704783435861755,0.0005330600586367983
bdb2023_sack,mean_entropy,40,attn_relnet,set_transformer,100,0.000632102821021971,0.005089593186723512,-0.00491579966756221,0.0072789366682817075,0.0005089593186723512
bdb2023_sack,mean_entropy,50,linear_structure,boosted_structure,100,0.0009358165191645546,0.004982517006546975,-0.005343466076191036,0.007091515656113646,0.0004982517006546976
bdb2023_sack,mean_entropy,50,linear_structure,relnet,100,0.000638104945499221,0.006376347202717677,-0.005928255166900057,0.008927240891757726,0.0006376347202717677
bdb2023_sack,mean_entropy,50,linear_structure,attn_relnet,100,0.0007858536380971792,0.006454355332600566,-0.00610111074278076,0.009208778859949559,0.0006454355332600566
bdb2023_sack,mean_entropy,50,linear_structure,set_transformer,100,0.0005550879698426151,0.00568526096559516,-0.006377255243205507,0.007447320824730595,0.000568526096559516
bdb2023_sack,mean_entropy,50,boosted_structure,relnet,100,-0.00029771157366533353,0.0055201782084600675,-0.007862387022832451,0.00602898881852508,0.0005520178208460068
bdb2023_sack,mean_entropy,50,boosted_structure,attn_relnet,100,-0.00014996288106737532,0.005598910481970837,-0.007713261275310126,0.005927956594826502,0.0005598910481970837
bdb2023_sack,mean_entropy,50,boosted_structure,set_transformer,100,-0.0003807285493219395,0.0058913916905239325,-0.00708578391441621,0.00735835315984357,0.0005891391690523932
bdb2023_sack,mean_entropy,50,relnet,attn_relnet,100,0.0001477486925979582,0.001327655701015324,-0.0015061770628428644,0.0020760278549123283,0.0001327655701015324
bdb2023_sack,mean_entropy,50,relnet,set_transformer,100,-8.301697565660598e-05,0.005464987757406512,-0.0069818186817094535,0.0078085399383055285,0.0005464987757406512
bdb2023_sack,mean_entropy,50,attn_relnet,set_transformer,100,-0.00023076566825456417,0.005352190507037428,-0.006466491067542518,0.006529289585998089,0.0005352190507037428
bdb2023_sack,mean_entropy,60,linear_structure,boosted_structure,100,-0.0004270650271659518,0.005526307530551207,-0.007603537056960955,0.007760886487485814,0.0005526307530551208
bdb2023_sack,mean_entropy,60,linear_structure,relnet,100,0.00038958618505648303,0.006040127997169689,-0.007661076083549914,0.008156527977517014,0.0006040127997169689
bdb2023_sack,mean_entropy,60,linear_structure,attn_relnet,100,0.00033316913935636875,0.0059871431580951,-0.007496828365282401,0.008054281914407473,0.00059871431580951
bdb2023_sack,mean_entropy,60,linear_structure,set_transformer,100,-0.0002163465671402151,0.006278738840677821,-0.00827700826685343,0.00770350803382606,0.000627873884067782
bdb2023_sack,mean_entropy,60,boosted_structure,relnet,100,0.0008166512122224348,0.005403671363448441,-0.005563030061239293,0.007922652099546046,0.0005403671363448441
bdb2023_sack,mean_entropy,60,boosted_structure,attn_relnet,100,0.0007602341665223206,0.005377129960234945,-0.006159060446620543,0.007464042480767548,0.0005377129960234945
bdb2023_sack,mean_entropy,60,boosted_structure,set_transformer,100,0.0002107184600257367,0.005810252460162932,-0.0073721945065665035,0.008142399052793124,0.0005810252460162933
bdb2023_sack,mean_entropy,60,relnet,attn_relnet,100,-5.6417045700114244e-05,0.0015055001416521762,-0.0018597916574547067,0.001703339890701922,0.0001505500141652176
bdb2023_sack,mean_entropy,60,relnet,set_transformer,100,-0.0006059327521966982,0.004786952490328583,-0.0062247848584018745,0.00613678869051872,0.0004786952490328583
bdb2023_sack,mean_entropy,60,attn_relnet,set_transformer,100,-0.0005495157064965839,0.004826484985265978,-0.006894148715438677,0.005346766532327842,0.0004826484985265978
bdb2023_sack,game_equal_mean_entropy,10,linear_structure,boosted_structure,100,-9.137034611103323e-06,0.0050313324255067795,-0.006023584114693081,0.005690043973041856,0.0005031332425506779
bdb2023_sack,game_equal_mean_entropy,10,linear_structure,relnet,100,0.0005004154868343497,0.006388627272205572,-0.007538933793430449,0.008127941130005086,0.0006388627272205572
bdb2023_sack,game_equal_mean_entropy,10,linear_structure,attn_relnet,100,0.0005845157857726282,0.006481992558843738,-0.007191677302429178,0.008355950573033916,0.0006481992558843737
bdb2023_sack,game_equal_mean_entropy,10,linear_structure,set_transformer,100,5.7426881324173785e-05,0.005793335104691627,-0.006547826950535754,0.007196132245653063,0.0005793335104691627
bdb2023_sack,game_equal_mean_entropy,10,boosted_structure,relnet,100,0.000509552521445453,0.005459988834375971,-0.006128349210270106,0.008177184033361382,0.0005459988834375971
bdb2023_sack,game_equal_mean_entropy,10,boosted_structure,attn_relnet,100,0.0005936528203837316,0.005535527526871354,-0.0060953765912322485,0.008095338390914222,0.0005535527526871354
bdb2023_sack,game_equal_mean_entropy,10,boosted_structure,set_transformer,100,6.65639159352771e-05,0.004545672550137407,-0.005730342443776776,0.005595797449039487,0.00045456725501374066
bdb2023_sack,game_equal_mean_entropy,10,relnet,attn_relnet,100,8.410029893827859e-05,0.0008353888193472227,-0.0007267885000723173,0.0010211292230969857,8.353888193472227e-05
bdb2023_sack,game_equal_mean_entropy,10,relnet,set_transformer,100,-0.00044298860551017586,0.005220903474496409,-0.006692906367824697,0.005721584187239068,0.0005220903474496409
bdb2023_sack,game_equal_mean_entropy,10,attn_relnet,set_transformer,100,-0.0005270889044484545,0.005252027605761465,-0.006923489573417521,0.0058869438370583735,0.0005252027605761464
bdb2023_sack,game_equal_mean_entropy,20,linear_structure,boosted_structure,100,0.0009451040467863444,0.005131413751841435,-0.005459015207325807,0.008242364856403072,0.0005131413751841435
bdb2023_sack,game_equal_mean_entropy,20,linear_structure,relnet,100,0.0011883999950408205,0.005778899408470851,-0.005075206228005297,0.008147282623715136,0.0005778899408470852
bdb2023_sack,game_equal_mean_entropy,20,linear_structure,attn_relnet,100,0.0011198356887849655,0.0056529980980366806,-0.004934665813550662,0.008189867753612658,0.000565299809803668
bdb2023_sack,game_equal_mean_entropy,20,linear_structure,set_transformer,100,0.0004026087536558481,0.005379144891404423,-0.006690735181360027,0.007534495339199565,0.0005379144891404424
bdb2023_sack,game_equal_mean_entropy,20,boosted_structure,relnet,100,0.0002432959482544761,0.006148858590882505,-0.007648825180516375,0.007800801629765448,0.0006148858590882505
bdb2023_sack,game_equal_mean_entropy,20,boosted_structure,attn_relnet,100,0.0001747316419986211,0.006224860432182175,-0.007643307309383296,0.008434039637826657,0.0006224860432182175
bdb2023_sack,game_equal_mean_entropy,20,boosted_structure,set_transformer,100,-0.0005424952931304964,0.005736128965441129,-0.0070703281913128,0.00681344248796273,0.0005736128965441129
bdb2023_sack,game_equal_mean_entropy,20,relnet,attn_relnet,100,-6.856430625585496e-05,0.0016382734884076383,-0.0013639390036287058,0.0011666627145441402,0.00016382734884076383
bdb2023_sack,game_equal_mean_entropy,20,relnet,set_transformer,100,-0.0007857912413849724,0.005701035351343854,-0.008588210946161407,0.006905562003628413,0.0005701035351343855
bdb2023_sack,game_equal_mean_entropy,20,attn_relnet,set_transformer,100,-0.0007172269351291174,0.005735310927317967,-0.008303575180008274,0.006847355820939828,0.0005735310927317967
bdb2023_sack,game_equal_mean_entropy,30,linear_structure,boosted_structure,100,-0.00011715329848474176,0.0048426821590901855,-0.006135685567677884,0.005838320140484728,0.0004842682159090186
bdb2023_sack,game_equal_mean_entropy,30,linear_structure,relnet,100,0.00030686168568965167,0.006220569171253758,-0.008306276681648257,0.007027155129262129,0.0006220569171253758
bdb2023_sack,game_equal_mean_entropy,30,linear_structure,attn_relnet,100,0.00030522718325672326,0.006018106003228581,-0.007869587874025929,0.006910795946589729,0.0006018106003228581
bdb2023_sack,game_equal_mean_entropy,30,linear_structure,set_transformer,100,8.636370339257627e-05,0.006132649406446425,-0.007993902928575167,0.00848727683301709,0.0006132649406446424
bdb2023_sack,game_equal_mean_entropy,30,boosted_structure,relnet,100,0.0004240149841743934,0.005390351816654803,-0.006275552709518275,0.007080791112524138,0.0005390351816654803
bdb2023_sack,game_equal_mean_entropy,30,boosted_structure,attn_relnet,100,0.00042238048174146506,0.005229007846627814,-0.006063515603744335,0.00743026756670438,0.0005229007846627813
bdb2023_sack,game_equal_mean_entropy,30,boosted_structure,set_transformer,100,0.00020351700187731803,0.005583111902096092,-0.005167305192754318,0.006266898724169166,0.0005583111902096093
bdb2023_sack,game_equal_mean_entropy,30,relnet,attn_relnet,100,-1.6345024329283976e-06,0.0011933066868375134,-0.0014713317917739721,0.0015269734471621392,0.00011933066868375134
bdb2023_sack,game_equal_mean_entropy,30,relnet,set_transformer,100,-0.0002204979822970754,0.005610315662374295,-0.007063309799409801,0.007638028529270609,0.0005610315662374295
bdb2023_sack,game_equal_mean_entropy,30,attn_relnet,set_transformer,100,-0.000218863479864147,0.005608858739212528,-0.006575654829235147,0.007249936140381236,0.0005608858739212529
bdb2023_sack,game_equal_mean_entropy,40,linear_structure,boosted_structure,100,0.0007301312082629902,0.004283373165057444,-0.005162791361185903,0.006190071615014097,0.00042833731650574445
bdb2023_sack,game_equal_mean_entropy,40,linear_structure,relnet,100,0.0008217464548990714,0.006327203305345662,-0.0065966469477672235,0.00927119775351022,0.0006327203305345662
bdb2023_sack,game_equal_mean_entropy,40,linear_structure,attn_relnet,100,0.0006231698741391028,0.006133272298101005,-0.006720451724420334,0.00781956033403785,0.0006133272298101005
bdb2023_sack,game_equal_mean_entropy,40,linear_structure,set_transformer,100,0.0013073159719769808,0.00592442121333543,-0.006148103855014816,0.009639131765445104,0.000592442121333543
bdb2023_sack,game_equal_mean_entropy,40,boosted_structure,relnet,100,9.161524663608117e-05,0.005787720345588016,-0.006684752690158125,0.006638634511652816,0.0005787720345588016
bdb2023_sack,game_equal_mean_entropy,40,boosted_structure,attn_relnet,100,-0.00010696133412388731,0.005781913179407519,-0.007306177614304959,0.006275186357809648,0.0005781913179407519
bdb2023_sack,game_equal_mean_entropy,40,boosted_structure,set_transformer,100,0.0005771847637139907,0.005865147544887323,-0.007134665783949478,0.008034991524881917,0.0005865147544887323
bdb2023_sack,game_equal_mean_entropy,40,relnet,attn_relnet,100,-0.00019857658075996847,0.001692332162621736,-0.0015766331898065173,0.0018037701752890926,0.00016923321626217359
bdb2023_sack,game_equal_mean_entropy,40,relnet,set_transformer,100,0.0004855695170779095,0.005319205991642343,-0.005207839043951897,0.007783108173897504,0.0005319205991642344
bdb2023_sack,game_equal_mean_entropy,40,attn_relnet,set_transformer,100,0.000684146097837878,0.005084095934322717,-0.005379115902673326,0.0073912229988186496,0.0005084095934322717
bdb2023_sack,game_equal_mean_entropy,50,linear_structure,boosted_structure,100,0.0010577688881009855,0.0050498933891338525,-0.0048423997459529885,0.007393536416884097,0.0005049893389133853
bdb2023_sack,game_equal_mean_entropy,50,linear_structure,relnet,100,0.0004185817306250933,0.006441375382705306,-0.006581356169860516,0.008722724566457549,0.0006441375382705306
bdb2023_sack,game_equal_mean_entropy,50,linear_structure,attn_relnet,100,0.0005712403922966719,0.0064968924214182855,-0.006331660275048287,0.008644427717191702,0.0006496892421418286
bdb2023_sack,game_equal_mean_entropy,50,linear_structure,set_transformer,100,0.00038083386476231467,0.005744420951158009,-0.0067117451483985156,0.008053060077132511,0.000574442095115801
bdb2023_sack,game_equal_mean_entropy,50,boosted_structure,relnet,100,-0.0006391871574758923,0.005538461832116243,-0.00814006220710374,0.005500321468980541,0.0005538461832116242
bdb2023_sack,game_equal_mean_entropy,50,boosted_structure,attn_relnet,100,-0.0004865284958043137,0.005588660979979339,-0.008164939130526933,0.0057245713788681065,0.0005588660979979339
bdb2023_sack,game_equal_mean_entropy,50,boosted_structure,set_transformer,100,-0.0006769350233386709,0.005896577606327118,-0.007334406049723988,0.006779417867215112,0.0005896577606327118
bdb2023_sack,game_equal_mean_entropy,50,relnet,attn_relnet,100,0.0001526586616715786,0.001332738839127496,-0.001516908067516551,0.002044083063508333,0.0001332738839127496
bdb2023_sack,game_equal_mean_entropy,50,relnet,set_transformer,100,-3.7747865862778615e-05,0.005520846367763518,-0.006782288811171211,0.007624573025299559,0.0005520846367763518
bdb2023_sack,game_equal_mean_entropy,50,attn_relnet,set_transformer,100,-0.00019040652753435721,0.005399571227496852,-0.00644661706989699,0.006272488615385143,0.0005399571227496852
bdb2023_sack,game_equal_mean_entropy,60,linear_structure,boosted_structure,100,-0.0003233406268872513,0.00558977851909275,-0.007668276501863034,0.007629919224697838,0.000558977851909275
bdb2023_sack,game_equal_mean_entropy,60,linear_structure,relnet,100,0.00019671402444501496,0.0060605160857256845,-0.008097207921746721,0.007992967306916225,0.0006060516085725685
bdb2023_sack,game_equal_mean_entropy,60,linear_structure,attn_relnet,100,0.00014435824916850053,0.006006598533518554,-0.008103949620655707,0.007604345664580227,0.0006006598533518555
bdb2023_sack,game_equal_mean_entropy,60,linear_structure,set_transformer,100,-0.0003609965666390569,0.006354618038681426,-0.008383128418416753,0.0073789127578216054,0.0006354618038681427
bdb2023_sack,game_equal_mean_entropy,60,boosted_structure,relnet,100,0.0005200546513322663,0.005551458208049137,-0.006143282230271973,0.007820039555430938,0.0005551458208049138
bdb2023_sack,game_equal_mean_entropy,60,boosted_structure,attn_relnet,100,0.0004676988760557518,0.0055259730642385945,-0.006556295156968772,0.007716717689539587,0.0005525973064238594
bdb2023_sack,game_equal_mean_entropy,60,boosted_structure,set_transformer,100,-3.7655939751805586e-05,0.005850086525383962,-0.007709693052600932,0.00788536938137008,0.0005850086525383962
bdb2023_sack,game_equal_mean_entropy,60,relnet,attn_relnet,100,-5.2355775276514417e-05,0.0015057356469569375,-0.0018984633648647053,0.0017254165098929991,0.00015057356469569375
bdb2023_sack,game_equal_mean_entropy,60,relnet,set_transformer,100,-0.0005577105910840719,0.0048785083373788195,-0.006360723464514562,0.0051670685043590115,0.00048785083373788197
bdb2023_sack,game_equal_mean_entropy,60,attn_relnet,set_transformer,100,-0.0005053548158075574,0.004923848340982829,-0.007257618188671186,0.00569084156166645,0.000492384834098283
bdb2023_sack,mean_va_imprecision,10,linear_structure,boosted_structure,100,-6.374433739012872e-06,0.0019360891156303137,-0.0024609628466535577,0.002302988106775874,0.00019360891156303136
bdb2023_sack,mean_va_imprecision,10,linear_structure,relnet,100,0.0005112607043513791,0.0021839915412142446,-0.002022918410072791,0.0033595459309904946,0.00021839915412142445
bdb2023_sack,mean_va_imprecision,10,linear_structure,attn_relnet,100,0.0005265975875607996,0.0022125568297125414,-0.0024505635557708952,0.003403010834447333,0.00022125568297125413
bdb2023_sack,mean_va_imprecision,10,linear_structure,set_transformer,100,0.0002719280183760064,0.002391836207238617,-0.0023398512302831493,0.0038719774324260233,0.0002391836207238617
bdb2023_sack,mean_va_imprecision,10,boosted_structure,relnet,100,0.0005176351380903919,0.0019212020237239997,-0.0018566632731760709,0.0031798689703300817,0.00019212020237239998
bdb2023_sack,mean_va_imprecision,10,boosted_structure,attn_relnet,100,0.0005329720212998124,0.0020057118229176874,-0.001888600476908382,0.0033016906281422348,0.00020057118229176873
bdb2023_sack,mean_va_imprecision,10,boosted_structure,set_transformer,100,0.0002783024521150194,0.002030614030910015,-0.002375666530635211,0.003024941432433917,0.0002030614030910015
bdb2023_sack,mean_va_imprecision,10,relnet,attn_relnet,100,1.5336883209420445e-05,0.00034398830388676085,-0.0004116634710054222,0.0005067285446975502,3.4398830388676086e-05
bdb2023_sack,mean_va_imprecision,10,relnet,set_transformer,100,-0.00023933268597537257,0.001989099413569602,-0.0026588042477260687,0.002310976834015148,0.0001989099413569602
bdb2023_sack,mean_va_imprecision,10,attn_relnet,set_transformer,100,-0.0002546695691847931,0.0019882246015088447,-0.0027663442925260945,0.002256491438038433,0.00019882246015088447
bdb2023_sack,mean_va_imprecision,20,linear_structure,boosted_structure,100,0.000602276520444002,0.002335592598100524,-0.0020884795071383928,0.003434452865260352,0.0002335592598100524
bdb2023_sack,mean_va_imprecision,20,linear_structure,relnet,100,0.0004866541025007533,0.0021713907774841205,-0.002389702739027939,0.0032569242824322326,0.00021713907774841205
bdb2023_sack,mean_va_imprecision,20,linear_structure,attn_relnet,100,0.00044515588254228993,0.002156101812462086,-0.0019346102964740708,0.00315469100407221,0.0002156101812462086
bdb2023_sack,mean_va_imprecision,20,linear_structure,set_transformer,100,0.00012028041129265725,0.0024279227252050374,-0.002806457227562687,0.002889581900404348,0.00024279227252050375
bdb2023_sack,mean_va_imprecision,20,boosted_structure,relnet,100,-0.00011562241794324876,0.002221366782524044,-0.0026818765027775667,0.0023437657449577763,0.0002221366782524044
bdb2023_sack,mean_va_imprecision,20,boosted_structure,attn_relnet,100,-0.00015712063790171212,0.0022230305160554006,-0.0025402850266839725,0.0022491969148827774,0.00022230305160554007
bdb2023_sack,mean_va_imprecision,20,boosted_structure,set_transformer,100,-0.00048199610915134486,0.0021693523014264505,-0.003600693719283639,0.002325575016975523,0.00021693523014264504
bdb2023_sack,mean_va_imprecision,20,relnet,attn_relnet,100,-4.149821995846333e-05,0.0006246063329720776,-0.0006385267896751856,0.0005732524828837804,6.246063329720776e-05
bdb2023_sack,mean_va_imprecision,20,relnet,set_transformer,100,-0.0003663736912080961,0.0021439446578426966,-0.002897915425596521,0.0020491290191088766,0.00021439446578426966
bdb2023_sack,mean_va_imprecision,20,attn_relnet,set_transformer,100,-0.0003248754712496328,0.0021561354895131006,-0.002919341313443824,0.002538030349014894,0.00021561354895131005
bdb2023_sack,mean_va_imprecision,30,linear_structure,boosted_structure,100,0.0006877325879732086,0.0023875956748903183,-0.0016630046375621876,0.003268948268314589,0.00023875956748903182
bdb2023_sack,mean_va_imprecision,30,linear_structure,relnet,100,0.0006372341309019875,0.0024263569293884258,-0.0026952627556103806,0.003116322469275925,0.0002426356929388426
bdb2023_sack,mean_va_imprecision,30,linear_structure,attn_relnet,100,0.0006773005353838482,0.0024729223615574856,-0.0024803131791344126,0.0037108530690826615,0.0002472922361557486
bdb2023_sack,mean_va_imprecision,30,linear_structure,set_transformer,100,-3.941845861265326e-05,0.0024028828420681837,-0.0022116419578999363,0.0021079828344924717,0.00024028828420681836
bdb2023_sack,mean_va_imprecision,30,boosted_structure,relnet,100,-5.049845707122092e-05,0.0020834139314215142,-0.0028273047448462043,0.0025560797849164345,0.00020834139314215142
bdb2023_sack,mean_va_imprecision,30,boosted_structure,attn_relnet,100,-1.0432052589360226e-05,0.002054430723469343,-0.0027093025402043273,0.0026007603427908835,0.0002054430723469343
bdb2023_sack,mean_va_imprecision,30,boosted_structure,set_transformer,100,-0.0007271510465858616,0.002189572574623127,-0.0030795237543433263,0.0017814387625812711,0.0002189572574623127
bdb2023_sack,mean_va_imprecision,30,relnet,attn_relnet,100,4.0066404481860724e-05,0.000552978415548218,-0.00062246507376318,0.0008144524592700961,5.5297841554821796e-05
bdb2023_sack,mean_va_imprecision,30,relnet,set_transformer,100,-0.0006766525895146408,0.00221209118196831,-0.003320825885764038,0.0018473166902338908,0.000221209118196831
bdb2023_sack,mean_va_imprecision,30,attn_relnet,set_transformer,100,-0.0007167189939965014,0.0021971535751915544,-0.003437459005264516,0.0017914811723266425,0.00021971535751915544
bdb2023_sack,mean_va_imprecision,40,linear_structure,boosted_structure,100,0.0008063839283761752,0.0020821005469056158,-0.0014167636013812243,0.0031392055785641445,0.00020821005469056158
bdb2023_sack,mean_va_imprecision,40,linear_structure,relnet,100,0.000545786371557106,0.002311219791224183,-0.0022585035286719624,0.0029806546327258827,0.00023112197912241833
bdb2023_sack,mean_va_imprecision,40,linear_structure,attn_relnet,100,0.00039878326709672293,0.002237401515005831,-0.002403307697498171,0.002913707979257323,0.0002237401515005831
bdb2023_sack,mean_va_imprecision,40,linear_structure,set_transformer,100,0.00022128217506005383,0.002116583236865014,-0.0020497402601681106,0.0022044537761009638,0.00021165832368650142
bdb2023_sack,mean_va_imprecision,40,boosted_structure,relnet,100,-0.0002605975568190693,0.0020682582334925264,-0.002978138668286897,0.0026010738151194994,0.00020682582334925265
bdb2023_sack,mean_va_imprecision,40,boosted_structure,attn_relnet,100,-0.0004076006612794525,0.0019303603570861795,-0.0027331727158064405,0.0021858656308269193,0.00019303603570861795
bdb2023_sack,mean_va_imprecision,40,boosted_structure,set_transformer,100,-0.0005851017533161215,0.0022903184153784555,-0.0033073927221566914,0.0021581385325013217,0.00022903184153784555
bdb2023_sack,mean_va_imprecision,40,relnet,attn_relnet,100,-0.0001470031044603831,0.0007668474889350962,-0.0010283413929441576,0.0007022893426462788,7.668474889350961e-05
bdb2023_sack,mean_va_imprecision,40,relnet,set_transformer,100,-0.0003245041964970522,0.0021398429212263342,-0.0025188089233121195,0.00205171594198046,0.00021398429212263342
bdb2023_sack,mean_va_imprecision,40,attn_relnet,set_transformer,100,-0.00017750109203666902,0.002054847203168068,-0.0025483834816382345,0.0018743785002398952,0.00020548472031680683
bdb2023_sack,mean_va_imprecision,50,linear_structure,boosted_structure,100,0.0011046665492104742,0.0020551960330725855,-0.0014523621740987278,0.003518564057498569,0.00020551960330725854
bdb2023_sack,mean_va_imprecision,50,linear_structure,relnet,100,0.0006136163085696655,0.002479174694152494,-0.0026141625361715427,0.0036738431128871306,0.0002479174694152494
bdb2023_sack,mean_va_imprecision,50,linear_structure,attn_relnet,100,0.000641588527787565,0.002401266973914507,-0.002401659157375675,0.0034163501254623418,0.00024012669739145072
bdb2023_sack,mean_va_imprecision,50,linear_structure,set_transformer,100,0.0003731183262870062,0.0022130664023863192,-0.002150066186285129,0.0029777069066157054,0.0002213066402386319
bdb2023_sack,mean_va_imprecision,50,boosted_structure,relnet,100,-0.0004910502406408087,0.0021073095109004096,-0.003040679007703702,0.0022001894933464106,0.00021073095109004096
bdb2023_sack,mean_va_imprecision,50,boosted_structure,attn_relnet,100,-0.0004630780214229093,0.0020415510103750424,-0.0028411430158490933,0.002067485888804912,0.00020415510103750424
bdb2023_sack,mean_va_imprecision,50,boosted_structure,set_transformer,100,-0.0007315482229234683,0.0021792034967503655,-0.0029466294847659193,0.0018193957121377417,0.00021792034967503654
bdb2023_sack,mean_va_imprecision,50,relnet,attn_relnet,100,2.79722192178995e-05,0.0005899983146771967,-0.0007178921335328626,0.000772809844555037,5.8999831467719676e-05
bdb2023_sack,mean_va_imprecision,50,relnet,set_transformer,100,-0.00024049798228265932,0.0019998137714078426,-0.0024322616720960527,0.0018807055820121445,0.00019998137714078427
bdb2023_sack,mean_va_imprecision,50,attn_relnet,set_transformer,100,-0.0002684702015005587,0.0019722480709485186,-0.002316592860609035,0.0020752666134243257,0.00019722480709485186
bdb2023_sack,mean_va_imprecision,60,linear_structure,boosted_structure,100,0.001022490588371407,0.0023323357603985393,-0.001625406844655781,0.00373614953806633,0.00023323357603985393
bdb2023_sack,mean_va_imprecision,60,linear_structure,relnet,100,0.000928267873658763,0.002221559575157714,-0.0016935480795201145,0.003463209928998826,0.0002221559575157714
bdb2023_sack,mean_va_imprecision,60,linear_structure,attn_relnet,100,0.0008864811424326684,0.0020762316920062223,-0.001538009675478045,0.003045762280506023,0.00020762316920062222
bdb2023_sack,mean_va_imprecision,60,linear_structure,set_transformer,100,0.00020099391354879367,0.0022448328457185846,-0.0020352412824283742,0.002377346376465744,0.00022448328457185847
bdb2023_sack,mean_va_imprecision,60,boosted_structure,relnet,100,-9.422271471264373e-05,0.0018449568528875926,-0.0025983492209279034,0.0024364072473336807,0.00018449568528875927
bdb2023_sack,mean_va_imprecision,60,boosted_structure,attn_relnet,100,-0.00013600944593873855,0.0019738768943329127,-0.0026395983849079574,0.002539332373990578,0.00019738768943329126
bdb2023_sack,mean_va_imprecision,60,boosted_structure,set_transformer,100,-0.000821496674822613,0.0020661680581499195,-0.003373720221105134,0.0015914239165588262,0.00020661680581499195
bdb2023_sack,mean_va_imprecision,60,relnet,attn_relnet,100,-4.178673122609479e-05,0.0007062205426603778,-0.0008531456757950911,0.0006590686935740316,7.062205426603778e-05
bdb2023_sack,mean_va_imprecision,60,relnet,set_transformer,100,-0.0007272739601099692,0.0017246753567207044,-0.003046491788529392,0.0015173882135883783,0.00017246753567207044
bdb2023_sack,mean_va_imprecision,60,attn_relnet,set_transformer,100,-0.0006854872288838746,0.0017588650610638277,-0.0027834500248332403,0.0012540517404829516,0.00017588650610638276
bdb2023_sack,game_equal_mean_va_imprecision,10,linear_structure,boosted_structure,100,6.118540889499708e-05,0.001975856977012895,-0.002366216178624659,0.002531688366910908,0.0001975856977012895
bdb2023_sack,game_equal_mean_va_imprecision,10,linear_structure,relnet,100,0.0005410118673440874,0.0022395757279770807,-0.0019349129130172167,0.003467442540005819,0.00022395757279770808
bdb2023_sack,game_equal_mean_va_imprecision,10,linear_structure,attn_relnet,100,0.0005554947747919347,0.0022724677465129177,-0.0024129368863117354,0.0034886981291415205,0.00022724677465129177
bdb2023_sack,game_equal_mean_va_imprecision,10,linear_structure,set_transformer,100,0.0003090646295398143,0.002449900399460711,-0.002333452251851762,0.003948101011794589,0.00024499003994607113
bdb2023_sack,game_equal_mean_va_imprecision,10,boosted_structure,relnet,100,0.0004798264584490903,0.0019533193902239124,-0.0018636709729169887,0.0033518268049249895,0.00019533193902239123
bdb2023_sack,game_equal_mean_va_imprecision,10,boosted_structure,attn_relnet,100,0.0004943093658969376,0.002035488262641532,-0.0019547826193966537,0.0034064408848695853,0.0002035488262641532
bdb2023_sack,game_equal_mean_va_imprecision,10,boosted_structure,set_transformer,100,0.00024787922064481725,0.0020516076349260215,-0.002363054793213625,0.0030645890171701502,0.00020516076349260214
bdb2023_sack,game_equal_mean_va_imprecision,10,relnet,attn_relnet,100,1.4482907447847257e-05,0.0003460513619902262,-0.00041703519514375896,0.00047540443116637725,3.460513619902262e-05
bdb2023_sack,game_equal_mean_va_imprecision,10,relnet,set_transformer,100,-0.0002319472378042731,0.001994965454152267,-0.0026640744452510446,0.0023432416929750456,0.0001994965454152267
bdb2023_sack,game_equal_mean_va_imprecision,10,attn_relnet,set_transformer,100,-0.0002464301452521204,0.001996103996750254,-0.002921239369729431,0.0021705565211750486,0.00019961039967502538
bdb2023_sack,game_equal_mean_va_imprecision,20,linear_structure,boosted_structure,100,0.0006984013696106756,0.0024148063409711227,-0.0019259205186753438,0.0037785614582727194,0.00024148063409711227
bdb2023_sack,game_equal_mean_va_imprecision,20,linear_structure,relnet,100,0.0005382077464275837,0.002252069872415299,-0.0021782576476485987,0.003660253573753324,0.0002252069872415299
bdb2023_sack,game_equal_mean_va_imprecision,20,linear_structure,attn_relnet,100,0.000501207030889838,0.002237689385098017,-0.0019045305872787913,0.003498035674476473,0.0002237689385098017
bdb2023_sack,game_equal_mean_va_imprecision,20,linear_structure,set_transformer,100,0.00018788404787271936,0.0025125965251816414,-0.0028568462839652286,0.0030612506159955165,0.00025125965251816416
bdb2023_sack,game_equal_mean_va_imprecision,20,boosted_structure,relnet,100,-0.000160193623183092,0.0022643197099373237,-0.0027604715963077645,0.0022418886925060426,0.00022643197099373236
bdb2023_sack,game_equal_mean_va_imprecision,20,boosted_structure,attn_relnet,100,-0.00019719433872083768,0.002265709520964918,-0.0027691920536411026,0.002203309938333058,0.0002265709520964918
bdb2023_sack,game_equal_mean_va_imprecision,20,boosted_structure,set_transformer,100,-0.0005105173217379563,0.0021685565508313973,-0.0038150507265398673,0.0022024562039460512,0.00021685565508313973
bdb2023_sack,game_equal_mean_va_imprecision,20,relnet,attn_relnet,100,-3.7000715537745664e-05,0.0006207934409943872,-0.0006384551663316085,0.000555483751646181,6.207934409943872e-05
bdb2023_sack,game_equal_mean_va_imprecision,20,relnet,set_transformer,100,-0.0003503236985548644,0.0021772856514949636,-0.0028839219533080625,0.0021377797622330872,0.00021772856514949636
bdb2023_sack,game_equal_mean_va_imprecision,20,attn_relnet,set_transformer,100,-0.0003133229830171187,0.0021856214870862914,-0.0029617094485010274,0.002505853405406304,0.00021856214870862915
bdb2023_sack,game_equal_mean_va_imprecision,30,linear_structure,boosted_structure,100,0.0007621172648512149,0.002483498073049352,-0.0016864831453659794,0.0034991409416473287,0.00024834980730493517
bdb2023_sack,game_equal_mean_va_imprecision,30,linear_structure,relnet,100,0.0006693231580219617,0.0024591390511564263,-0.0026774143888543844,0.0033450880940538367,0.00024591390511564265
bdb2023_sack,game_equal_mean_va_imprecision,30,linear_structure,attn_relnet,100,0.0007051129882360771,0.002516818701006229,-0.0024800361994964707,0.00370151956639136,0.00025168187010062286
bdb2023_sack,game_equal_mean_va_imprecision,30,linear_structure,set_transformer,100,8.057302734444912e-06,0.002458278665246981,-0.0021546156500224854,0.0021254872403633864,0.00024582786652469814
bdb2023_sack,game_equal_mean_va_imprecision,30,boosted_structure,relnet,100,-9.279410682925324e-05,0.0020919376322995407,-0.002986936471304429,0.0025978329184648545,0.00020919376322995408
bdb2023_sack,game_equal_mean_va_imprecision,30,boosted_structure,attn_relnet,100,-5.7004276615137796e-05,0.002064262301627048,-0.002897122210021335,0.002462787690439062,0.0002064262301627048
bdb2023_sack,game_equal_mean_va_imprecision,30,boosted_structure,set_transformer,100,-0.0007540599621167699,0.002200869082881439,-0.003214441110176003,0.0017824506998585605,0.0002200869082881439
bdb2023_sack,game_equal_mean_va_imprecision,30,relnet,attn_relnet,100,3.578983021411541e-05,0.0005540473944380987,-0.000622979762662533,0.0008183802856172872,5.5404739443809874e-05
bdb2023_sack,game_equal_mean_va_imprecision,30,relnet,set_transformer,100,-0.0006612658552875169,0.0022406355369580153,-0.0032892155940622615,0.0020357248706837014,0.00022406355369580154
bdb2023_sack,game_equal_mean_va_imprecision,30,attn_relnet,set_transformer,100,-0.0006970556855016322,0.0022265036597568888,-0.003443935996570076,0.001961126161771002,0.00022265036597568887
bdb2023_sack,game_equal_mean_va_imprecision,40,linear_structure,boosted_structure,100,0.0008691863523567876,0.0021127174988395353,-0.0013934145997534257,0.0032279974880619995,0.00021127174988395353
bdb2023_sack,game_equal_mean_va_imprecision,40,linear_structure,relnet,100,0.0005857853345992541,0.00232663180996771,-0.002114735913551112,0.0029867650624894613,0.00023266318099677102
bdb2023_sack,game_equal_mean_va_imprecision,40,linear_structure,attn_relnet,100,0.0004356780957874529,0.0022725686920351115,-0.0025311040602176865,0.0029029422364610477,0.00022725686920351115
bdb2023_sack,game_equal_mean_va_imprecision,40,linear_structure,set_transformer,100,0.00026410811757786404,0.002150239200199885,-0.002109200936807627,0.0022460137510570493,0.00021502392001998847
bdb2023_sack,game_equal_mean_va_imprecision,40,boosted_structure,relnet,100,-0.0002834010177575335,0.0020778558528974124,-0.0031399730643292094,0.0025171686332089403,0.00020778558528974125
bdb2023_sack,game_equal_mean_va_imprecision,40,boosted_structure,attn_relnet,100,-0.0004335082565693349,0.001949564147102914,-0.0028499190081296873,0.0020948481563450977,0.0001949564147102914
bdb2023_sack,game_equal_mean_va_imprecision,40,boosted_structure,set_transformer,100,-0.0006050782347789236,0.0023055230506511906,-0.00344660102333952,0.002052806085392369,0.00023055230506511905
bdb2023_sack,game_equal_mean_va_imprecision,40,relnet,attn_relnet,100,-0.0001501072388118014,0.0007607303406793177,-0.0010389337669732134,0.000705829911891129,7.607303406793177e-05
bdb2023_sack,game_equal_mean_va_imprecision,40,relnet,set_transformer,100,-0.00032167721702139026,0.0021779941426830476,-0.0026299271032815285,0.002123251197390734,0.00021779941426830477
bdb2023_sack,game_equal_mean_va_imprecision,40,attn_relnet,set_transformer,100,-0.00017156997820958882,0.0021011521922291105,-0.0025495914592978154,0.0019345671319125001,0.00021011521922291104
bdb2023_sack,game_equal_mean_va_imprecision,50,linear_structure,boosted_structure,100,0.0011948068959486962,0.0021492623706197483,-0.0014056079091226384,0.00374827760497238,0.00021492623706197484
bdb2023_sack,game_equal_mean_va_imprecision,50,linear_structure,relnet,100,0.0006592252554921067,0.0025385906288350898,-0.0027590789805508878,0.0038199676946515525,0.000253859062883509
bdb2023_sack,game_equal_mean_va_imprecision,50,linear_structure,attn_relnet,100,0.0006866527047126013,0.0024585377842040227,-0.0025409990235347665,0.0035362581041133386,0.0002458537784204023
bdb2023_sack,game_equal_mean_va_imprecision,50,linear_structure,set_transformer,100,0.0004288760145013083,0.002291119427259194,-0.0021699877005050858,0.0028891658595844244,0.0002291119427259194
bdb2023_sack,game_equal_mean_va_imprecision,50,boosted_structure,relnet,100,-0.0005355816404565894,0.002148940782599,-0.0030942009453081153,0.0022467814608920903,0.0002148940782599
bdb2023_sack,game_equal_mean_va_imprecision,50,boosted_structure,attn_relnet,100,-0.0005081541912360948,0.002077529562188282,-0.0028357447023804215,0.002007050709652725,0.0002077529562188282
bdb2023_sack,game_equal_mean_va_imprecision,50,boosted_structure,set_transformer,100,-0.0007659308814473878,0.0022031927544077733,-0.003034998186594205,0.0017668042683175943,0.00022031927544077733
bdb2023_sack,game_equal_mean_va_imprecision,50,relnet,attn_relnet,100,2.742744922049461e-05,0.000598514115280663,-0.0006748191703953385,0.0007629506376597667,5.9851411528066304e-05
bdb2023_sack,game_equal_mean_va_imprecision,50,relnet,set_transformer,100,-0.0002303492409907984,0.0020225025477951545,-0.0024432432537725614,0.001992743863756668,0.00020225025477951545
bdb2023_sack,game_equal_mean_va_imprecision,50,attn_relnet,set_transformer,100,-0.00025777669021129294,0.001993255498872453,-0.0022565929679109857,0.0020326165752837543,0.0001993255498872453
bdb2023_sack,game_equal_mean_va_imprecision,60,linear_structure,boosted_structure,100,0.001122956150109326,0.0024201866671253315,-0.0016103548311976518,0.0038606672265123344,0.00024201866671253315
bdb2023_sack,game_equal_mean_va_imprecision,60,linear_structure,relnet,100,0.0010057044497378297,0.002309345649541135,-0.0017057237173772532,0.003616308213921608,0.0002309345649541135
bdb2023_sack,game_equal_mean_va_imprecision,60,linear_structure,attn_relnet,100,0.0009591191894630022,0.0021541483612997087,-0.0015074375726504803,0.0032869531968624287,0.00021541483612997088
bdb2023_sack,game_equal_mean_va_imprecision,60,linear_structure,set_transformer,100,0.00028636095099376306,0.0023341999772945295,-0.002158300428304576,0.0025341645631933966,0.00023341999772945294
bdb2023_sack,game_equal_mean_va_imprecision,60,boosted_structure,relnet,100,-0.0001172517003714966,0.00184944684036324,-0.0025281699284770936,0.002226915743238959,0.00018494468403632399
bdb2023_sack,game_equal_mean_va_imprecision,60,boosted_structure,attn_relnet,100,-0.0001638369606463241,0.0019890237553893924,-0.002817851736764145,0.002387363739110846,0.00019890237553893923
bdb2023_sack,game_equal_mean_va_imprecision,60,boosted_structure,set_transformer,100,-0.0008365951991155632,0.002071448074218097,-0.0034695145164100683,0.0016147881912585227,0.0002071448074218097
bdb2023_sack,game_equal_mean_va_imprecision,60,relnet,attn_relnet,100,-4.658526027482746e-05,0.0007160944201344897,-0.0008671178418898333,0.0006649845844245746,7.160944201344897e-05
bdb2023_sack,game_equal_mean_va_imprecision,60,relnet,set_transformer,100,-0.0007193434987440668,0.0017464593078729124,-0.0030834953083821526,0.0014360759399147428,0.00017464593078729123
bdb2023_sack,game_equal_mean_va_imprecision,60,attn_relnet,set_transformer,100,-0.0006727582384692393,0.001782162714670798,-0.002763818992201957,0.0013407542528493354,0.0001782162714670798
bdb2023_sack,p90_va_imprecision,10,linear_structure,boosted_structure,100,8.104391294788606e-05,0.0066283934195295515,-0.007713574177130271,0.008311901772235857,0.0006628393419529551
bdb2023_sack,p90_va_imprecision,10,linear_structure,relnet,100,0.0013597580443764261,0.0068481268030545295,-0.006705007007507537,0.010724208593693895,0.000684812680305453
bdb2023_sack,p90_va_imprecision,10,linear_structure,attn_relnet,100,0.0011604335263784885,0.007423458363637819,-0.008908550304046555,0.010727274781319485,0.0007423458363637819
bdb2023_sack,p90_va_imprecision,10,linear_structure,set_transformer,100,0.00026685461506520533,0.007475333465357663,-0.007669945317004136,0.010820697653475207,0.0007475333465357663
bdb2023_sack,p90_va_imprecision,10,boosted_structure,relnet,100,0.0012787141314285397,0.007074788263289732,-0.0071661306806179185,0.010776820353535407,0.0007074788263289732
bdb2023_sack,p90_va_imprecision,10,boosted_structure,attn_relnet,100,0.0010793896134306024,0.007083997943571982,-0.007598707628431149,0.01057711537740668,0.0007083997943571981
bdb2023_sack,p90_va_imprecision,10,boosted_structure,set_transformer,100,0.00018581070211731918,0.00705065958705783,-0.008633044335818548,0.009229080887519859,0.000705065958705783
bdb2023_sack,p90_va_imprecision,10,relnet,attn_relnet,100,-0.00019932451799793742,0.0026076678218878405,-0.003548368053105657,0.0022732309799925864,0.00026076678218878407
bdb2023_sack,p90_va_imprecision,10,relnet,set_transformer,100,-0.0010929034293112206,0.006947171354526862,-0.008753748747683952,0.007632561356409543,0.0006947171354526863
bdb2023_sack,p90_va_imprecision,10,attn_relnet,set_transformer,100,-0.0008935789113132832,0.007011497420116772,-0.009059860443570399,0.007054275158326479,0.0007011497420116772
bdb2023_sack,p90_va_imprecision,20,linear_structure,boosted_structure,100,0.0015132164131987816,0.006890725026110789,-0.007591360858066476,0.009309575697931925,0.0006890725026110789
bdb2023_sack,p90_va_imprecision,20,linear_structure,relnet,100,0.0010412428247893305,0.007323918728612265,-0.01022273430782453,0.009061328308893089,0.0007323918728612264
bdb2023_sack,p90_va_imprecision,20,linear_structure,attn_relnet,100,0.0012132090120423348,0.006878073606281102,-0.006860372342147876,0.00921787613995021,0.0006878073606281102
bdb2023_sack,p90_va_imprecision,20,linear_structure,set_transformer,100,0.0006522517802360852,0.007210840817606629,-0.009690429008459246,0.0096326092573936,0.0007210840817606629
bdb2023_sack,p90_va_imprecision,20,boosted_structure,relnet,100,-0.00047197358840945136,0.007311907651284887,-0.010201147501680394,0.010048524628790249,0.0007311907651284886
bdb2023_sack,p90_va_imprecision,20,boosted_structure,attn_relnet,100,-0.000300007401156447,0.006853735340961342,-0.008687991329809427,0.009595451975099365,0.0006853735340961343
bdb2023_sack,p90_va_imprecision,20,boosted_structure,set_transformer,100,-0.0008609646329626966,0.007370346021990379,-0.010894014467228727,0.00823998501638465,0.0007370346021990379
bdb2023_sack,p90_va_imprecision,20,relnet,attn_relnet,100,0.00017196618725300435,0.003018824209778293,-0.003012833691238342,0.00434991143590087,0.0003018824209778293
bdb2023_sack,p90_va_imprecision,20,relnet,set_transformer,100,-0.0003889910445532451,0.006665733969255035,-0.008328135689096452,0.0070893957315867175,0.0006665733969255035
bdb2023_sack,p90_va_imprecision,20,attn_relnet,set_transformer,100,-0.0005609572318062495,0.006509336566655261,-0.008553890458432455,0.007008064192391621,0.0006509336566655261
bdb2023_sack,p90_va_imprecision,30,linear_structure,boosted_structure,100,0.0012390278921268739,0.007625126055642252,-0.006915573012092929,0.011048843124205066,0.0007625126055642252
bdb2023_sack,p90_va_imprecision,30,linear_structure,relnet,100,0.001010089284707692,0.007298311140210672,-0.007086336543477729,0.010647751369554802,0.0007298311140210672
bdb2023_sack,p90_va_imprecision,30,linear_structure,attn_relnet,100,0.0013545607147693334,0.007258959874376299,-0.007166534657034333,0.010402518169819831,0.00072589598743763
bdb2023_sack,p90_va_imprecision,30,linear_structure,set_transformer,100,-0.00012462571658845026,0.006704454554906258,-0.007930188598847736,0.009340442598878446,0.0006704454554906259
bdb2023_sack,p90_va_imprecision,30,boosted_structure,relnet,100,-0.00022893860741918167,0.007918803975743849,-0.010121813239715113,0.010452009162159954,0.0007918803975743849
bdb2023_sack,p90_va_imprecision,30,boosted_structure,attn_relnet,100,0.00011553282264246008,0.007663562482407893,-0.008454525245121181,0.010483298303169917,0.0007663562482407893
bdb2023_sack,p90_va_imprecision,30,boosted_structure,set_transformer,100,-0.0013636536087153239,0.007132319538365309,-0.010635065830546157,0.007749302048210353,0.0007132319538365309
bdb2023_sack,p90_va_imprecision,30,relnet,attn_relnet,100,0.0003444714300616418,0.00301775010017241,-0.0027811805572882263,0.003574347309468771,0.000301775010017241
bdb2023_sack,p90_va_imprecision,30,relnet,set_transformer,100,-0.0011347150012961423,0.006587031513117302,-0.010023171567958471,0.007181557774284784,0.0006587031513117302
bdb2023_sack,p90_va_imprecision,30,attn_relnet,set_transformer,100,-0.0014791864313577845,0.006480367598443139,-0.009753899385828232,0.00701235874290195,0.0006480367598443138
bdb2023_sack,p90_va_imprecision,40,linear_structure,boosted_structure,100,0.0005441307383673759,0.00680167720725605,-0.007535372221619979,0.00942372489687068,0.000680167720725605
bdb2023_sack,p90_va_imprecision,40,linear_structure,relnet,100,0.00011708722195893299,0.006285891320667079,-0.007648821034978256,0.008235914639661546,0.0006285891320667079
bdb2023_sack,p90_va_imprecision,40,linear_structure,attn_relnet,100,-0.00018379398215320183,0.006396487770942106,-0.008701661508674643,0.008425568051277867,0.0006396487770942106
bdb2023_sack,p90_va_imprecision,40,linear_structure,set_transformer,100,-0.0008145281672620964,0.00643785873251018,-0.00856535989401801,0.006569868137083876,0.0006437858732510181
bdb2023_sack,p90_va_imprecision,40,boosted_structure,relnet,100,-0.0004270435164084429,0.006448571947305267,-0.008828236856039217,0.00826486746779785,0.0006448571947305267
bdb2023_sack,p90_va_imprecision,40,boosted_structure,attn_relnet,100,-0.0007279247205205777,0.006812117375432987,-0.009966557792936275,0.007084189563301829,0.0006812117375432987
bdb2023_sack,p90_va_imprecision,40,boosted_structure,set_transformer,100,-0.001358658905629472,0.006977006436010309,-0.011044475682678499,0.006984409979160898,0.0006977006436010309
bdb2023_sack,p90_va_imprecision,40,relnet,attn_relnet,100,-0.00030088120411213477,0.003095487675303963,-0.003947406101803328,0.003159403041121213,0.0003095487675303963
bdb2023_sack,p90_va_imprecision,40,relnet,set_transformer,100,-0.0009316153892210293,0.005634232239654086,-0.008111755833267034,0.006086824082493275,0.0005634232239654086
bdb2023_sack,p90_va_imprecision,40,attn_relnet,set_transformer,100,-0.0006307341851088947,0.005339606802180939,-0.007163044286930014,0.006164899111677937,0.0005339606802180939
bdb2023_sack,p90_va_imprecision,50,linear_structure,boosted_structure,100,0.001507109968470481,0.00578079058077831,-0.005935874998005842,0.00859440941857529,0.000578079058077831
bdb2023_sack,p90_va_imprecision,50,linear_structure,relnet,100,0.00029125630400357773,0.007089090844361902,-0.008368384709648551,0.00976707573057912,0.0007089090844361902
bdb2023_sack,p90_va_imprecision,50,linear_structure,attn_relnet,100,0.00041574725408079693,0.007119158724726337,-0.007968453439300964,0.009552765084757537,0.0007119158724726337
bdb2023_sack,p90_va_imprecision,50,linear_structure,set_transformer,100,-0.00019021938305618802,0.006361005054769496,-0.008408737802352208,0.008261178798936238,0.0006361005054769496
bdb2023_sack,p90_va_imprecision,50,boosted_structure,relnet,100,-0.0012158536644669036,0.006770443005519979,-0.009896271600860717,0.00807901059513964,0.0006770443005519979
bdb2023_sack,p90_va_imprecision,50,boosted_structure,attn_relnet,100,-0.0010913627143896841,0.006609205969179627,-0.009410570666776539,0.008640317638771777,0.0006609205969179627
bdb2023_sack,p90_va_imprecision,50,boosted_structure,set_transformer,100,-0.0016973293515266691,0.006329226472093593,-0.010884248492818138,0.006500895422613767,0.0006329226472093593
bdb2023_sack,p90_va_imprecision,50,relnet,attn_relnet,100,0.0001244909500772192,0.002808774302595933,-0.003105802722932715,0.004018755666033096,0.0002808774302595933
bdb2023_sack,p90_va_imprecision,50,relnet,set_transformer,100,-0.0004814756870597657,0.006257902122957711,-0.00794164007160173,0.0074471853257432035,0.0006257902122957711
bdb2023_sack,p90_va_imprecision,50,attn_relnet,set_transformer,100,-0.000605966637136985,0.006095267569072252,-0.008949214709453346,0.006107317255421996,0.0006095267569072251
bdb2023_sack,p90_va_imprecision,60,linear_structure,boosted_structure,100,0.001580627950334535,0.006895697946470992,-0.005852591241009099,0.010682957830769639,0.0006895697946470992
bdb2023_sack,p90_va_imprecision,60,linear_structure,relnet,100,0.0009907088314665192,0.006192273383868669,-0.006389416370177111,0.009562006438173915,0.0006192273383868669
bdb2023_sack,p90_va_imprecision,60,linear_structure,attn_relnet,100,0.0008917409466906632,0.005922374526210293,-0.006723414613129106,0.007770675683255025,0.0005922374526210292
bdb2023_sack,p90_va_imprecision,60,linear_structure,set_transformer,100,-0.0001043833607935689,0.006777750764502336,-0.006321168400786443,0.00861068603453854,0.0006777750764502337
bdb2023_sack,p90_va_imprecision,60,boosted_structure,relnet,100,-0.000589919118868016,0.006570676176945425,-0.00865233832407962,0.008040370854572,0.0006570676176945424
bdb2023_sack,p90_va_imprecision,60,boosted_structure,attn_relnet,100,-0.0006888870036438721,0.006683944979230527,-0.009212977935882242,0.007194833068684826,0.0006683944979230527
bdb2023_sack,p90_va_imprecision,60,boosted_structure,set_transformer,100,-0.0016850113111281043,0.007335252363237177,-0.0103083097560292,0.007278804778804791,0.0007335252363237177
bdb2023_sack,p90_va_imprecision,60,relnet,attn_relnet,100,-9.89678847758561e-05,0.0034918889994022153,-0.0043176375252470065,0.0039238115931949594,0.0003491888999402215
bdb2023_sack,p90_va_imprecision,60,relnet,set_transformer,100,-0.0010950921922600883,0.006701255858095551,-0.009201157542691046,0.007299122200430137,0.0006701255858095551
bdb2023_sack,p90_va_imprecision,60,attn_relnet,set_transformer,100,-0.0009961243074842324,0.006931767697900297,-0.008377210184258927,0.007274482603374611,0.0006931767697900297
bdb2023_sack,game_equal_p90_va_imprecision,10,linear_structure,boosted_structure,100,0.001180403099991273,0.00613754959151012,-0.006067580275206528,0.008911661305863012,0.0006137549591510121
bdb2023_sack,game_equal_p90_va_imprecision,10,linear_structure,relnet,100,0.0020983380787091875,0.006829862467393752,-0.006039183040699139,0.010640590316593654,0.0006829862467393753
bdb2023_sack,game_equal_p90_va_imprecision,10,linear_structure,attn_relnet,100,0.002039354760298255,0.006898699848742935,-0.006522769240659708,0.010942732986821264,0.0006898699848742935
bdb2023_sack,game_equal_p90_va_imprecision,10,linear_structure,set_transformer,100,0.0012325749677818284,0.007330867035416201,-0.007219879479934308,0.011261216026560137,0.0007330867035416201
bdb2023_sack,game_equal_p90_va_imprecision,10,boosted_structure,relnet,100,0.0009179349787179141,0.006156448136094344,-0.00577020813391982,0.009115114519203727,0.0006156448136094344
bdb2023_sack,game_equal_p90_va_imprecision,10,boosted_structure,attn_relnet,100,0.0008589516603069822,0.006082980340499181,-0.006154665624154866,0.008956824676662787,0.0006082980340499181
bdb2023_sack,game_equal_p90_va_imprecision,10,boosted_structure,set_transformer,100,5.217186779055544e-05,0.006005414371228918,-0.00765035381537026,0.00806295673778641,0.0006005414371228918
bdb2023_sack,game_equal_p90_va_imprecision,10,relnet,attn_relnet,100,-5.8983318410931994e-05,0.0014640518458411602,-0.0018666683154903417,0.0016157791733877236,0.000146405184584116
bdb2023_sack,game_equal_p90_va_imprecision,10,relnet,set_transformer,100,-0.000865763110927359,0.0059305408045359715,-0.006923594705368308,0.006902394152151397,0.0005930540804535971
bdb2023_sack,game_equal_p90_va_imprecision,10,attn_relnet,set_transformer,100,-0.0008067797925164269,0.005864859293205634,-0.006973244522032224,0.0068489267762580795,0.0005864859293205634
bdb2023_sack,game_equal_p90_va_imprecision,20,linear_structure,boosted_structure,100,0.0022892702921850274,0.006384031375562359,-0.004865992008241605,0.009694265642751018,0.0006384031375562359
bdb2023_sack,game_equal_p90_va_imprecision,20,linear_structure,relnet,100,0.001859503342878933,0.006929067578564605,-0.007010157376283192,0.011216662505536578,0.0006929067578564605
bdb2023_sack,game_equal_p90_va_imprecision,20,linear_structure,attn_relnet,100,0.001904151775606466,0.007019272964607546,-0.006801209746996896,0.011204359803467158,0.0007019272964607546
bdb2023_sack,game_equal_p90_va_imprecision,20,linear_structure,set_transformer,100,0.0014025830739411228,0.007154376254585334,-0.007399776897992631,0.009835998362297763,0.0007154376254585335
bdb2023_sack,game_equal_p90_va_imprecision,20,boosted_structure,relnet,100,-0.0004297669493060938,0.006000411654623413,-0.007810107445965082,0.006908062775217165,0.0006000411654623414
bdb2023_sack,game_equal_p90_va_imprecision,20,boosted_structure,attn_relnet,100,-0.0003851185165785612,0.0060038600492055925,-0.008546514046983145,0.007001653686294749,0.0006003860049205592
bdb2023_sack,game_equal_p90_va_imprecision,20,boosted_structure,set_transformer,100,-0.0008866872182439048,0.00611856479738018,-0.008750180549189825,0.006915268897257084,0.000611856479738018
bdb2023_sack,game_equal_p90_va_imprecision,20,relnet,attn_relnet,100,4.464843272753269e-05,0.002021915328776403,-0.002534059417971131,0.0025547004397590794,0.0002021915328776403
bdb2023_sack,game_equal_p90_va_imprecision,20,relnet,set_transformer,100,-0.00045692026893781113,0.005973568622167237,-0.00828546108544621,0.007317374138138203,0.0005973568622167237
bdb2023_sack,game_equal_p90_va_imprecision,20,attn_relnet,set_transformer,100,-0.0005015687016653438,0.00603750971713245,-0.00844604825463927,0.0069510553865298995,0.0006037509717132449
bdb2023_sack,game_equal_p90_va_imprecision,30,linear_structure,boosted_structure,100,0.002218480693329453,0.007288696569236557,-0.005611546121471037,0.01244991283116679,0.0007288696569236557
bdb2023_sack,game_equal_p90_va_imprecision,30,linear_structure,relnet,100,0.0018624730763930272,0.007049744506639674,-0.006403637768531491,0.009555250421668642,0.0007049744506639674
bdb2023_sack,game_equal_p90_va_imprecision,30,linear_structure,attn_relnet,100,0.00190677695823177,0.007079688595677877,-0.006482872883903481,0.00991174914997029,0.0007079688595677876
bdb2023_sack,game_equal_p90_va_imprecision,30,linear_structure,set_transformer,100,0.0006419556239950024,0.006292848216921147,-0.006168308017672639,0.00893678653555899,0.0006292848216921147
bdb2023_sack,game_equal_p90_va_imprecision,30,boosted_structure,relnet,100,-0.0003560076169364258,0.0061588192195450074,-0.00796258372893731,0.007727282789213693,0.0006158819219545008
bdb2023_sack,game_equal_p90_va_imprecision,30,boosted_structure,attn_relnet,100,-0.00031170373509768306,0.005966385948653197,-0.007549391376676239,0.007804436713523311,0.0005966385948653197
bdb2023_sack,game_equal_p90_va_imprecision,30,boosted_structure,set_transformer,100,-0.0015765250693344501,0.006243254833122676,-0.008517821292993192,0.0072155537206992785,0.0006243254833122676
bdb2023_sack,game_equal_p90_va_imprecision,30,relnet,attn_relnet,100,4.4303881838742666e-05,0.0020138971634587723,-0.002497425079059631,0.0021893540141820008,0.00020138971634587723
bdb2023_sack,game_equal_p90_va_imprecision,30,relnet,set_transformer,100,-0.0012205174523980244,0.005771007542787152,-0.0077145219440669256,0.005492059748459136,0.0005771007542787152
bdb2023_sack,game_equal_p90_va_imprecision,30,attn_relnet,set_transformer,100,-0.001264821334236767,0.005766433295211608,-0.008460413577867552,0.005011804194871176,0.0005766433295211608
bdb2023_sack,game_equal_p90_va_imprecision,40,linear_structure,boosted_structure,100,0.002057707165186382,0.006162114337237156,-0.005187877752713672,0.009685742057674848,0.0006162114337237157
bdb2023_sack,game_equal_p90_va_imprecision,40,linear_structure,relnet,100,0.0014237239077747898,0.0060518803665908566,-0.005105296210995302,0.008996360837768133,0.0006051880366590857
bdb2023_sack,game_equal_p90_va_imprecision,40,linear_structure,attn_relnet,100,0.0010549816124518197,0.006010271915653935,-0.005446886291349174,0.00826670714925937,0.0006010271915653935
bdb2023_sack,game_equal_p90_va_imprecision,40,linear_structure,set_transformer,100,0.00047910233361967704,0.005650875543675596,-0.005186472801503894,0.0073065773383289186,0.0005650875543675596
bdb2023_sack,game_equal_p90_va_imprecision,40,boosted_structure,relnet,100,-0.0006339832574115923,0.005412508695290605,-0.007603158310587176,0.0059688462922877755,0.0005412508695290606
bdb2023_sack,game_equal_p90_va_imprecision,40,boosted_structure,attn_relnet,100,-0.0010027255527345618,0.005539034401701339,-0.007195352664092528,0.006493522516779567,0.0005539034401701339
bdb2023_sack,game_equal_p90_va_imprecision,40,boosted_structure,set_transformer,100,-0.001578604831566705,0.005809135120027592,-0.009025351168805403,0.005499872621957063,0.0005809135120027592
bdb2023_sack,game_equal_p90_va_imprecision,40,relnet,attn_relnet,100,-0.0003687422953229698,0.002272428569900344,-0.0027620468228767795,0.0018593233935692381,0.0002272428569900344
bdb2023_sack,game_equal_p90_va_imprecision,40,relnet,set_transformer,100,-0.0009446215741551125,0.005204300524134321,-0.0070978226096326084,0.0050761101693315965,0.0005204300524134321
bdb2023_sack,game_equal_p90_va_imprecision,40,attn_relnet,set_transformer,100,-0.0005758792788321429,0.0046840516817239705,-0.007144697088766439,0.00471180727836009,0.00046840516817239704
bdb2023_sack,game_equal_p90_va_imprecision,50,linear_structure,boosted_structure,100,0.0035146412713809817,0.006085493677778478,-0.0025453589366476494,0.010231455273410732,0.0006085493677778478
bdb2023_sack,game_equal_p90_va_imprecision,50,linear_structure,relnet,100,0.002169401347087512,0.007071666912267412,-0.005899350921188216,0.012465393622302834,0.0007071666912267412
bdb2023_sack,game_equal_p90_va_imprecision,50,linear_structure,attn_relnet,100,0.002268991857454412,0.006889689502558145,-0.0062168820541718475,0.011437501351114059,0.0006889689502558146
bdb2023_sack,game_equal_p90_va_imprecision,50,linear_structure,set_transformer,100,0.001679506005076578,0.006786292882915024,-0.006588631175363958,0.008234205132462815,0.0006786292882915025
bdb2023_sack,game_equal_p90_va_imprecision,50,boosted_structure,relnet,100,-0.001345239924293469,0.005554089766850533,-0.008259614355362394,0.006179668026199799,0.0005554089766850532
bdb2023_sack,game_equal_p90_va_imprecision,50,boosted_structure,attn_relnet,100,-0.0012456494139265698,0.005562956082224489,-0.008543785888310706,0.005771623810888331,0.0005562956082224489
bdb2023_sack,game_equal_p90_va_imprecision,50,boosted_structure,set_transformer,100,-0.0018351352663044038,0.0055122050212834195,-0.008350071769082423,0.005807810524521159,0.000551220502128342
bdb2023_sack,game_equal_p90_va_imprecision,50,relnet,attn_relnet,100,9.959051036689981e-05,0.002176344507679904,-0.002383149579574978,0.002704204959051857,0.0002176344507679904
bdb2023_sack,game_equal_p90_va_imprecision,50,relnet,set_transformer,100,-0.0004898953420109344,0.005521810443986555,-0.007297979421302789,0.006395277776116609,0.0005521810443986555
bdb2023_sack,game_equal_p90_va_imprecision,50,attn_relnet,set_transformer,100,-0.0005894858523778342,0.005441237125342665,-0.007145329311806968,0.006348123732721172,0.0005441237125342665
bdb2023_sack,game_equal_p90_va_imprecision,60,linear_structure,boosted_structure,100,0.0034677711705435083,0.007169642157900748,-0.004569512829618646,0.013345284824081751,0.0007169642157900749
bdb2023_sack,game_equal_p90_va_imprecision,60,linear_structure,relnet,100,0.0031392137892123266,0.0066354140454285785,-0.00421610176406486,0.01050643742158965,0.0006635414045428579
bdb2023_sack,game_equal_p90_va_imprecision,60,linear_structure,attn_relnet,100,0.0029435915467885742,0.005907927434649449,-0.004315043021105721,0.00998187614716468,0.0005907927434649449
bdb2023_sack,game_equal_p90_va_imprecision,60,linear_structure,set_transformer,100,0.001919404672252681,0.0069373703603661215,-0.005393225027794556,0.010882032601769431,0.0006937370360366121
bdb2023_sack,game_equal_p90_va_imprecision,60,boosted_structure,relnet,100,-0.00032855738133118125,0.0058593363898840544,-0.007316916546471595,0.006099830768755314,0.0005859336389884054
bdb2023_sack,game_equal_p90_va_imprecision,60,boosted_structure,attn_relnet,100,-0.0005241796237549337,0.006157485721736439,-0.0072298159835571954,0.006170572288694631,0.0006157485721736439
bdb2023_sack,game_equal_p90_va_imprecision,60,boosted_structure,set_transformer,100,-0.0015483664982908268,0.006231833617285863,-0.010084629630033664,0.00574798684582327,0.0006231833617285863
bdb2023_sack,game_equal_p90_va_imprecision,60,relnet,attn_relnet,100,-0.00019562224242375265,0.0025193436144108077,-0.0027695488881577506,0.002452150283195856,0.0002519343614410808
bdb2023_sack,game_equal_p90_va_imprecision,60,relnet,set_transformer,100,-0.0012198091169596458,0.005354800397090794,-0.00803307749446358,0.005311015130482022,0.0005354800397090794
bdb2023_sack,game_equal_p90_va_imprecision,60,attn_relnet,set_transformer,100,-0.0010241868745358932,0.005610254264855751,-0.008212253322913483,0.0056518667829093365,0.0005610254264855751
bdb2023_sack,label0_set_coverage,10,linear_structure,boosted_structure,100,0.005530180283741918,0.08216852431735945,-0.08248587259933172,0.11080749606051533,0.008216852431735946
bdb2023_sack,label0_set_coverage,10,linear_structure,relnet,100,0.0003152920375253321,0.08499143367356757,-0.10884841261751496,0.10903451339080092,0.008499143367356757
bdb2023_sack,label0_set_coverage,10,linear_structure,attn_relnet,100,2.9421760810958154e-05,0.08466070807977331,-0.10884841261751496,0.11010215289388114,0.008466070807977332
bdb2023_sack,label0_set_coverage,10,linear_structure,set_transformer,100,0.006377685711398645,0.08414327323014613,-0.09301639286443071,0.10988984684704207,0.008414327323014613
bdb2023_sack,label0_set_coverage,10,boosted_structure,relnet,100,-0.005214888246216586,0.0804777462704778,-0.11575889547813197,0.09240817672495862,0.008047774627047779
bdb2023_sack,label0_set_coverage,10,boosted_structure,attn_relnet,100,-0.0055007585229309595,0.08087028008983183,-0.11543481216055185,0.09432028038461887,0.008087028008983182
bdb2023_sack,label0_set_coverage,10,boosted_structure,set_transformer,100,0.0008475054276567273,0.0923926219160595,-0.09854350516789633,0.09589733640316297,0.00923926219160595
bdb2023_sack,label0_set_coverage,10,relnet,attn_relnet,100,-0.00028587027671437393,0.009951478751316087,-0.0029564009692897965,0.003762850562826286,0.0009951478751316087
bdb2023_sack,label0_set_coverage,10,relnet,set_transformer,100,0.006062393673873313,0.07655246280431106,-0.09131125791598471,0.09489483065953654,0.007655246280431106
bdb2023_sack,label0_set_coverage,10,attn_relnet,set_transformer,100,0.006348263950587687,0.07570754056541856,-0.08888365612599915,0.09424028520499111,0.007570754056541856
bdb2023_sack,label0_set_coverage,20,linear_structure,boosted_structure,100,0.009951005019323528,0.07779336674069647,-0.07138824478274017,0.10377073467670468,0.007779336674069647
bdb2023_sack,label0_set_coverage,20,linear_structure,relnet,100,0.010990782178014337,0.07964233312042866,-0.0850488195049879,0.11963752000909998,0.007964233312042867
bdb2023_sack,label0_set_coverage,20,linear_structure,attn_relnet,100,0.01032751650836821,0.07950663507000245,-0.08512372587202909,0.12030567145676137,0.007950663507000246
bdb2023_sack,label0_set_coverage,20,linear_structure,set_transformer,100,0.00403768570319056,0.07645786984032728,-0.08350863873493788,0.08718336027068266,0.007645786984032728
bdb2023_sack,label0_set_coverage,20,boosted_structure,relnet,100,0.0010397771586908133,0.09493644589880748,-0.119378388749969,0.11008190327613122,0.009493644589880747
bdb2023_sack,label0_set_coverage,20,boosted_structure,attn_relnet,100,0.00037651148904468637,0.0953271890741297,-0.11030592623769321,0.10375252167747716,0.00953271890741297
bdb2023_sack,label0_set_coverage,20,boosted_structure,set_transformer,100,-0.005913319316132966,0.08341255063417537,-0.11145614076703904,0.07665143487882053,0.008341255063417537
bdb2023_sack,label0_set_coverage,20,relnet,attn_relnet,100,-0.000663265669646127,0.012152017976461586,-0.004122328307454159,0.006086798559962996,0.0012152017976461587
bdb2023_sack,label0_set_coverage,20,relnet,set_transformer,100,-0.006953096474823778,0.0829763727694052,-0.11496425426334134,0.08756476683937826,0.00829763727694052
bdb2023_sack,label0_set_coverage,20,attn_relnet,set_transformer,100,-0.00628983080517765,0.08344888730579099,-0.10833844579619725,0.08756476683937826,0.008344888730579099
bdb2023_sack,label0_set_coverage,30,linear_structure,boosted_structure,100,0.00946996949066142,0.07359742313211973,-0.07075864304709989,0.10621017938477566,0.007359742313211973
bdb2023_sack,label0_set_coverage,30,linear_structure,relnet,100,0.0030171501962968326,0.06779919533601736,-0.0858544914223963,0.08684353765385495,0.006779919533601736
bdb2023_sack,label0_set_coverage,30,linear_structure,attn_relnet,100,0.0043180130515832575,0.06829062586709615,-0.0871389835485048,0.08532163154453558,0.006829062586709615
bdb2023_sack,label0_set_coverage,30,linear_structure,set_transformer,100,0.012330682086766997,0.08866401716275209,-0.09442718894375668,0.12374718962926198,0.008866401716275209
bdb2023_sack,label0_set_coverage,30,boosted_structure,relnet,100,-0.006452819294364584,0.08157439325236876,-0.11521120678141167,0.09239457009624552,0.008157439325236876
bdb2023_sack,label0_set_coverage,30,boosted_structure,attn_relnet,100,-0.00515195643907816,0.08243049500963655,-0.11456208291953998,0.09782185866749135,0.008243049500963655
bdb2023_sack,label0_set_coverage,30,boosted_structure,set_transformer,100,0.002860712596105581,0.08237829194350932,-0.09238784918724537,0.10771453700942536,0.008237829194350932
bdb2023_sack,label0_set_coverage,30,relnet,attn_relnet,100,0.0013008628552864242,0.005477395437203638,-0.0029523120303240223,0.006656739759328356,0.0005477395437203639
bdb2023_sack,label0_set_coverage,30,relnet,set_transformer,100,0.009313531890470166,0.08203706165625044,-0.08924182962147267,0.11157433240334795,0.008203706165625043
bdb2023_sack,label0_set_coverage,30,attn_relnet,set_transformer,100,0.008012669035183741,0.08271449727949025,-0.08958406747678216,0.09884340371846437,0.008271449727949024
bdb2023_sack,label0_set_coverage,40,linear_structure,boosted_structure,100,0.014301753696997342,0.08182427158326827,-0.06369492561511218,0.1348007921165543,0.008182427158326826
bdb2023_sack,label0_set_coverage,40,linear_structure,relnet,100,0.012549393874722457,0.08809207570648755,-0.09008718026208647,0.12009163672721074,0.008809207570648755
bdb2023_sack,label0_set_coverage,40,linear_structure,attn_relnet,100,0.010875057513887008,0.08551680151110443,-0.09001655879315991,0.12322356759348861,0.008551680151110443
bdb2023_sack,label0_set_coverage,40,linear_structure,set_transformer,100,0.008729402062649869,0.0876949791926537,-0.06994399492404921,0.12733435582645808,0.00876949791926537
bdb2023_sack,label0_set_coverage,40,boosted_structure,relnet,100,-0.0017523598222748814,0.09810194741492802,-0.11929269987873367,0.09886984287929679,0.009810194741492802
bdb2023_sack,label0_set_coverage,40,boosted_structure,attn_relnet,100,-0.0034266961831103337,0.09499229763496687,-0.11922392408781209,0.09762846374913936,0.009499229763496687
bdb2023_sack,label0_set_coverage,40,boosted_structure,set_transformer,100,-0.005572351634347471,0.09925044042784228,-0.11717084783006773,0.12822481077889322,0.009925044042784228
bdb2023_sack,label0_set_coverage,40,relnet,attn_relnet,100,-0.0016743363608354522,0.021798935974170375,-0.005541950102937787,0.003522655841082301,0.0021798935974170373
bdb2023_sack,label0_set_coverage,40,relnet,set_transformer,100,-0.0038199918120725897,0.08039298343098976,-0.10034904306867712,0.08815875058390113,0.008039298343098977
bdb2023_sack,label0_set_coverage,40,attn_relnet,set_transformer,100,-0.0021456554512371373,0.07763978565760137,-0.0927062528355261,0.0873030583873958,0.007763978565760136
bdb2023_sack,label0_set_coverage,50,linear_structure,boosted_structure,100,0.008716711109091753,0.0807621211713923,-0.08533897398882555,0.10267931800365816,0.00807621211713923
bdb2023_sack,label0_set_coverage,50,linear_structure,relnet,100,0.012796571301067287,0.09071419408247612,-0.1024239417840965,0.12238613586435011,0.009071419408247612
bdb2023_sack,label0_set_coverage,50,linear_structure,attn_relnet,100,0.012377537385119859,0.09166564597097328,-0.09957823492148161,0.11500669289741611,0.009166564597097328
bdb2023_sack,label0_set_coverage,50,linear_structure,set_transformer,100,0.0020670196236298065,0.07890528608035809,-0.08051879008237853,0.09718645826016961,0.007890528608035808
bdb2023_sack,label0_set_coverage,50,boosted_structure,relnet,100,0.004079860191975533,0.08936599338982038,-0.11037525208873523,0.13126068151784548,0.008936599338982037
bdb2023_sack,label0_set_coverage,50,boosted_structure,attn_relnet,100,0.0036608262760281073,0.09035962604267485,-0.1111567271679632,0.13349554818791295,0.009035962604267485
bdb2023_sack,label0_set_coverage,50,boosted_structure,set_transformer,100,-0.006649691485461947,0.0884539389365435,-0.12663939049126804,0.10264271002528504,0.00884539389365435
bdb2023_sack,label0_set_coverage,50,relnet,attn_relnet,100,-0.00041903391594742546,0.013017579958273214,-0.005208570275525637,0.004628073416329953,0.0013017579958273214
bdb2023_sack,label0_set_coverage,50,relnet,set_transformer,100,-0.010729551677437481,0.07259208189005692,-0.11419634368449397,0.07836384387225295,0.007259208189005692
bdb2023_sack,label0_set_coverage,50,attn_relnet,set_transformer,100,-0.010310517761490055,0.07346209687306188,-0.11308726598712776,0.07976325768359206,0.007346209687306188
bdb2023_sack,label0_set_coverage,60,linear_structure,boosted_structure,100,0.006611980915252424,0.07499552778108856,-0.09167063072586329,0.09362029101588579,0.0074995527781088565
bdb2023_sack,label0_set_coverage,60,linear_structure,relnet,100,-0.00011000347517346242,0.07753983227391321,-0.08431899967285814,0.09389860755039471,0.007753983227391322
bdb2023_sack,label0_set_coverage,60,linear_structure,attn_relnet,100,-0.00022536026633382833,0.07740695781240967,-0.08551862383214714,0.09227439256125072,0.007740695781240967
bdb2023_sack,label0_set_coverage,60,linear_structure,set_transformer,100,0.012467547553845165,0.0803454138093046,-0.08304712620341557,0.11703839950950995,0.00803454138093046
bdb2023_sack,label0_set_coverage,60,boosted_structure,relnet,100,-0.006721984390425887,0.07686126146809519,-0.10671844771773899,0.10408688884171804,0.007686126146809519
bdb2023_sack,label0_set_coverage,60,boosted_structure,attn_relnet,100,-0.006837341181586253,0.07687897170048824,-0.10576321343048746,0.10377275936908416,0.007687897170048824
bdb2023_sack,label0_set_coverage,60,boosted_structure,set_transformer,100,0.005855566638592736,0.07930745098487485,-0.0944840909090909,0.09760135950005494,0.007930745098487485
bdb2023_sack,label0_set_coverage,60,relnet,attn_relnet,100,-0.0001153567911603659,0.005045774712502095,-0.003067720079665126,0.0030094721724677927,0.0005045774712502095
bdb2023_sack,label0_set_coverage,60,relnet,set_transformer,100,0.01257755102901862,0.06995586973542431,-0.06992117056636658,0.10401458923671628,0.0069955869735424305
bdb2023_sack,label0_set_coverage,60,attn_relnet,set_transformer,100,0.01269290782017899,0.07012721417180906,-0.06960408971128068,0.1015208916124446,0.007012721417180906
bdb2023_sack,label1_set_coverage,10,linear_structure,boosted_structure,100,-0.016790591865114387,0.08629016988498052,-0.13899999999999996,0.08579670329670333,0.008629016988498052
bdb2023_sack,label1_set_coverage,10,linear_structure,relnet,100,-0.016765475536412368,0.1010045937687683,-0.14330827067669166,0.09551820728291319,0.010100459376876831
bdb2023_sack,label1_set_coverage,10,linear_structure,attn_relnet,100,-0.016734563810857268,0.10076275554770085,-0.14330827067669166,0.09947124917382694,0.010076275554770085
bdb2023_sack,label1_set_coverage,10,linear_structure,set_transformer,100,-0.01222156385935208,0.09181663956436906,-0.12782465150403519,0.09956850053937438,0.009181663956436905
bdb2023_sack,label1_set_coverage,10,boosted_structure,relnet,100,2.511632870202507e-05,0.09401535848195203,-0.12159069235170705,0.13282273282273288,0.009401535848195202
bdb2023_sack,label1_set_coverage,10,boosted_structure,attn_relnet,100,5.602805425712232e-05,0.09402568288186722,-0.12159069235170705,0.13729930887825628,0.009402568288186721
bdb2023_sack,label1_set_coverage,10,boosted_structure,set_transformer,100,0.004569028005762311,0.09403760294982609,-0.08947368421052633,0.1200879120879121,0.009403760294982608
bdb2023_sack,label1_set_coverage,10,relnet,attn_relnet,100,3.091172555509947e-05,0.010191634459060305,-0.010752688172043001,0.010526315789473717,0.0010191634459060304
bdb2023_sack,label1_set_coverage,10,relnet,set_transformer,100,0.004543911677060286,0.08820983770373834,-0.10643094447081154,0.12280912364945984,0.008820983770373835
bdb2023_sack,label1_set_coverage,10,attn_relnet,set_transformer,100,0.0045129999515051865,0.08702837882462504,-0.11114599686028262,0.12510504201680672,0.008702837882462504
bdb2023_sack,label1_set_coverage,20,linear_structure,boosted_structure,100,0.008665938193130267,0.09300878938027585,-0.10450268817204297,0.12992213570634045,0.009300878938027585
bdb2023_sack,label1_set_coverage,20,linear_structure,relnet,100,0.00022383953670215172,0.08916893817107409,-0.12988522238163558,0.10362976406533586,0.008916893817107408
bdb2023_sack,label1_set_coverage,20,linear_structure,attn_relnet,100,-0.0009904848338452832,0.08964725744897654,-0.12988522238163558,0.10537513997760359,0.008964725744897654
bdb2023_sack,label1_set_coverage,20,linear_structure,set_transformer,100,-0.011066764681372602,0.07494488759216732,-0.10989159891598915,0.07776808116068505,0.007494488759216732
bdb2023_sack,label1_set_coverage,20,boosted_structure,relnet,100,-0.008442098656428115,0.08643059378424199,-0.11121495327102798,0.10571245186136075,0.0086430593784242
bdb2023_sack,label1_set_coverage,20,boosted_structure,attn_relnet,100,-0.009656423026975553,0.084327116826142,-0.10788530465949811,0.10225340136054424,0.0084327116826142
bdb2023_sack,label1_set_coverage,20,boosted_structure,set_transformer,100,-0.019732702874502867,0.09643801612271106,-0.15167895167895176,0.09389880952380954,0.009643801612271106
bdb2023_sack,label1_set_coverage,20,relnet,attn_relnet,100,-0.0012143243705474349,0.015719934387808963,-0.010537513997760383,0.009843937575030085,0.0015719934387808964
bdb2023_sack,label1_set_coverage,20,relnet,set_transformer,100,-0.011290604218074754,0.08853078024981757,-0.10610047846889951,0.098989898989899,0.008853078024981757
bdb2023_sack,label1_set_coverage,20,attn_relnet,set_transformer,100,-0.010076279847527318,0.08950589135045725,-0.09424724602203187,0.10224719101123608,0.008950589135045725
bdb2023_sack,label1_set_coverage,30,linear_structure,boosted_structure,100,-0.007254031974557996,0.09140780936916247,-0.11851393188854491,0.08593406593406598,0.009140780936916247
bdb2023_sack,label1_set_coverage,30,linear_structure,relnet,100,-0.020877020847199813,0.09473458162245182,-0.14196806777451937,0.08033333333333331,0.009473458162245183
bdb2023_sack,label1_set_coverage,30,linear_structure,attn_relnet,100,-0.02008297508049214,0.09856807368160748,-0.14196806777451937,0.0841219872110182,0.009856807368160749
bdb2023_sack,label1_set_coverage,30,linear_structure,set_transformer,100,-0.02933449570666174,0.0849556802066337,-0.14792569659442725,0.07609730848861285,0.00849556802066337
bdb2023_sack,label1_set_coverage,30,boosted_structure,relnet,100,-0.013622988872641817,0.09057285783997276,-0.11857282502443793,0.11461925287356325,0.009057285783997277
bdb2023_sack,label1_set_coverage,30,boosted_structure,attn_relnet,100,-0.012828943105934148,0.09072603176502667,-0.11212121212121216,0.1123929127725857,0.009072603176502667
bdb2023_sack,label1_set_coverage,30,boosted_structure,set_transformer,100,-0.022080463732103747,0.07426914272281142,-0.12181647940074904,0.06679611650485437,0.007426914272281142
bdb2023_sack,label1_set_coverage,30,relnet,attn_relnet,100,0.0007940457667076672,0.015422832990167267,-0.009372753414809486,0.010764375876577838,0.0015422832990167267
bdb2023_sack,label1_set_coverage,30,relnet,set_transformer,100,-0.008457474859461932,0.07071650607975596,-0.08884141999796565,0.07323369565217401,0.007071650607975597
bdb2023_sack,label1_set_coverage,30,attn_relnet,set_transformer,100,-0.009251520626169598,0.07136941730100094,-0.08983120288430024,0.07625603864734301,0.007136941730100094
bdb2023_sack,label1_set_coverage,40,linear_structure,boosted_structure,100,-0.00215286928067671,0.09206283796403729,-0.10776699029126209,0.10239028213166149,0.009206283796403729
bdb2023_sack,label1_set_coverage,40,linear_structure,relnet,100,-0.015279141238972154,0.0902185776217727,-0.1306842105263158,0.08207153829273647,0.00902185776217727
bdb2023_sack,label1_set_coverage,40,linear_structure,attn_relnet,100,-0.013871030707381495,0.09229517459098009,-0.13781512605042023,0.08439162422184499,0.00922951745909801
bdb2023_sack,label1_set_coverage,40,linear_structure,set_transformer,100,-0.01853566612523596,0.08674583785059335,-0.1384236453201971,0.08989887640449437,0.008674583785059335
bdb2023_sack,label1_set_coverage,40,boosted_structure,relnet,100,-0.013126271958295443,0.07873829677639049,-0.12647490820073434,0.07443365695792882,0.00787382967763905
bdb2023_sack,label1_set_coverage,40,boosted_structure,attn_relnet,100,-0.011718161426704787,0.08073203042001573,-0.11711375212224111,0.07449791210976332,0.008073203042001573
bdb2023_sack,label1_set_coverage,40,boosted_structure,set_transformer,100,-0.01638279684455925,0.08963825719216098,-0.12733477011494257,0.10352336448598137,0.008963825719216098
bdb2023_sack,label1_set_coverage,40,relnet,attn_relnet,100,0.0014081105315906562,0.01942304190864739,-0.010638297872340396,0.01098901098901095,0.001942304190864739
bdb2023_sack,label1_set_coverage,40,relnet,set_transformer,100,-0.0032565248862638087,0.08105132284630602,-0.09704695524578137,0.08696145124716552,0.008105132284630601
bdb2023_sack,label1_set_coverage,40,attn_relnet,set_transformer,100,-0.004664635417854465,0.08280449334997096,-0.10357963875205253,0.09747965087770923,0.008280449334997097
bdb2023_sack,label1_set_coverage,50,linear_structure,boosted_structure,100,-0.0008713344190240957,0.0872607975207909,-0.10391425908667286,0.1252450980392157,0.00872607975207909
bdb2023_sack,label1_set_coverage,50,linear_structure,relnet,100,-0.013515307615137468,0.08882843855812428,-0.1101111111111111,0.09779530744336583,0.008882843855812428
bdb2023_sack,label1_set_coverage,50,linear_structure,attn_relnet,100,-0.014902594699492656,0.08918402876714303,-0.11122448979591841,0.09784375705576892,0.008918402876714302
bdb2023_sack,label1_set_coverage,50,linear_structure,set_transformer,100,-0.018930658209460854,0.08542160051757941,-0.12169443459766041,0.07331971399387137,0.008542160051757942
bdb2023_sack,label1_set_coverage,50,boosted_structure,relnet,100,-0.012643973196113373,0.08589268802254296,-0.10148601398601396,0.10870147255689429,0.008589268802254297
bdb2023_sack,label1_set_coverage,50,boosted_structure,attn_relnet,100,-0.014031260280468565,0.0855804573283587,-0.10148601398601396,0.07911985018726593,0.00855804573283587
bdb2023_sack,label1_set_coverage,50,boosted_structure,set_transformer,100,-0.01805932379043676,0.09043362346053722,-0.14053466637687462,0.081890440386681,0.009043362346053723
bdb2023_sack,label1_set_coverage,50,relnet,attn_relnet,100,-0.001387287084355191,0.016135416479083713,-0.010638297872340396,0.01022534013605433,0.0016135416479083713
bdb2023_sack,label1_set_coverage,50,relnet,set_transformer,100,-0.005415350594323389,0.07414187526644103,-0.10330982094411283,0.07307180851063838,0.007414187526644103
bdb2023_sack,label1_set_coverage,50,attn_relnet,set_transformer,100,-0.004028063509968198,0.0765925679449583,-0.10427631578947365,0.08536394176931705,0.007659256794495831
bdb2023_sack,label1_set_coverage,60,linear_structure,boosted_structure,100,-0.0012005249955597097,0.0882724814100376,-0.10304363124560169,0.09149560117302061,0.00882724814100376
bdb2023_sack,label1_set_coverage,60,linear_structure,relnet,100,-0.013775995444524647,0.07580113120117178,-0.10584795321637426,0.07206349206349219,0.007580113120117178
bdb2023_sack,label1_set_coverage,60,linear_structure,attn_relnet,100,-0.014345143390707683,0.07663958890701511,-0.10584795321637426,0.07408963585434203,0.007663958890701511
bdb2023_sack,label1_set_coverage,60,linear_structure,set_transformer,100,-0.020021308834533135,0.05860530006427165,-0.09512743628185909,0.05681179775280907,0.005860530006427165
bdb2023_sack,label1_set_coverage,60,boosted_structure,relnet,100,-0.012575470448964936,0.08536568140790594,-0.11458333333333337,0.07873786407766994,0.008536568140790594
bdb2023_sack,label1_set_coverage,60,boosted_structure,attn_relnet,100,-0.013144618395147972,0.0840228850232426,-0.11532012195121955,0.0730235783633844,0.00840228850232426
bdb2023_sack,label1_set_coverage,60,boosted_structure,set_transformer,100,-0.018820783838973426,0.07662073004380089,-0.10041666666666664,0.07409356725146203,0.007662073004380089
bdb2023_sack,label1_set_coverage,60,relnet,attn_relnet,100,-0.000569147946183034,0.010162674607886826,-0.010893719806763225,0.010132575757575816,0.0010162674607886826
bdb2023_sack,label1_set_coverage,60,relnet,set_transformer,100,-0.00624531339000849,0.06963583975977905,-0.08439658675335229,0.08158914728682175,0.006963583975977905
bdb2023_sack,label1_set_coverage,60,attn_relnet,set_transformer,100,-0.005676165443825456,0.06944471583250042,-0.08705207835642613,0.07112403100775205,0.006944471583250042
bdb2023_sack,game_equal_label0_set_coverage,10,linear_structure,boosted_structure,100,0.0053153044200518855,0.08189406805566256,-0.08626985511006303,0.1112721059547749,0.008189406805566256
bdb2023_sack,game_equal_label0_set_coverage,10,linear_structure,relnet,100,0.0006194522655781243,0.0853139867429783,-0.10621237503114586,0.10897419062592555,0.00853139867429783
bdb2023_sack,game_equal_label0_set_coverage,10,linear_structure,attn_relnet,100,0.0002774401607670052,0.08492349118586189,-0.10621237503114586,0.10928523438395032,0.00849234911858619
bdb2023_sack,game_equal_label0_set_coverage,10,linear_structure,set_transformer,100,0.006223113339734113,0.08380610111608837,-0.08884423724433263,0.10978476376601556,0.008380610111608837
bdb2023_sack,game_equal_label0_set_coverage,10,boosted_structure,relnet,100,-0.0046958521544737605,0.08092345048383041,-0.11478052136650134,0.09157010065357944,0.008092345048383041
bdb2023_sack,game_equal_label0_set_coverage,10,boosted_structure,attn_relnet,100,-0.0050378642592848796,0.0813461015217675,-0.11196081142768619,0.09443475876903683,0.008134610152176749
bdb2023_sack,game_equal_label0_set_coverage,10,boosted_structure,set_transformer,100,0.0009078089196822281,0.09204653617402354,-0.10184207566939313,0.09222955172118301,0.009204653617402355
bdb2023_sack,game_equal_label0_set_coverage,10,relnet,attn_relnet,100,-0.0003420121048111191,0.010020793790123888,-0.00320784826000402,0.003947224704142828,0.0010020793790123889
bdb2023_sack,game_equal_label0_set_coverage,10,relnet,set_transformer,100,0.005603661074155989,0.07676869684131363,-0.09510772658805058,0.09454163858059172,0.007676869684131363
bdb2023_sack,game_equal_label0_set_coverage,10,attn_relnet,set_transformer,100,0.005945673178967108,0.07588586173596354,-0.09327301279438159,0.09405866691091115,0.007588586173596354
bdb2023_sack,game_equal_label0_set_coverage,20,linear_structure,boosted_structure,100,0.009829109120197348,0.07786175320739704,-0.07000238063256235,0.10407336275772468,0.007786175320739703
bdb2023_sack,game_equal_label0_set_coverage,20,linear_structure,relnet,100,0.011169937849887086,0.08003635673924284,-0.08902079107956287,0.11778450816446473,0.008003635673924283
bdb2023_sack,game_equal_label0_set_coverage,20,linear_structure,attn_relnet,100,0.010490792222116416,0.0799013336957351,-0.08822511566654062,0.11820269294774917,0.00799013336957351
bdb2023_sack,game_equal_label0_set_coverage,20,linear_structure,set_transformer,100,0.00426735166098122,0.07628452673291099,-0.08267219332131995,0.09036631386092467,0.007628452673291099
bdb2023_sack,game_equal_label0_set_coverage,20,boosted_structure,relnet,100,0.0013408287296897336,0.09557399813325008,-0.12134892082527281,0.11225580852937846,0.00955739981332501
bdb2023_sack,game_equal_label0_set_coverage,20,boosted_structure,attn_relnet,100,0.0006616831019190683,0.09594649854411677,-0.11560071142437883,0.1057053758414716,0.009594649854411677
bdb2023_sack,game_equal_label0_set_coverage,20,boosted_structure,set_transformer,100,-0.00556175745921613,0.08363079436213841,-0.11454070431094769,0.07757795118768025,0.008363079436213842
bdb2023_sack,game_equal_label0_set_coverage,20,relnet,attn_relnet,100,-0.0006791456277706675,0.012683896840518821,-0.003976772694660379,0.0057056518510476655,0.0012683896840518822
bdb2023_sack,game_equal_label0_set_coverage,20,relnet,set_transformer,100,-0.006902586188905866,0.08298699167939218,-0.11608766269052898,0.08928418143594065,0.008298699167939218
bdb2023_sack,game_equal_label0_set_coverage,20,attn_relnet,set_transformer,100,-0.006223440561135198,0.08346367403528304,-0.10656399018691938,0.08928418143594065,0.008346367403528305
bdb2023_sack,game_equal_label0_set_coverage,30,linear_structure,boosted_structure,100,0.009473824754666831,0.07401501875570853,-0.07185267599956241,0.10640069673889034,0.007401501875570852
bdb2023_sack,game_equal_label0_set_coverage,30,linear_structure,relnet,100,0.004065639259974361,0.0682240051174692,-0.08442785257070895,0.08715884673551365,0.00682240051174692
bdb2023_sack,game_equal_label0_set_coverage,30,linear_structure,attn_relnet,100,0.005329818532890148,0.0687311149292457,-0.08638996937077201,0.08744240855059693,0.00687311149292457
bdb2023_sack,game_equal_label0_set_coverage,30,linear_structure,set_transformer,100,0.012930059109392515,0.08930117366997306,-0.09218380218505051,0.12406541125457045,0.008930117366997305
bdb2023_sack,game_equal_label0_set_coverage,30,boosted_structure,relnet,100,-0.005408185494692472,0.0823090343483804,-0.11538462696491189,0.09609379934024913,0.00823090343483804
bdb2023_sack,game_equal_label0_set_coverage,30,boosted_structure,attn_relnet,100,-0.004144006221776685,0.08317840848105475,-0.11425996745045233,0.09909009256771541,0.008317840848105475
bdb2023_sack,game_equal_label0_set_coverage,30,boosted_structure,set_transformer,100,0.00345623435472568,0.08335439186973125,-0.08843611709452533,0.10859045115290498,0.008335439186973125
bdb2023_sack,game_equal_label0_set_coverage,30,relnet,attn_relnet,100,0.0012641792729157874,0.005484906441518017,-0.0028439722949046508,0.00674749965477023,0.0005484906441518017
bdb2023_sack,game_equal_label0_set_coverage,30,relnet,set_transformer,100,0.008864419849418152,0.08279200685142228,-0.08656159149619838,0.11337923161833165,0.008279200685142228
bdb2023_sack,game_equal_label0_set_coverage,30,attn_relnet,set_transformer,100,0.007600240576502365,0.08348228280852707,-0.09057957283596449,0.09965535999593761,0.008348228280852707
bdb2023_sack,game_equal_label0_set_coverage,40,linear_structure,boosted_structure,100,0.014544962589975778,0.08211400328549023,-0.05951766036998982,0.1352334022834261,0.008211400328549024
bdb2023_sack,game_equal_label0_set_coverage,40,linear_structure,relnet,100,0.013458267239809118,0.08845630653965961,-0.08837947653014445,0.119529454642388,0.008845630653965961
bdb2023_sack,game_equal_label0_set_coverage,40,linear_structure,attn_relnet,100,0.011745101527071346,0.08581305300980989,-0.09084480199940956,0.12252963761675177,0.00858130530098099
bdb2023_sack,game_equal_label0_set_coverage,40,linear_structure,set_transformer,100,0.009477956024494477,0.08816043357398573,-0.06764303666487032,0.1300528434494432,0.008816043357398573
bdb2023_sack,game_equal_label0_set_coverage,40,boosted_structure,relnet,100,-0.0010866953501666543,0.0984484917347652,-0.11928139837240481,0.09971190847432577,0.00984484917347652
bdb2023_sack,game_equal_label0_set_coverage,40,boosted_structure,attn_relnet,100,-0.002799861062904435,0.09524821858470982,-0.11929030768190634,0.10021726821218807,0.009524821858470981
bdb2023_sack,game_equal_label0_set_coverage,40,boosted_structure,set_transformer,100,-0.0050670065654813004,0.09975291969462634,-0.11644122223703064,0.12404395881289472,0.009975291969462634
bdb2023_sack,game_equal_label0_set_coverage,40,relnet,attn_relnet,100,-0.001713165712737781,0.021770397906512983,-0.006042009776706947,0.0034883294018201246,0.0021770397906512983
bdb2023_sack,game_equal_label0_set_coverage,40,relnet,set_transformer,100,-0.003980311215314646,0.08127247110871325,-0.10406264301576827,0.08870262022599036,0.008127247110871325
bdb2023_sack,game_equal_label0_set_coverage,40,attn_relnet,set_transformer,100,-0.002267145502576865,0.07831394462774391,-0.09207950479657885,0.08842735616790857,0.00783139446277439
bdb2023_sack,game_equal_label0_set_coverage,50,linear_structure,boosted_structure,100,0.008885170313266666,0.08131866360008495,-0.08623679263488175,0.10616176661507612,0.008131866360008495
bdb2023_sack,game_equal_label0_set_coverage,50,linear_structure,relnet,100,0.013832884303389976,0.0906865374927575,-0.09554854677391307,0.12403333324416212,0.00906865374927575
bdb2023_sack,game_equal_label0_set_coverage,50,linear_structure,attn_relnet,100,0.01339795834182445,0.09165556110366388,-0.0946701121722506,0.11178962559576283,0.009165556110366388
bdb2023_sack,game_equal_label0_set_coverage,50,linear_structure,set_transformer,100,0.002850099138510841,0.07919402876711627,-0.07840896037357466,0.09804144800982131,0.007919402876711628
bdb2023_sack,game_equal_label0_set_coverage,50,boosted_structure,relnet,100,0.0049477139901233135,0.09028411688670929,-0.1109845789762796,0.13354589772709918,0.00902841168867093
bdb2023_sack,game_equal_label0_set_coverage,50,boosted_structure,attn_relnet,100,0.004512788028557786,0.09122841418241588,-0.1119564646651417,0.13278667147967166,0.009122841418241589
bdb2023_sack,game_equal_label0_set_coverage,50,boosted_structure,set_transformer,100,-0.006035071174755823,0.08943876169040575,-0.12707083461866578,0.1075719874449017,0.008943876169040575
bdb2023_sack,game_equal_label0_set_coverage,50,relnet,attn_relnet,100,-0.00043492596156552763,0.01315049752531506,-0.005258526220448412,0.0046524599025513,0.0013150497525315059
bdb2023_sack,game_equal_label0_set_coverage,50,relnet,set_transformer,100,-0.010982785164879135,0.07291243099585688,-0.1144945523482249,0.07994810617378369,0.007291243099585688
bdb2023_sack,game_equal_label0_set_coverage,50,attn_relnet,set_transformer,100,-0.010547859203313607,0.07381082903474814,-0.11310839430046284,0.0817299955661307,0.007381082903474815
bdb2023_sack,game_equal_label0_set_coverage,60,linear_structure,boosted_structure,100,0.006995153778240887,0.07518471351323623,-0.09088435875167138,0.09972001055084813,0.0075184713513236235
bdb2023_sack,game_equal_label0_set_coverage,60,linear_structure,relnet,100,0.0010368938870752608,0.07801958358654373,-0.08778651124654539,0.09571478011295062,0.007801958358654373
bdb2023_sack,game_equal_label0_set_coverage,60,linear_structure,attn_relnet,100,0.0009345328211147297,0.07787422445162377,-0.0878610653764805,0.09287708775362252,0.007787422445162377
bdb2023_sack,game_equal_label0_set_coverage,60,linear_structure,set_transformer,100,0.013004253723050559,0.081028111648527,-0.08451452553133523,0.11543087351648532,0.008102811164852699
bdb2023_sack,game_equal_label0_set_coverage,60,boosted_structure,relnet,100,-0.005958259891165626,0.07808145052864553,-0.10721889393357469,0.10691175055685709,0.007808145052864553
bdb2023_sack,game_equal_label0_set_coverage,60,boosted_structure,attn_relnet,100,-0.006060620957126157,0.078089184356942,-0.10531603281947083,0.10889037256981791,0.007808918435694199
bdb2023_sack,game_equal_label0_set_coverage,60,boosted_structure,set_transformer,100,0.006009099944809676,0.08027141588978633,-0.09570474925873665,0.0958837004056924,0.008027141588978633
bdb2023_sack,game_equal_label0_set_coverage,60,relnet,attn_relnet,100,-0.00010236106596053118,0.005111170043305831,-0.0032848452094111466,0.0030877552650046686,0.0005111170043305832
bdb2023_sack,game_equal_label0_set_coverage,60,relnet,set_transformer,100,0.011967359835975305,0.07097959998616184,-0.07134288090341764,0.10814696285328419,0.007097959998616184
bdb2023_sack,game_equal_label0_set_coverage,60,attn_relnet,set_transformer,100,0.012069720901935832,0.07111850702380082,-0.07274239341029806,0.10517027764960225,0.007111850702380082
bdb2023_sack,game_equal_label1_set_coverage,10,linear_structure,boosted_structure,100,-0.01834418934240364,0.08920120154008668,-0.1405045351473922,0.0875850340136055,0.008920120154008667
bdb2023_sack,game_equal_label1_set_coverage,10,linear_structure,relnet,100,-0.01636060090702949,0.10500375483144121,-0.15405328798185944,0.11507936507936507,0.010500375483144121
bdb2023_sack,game_equal_label1_set_coverage,10,linear_structure,attn_relnet,100,-0.016373922902494342,0.10472469128322735,-0.15405328798185944,0.11507936507936507,0.010472469128322736
bdb2023_sack,game_equal_label1_set_coverage,10,linear_structure,set_transformer,100,-0.01039138321995466,0.09534082154645394,-0.13146598639455795,0.10970521541950111,0.009534082154645395
bdb2023_sack,game_equal_label1_set_coverage,10,boosted_structure,relnet,100,0.0019835884353741474,0.09717196412300216,-0.11719954648526097,0.13765306122448984,0.009717196412300216
bdb2023_sack,game_equal_label1_set_coverage,10,boosted_structure,attn_relnet,100,0.001970266439909294,0.09699242135575285,-0.11719954648526097,0.1430272108843538,0.009699242135575286
bdb2023_sack,game_equal_label1_set_coverage,10,boosted_structure,set_transformer,100,0.007952806122448976,0.09834634620752379,-0.07816326530612247,0.12822562358276657,0.009834634620752378
bdb2023_sack,game_equal_label1_set_coverage,10,relnet,attn_relnet,100,-1.3321995464852242e-05,0.010428639549259511,-0.008452380952380822,0.007936507936507797,0.001042863954925951
bdb2023_sack,game_equal_label1_set_coverage,10,relnet,set_transformer,100,0.005969217687074829,0.09193221706198716,-0.12030442176870766,0.13378684807256236,0.009193221706198716
bdb2023_sack,game_equal_label1_set_coverage,10,attn_relnet,set_transformer,100,0.005982539682539681,0.09078645603208442,-0.11481292517006798,0.14301587301587296,0.009078645603208441
bdb2023_sack,game_equal_label1_set_coverage,20,linear_structure,boosted_structure,100,0.009534382086167801,0.09405948965312447,-0.11363945578231291,0.1369047619047619,0.009405948965312447
bdb2023_sack,game_equal_label1_set_coverage,20,linear_structure,relnet,100,0.0011750850340136166,0.09083250093976916,-0.12553684807256216,0.10688775510204093,0.009083250093976916
bdb2023_sack,game_equal_label1_set_coverage,20,linear_structure,attn_relnet,100,-0.00010558390022674113,0.0913956027621647,-0.12672732426303832,0.10704081632653073,0.00913956027621647
bdb2023_sack,game_equal_label1_set_coverage,20,linear_structure,set_transformer,100,-0.009795804988662116,0.07704434153908893,-0.10700680272108837,0.06813095238095243,0.007704434153908893
bdb2023_sack,game_equal_label1_set_coverage,20,boosted_structure,relnet,100,-0.008359297052154184,0.08914459988148078,-0.11697278911564617,0.11188775510204102,0.008914459988148079
bdb2023_sack,game_equal_label1_set_coverage,20,boosted_structure,attn_relnet,100,-0.009639965986394545,0.087155264406538,-0.11891156462585059,0.10200113378684811,0.0087155264406538
bdb2023_sack,game_equal_label1_set_coverage,20,boosted_structure,set_transformer,100,-0.019330187074829915,0.09748067192209263,-0.156190476190476,0.09383786848072602,0.009748067192209263
bdb2023_sack,game_equal_label1_set_coverage,20,relnet,attn_relnet,100,-0.0012806689342403576,0.01807494268788468,-0.011904761904761873,0.00952380952380949,0.001807494268788468
bdb2023_sack,game_equal_label1_set_coverage,20,relnet,set_transformer,100,-0.010970890022675735,0.08934185840106473,-0.11850340136054417,0.1059580498866214,0.008934185840106473
bdb2023_sack,game_equal_label1_set_coverage,20,attn_relnet,set_transformer,100,-0.009690221088435374,0.09082620693188113,-0.12560090702947854,0.11429761904761915,0.009082620693188114
bdb2023_sack,game_equal_label1_set_coverage,30,linear_structure,boosted_structure,100,-0.00784039115646258,0.09490729423139067,-0.1266609977324261,0.08328798185941048,0.009490729423139067
bdb2023_sack,game_equal_label1_set_coverage,30,linear_structure,relnet,100,-0.021098469387755076,0.09601583438478234,-0.15071995464852606,0.08401927437641736,0.009601583438478233
bdb2023_sack,game_equal_label1_set_coverage,30,linear_structure,attn_relnet,100,-0.020176190476190455,0.1000839205628474,-0.14808956916099786,0.08621315192743777,0.01000839205628474
bdb2023_sack,game_equal_label1_set_coverage,30,linear_structure,set_transformer,100,-0.026668055555555535,0.08678010698576868,-0.14833900226757368,0.07413435374149688,0.008678010698576868
bdb2023_sack,game_equal_label1_set_coverage,30,boosted_structure,relnet,100,-0.013258078231292502,0.09710931065281506,-0.1247057823129252,0.11085600907029482,0.009710931065281505
bdb2023_sack,game_equal_label1_set_coverage,30,boosted_structure,attn_relnet,100,-0.01233579931972787,0.09731505445986285,-0.12679761904761905,0.1132029478458051,0.009731505445986286
bdb2023_sack,game_equal_label1_set_coverage,30,boosted_structure,set_transformer,100,-0.018827664399092957,0.08099438046219253,-0.1385260770975057,0.07724319727891164,0.008099438046219253
bdb2023_sack,game_equal_label1_set_coverage,30,relnet,attn_relnet,100,0.0009222789115646313,0.017216263566695804,-0.006836734693877655,0.011904761904761862,0.0017216263566695803
bdb2023_sack,game_equal_label1_set_coverage,30,relnet,set_transformer,100,-0.005569586167800452,0.07747336865322157,-0.09272108843537401,0.09936507936507936,0.007747336865322157
bdb2023_sack,game_equal_label1_set_coverage,30,attn_relnet,set_transformer,100,-0.006491865079365083,0.07797061627252773,-0.09272108843537401,0.09921428571428569,0.007797061627252773
bdb2023_sack,game_equal_label1_set_coverage,40,linear_structure,boosted_structure,100,-0.0006624149659863787,0.09181702183601319,-0.10133786848072578,0.10583956916099783,0.009181702183601318
bdb2023_sack,game_equal_label1_set_coverage,40,linear_structure,relnet,100,-0.00971774376417233,0.09059116617531948,-0.11607142857142849,0.10271541950113397,0.009059116617531948
bdb2023_sack,game_equal_label1_set_coverage,40,linear_structure,attn_relnet,100,-0.00841978458049885,0.09257149776155506,-0.12803854875283455,0.10661224489795922,0.009257149776155505
bdb2023_sack,game_equal_label1_set_coverage,40,linear_structure,set_transformer,100,-0.012113690476190464,0.08911270963156484,-0.12217857142857143,0.08993197278911556,0.008911270963156484
bdb2023_sack,game_equal_label1_set_coverage,40,boosted_structure,relnet,100,-0.009055328798185953,0.08419092647286998,-0.12196712018140586,0.08376417233560092,0.008419092647286998
bdb2023_sack,game_equal_label1_set_coverage,40,boosted_structure,attn_relnet,100,-0.0077573696145124705,0.08527367071662818,-0.12196712018140586,0.08692743764172327,0.008527367071662819
bdb2023_sack,game_equal_label1_set_coverage,40,boosted_structure,set_transformer,100,-0.011451275510204086,0.09142156473892299,-0.11994331065759625,0.10311791383219984,0.009142156473892299
bdb2023_sack,game_equal_label1_set_coverage,40,relnet,attn_relnet,100,0.0012979591836734816,0.019330647103327724,-0.011904761904761862,0.011904761904761973,0.0019330647103327724
bdb2023_sack,game_equal_label1_set_coverage,40,relnet,set_transformer,100,-0.002395946712018133,0.08493613312143616,-0.09563265306122432,0.08119047619047626,0.008493613312143617
bdb2023_sack,game_equal_label1_set_coverage,40,attn_relnet,set_transformer,100,-0.003693905895691615,0.08514772735050302,-0.09526190476190464,0.08540816326530615,0.008514772735050302
bdb2023_sack,game_equal_label1_set_coverage,50,linear_structure,boosted_structure,100,0.005694586167800458,0.08688810542911317,-0.10291383219954657,0.13733560090702965,0.008688810542911317
bdb2023_sack,game_equal_label1_set_coverage,50,linear_structure,relnet,100,-0.006560572562358262,0.09112278511803071,-0.12018820861677995,0.11175,0.00911227851180307
bdb2023_sack,game_equal_label1_set_coverage,50,linear_structure,attn_relnet,100,-0.007839484126984115,0.09123964222600596,-0.12018820861677995,0.1042500000000002,0.009123964222600596
bdb2023_sack,game_equal_label1_set_coverage,50,linear_structure,set_transformer,100,-0.012724603174603166,0.08647957090460412,-0.1148072562358277,0.08860232426303849,0.008647957090460411
bdb2023_sack,game_equal_label1_set_coverage,50,boosted_structure,relnet,100,-0.012255158730158717,0.09010352915639976,-0.11013605442176869,0.11036054421768711,0.009010352915639976
bdb2023_sack,game_equal_label1_set_coverage,50,boosted_structure,attn_relnet,100,-0.013534070294784569,0.08926347964985552,-0.11013605442176869,0.07573696145124714,0.008926347964985553
bdb2023_sack,game_equal_label1_set_coverage,50,boosted_structure,set_transformer,100,-0.01841918934240363,0.09548416517123892,-0.14622448979591846,0.09018140589569175,0.009548416517123893
bdb2023_sack,game_equal_label1_set_coverage,50,relnet,attn_relnet,100,-0.001278911564625852,0.0177278202915301,-0.008333333333333203,0.0095238095238095,0.00177278202915301
bdb2023_sack,game_equal_label1_set_coverage,50,relnet,set_transformer,100,-0.006164030612244906,0.07870768545036456,-0.11606009070294798,0.07631519274376423,0.007870768545036457
bdb2023_sack,game_equal_label1_set_coverage,50,attn_relnet,set_transformer,100,-0.004885119047619054,0.08096973796864775,-0.11036281179138331,0.09761904761904762,0.008096973796864774
bdb2023_sack,game_equal_label1_set_coverage,60,linear_structure,boosted_structure,100,0.004263123582766435,0.09265097120889682,-0.10257738095238092,0.10570294784580517,0.009265097120889682
bdb2023_sack,game_equal_label1_set_coverage,60,linear_structure,relnet,100,-0.009118764172335599,0.07830027171414178,-0.09897959183673452,0.08540674603174617,0.007830027171414178
bdb2023_sack,game_equal_label1_set_coverage,60,linear_structure,attn_relnet,100,-0.009445124716553292,0.07854070459052741,-0.09726190476190497,0.08358276643990943,0.007854070459052741
bdb2023_sack,game_equal_label1_set_coverage,60,linear_structure,set_transformer,100,-0.013728968253968264,0.06005249723857437,-0.0854472789115646,0.05544217687074848,0.006005249723857437
bdb2023_sack,game_equal_label1_set_coverage,60,boosted_structure,relnet,100,-0.013381887755102033,0.09070366408244716,-0.11901927437641718,0.08775510204081627,0.009070366408244716
bdb2023_sack,game_equal_label1_set_coverage,60,boosted_structure,attn_relnet,100,-0.013708248299319723,0.08985674386812095,-0.1166553287981859,0.08775510204081627,0.008985674386812095
bdb2023_sack,game_equal_label1_set_coverage,60,boosted_structure,set_transformer,100,-0.017992091836734697,0.0826386074036832,-0.10553287981859409,0.08734126984127003,0.00826386074036832
bdb2023_sack,game_equal_label1_set_coverage,60,relnet,attn_relnet,100,-0.00032636054421769314,0.012821096575860133,-0.011904761904761873,0.00952380952380949,0.0012821096575860132
bdb2023_sack,game_equal_label1_set_coverage,60,relnet,set_transformer,100,-0.0046102040816326665,0.07436175694082425,-0.089297052154195,0.07068027210884346,0.007436175694082425
bdb2023_sack,game_equal_label1_set_coverage,60,attn_relnet,set_transformer,100,-0.004283843537414973,0.07434212353151519,-0.09109977324263036,0.06914965986394556,0.007434212353151519
bdb2023_sack,set_singleton_rate,10,linear_structure,boosted_structure,100,0.014419053486314917,0.11770672708973197,-0.13266909024286538,0.17325272404033723,0.011770672708973197
bdb2023_sack,set_singleton_rate,10,linear_structure,relnet,100,0.030073138317486973,0.12451179087462842,-0.11665400069487625,0.18551937863199955,0.012451179087462842
bdb2023_sack,set_singleton_rate,10,linear_structure,attn_relnet,100,0.02967344465583444,0.12459486802052491,-0.12317528470346713,0.17801707380797502,0.012459486802052491
bdb2023_sack,set_singleton_rate,10,linear_structure,set_transformer,100,0.012574384767986285,0.11983030951269245,-0.12546344959388436,0.14217838113365316,0.011983030951269246
bdb2023_sack,set_singleton_rate,10,boosted_structure,relnet,100,0.01565408483117206,0.12431379477633012,-0.15287164362955855,0.17856128507824626,0.012431379477633012
bdb2023_sack,set_singleton_rate,10,boosted_structure,attn_relnet,100,0.01525439116951953,0.12575128733801252,-0.15555484489926447,0.178420835640044,0.012575128733801252
bdb2023_sack,set_singleton_rate,10,boosted_structure,set_transformer,100,-0.0018446687183286282,0.13270649422561787,-0.15110264022398365,0.17357249520696003,0.013270649422561787
bdb2023_sack,set_singleton_rate,10,relnet,attn_relnet,100,-0.0003996936616525337,0.013313431544604834,-0.008089577843970828,0.004328454725615118,0.0013313431544604835
bdb2023_sack,set_singleton_rate,10,relnet,set_transformer,100,-0.01749875354950069,0.11036671438037772,-0.1807984165889461,0.1191425994733235,0.011036671438037772
bdb2023_sack,set_singleton_rate,10,attn_relnet,set_transformer,100,-0.01709905988784816,0.10987192604753,-0.17071010386461857,0.12306701740462773,0.010987192604753001
bdb2023_sack,set_singleton_rate,20,linear_structure,boosted_structure,100,-0.00894293635306756,0.12758059491017218,-0.16575388776200134,0.14705448332641866,0.012758059491017219
bdb2023_sack,set_singleton_rate,20,linear_structure,relnet,100,-0.0003691335570691523,0.1227576334645043,-0.16243881830307688,0.1654352934771761,0.01227576334645043
bdb2023_sack,set_singleton_rate,20,linear_structure,attn_relnet,100,0.0017660964470112112,0.12203261617589414,-0.16311266475256028,0.16510622168366895,0.012203261617589414
bdb2023_sack,set_singleton_rate,20,linear_structure,set_transformer,100,0.0094414835380818,0.10817572609214149,-0.11248090978509871,0.13629006172980124,0.010817572609214149
bdb2023_sack,set_singleton_rate,20,boosted_structure,relnet,100,0.008573802795998406,0.12963706073554498,-0.16820661961208824,0.1787076332276695,0.012963706073554498
bdb2023_sack,set_singleton_rate,20,boosted_structure,attn_relnet,100,0.010709032800078771,0.12653453230929562,-0.1481088659742044,0.17549144085078144,0.012653453230929562
bdb2023_sack,set_singleton_rate,20,boosted_structure,set_transformer,100,0.018384419891149358,0.1390297219799614,-0.1439049991779748,0.21207872670351507,0.013902972197996142
bdb2023_sack,set_singleton_rate,20,relnet,attn_relnet,100,0.0021352300040803616,0.023440591050265462,-0.008033788641265263,0.008159599975043017,0.0023440591050265464
bdb2023_sack,set_singleton_rate,20,relnet,set_transformer,100,0.00981061709515095,0.11513109022195117,-0.09881444934622775,0.15696594427244584,0.011513109022195118
bdb2023_sack,set_singleton_rate,20,attn_relnet,set_transformer,100,0.007675387091070589,0.11484264661492963,-0.10169841153649073,0.15919169160359098,0.011484264661492962
bdb2023_sack,set_singleton_rate,30,linear_structure,boosted_structure,100,-0.0021910879811479576,0.1205871637858341,-0.16723544231798557,0.11928349572313116,0.01205871637858341
bdb2023_sack,set_singleton_rate,30,linear_structure,relnet,100,0.018040247483698025,0.11978674656369027,-0.11451060917180014,0.18333599321310684,0.011978674656369027
bdb2023_sack,set_singleton_rate,30,linear_structure,attn_relnet,100,0.015406110915123292,0.12316049803262313,-0.12167595711928718,0.1859550402216558,0.012316049803262313
bdb2023_sack,set_singleton_rate,30,linear_structure,set_transformer,100,0.016518331328573235,0.12511434208363748,-0.13282208790702876,0.1501590400862335,0.012511434208363748
bdb2023_sack,set_singleton_rate,30,boosted_structure,relnet,100,0.02023133546484598,0.13068658515615436,-0.1401578701028491,0.1806725653546749,0.013068658515615436
bdb2023_sack,set_singleton_rate,30,boosted_structure,attn_relnet,100,0.017597198896271253,0.13142876324330074,-0.13866047084612806,0.17892130162781292,0.013142876324330074
bdb2023_sack,set_singleton_rate,30,boosted_structure,set_transformer,100,0.018709419309721195,0.12181804129970875,-0.13410163808223557,0.15504673272809277,0.012181804129970875
bdb2023_sack,set_singleton_rate,30,relnet,attn_relnet,100,-0.0026341365685747294,0.017860621694864694,-0.009647240434997114,0.0040298912418661416,0.0017860621694864693
bdb2023_sack,set_singleton_rate,30,relnet,set_transformer,100,-0.0015219161551247905,0.11006716061372271,-0.15208781115091394,0.1202770641864345,0.011006716061372272
bdb2023_sack,set_singleton_rate,30,attn_relnet,set_transformer,100,0.0011122204134499413,0.11074383004144817,-0.15284810942238794,0.12349912982243486,0.011074383004144817
bdb2023_sack,set_singleton_rate,40,linear_structure,boosted_structure,100,-0.00596693195569899,0.12180220301014766,-0.15195506923598334,0.15662639498884018,0.012180220301014765
bdb2023_sack,set_singleton_rate,40,linear_structure,relnet,100,0.006075640720878601,0.12796410737078118,-0.15037428470665862,0.15985590561156585,0.012796410737078118
bdb2023_sack,set_singleton_rate,40,linear_structure,attn_relnet,100,0.00673528528345942,0.12884871661609457,-0.1511393893922128,0.1513131511075737,0.012884871661609457
bdb2023_sack,set_singleton_rate,40,linear_structure,set_transformer,100,0.011211757460937504,0.12679844340447552,-0.17180590106147428,0.18290646865094842,0.012679844340447551
bdb2023_sack,set_singleton_rate,40,boosted_structure,relnet,100,0.01204257267657759,0.12608239411991448,-0.1470270330368782,0.15595973896587395,0.012608239411991448
bdb2023_sack,set_singleton_rate,40,boosted_structure,attn_relnet,100,0.01270221723915841,0.12568295260659287,-0.14691200573700394,0.15996423447845604,0.012568295260659288
bdb2023_sack,set_singleton_rate,40,boosted_structure,set_transformer,100,0.01717868941663649,0.13572623840938808,-0.15067032705413205,0.1561722078270317,0.013572623840938807
bdb2023_sack,set_singleton_rate,40,relnet,attn_relnet,100,0.000659644562580818,0.027989198196070837,-0.008597617759324482,0.012610865419726551,0.0027989198196070836
bdb2023_sack,set_singleton_rate,40,relnet,set_transformer,100,0.005136116740058898,0.1143095851339694,-0.15666292156596867,0.1276747395366967,0.01143095851339694
bdb2023_sack,set_singleton_rate,40,attn_relnet,set_transformer,100,0.004476472177478083,0.1133641072194767,-0.1576055221679325,0.12702712609298855,0.01133641072194767
bdb2023_sack,set_singleton_rate,50,linear_structure,boosted_structure,100,0.0002878217344704861,0.12407504426415301,-0.13801574499023037,0.13330118987680242,0.012407504426415302
bdb2023_sack,set_singleton_rate,50,linear_structure,relnet,100,0.0012002579738029282,0.1511546895533105,-0.212417642617077,0.18791786447638612,0.015115468955331049
bdb2023_sack,set_singleton_rate,50,linear_structure,attn_relnet,100,0.0020272898408717033,0.15345567824709966,-0.2208195865705164,0.20150639432256226,0.015345567824709966
bdb2023_sack,set_singleton_rate,50,linear_structure,set_transformer,100,0.0172801320441592,0.13342873112856043,-0.1594802633575048,0.2051264081879243,0.013342873112856044
bdb2023_sack,set_singleton_rate,50,boosted_structure,relnet,100,0.0009124362393324462,0.13257213128611195,-0.18498962168386282,0.17345448094262078,0.013257213128611195
bdb2023_sack,set_singleton_rate,50,boosted_structure,attn_relnet,100,0.001739468106401218,0.1332029549763501,-0.18721048028925122,0.1656026402603482,0.013320295497635009
bdb2023_sack,set_singleton_rate,50,boosted_structure,set_transformer,100,0.016992310309688716,0.13959378241341386,-0.17529276204425612,0.18306718603578612,0.013959378241341386
bdb2023_sack,set_singleton_rate,50,relnet,attn_relnet,100,0.0008270318670687727,0.02311515783947191,-0.012620607480023574,0.009504133817651365,0.002311515783947191
bdb2023_sack,set_singleton_rate,50,relnet,set_transformer,100,0.016079874070356267,0.11314730280389351,-0.1226116831132136,0.1375650330724756,0.011314730280389351
bdb2023_sack,set_singleton_rate,50,attn_relnet,set_transformer,100,0.015252842203287494,0.11333989135258594,-0.12175874380102858,0.13967135971780895,0.011333989135258595
bdb2023_sack,set_singleton_rate,60,linear_structure,boosted_structure,100,0.012829970661180039,0.11443142149643601,-0.1224146820221841,0.1228869640417497,0.011443142149643601
bdb2023_sack,set_singleton_rate,60,linear_structure,relnet,100,0.014907077708731564,0.12273296611543423,-0.12829162400163832,0.16645972879474752,0.012273296611543423
bdb2023_sack,set_singleton_rate,60,linear_structure,attn_relnet,100,0.016702524725850848,0.12320391541685537,-0.1317935695269302,0.16909407807840524,0.012320391541685537
bdb2023_sack,set_singleton_rate,60,linear_structure,set_transformer,100,0.014670876400282227,0.10944349828170198,-0.11698556132238128,0.14460052581057878,0.010944349828170198
bdb2023_sack,set_singleton_rate,60,boosted_structure,relnet,100,0.0020771070475515217,0.12663840706273966,-0.153855414434479,0.14398406925561602,0.012663840706273966
bdb2023_sack,set_singleton_rate,60,boosted_structure,attn_relnet,100,0.003872554064670808,0.12643421447079023,-0.15679829049539515,0.14477346467021593,0.012643421447079023
bdb2023_sack,set_singleton_rate,60,boosted_structure,set_transformer,100,0.001840905739102187,0.1119776828919176,-0.13728521962888765,0.13503586800573888,0.011197768289191761
bdb2023_sack,set_singleton_rate,60,relnet,attn_relnet,100,0.0017954470171192866,0.010672723883774578,-0.005361244557464217,0.01102733266146355,0.0010672723883774578
bdb2023_sack,set_singleton_rate,60,relnet,set_transformer,100,-0.00023620130844933266,0.10602734705576362,-0.1315228096020856,0.12878006099051692,0.010602734705576362
bdb2023_sack,set_singleton_rate,60,attn_relnet,set_transformer,100,-0.0020316483255686186,0.10549385394051516,-0.12806869755444542,0.12230377018115136,0.010549385394051517
bdb2023_sack,set_doubleton_rate,10,linear_structure,boosted_structure,100,-0.014419053486314901,0.11770672708973197,-0.17325272404033715,0.13266909024286544,0.011770672708973197
bdb2023_sack,set_doubleton_rate,10,linear_structure,relnet,100,-0.030073138317486967,0.12451179087462842,-0.18551937863199944,0.11665400069487629,0.012451179087462842
bdb2023_sack,set_doubleton_rate,10,linear_structure,attn_relnet,100,-0.029673444655834436,0.12459486802052491,-0.17801707380797488,0.12317528470346717,0.012459486802052491
bdb2023_sack,set_doubleton_rate,10,linear_structure,set_transformer,100,-0.012574384767986281,0.11983030951269244,-0.14217838113365316,0.12546344959388436,0.011983030951269244
bdb2023_sack,set_doubleton_rate,10,boosted_structure,relnet,100,-0.01565408483117206,0.12431379477633012,-0.17856128507824615,0.15287164362955863,0.012431379477633012
bdb2023_sack,set_doubleton_rate,10,boosted_structure,attn_relnet,100,-0.015254391169519526,0.12575128733801252,-0.17842083564004388,0.15555484489926455,0.012575128733801252
bdb2023_sack,set_doubleton_rate,10,boosted_structure,set_transformer,100,0.0018446687183286247,0.1327064942256179,-0.17357249520696,0.15110264022398381,0.01327064942256179
bdb2023_sack,set_doubleton_rate,10,relnet,attn_relnet,100,0.0003996936616525315,0.013313431544604836,-0.004328454725615094,0.008089577843970838,0.0013313431544604835
bdb2023_sack,set_doubleton_rate,10,relnet,set_transformer,100,0.017498753549500683,0.11036671438037772,-0.11914259947332353,0.1807984165889461,0.011036671438037772
bdb2023_sack,set_doubleton_rate,10,attn_relnet,set_transformer,100,0.01709905988784815,0.10987192604753,-0.12306701740462768,0.17071010386461877,0.010987192604753001
bdb2023_sack,set_doubleton_rate,20,linear_structure,boosted_structure,100,0.008942936353067556,0.12758059491017218,-0.14705448332641854,0.1657538877620014,0.012758059491017219
bdb2023_sack,set_doubleton_rate,20,linear_structure,relnet,100,0.000369133557069139,0.12275763346450431,-0.16543529347717598,0.16243881830307683,0.012275763346450431
bdb2023_sack,set_doubleton_rate,20,linear_structure,attn_relnet,100,-0.0017660964470112173,0.12203261617589414,-0.16510622168366892,0.16311266475256028,0.012203261617589414
bdb2023_sack,set_doubleton_rate,20,linear_structure,set_transformer,100,-0.00944148353808181,0.10817572609214149,-0.13629006172980113,0.11248090978509886,0.010817572609214149
bdb2023_sack,set_doubleton_rate,20,boosted_structure,relnet,100,-0.00857380279599842,0.12963706073554498,-0.17870763322766947,0.16820661961208838,0.012963706073554498
bdb2023_sack,set_doubleton_rate,20,boosted_structure,attn_relnet,100,-0.010709032800078773,0.12653453230929562,-0.17549144085078142,0.14810886597420447,0.012653453230929562
bdb2023_sack,set_doubleton_rate,20,boosted_structure,set_transformer,100,-0.018384419891149372,0.13902972197996138,-0.21207872670351502,0.1439049991779748,0.013902972197996138
bdb2023_sack,set_doubleton_rate,20,relnet,attn_relnet,100,-0.0021352300040803564,0.02344059105026547,-0.008159599975043008,0.008033788641265263,0.002344059105026547
bdb2023_sack,set_doubleton_rate,20,relnet,set_transformer,100,-0.00981061709515095,0.11513109022195117,-0.1569659442724458,0.09881444934622781,0.011513109022195118
bdb2023_sack,set_doubleton_rate,20,attn_relnet,set_transformer,100,-0.0076753870910705934,0.11484264661492963,-0.15919169160359092,0.10169841153649083,0.011484264661492962
bdb2023_sack,set_doubleton_rate,30,linear_structure,boosted_structure,100,0.0021910879811479567,0.12058716378583409,-0.11928349572313103,0.16723544231798565,0.012058716378583408
bdb2023_sack,set_doubleton_rate,30,linear_structure,relnet,100,-0.018040247483698018,0.11978674656369027,-0.18333599321310673,0.1145106091718001,0.011978674656369027
bdb2023_sack,set_doubleton_rate,30,linear_structure,attn_relnet,100,-0.015406110915123297,0.12316049803262312,-0.1859550402216556,0.12167595711928729,0.012316049803262312
bdb2023_sack,set_doubleton_rate,30,linear_structure,set_transformer,100,-0.016518331328573232,0.12511434208363748,-0.15015904008623335,0.13282208790702882,0.012511434208363748
bdb2023_sack,set_doubleton_rate,30,boosted_structure,relnet,100,-0.02023133546484597,0.13068658515615436,-0.18067256535467482,0.14015787010284916,0.013068658515615436
bdb2023_sack,set_doubleton_rate,30,boosted_structure,attn_relnet,100,-0.017597198896271253,0.13142876324330072,-0.17892130162781283,0.13866047084612812,0.013142876324330071
bdb2023_sack,set_doubleton_rate,30,boosted_structure,set_transformer,100,-0.01870941930972119,0.12181804129970875,-0.15504673272809288,0.13410163808223557,0.012181804129970875
bdb2023_sack,set_doubleton_rate,30,relnet,attn_relnet,100,0.0026341365685747177,0.017860621694864694,-0.00402989124186609,0.009647240434997142,0.0017860621694864693
bdb2023_sack,set_doubleton_rate,30,relnet,set_transformer,100,0.001521916155124783,0.11006716061372271,-0.12027706418643436,0.15208781115091397,0.011006716061372272
bdb2023_sack,set_doubleton_rate,30,attn_relnet,set_transformer,100,-0.0011122204134499348,0.11074383004144817,-0.12349912982243479,0.152848109422388,0.011074383004144817
bdb2023_sack,set_doubleton_rate,40,linear_structure,boosted_structure,100,0.0059669319556989965,0.12180220301014766,-0.15662639498884004,0.15195506923598337,0.012180220301014765
bdb2023_sack,set_doubleton_rate,40,linear_structure,relnet,100,-0.0060756407208786,0.12796410737078118,-0.15985590561156574,0.1503742847066587,0.012796410737078118
bdb2023_sack,set_doubleton_rate,40,linear_structure,attn_relnet,100,-0.00673528528345942,0.12884871661609457,-0.15131315110757365,0.15113938939221291,0.012884871661609457
bdb2023_sack,set_doubleton_rate,40,linear_structure,set_transformer,100,-0.011211757460937498,0.12679844340447552,-0.18290646865094834,0.17180590106147428,0.012679844340447551
bdb2023_sack,set_doubleton_rate,40,boosted_structure,relnet,100,-0.012042572676577594,0.12608239411991445,-0.1559597389658739,0.14702703303687822,0.012608239411991445
bdb2023_sack,set_doubleton_rate,40,boosted_structure,attn_relnet,100,-0.012702217239158415,0.12568295260659285,-0.15996423447845587,0.146912005737004,0.012568295260659284
bdb2023_sack,set_doubleton_rate,40,boosted_structure,set_transformer,100,-0.017178689416636493,0.13572623840938808,-0.15617220782703153,0.15067032705413225,0.013572623840938807
bdb2023_sack,set_doubleton_rate,40,relnet,attn_relnet,100,-0.0006596445625808195,0.02798919819607083,-0.012610865419726478,0.008597617759324532,0.002798919819607083
bdb2023_sack,set_doubleton_rate,40,relnet,set_transformer,100,-0.005136116740058899,0.11430958513396941,-0.1276747395366966,0.15666292156596873,0.011430958513396941
bdb2023_sack,set_doubleton_rate,40,attn_relnet,set_transformer,100,-0.0044764721774780795,0.1133641072194767,-0.12702712609298858,0.15760552216793255,0.01133641072194767
bdb2023_sack,set_doubleton_rate,50,linear_structure,boosted_structure,100,-0.00028782173447049143,0.12407504426415301,-0.13330118987680234,0.13801574499023037,0.012407504426415302
bdb2023_sack,set_doubleton_rate,50,linear_structure,relnet,100,-0.0012002579738029395,0.1511546895533105,-0.18791786447638612,0.21241764261707716,0.015115468955331049
bdb2023_sack,set_doubleton_rate,50,linear_structure,attn_relnet,100,-0.0020272898408717124,0.15345567824709966,-0.20150639432256207,0.2208195865705164,0.015345567824709966
bdb2023_sack,set_doubleton_rate,50,linear_structure,set_transformer,100,-0.01728013204415921,0.13342873112856043,-0.20512640818792427,0.15948026335750493,0.013342873112856044
bdb2023_sack,set_doubleton_rate,50,boosted_structure,relnet,100,-0.0009124362393324482,0.13257213128611195,-0.17345448094262078,0.18498962168386318,0.013257213128611195
bdb2023_sack,set_doubleton_rate,50,boosted_structure,attn_relnet,100,-0.0017394681064012195,0.1332029549763501,-0.16560264026034813,0.18721048028925125,0.013320295497635009
bdb2023_sack,set_doubleton_rate,50,boosted_structure,set_transformer,100,-0.01699231030968872,0.13959378241341386,-0.183067186035786,0.17529276204425612,0.013959378241341386
bdb2023_sack,set_doubleton_rate,50,relnet,attn_relnet,100,-0.0008270318670687727,0.023115157839471906,-0.009504133817651349,0.012620607480023575,0.0023115157839471907
bdb2023_sack,set_doubleton_rate,50,relnet,set_transformer,100,-0.016079874070356267,0.11314730280389351,-0.13756503307247556,0.12261168311321381,0.011314730280389351
bdb2023_sack,set_doubleton_rate,50,attn_relnet,set_transformer,100,-0.015252842203287492,0.11333989135258594,-0.13967135971780875,0.1217587438010286,0.011333989135258595
bdb2023_sack,set_doubleton_rate,60,linear_structure,boosted_structure,100,-0.012829970661180044,0.11443142149643602,-0.12288696404174967,0.12241468202218408,0.011443142149643603
bdb2023_sack,set_doubleton_rate,60,linear_structure,relnet,100,-0.01490707770873157,0.12273296611543423,-0.16645972879474746,0.12829162400163843,0.012273296611543423
bdb2023_sack,set_doubleton_rate,60,linear_structure,attn_relnet,100,-0.016702524725850848,0.12320391541685537,-0.1690940780784051,0.13179356952693022,0.012320391541685537
bdb2023_sack,set_doubleton_rate,60,linear_structure,set_transformer,100,-0.014670876400282229,0.10944349828170198,-0.14460052581057875,0.11698556132238133,0.010944349828170198
bdb2023_sack,set_doubleton_rate,60,boosted_structure,relnet,100,-0.0020771070475515243,0.12663840706273966,-0.14398406925561608,0.15385541443447912,0.012663840706273966
bdb2023_sack,set_doubleton_rate,60,boosted_structure,attn_relnet,100,-0.0038725540646708067,0.12643421447079023,-0.1447734646702159,0.15679829049539526,0.012643421447079023
bdb2023_sack,set_doubleton_rate,60,boosted_structure,set_transformer,100,-0.0018409057391021867,0.1119776828919176,-0.1350358680057389,0.13728521962888782,0.011197768289191761
bdb2023_sack,set_doubleton_rate,60,relnet,attn_relnet,100,-0.0017954470171192838,0.010672723883774576,-0.011027332661463473,0.005361244557464253,0.0010672723883774576
bdb2023_sack,set_doubleton_rate,60,relnet,set_transformer,100,0.0002362013084493364,0.10602734705576362,-0.12878006099051686,0.13152280960208557,0.010602734705576362
bdb2023_sack,set_doubleton_rate,60,attn_relnet,set_transformer,100,0.0020316483255686194,0.10549385394051516,-0.12230377018115143,0.12806869755444553,0.010549385394051517
bdb2023_sack,set_empty_rate,10,linear_structure,boosted_structure,100,0.0,0.0,0.0,0.0,0.0
bdb2023_sack,set_empty_rate,10,linear_structure,relnet,100,0.0,0.0,0.0,0.0,0.0
bdb2023_sack,set_empty_rate,10,linear_structure,attn_relnet,100,0.0,0.0,0.0,0.0,0.0
bdb2023_sack,set_empty_rate,10,linear_structure,set_transformer,100,0.0,0.0,0.0,0.0,0.0
bdb2023_sack,set_empty_rate,10,boosted_structure,relnet,100,0.0,0.0,0.0,0.0,0.0
bdb2023_sack,set_empty_rate,10,boosted_structure,attn_relnet,100,0.0,0.0,0.0,0.0,0.0
bdb2023_sack,set_empty_rate,10,boosted_structure,set_transformer,100,0.0,0.0,0.0,0.0,0.0
bdb2023_sack,set_empty_rate,10,relnet,attn_relnet,100,0.0,0.0,0.0,0.0,0.0
bdb2023_sack,set_empty_rate,10,relnet,set_transformer,100,0.0,0.0,0.0,0.0,0.0
bdb2023_sack,set_empty_rate,10,attn_relnet,set_transformer,100,0.0,0.0,0.0,0.0,0.0
bdb2023_sack,set_empty_rate,20,linear_structure,boosted_structure,100,0.0,0.0,0.0,0.0,0.0
bdb2023_sack,set_empty_rate,20,linear_structure,relnet,100,0.0,0.0,0.0,0.0,0.0
bdb2023_sack,set_empty_rate,20,linear_structure,attn_relnet,100,0.0,0.0,0.0,0.0,0.0
bdb2023_sack,set_empty_rate,20,linear_structure,set_transformer,100,0.0,0.0,0.0,0.0,0.0
bdb2023_sack,set_empty_rate,20,boosted_structure,relnet,100,0.0,0.0,0.0,0.0,0.0
bdb2023_sack,set_empty_rate,20,boosted_structure,attn_relnet,100,0.0,0.0,0.0,0.0,0.0
bdb2023_sack,set_empty_rate,20,boosted_structure,set_transformer,100,0.0,0.0,0.0,0.0,0.0
bdb2023_sack,set_empty_rate,20,relnet,attn_relnet,100,0.0,0.0,0.0,0.0,0.0
bdb2023_sack,set_empty_rate,20,relnet,set_transformer,100,0.0,0.0,0.0,0.0,0.0
bdb2023_sack,set_empty_rate,20,attn_relnet,set_transformer,100,0.0,0.0,0.0,0.0,0.0
bdb2023_sack,set_empty_rate,30,linear_structure,boosted_structure,100,0.0,0.0,0.0,0.0,0.0
bdb2023_sack,set_empty_rate,30,linear_structure,relnet,100,0.0,0.0,0.0,0.0,0.0
bdb2023_sack,set_empty_rate,30,linear_structure,attn_relnet,100,0.0,0.0,0.0,0.0,0.0
bdb2023_sack,set_empty_rate,30,linear_structure,set_transformer,100,0.0,0.0,0.0,0.0,0.0
bdb2023_sack,set_empty_rate,30,boosted_structure,relnet,100,0.0,0.0,0.0,0.0,0.0
bdb2023_sack,set_empty_rate,30,boosted_structure,attn_relnet,100,0.0,0.0,0.0,0.0,0.0
bdb2023_sack,set_empty_rate,30,boosted_structure,set_transformer,100,0.0,0.0,0.0,0.0,0.0
bdb2023_sack,set_empty_rate,30,relnet,attn_relnet,100,0.0,0.0,0.0,0.0,0.0
bdb2023_sack,set_empty_rate,30,relnet,set_transformer,100,0.0,0.0,0.0,0.0,0.0
bdb2023_sack,set_empty_rate,30,attn_relnet,set_transformer,100,0.0,0.0,0.0,0.0,0.0
bdb2023_sack,set_empty_rate,40,linear_structure,boosted_structure,100,0.0,0.0,0.0,0.0,0.0
bdb2023_sack,set_empty_rate,40,linear_structure,relnet,100,0.0,0.0,0.0,0.0,0.0
bdb2023_sack,set_empty_rate,40,linear_structure,attn_relnet,100,0.0,0.0,0.0,0.0,0.0
bdb2023_sack,set_empty_rate,40,linear_structure,set_transformer,100,0.0,0.0,0.0,0.0,0.0
bdb2023_sack,set_empty_rate,40,boosted_structure,relnet,100,0.0,0.0,0.0,0.0,0.0
bdb2023_sack,set_empty_rate,40,boosted_structure,attn_relnet,100,0.0,0.0,0.0,0.0,0.0
bdb2023_sack,set_empty_rate,40,boosted_structure,set_transformer,100,0.0,0.0,0.0,0.0,0.0
bdb2023_sack,set_empty_rate,40,relnet,attn_relnet,100,0.0,0.0,0.0,0.0,0.0
bdb2023_sack,set_empty_rate,40,relnet,set_transformer,100,0.0,0.0,0.0,0.0,0.0
bdb2023_sack,set_empty_rate,40,attn_relnet,set_transformer,100,0.0,0.0,0.0,0.0,0.0
bdb2023_sack,set_empty_rate,50,linear_structure,boosted_structure,100,0.0,0.0,0.0,0.0,0.0
bdb2023_sack,set_empty_rate,50,linear_structure,relnet,100,0.0,0.0,0.0,0.0,0.0
bdb2023_sack,set_empty_rate,50,linear_structure,attn_relnet,100,0.0,0.0,0.0,0.0,0.0
bdb2023_sack,set_empty_rate,50,linear_structure,set_transformer,100,0.0,0.0,0.0,0.0,0.0
bdb2023_sack,set_empty_rate,50,boosted_structure,relnet,100,0.0,0.0,0.0,0.0,0.0
bdb2023_sack,set_empty_rate,50,boosted_structure,attn_relnet,100,0.0,0.0,0.0,0.0,0.0
bdb2023_sack,set_empty_rate,50,boosted_structure,set_transformer,100,0.0,0.0,0.0,0.0,0.0
bdb2023_sack,set_empty_rate,50,relnet,attn_relnet,100,0.0,0.0,0.0,0.0,0.0
bdb2023_sack,set_empty_rate,50,relnet,set_transformer,100,0.0,0.0,0.0,0.0,0.0
bdb2023_sack,set_empty_rate,50,attn_relnet,set_transformer,100,0.0,0.0,0.0,0.0,0.0
bdb2023_sack,set_empty_rate,60,linear_structure,boosted_structure,100,0.0,0.0,0.0,0.0,0.0
bdb2023_sack,set_empty_rate,60,linear_structure,relnet,100,0.0,0.0,0.0,0.0,0.0
bdb2023_sack,set_empty_rate,60,linear_structure,attn_relnet,100,0.0,0.0,0.0,0.0,0.0
bdb2023_sack,set_empty_rate,60,linear_structure,set_transformer,100,0.0,0.0,0.0,0.0,0.0
bdb2023_sack,set_empty_rate,60,boosted_structure,relnet,100,0.0,0.0,0.0,0.0,0.0
bdb2023_sack,set_empty_rate,60,boosted_structure,attn_relnet,100,0.0,0.0,0.0,0.0,0.0
bdb2023_sack,set_empty_rate,60,boosted_structure,set_transformer,100,0.0,0.0,0.0,0.0,0.0
bdb2023_sack,set_empty_rate,60,relnet,attn_relnet,100,0.0,0.0,0.0,0.0,0.0
bdb2023_sack,set_empty_rate,60,relnet,set_transformer,100,0.0,0.0,0.0,0.0,0.0
bdb2023_sack,set_empty_rate,60,attn_relnet,set_transformer,100,0.0,0.0,0.0,0.0,0.0
bdb2023_sack,game_equal_set_singleton_rate,10,linear_structure,boosted_structure,100,0.015191242714337225,0.11780845769619139,-0.1305163282787424,0.1706191614095494,0.011780845769619139
bdb2023_sack,game_equal_set_singleton_rate,10,linear_structure,relnet,100,0.030993837674843393,0.12491881845982913,-0.11606486627655277,0.188985010094922,0.012491881845982914
bdb2023_sack,game_equal_set_singleton_rate,10,linear_structure,attn_relnet,100,0.030641595649699847,0.12496410815210056,-0.11874768268006197,0.18094246370832165,0.012496410815210055
bdb2023_sack,game_equal_set_singleton_rate,10,linear_structure,set_transformer,100,0.013567081236090786,0.1194259611930508,-0.12333703825535038,0.1400673611529014,0.01194259611930508
bdb2023_sack,game_equal_set_singleton_rate,10,boosted_structure,relnet,100,0.015802594960506157,0.1243265437014063,-0.15280063479589387,0.1821286481095335,0.012432654370140631
bdb2023_sack,game_equal_set_singleton_rate,10,boosted_structure,attn_relnet,100,0.015450352935362621,0.12573074676380067,-0.1557716686030828,0.18171088785251127,0.012573074676380067
bdb2023_sack,game_equal_set_singleton_rate,10,boosted_structure,set_transformer,100,-0.0016241614782464388,0.13269221532301925,-0.15522188957850197,0.1736378627637598,0.013269221532301926
bdb2023_sack,game_equal_set_singleton_rate,10,relnet,attn_relnet,100,-0.0003522420251435407,0.013268042253841759,-0.007601051406819303,0.004153676647358089,0.001326804225384176
bdb2023_sack,game_equal_set_singleton_rate,10,relnet,set_transformer,100,-0.017426756438752605,0.11037691579101462,-0.18045363012027213,0.12211211427492896,0.011037691579101462
bdb2023_sack,game_equal_set_singleton_rate,10,attn_relnet,set_transformer,100,-0.017074514413609056,0.10985484043643666,-0.17074047025428543,0.1245920629448576,0.010985484043643665
bdb2023_sack,game_equal_set_singleton_rate,20,linear_structure,boosted_structure,100,-0.008013486424981708,0.12716560901608784,-0.1667890394108517,0.14756976264440724,0.012716560901608784
bdb2023_sack,game_equal_set_singleton_rate,20,linear_structure,relnet,100,0.0008634707578228359,0.12266509451456992,-0.16260118832443293,0.16606138984093077,0.012266509451456992
bdb2023_sack,game_equal_set_singleton_rate,20,linear_structure,attn_relnet,100,0.0029793991477487115,0.12205109040837146,-0.1575723639712041,0.16332801799488728,0.012205109040837147
bdb2023_sack,game_equal_set_singleton_rate,20,linear_structure,set_transformer,100,0.010620391762843816,0.10791081120641922,-0.11098219433082568,0.1351662149403285,0.010791081120641923
bdb2023_sack,game_equal_set_singleton_rate,20,boosted_structure,relnet,100,0.008876957182804542,0.12991241586138003,-0.16921467277181773,0.17754913916368076,0.012991241586138003
bdb2023_sack,game_equal_set_singleton_rate,20,boosted_structure,attn_relnet,100,0.010992885572730418,0.12682578287380541,-0.14976499842923918,0.1737465789659613,0.012682578287380541
bdb2023_sack,game_equal_set_singleton_rate,20,boosted_structure,set_transformer,100,0.018633878187825526,0.13892920988419546,-0.14429312231350433,0.2140355710248409,0.013892920988419547
bdb2023_sack,game_equal_set_singleton_rate,20,relnet,attn_relnet,100,0.0021159283899258754,0.02325458016442917,-0.008027142452316203,0.007633046515619678,0.0023254580164429168
bdb2023_sack,game_equal_set_singleton_rate,20,relnet,set_transformer,100,0.00975692100502098,0.11460924443617963,-0.09915061042020515,0.1596394180404758,0.011460924443617963
bdb2023_sack,game_equal_set_singleton_rate,20,attn_relnet,set_transformer,100,0.007640992615095103,0.1143351293172662,-0.10493620909610415,0.16006214403040708,0.01143351293172662
bdb2023_sack,game_equal_set_singleton_rate,30,linear_structure,boosted_structure,100,-0.0016180068263209918,0.12044579991614633,-0.16464313820200924,0.11764728567117651,0.012044579991614634
bdb2023_sack,game_equal_set_singleton_rate,30,linear_structure,relnet,100,0.01851610012494078,0.11986905326328491,-0.11336934781668537,0.1864782273247882,0.011986905326328491
bdb2023_sack,game_equal_set_singleton_rate,30,linear_structure,attn_relnet,100,0.01591069752095052,0.12335906398345084,-0.12095517912144108,0.1837588656909281,0.012335906398345083
bdb2023_sack,game_equal_set_singleton_rate,30,linear_structure,set_transformer,100,0.017035968636854013,0.12544307468726196,-0.13340428446368213,0.14967886959985768,0.012544307468726196
bdb2023_sack,game_equal_set_singleton_rate,30,boosted_structure,relnet,100,0.02013410695126178,0.13095723725505692,-0.13776020936826996,0.18082802428704234,0.013095723725505692
bdb2023_sack,game_equal_set_singleton_rate,30,boosted_structure,attn_relnet,100,0.01752870434727151,0.13178626798021797,-0.1377971221910328,0.17813112903818987,0.013178626798021797
bdb2023_sack,game_equal_set_singleton_rate,30,boosted_structure,set_transformer,100,0.018653975463175,0.12197506047687957,-0.13548699550143317,0.15328810355674255,0.012197506047687958
bdb2023_sack,game_equal_set_singleton_rate,30,relnet,attn_relnet,100,-0.0026054026039902655,0.01788925485973149,-0.009740489362843826,0.004443066697364877,0.0017889254859731491
bdb2023_sack,game_equal_set_singleton_rate,30,relnet,set_transformer,100,-0.001480131488086775,0.1100874168392419,-0.15230193515675516,0.12033872754225165,0.01100874168392419
bdb2023_sack,game_equal_set_singleton_rate,30,attn_relnet,set_transformer,100,0.001125271115903496,0.11078406249530781,-0.15299775912858365,0.13029976764228587,0.01107840624953078
bdb2023_sack,game_equal_set_singleton_rate,40,linear_structure,boosted_structure,100,-0.0056229380800132045,0.12165799165043589,-0.14573307768224206,0.15571645322787,0.01216579916504359
bdb2023_sack,game_equal_set_singleton_rate,40,linear_structure,relnet,100,0.006403600799781924,0.12745283038551963,-0.14848799896346643,0.15726920772310266,0.012745283038551963
bdb2023_sack,game_equal_set_singleton_rate,40,linear_structure,attn_relnet,100,0.007095688769984078,0.12822965520462726,-0.15046941632289584,0.15121481090879238,0.012822965520462725
bdb2023_sack,game_equal_set_singleton_rate,40,linear_structure,set_transformer,100,0.011627079057779256,0.12718656517463697,-0.17075368343459738,0.1868453307299468,0.012718656517463697
bdb2023_sack,game_equal_set_singleton_rate,40,boosted_structure,relnet,100,0.012026538879795125,0.12586258462686392,-0.1433392272949864,0.1553483630684853,0.012586258462686392
bdb2023_sack,game_equal_set_singleton_rate,40,boosted_structure,attn_relnet,100,0.012718626849997288,0.12538521251166188,-0.14762217522249174,0.16328831201568292,0.012538521251166187
bdb2023_sack,game_equal_set_singleton_rate,40,boosted_structure,set_transformer,100,0.01725001713779246,0.13609483109503823,-0.14820772601299248,0.15695898493325586,0.013609483109503823
bdb2023_sack,game_equal_set_singleton_rate,40,relnet,attn_relnet,100,0.0006920879702021596,0.02804949046318424,-0.008456678048100514,0.013175654636162687,0.002804949046318424
bdb2023_sack,game_equal_set_singleton_rate,40,relnet,set_transformer,100,0.005223478257997337,0.11442626578473769,-0.1568955055270931,0.1275744130280474,0.01144262657847377
bdb2023_sack,game_equal_set_singleton_rate,40,attn_relnet,set_transformer,100,0.004531390287795173,0.11335019760010814,-0.15725232031094696,0.12488048563330993,0.011335019760010815
bdb2023_sack,game_equal_set_singleton_rate,50,linear_structure,boosted_structure,100,0.000548974667715908,0.1240264084413594,-0.13739446989336793,0.13538835953077044,0.01240264084413594
bdb2023_sack,game_equal_set_singleton_rate,50,linear_structure,relnet,100,0.0018433071882043093,0.15043193874459174,-0.20774187705439623,0.18805641419800523,0.015043193874459173
bdb2023_sack,game_equal_set_singleton_rate,50,linear_structure,attn_relnet,100,0.0026799319704634813,0.15267208253496983,-0.2129914232055797,0.19792050624229174,0.015267208253496983
bdb2023_sack,game_equal_set_singleton_rate,50,linear_structure,set_transformer,100,0.017969486627862997,0.13321787594052242,-0.1583292761365012,0.20691799684850914,0.013321787594052243
bdb2023_sack,game_equal_set_singleton_rate,50,boosted_structure,relnet,100,0.0012943325204883994,0.13245831278834183,-0.18402547008315928,0.17354388247069336,0.013245831278834183
bdb2023_sack,game_equal_set_singleton_rate,50,boosted_structure,attn_relnet,100,0.002130957302747573,0.13300560117549406,-0.18894040183251037,0.1660707668386443,0.013300560117549407
bdb2023_sack,game_equal_set_singleton_rate,50,boosted_structure,set_transformer,100,0.017420511960147093,0.13963597986018025,-0.17447329814159446,0.18431823591191993,0.013963597986018025
bdb2023_sack,game_equal_set_singleton_rate,50,relnet,attn_relnet,100,0.0008366247822591726,0.023131271952420356,-0.012050604951913442,0.009260578932795594,0.0023131271952420355
bdb2023_sack,game_equal_set_singleton_rate,50,relnet,set_transformer,100,0.01612617943965869,0.11285004175476077,-0.12326019866838837,0.13731008792794078,0.011285004175476076
bdb2023_sack,game_equal_set_singleton_rate,50,attn_relnet,set_transformer,100,0.01528955465739952,0.1130289248697447,-0.12202937097616695,0.13819955191432595,0.01130289248697447
bdb2023_sack,game_equal_set_singleton_rate,60,linear_structure,boosted_structure,100,0.012776962042363692,0.11425982394266085,-0.12119427094913678,0.12404635822562664,0.011425982394266085
bdb2023_sack,game_equal_set_singleton_rate,60,linear_structure,relnet,100,0.015155557816881502,0.12306388158923864,-0.13337595312192935,0.16506831919290924,0.012306388158923865
bdb2023_sack,game_equal_set_singleton_rate,60,linear_structure,attn_relnet,100,0.016935301348595038,0.1234224348086831,-0.13191716665587955,0.16581374032121013,0.01234224348086831
bdb2023_sack,game_equal_set_singleton_rate,60,linear_structure,set_transformer,100,0.015197713292747626,0.10990942899844007,-0.12363622019682671,0.14512685007932716,0.010990942899844007
bdb2023_sack,game_equal_set_singleton_rate,60,boosted_structure,relnet,100,0.0023785957745178147,0.12653700162292553,-0.1494562161543178,0.146255019784447,0.012653700162292553
bdb2023_sack,game_equal_set_singleton_rate,60,boosted_structure,attn_relnet,100,0.00415833930623136,0.12624543224406884,-0.15229085475482,0.14641226294700904,0.012624543224406884
bdb2023_sack,game_equal_set_singleton_rate,60,boosted_structure,set_transformer,100,0.002420751250383942,0.11195261066905114,-0.14157688729340137,0.13778373994697166,0.011195261066905115
bdb2023_sack,game_equal_set_singleton_rate,60,relnet,attn_relnet,100,0.0017797435317135405,0.010702222077568704,-0.005415867578835622,0.010759014236911208,0.0010702222077568703
bdb2023_sack,game_equal_set_singleton_rate,60,relnet,set_transformer,100,4.2155475866123e-05,0.10637575210935239,-0.13264794460639828,0.13216745525334253,0.01063757521093524
bdb2023_sack,game_equal_set_singleton_rate,60,attn_relnet,set_transformer,100,-0.0017375880558474154,0.1057573529840428,-0.12738789697145322,0.12236331085482981,0.01057573529840428
bdb2023_sack,game_equal_set_doubleton_rate,10,linear_structure,boosted_structure,100,-0.015191242714337218,0.1178084576961914,-0.17061916140954936,0.13051632827874238,0.01178084576961914
bdb2023_sack,game_equal_set_doubleton_rate,10,linear_structure,relnet,100,-0.030993837674843396,0.12491881845982912,-0.18898501009492197,0.11606486627655249,0.012491881845982912
bdb2023_sack,game_equal_set_doubleton_rate,10,linear_structure,attn_relnet,100,-0.03064159564969985,0.12496410815210057,-0.18094246370832157,0.11874768268006204,0.012496410815210057
bdb2023_sack,game_equal_set_doubleton_rate,10,linear_structure,set_transformer,100,-0.013567081236090787,0.1194259611930508,-0.14006736115290153,0.1233370382553504,0.01194259611930508
bdb2023_sack,game_equal_set_doubleton_rate,10,boosted_structure,relnet,100,-0.015802594960506185,0.12432654370140628,-0.1821286481095335,0.15280063479589398,0.012432654370140628
bdb2023_sack,game_equal_set_doubleton_rate,10,boosted_structure,attn_relnet,100,-0.015450352935362635,0.12573074676380067,-0.18171088785251144,0.15577166860308264,0.012573074676380067
bdb2023_sack,game_equal_set_doubleton_rate,10,boosted_structure,set_transformer,100,0.0016241614782464319,0.13269221532301925,-0.17363786276375962,0.15522188957850233,0.013269221532301926
bdb2023_sack,game_equal_set_doubleton_rate,10,relnet,attn_relnet,100,0.00035224202514354985,0.013268042253841754,-0.004153676647358017,0.007601051406819529,0.0013268042253841753
bdb2023_sack,game_equal_set_doubleton_rate,10,relnet,set_transformer,100,0.01742675643875262,0.11037691579101465,-0.122112114274929,0.1804536301202723,0.011037691579101465
bdb2023_sack,game_equal_set_doubleton_rate,10,attn_relnet,set_transformer,100,0.017074514413609066,0.1098548404364367,-0.12459206294485742,0.17074047025428563,0.01098548404364367
bdb2023_sack,game_equal_set_doubleton_rate,20,linear_structure,boosted_structure,100,0.008013486424981736,0.12716560901608784,-0.14756976264440722,0.16678903941085188,0.012716560901608784
bdb2023_sack,game_equal_set_doubleton_rate,20,linear_structure,relnet,100,-0.0008634707578228384,0.1226650945145699,-0.16606138984093077,0.1626011883244328,0.01226650945145699
bdb2023_sack,game_equal_set_doubleton_rate,20,linear_structure,attn_relnet,100,-0.002979399147748706,0.12205109040837145,-0.1633280179948872,0.15757236397120405,0.012205109040837145
bdb2023_sack,game_equal_set_doubleton_rate,20,linear_structure,set_transformer,100,-0.010620391762843821,0.10791081120641922,-0.1351662149403285,0.11098219433082573,0.010791081120641923
bdb2023_sack,game_equal_set_doubleton_rate,20,boosted_structure,relnet,100,-0.008876957182804575,0.12991241586138003,-0.1775491391636808,0.16921467277181765,0.012991241586138003
bdb2023_sack,game_equal_set_doubleton_rate,20,boosted_structure,attn_relnet,100,-0.010992885572730437,0.12682578287380544,-0.17374657896596146,0.14976499842923954,0.012682578287380545
bdb2023_sack,game_equal_set_doubleton_rate,20,boosted_structure,set_transformer,100,-0.018633878187825553,0.13892920988419546,-0.2140355710248409,0.14429312231350455,0.013892920988419547
bdb2023_sack,game_equal_set_doubleton_rate,20,relnet,attn_relnet,100,-0.002115928389925867,0.023254580164429182,-0.007633046515619756,0.008027142452316194,0.002325458016442918
bdb2023_sack,game_equal_set_doubleton_rate,20,relnet,set_transformer,100,-0.009756921005020984,0.11460924443617965,-0.15963941804047566,0.09915061042020513,0.011460924443617964
bdb2023_sack,game_equal_set_doubleton_rate,20,attn_relnet,set_transformer,100,-0.007640992615095116,0.11433512931726623,-0.1600621440304071,0.10493620909610434,0.011433512931726623
bdb2023_sack,game_equal_set_doubleton_rate,30,linear_structure,boosted_structure,100,0.0016180068263209934,0.12044579991614633,-0.1176472856711762,0.16464313820200924,0.012044579991614634
bdb2023_sack,game_equal_set_doubleton_rate,30,linear_structure,relnet,100,-0.01851610012494077,0.1198690532632849,-0.18647822732478797,0.11336934781668548,0.01198690532632849
bdb2023_sack,game_equal_set_doubleton_rate,30,linear_structure,attn_relnet,100,-0.015910697520950513,0.12335906398345083,-0.18375886569092775,0.12095517912144117,0.012335906398345083
bdb2023_sack,game_equal_set_doubleton_rate,30,linear_structure,set_transformer,100,-0.01703596863685401,0.12544307468726196,-0.14967886959985768,0.13340428446368213,0.012544307468726196
bdb2023_sack,game_equal_set_doubleton_rate,30,boosted_structure,relnet,100,-0.020134106951261766,0.1309572372550569,-0.18082802428704234,0.1377602093682699,0.01309572372550569
bdb2023_sack,game_equal_set_doubleton_rate,30,boosted_structure,attn_relnet,100,-0.017528704347271506,0.13178626798021795,-0.17813112903818973,0.13779712219103288,0.013178626798021795
bdb2023_sack,game_equal_set_doubleton_rate,30,boosted_structure,set_transformer,100,-0.018653975463175,0.12197506047687959,-0.1532881035567424,0.13548699550143325,0.012197506047687958
bdb2023_sack,game_equal_set_doubleton_rate,30,relnet,attn_relnet,100,0.002605402603990257,0.01788925485973146,-0.004443066697364961,0.009740489362843899,0.001788925485973146
bdb2023_sack,game_equal_set_doubleton_rate,30,relnet,set_transformer,100,0.00148013148808676,0.1100874168392419,-0.12033872754225132,0.15230193515675516,0.01100874168392419
bdb2023_sack,game_equal_set_doubleton_rate,30,attn_relnet,set_transformer,100,-0.0011252711159034966,0.11078406249530783,-0.1302997676422858,0.15299775912858354,0.011078406249530782
bdb2023_sack,game_equal_set_doubleton_rate,40,linear_structure,boosted_structure,100,0.005622938080013199,0.12165799165043588,-0.15571645322786995,0.14573307768224195,0.012165799165043588
bdb2023_sack,game_equal_set_doubleton_rate,40,linear_structure,relnet,100,-0.006403600799781922,0.12745283038551963,-0.15726920772310257,0.14848799896346634,0.012745283038551963
bdb2023_sack,game_equal_set_doubleton_rate,40,linear_structure,attn_relnet,100,-0.0070956887699840975,0.12822965520462723,-0.15121481090879235,0.15046941632289565,0.012822965520462724
bdb2023_sack,game_equal_set_doubleton_rate,40,linear_structure,set_transformer,100,-0.011627079057779257,0.12718656517463697,-0.18684533072994688,0.1707536834345972,0.012718656517463697
bdb2023_sack,game_equal_set_doubleton_rate,40,boosted_structure,relnet,100,-0.012026538879795124,0.12586258462686392,-0.15534836306848518,0.14333922729498635,0.012586258462686392
bdb2023_sack,game_equal_set_doubleton_rate,40,boosted_structure,attn_relnet,100,-0.012718626849997295,0.12538521251166188,-0.16328831201568264,0.1476221752224916,0.012538521251166187
bdb2023_sack,game_equal_set_doubleton_rate,40,boosted_structure,set_transformer,100,-0.01725001713779246,0.13609483109503823,-0.15695898493325575,0.1482077260129925,0.013609483109503823
bdb2023_sack,game_equal_set_doubleton_rate,40,relnet,attn_relnet,100,-0.0006920879702021749,0.02804949046318425,-0.013175654636162503,0.00845667804810066,0.002804949046318425
bdb2023_sack,game_equal_set_doubleton_rate,40,relnet,set_transformer,100,-0.005223478257997334,0.11442626578473769,-0.12757441302804742,0.15689550552709308,0.01144262657847377
bdb2023_sack,game_equal_set_doubleton_rate,40,attn_relnet,set_transformer,100,-0.004531390287795161,0.11335019760010816,-0.12488048563330983,0.15725232031094713,0.011335019760010816
bdb2023_sack,game_equal_set_doubleton_rate,50,linear_structure,boosted_structure,100,-0.0005489746677159235,0.1240264084413594,-0.1353883595307702,0.13739446989336787,0.01240264084413594
bdb2023_sack,game_equal_set_doubleton_rate,50,linear_structure,relnet,100,-0.0018433071882042974,0.15043193874459174,-0.1880564141980052,0.2077418770543962,0.015043193874459173
bdb2023_sack,game_equal_set_doubleton_rate,50,linear_structure,attn_relnet,100,-0.0026799319704634648,0.15267208253496983,-0.19792050624229127,0.2129914232055799,0.015267208253496983
bdb2023_sack,game_equal_set_doubleton_rate,50,linear_structure,set_transformer,100,-0.01796948662786299,0.13321787594052245,-0.2069179968485092,0.1583292761365014,0.013321787594052245
bdb2023_sack,game_equal_set_doubleton_rate,50,boosted_structure,relnet,100,-0.0012943325204883749,0.13245831278834183,-0.17354388247069333,0.1840254700831597,0.013245831278834183
bdb2023_sack,game_equal_set_doubleton_rate,50,boosted_structure,attn_relnet,100,-0.0021309573027475403,0.13300560117549406,-0.16607076683864413,0.1889404018325106,0.013300560117549407
bdb2023_sack,game_equal_set_doubleton_rate,50,boosted_structure,set_transformer,100,-0.017420511960147066,0.13963597986018025,-0.18431823591192,0.17447329814159457,0.013963597986018025
bdb2023_sack,game_equal_set_doubleton_rate,50,relnet,attn_relnet,100,-0.0008366247822591654,0.02313127195242034,-0.009260578932795404,0.012050604951913499,0.002313127195242034
bdb2023_sack,game_equal_set_doubleton_rate,50,relnet,set_transformer,100,-0.016126179439658692,0.11285004175476078,-0.13731008792794083,0.1232601986683886,0.011285004175476078
bdb2023_sack,game_equal_set_doubleton_rate,50,attn_relnet,set_transformer,100,-0.015289554657399528,0.1130289248697447,-0.1381995519143258,0.122029370976167,0.01130289248697447
bdb2023_sack,game_equal_set_doubleton_rate,60,linear_structure,boosted_structure,100,-0.0127769620423637,0.11425982394266083,-0.12404635822562657,0.12119427094913664,0.011425982394266083
bdb2023_sack,game_equal_set_doubleton_rate,60,linear_structure,relnet,100,-0.015155557816881498,0.12306388158923866,-0.1650683191929093,0.13337595312192957,0.012306388158923865
bdb2023_sack,game_equal_set_doubleton_rate,60,linear_structure,attn_relnet,100,-0.016935301348595045,0.12342243480868309,-0.1658137403212101,0.1319171666558797,0.01234224348086831
bdb2023_sack,game_equal_set_doubleton_rate,60,linear_structure,set_transformer,100,-0.015197713292747621,0.1099094289984401,-0.14512685007932713,0.12363622019682703,0.01099094289984401
bdb2023_sack,game_equal_set_doubleton_rate,60,boosted_structure,relnet,100,-0.0023785957745177944,0.12653700162292553,-0.14625501978444713,0.149456216154318,0.012653700162292553
bdb2023_sack,game_equal_set_doubleton_rate,60,boosted_structure,attn_relnet,100,-0.004158339306231345,0.12624543224406887,-0.14641226294700915,0.15229085475482024,0.012624543224406887
bdb2023_sack,game_equal_set_doubleton_rate,60,boosted_structure,set_transformer,100,-0.002420751250383926,0.11195261066905117,-0.13778373994697177,0.14157688729340137,0.011195261066905117
bdb2023_sack,game_equal_set_doubleton_rate,60,relnet,attn_relnet,100,-0.0017797435317135485,0.010702222077568706,-0.01075901423691129,0.005415867578835645,0.0010702222077568705
bdb2023_sack,game_equal_set_doubleton_rate,60,relnet,set_transformer,100,-4.215547586613022e-05,0.10637575210935242,-0.13216745525334256,0.1326479446063983,0.010637575210935241
bdb2023_sack,game_equal_set_doubleton_rate,60,attn_relnet,set_transformer,100,0.0017375880558474182,0.10575735298404283,-0.1223633108548298,0.1273878969714536,0.010575735298404283
bdb2023_sack,game_equal_set_empty_rate,10,linear_structure,boosted_structure,100,0.0,0.0,0.0,0.0,0.0
bdb2023_sack,game_equal_set_empty_rate,10,linear_structure,relnet,100,0.0,0.0,0.0,0.0,0.0
bdb2023_sack,game_equal_set_empty_rate,10,linear_structure,attn_relnet,100,0.0,0.0,0.0,0.0,0.0
bdb2023_sack,game_equal_set_empty_rate,10,linear_structure,set_transformer,100,0.0,0.0,0.0,0.0,0.0
bdb2023_sack,game_equal_set_empty_rate,10,boosted_structure,relnet,100,0.0,0.0,0.0,0.0,0.0
bdb2023_sack,game_equal_set_empty_rate,10,boosted_structure,attn_relnet,100,0.0,0.0,0.0,0.0,0.0
bdb2023_sack,game_equal_set_empty_rate,10,boosted_structure,set_transformer,100,0.0,0.0,0.0,0.0,0.0
bdb2023_sack,game_equal_set_empty_rate,10,relnet,attn_relnet,100,0.0,0.0,0.0,0.0,0.0
bdb2023_sack,game_equal_set_empty_rate,10,relnet,set_transformer,100,0.0,0.0,0.0,0.0,0.0
bdb2023_sack,game_equal_set_empty_rate,10,attn_relnet,set_transformer,100,0.0,0.0,0.0,0.0,0.0
bdb2023_sack,game_equal_set_empty_rate,20,linear_structure,boosted_structure,100,0.0,0.0,0.0,0.0,0.0
bdb2023_sack,game_equal_set_empty_rate,20,linear_structure,relnet,100,0.0,0.0,0.0,0.0,0.0
bdb2023_sack,game_equal_set_empty_rate,20,linear_structure,attn_relnet,100,0.0,0.0,0.0,0.0,0.0
bdb2023_sack,game_equal_set_empty_rate,20,linear_structure,set_transformer,100,0.0,0.0,0.0,0.0,0.0
bdb2023_sack,game_equal_set_empty_rate,20,boosted_structure,relnet,100,0.0,0.0,0.0,0.0,0.0
bdb2023_sack,game_equal_set_empty_rate,20,boosted_structure,attn_relnet,100,0.0,0.0,0.0,0.0,0.0
bdb2023_sack,game_equal_set_empty_rate,20,boosted_structure,set_transformer,100,0.0,0.0,0.0,0.0,0.0
bdb2023_sack,game_equal_set_empty_rate,20,relnet,attn_relnet,100,0.0,0.0,0.0,0.0,0.0
bdb2023_sack,game_equal_set_empty_rate,20,relnet,set_transformer,100,0.0,0.0,0.0,0.0,0.0
bdb2023_sack,game_equal_set_empty_rate,20,attn_relnet,set_transformer,100,0.0,0.0,0.0,0.0,0.0
bdb2023_sack,game_equal_set_empty_rate,30,linear_structure,boosted_structure,100,0.0,0.0,0.0,0.0,0.0
bdb2023_sack,game_equal_set_empty_rate,30,linear_structure,relnet,100,0.0,0.0,0.0,0.0,0.0
bdb2023_sack,game_equal_set_empty_rate,30,linear_structure,attn_relnet,100,0.0,0.0,0.0,0.0,0.0
bdb2023_sack,game_equal_set_empty_rate,30,linear_structure,set_transformer,100,0.0,0.0,0.0,0.0,0.0
bdb2023_sack,game_equal_set_empty_rate,30,boosted_structure,relnet,100,0.0,0.0,0.0,0.0,0.0
bdb2023_sack,game_equal_set_empty_rate,30,boosted_structure,attn_relnet,100,0.0,0.0,0.0,0.0,0.0
bdb2023_sack,game_equal_set_empty_rate,30,boosted_structure,set_transformer,100,0.0,0.0,0.0,0.0,0.0
bdb2023_sack,game_equal_set_empty_rate,30,relnet,attn_relnet,100,0.0,0.0,0.0,0.0,0.0
bdb2023_sack,game_equal_set_empty_rate,30,relnet,set_transformer,100,0.0,0.0,0.0,0.0,0.0
bdb2023_sack,game_equal_set_empty_rate,30,attn_relnet,set_transformer,100,0.0,0.0,0.0,0.0,0.0
bdb2023_sack,game_equal_set_empty_rate,40,linear_structure,boosted_structure,100,0.0,0.0,0.0,0.0,0.0
bdb2023_sack,game_equal_set_empty_rate,40,linear_structure,relnet,100,0.0,0.0,0.0,0.0,0.0
bdb2023_sack,game_equal_set_empty_rate,40,linear_structure,attn_relnet,100,0.0,0.0,0.0,0.0,0.0
bdb2023_sack,game_equal_set_empty_rate,40,linear_structure,set_transformer,100,0.0,0.0,0.0,0.0,0.0
bdb2023_sack,game_equal_set_empty_rate,40,boosted_structure,relnet,100,0.0,0.0,0.0,0.0,0.0
bdb2023_sack,game_equal_set_empty_rate,40,boosted_structure,attn_relnet,100,0.0,0.0,0.0,0.0,0.0
bdb2023_sack,game_equal_set_empty_rate,40,boosted_structure,set_transformer,100,0.0,0.0,0.0,0.0,0.0
bdb2023_sack,game_equal_set_empty_rate,40,relnet,attn_relnet,100,0.0,0.0,0.0,0.0,0.0
bdb2023_sack,game_equal_set_empty_rate,40,relnet,set_transformer,100,0.0,0.0,0.0,0.0,0.0
bdb2023_sack,game_equal_set_empty_rate,40,attn_relnet,set_transformer,100,0.0,0.0,0.0,0.0,0.0
bdb2023_sack,game_equal_set_empty_rate,50,linear_structure,boosted_structure,100,0.0,0.0,0.0,0.0,0.0
bdb2023_sack,game_equal_set_empty_rate,50,linear_structure,relnet,100,0.0,0.0,0.0,0.0,0.0
bdb2023_sack,game_equal_set_empty_rate,50,linear_structure,attn_relnet,100,0.0,0.0,0.0,0.0,0.0
bdb2023_sack,game_equal_set_empty_rate,50,linear_structure,set_transformer,100,0.0,0.0,0.0,0.0,0.0
bdb2023_sack,game_equal_set_empty_rate,50,boosted_structure,relnet,100,0.0,0.0,0.0,0.0,0.0
bdb2023_sack,game_equal_set_empty_rate,50,boosted_structure,attn_relnet,100,0.0,0.0,0.0,0.0,0.0
bdb2023_sack,game_equal_set_empty_rate,50,boosted_structure,set_transformer,100,0.0,0.0,0.0,0.0,0.0
bdb2023_sack,game_equal_set_empty_rate,50,relnet,attn_relnet,100,0.0,0.0,0.0,0.0,0.0
bdb2023_sack,game_equal_set_empty_rate,50,relnet,set_transformer,100,0.0,0.0,0.0,0.0,0.0
bdb2023_sack,game_equal_set_empty_rate,50,attn_relnet,set_transformer,100,0.0,0.0,0.0,0.0,0.0
bdb2023_sack,game_equal_set_empty_rate,60,linear_structure,boosted_structure,100,0.0,0.0,0.0,0.0,0.0
bdb2023_sack,game_equal_set_empty_rate,60,linear_structure,relnet,100,0.0,0.0,0.0,0.0,0.0
bdb2023_sack,game_equal_set_empty_rate,60,linear_structure,attn_relnet,100,0.0,0.0,0.0,0.0,0.0
bdb2023_sack,game_equal_set_empty_rate,60,linear_structure,set_transformer,100,0.0,0.0,0.0,0.0,0.0
bdb2023_sack,game_equal_set_empty_rate,60,boosted_structure,relnet,100,0.0,0.0,0.0,0.0,0.0
bdb2023_sack,game_equal_set_empty_rate,60,boosted_structure,attn_relnet,100,0.0,0.0,0.0,0.0,0.0
bdb2023_sack,game_equal_set_empty_rate,60,boosted_structure,set_transformer,100,0.0,0.0,0.0,0.0,0.0
bdb2023_sack,game_equal_set_empty_rate,60,relnet,attn_relnet,100,0.0,0.0,0.0,0.0,0.0
bdb2023_sack,game_equal_set_empty_rate,60,relnet,set_transformer,100,0.0,0.0,0.0,0.0,0.0
bdb2023_sack,game_equal_set_empty_rate,60,attn_relnet,set_transformer,100,0.0,0.0,0.0,0.0,0.0
