task_id,model,n_train,metric,repeats,mean,ribbon_lower,ribbon_upper,ribbon_definition,inferential_interval
bdb2023_sack,attn_relnet,10,calibrated_brier,100,0.061717186908483254,0.055795676926726136,0.06779364431803821,between_repeat_q10_q90,False
bdb2023_sack,attn_relnet,20,calibrated_brier,100,0.061693481890662205,0.05538995043559114,0.06746708981730541,between_repeat_q10_q90,False
bdb2023_sack,attn_relnet,30,calibrated_brier,100,0.061631001052621925,0.055459806088242865,0.0673248821526265,between_repeat_q10_q90,False
bdb2023_sack,attn_relnet,40,calibrated_brier,100,0.06158098206017083,0.05500345545643904,0.06750960179235733,between_repeat_q10_q90,False
bdb2023_sack,attn_relnet,50,calibrated_brier,100,0.06153116766904424,0.054849347888004364,0.0672911882135335,between_repeat_q10_q90,False
bdb2023_sack,attn_relnet,60,calibrated_brier,100,0.061575180107338354,0.055306580465288795,0.06759223058408195,between_repeat_q10_q90,False
bdb2023_sack,boosted_structure,10,calibrated_brier,100,0.06170511812857684,0.0558133187032308,0.06730794874166701,between_repeat_q10_q90,False
bdb2023_sack,boosted_structure,20,calibrated_brier,100,0.06176047369177602,0.05574261337344486,0.0676136185766051,between_repeat_q10_q90,False
bdb2023_sack,boosted_structure,30,calibrated_brier,100,0.06166066235406178,0.05564973012797293,0.06765141315106486,between_repeat_q10_q90,False
bdb2023_sack,boosted_structure,40,calibrated_brier,100,0.061766507738979806,0.05571428623939008,0.06787462234653908,between_repeat_q10_q90,False
bdb2023_sack,boosted_structure,50,calibrated_brier,100,0.061735236131547945,0.05562917216796928,0.06769480841291513,between_repeat_q10_q90,False
bdb2023_sack,boosted_structure,60,calibrated_brier,100,0.06173278156105343,0.055651983981923905,0.06801381802905096,between_repeat_q10_q90,False
bdb2023_sack,linear_structure,10,calibrated_brier,100,0.06171052801959412,0.05558546547252909,0.06781529660071318,between_repeat_q10_q90,False
bdb2023_sack,linear_structure,20,calibrated_brier,100,0.061777090200354046,0.05578384454863173,0.06760893956873966,between_repeat_q10_q90,False
bdb2023_sack,linear_structure,30,calibrated_brier,100,0.06178411019338517,0.055551332551257895,0.06789954296269805,between_repeat_q10_q90,False
bdb2023_sack,linear_structure,40,calibrated_brier,100,0.061786128845684504,0.05556561036481037,0.06773839989009786,between_repeat_q10_q90,False
bdb2023_sack,linear_structure,50,calibrated_brier,100,0.06173485045450715,0.055472350667483676,0.0676206490617837,between_repeat_q10_q90,False
bdb2023_sack,linear_structure,60,calibrated_brier,100,0.0617796366794324,0.055735478256304156,0.06746075202538862,between_repeat_q10_q90,False
bdb2023_sack,relnet,10,calibrated_brier,100,0.061721192610863264,0.05582150564615663,0.06779757919287213,between_repeat_q10_q90,False
bdb2023_sack,relnet,20,calibrated_brier,100,0.06168268611501058,0.05540498264302482,0.06747720071642613,between_repeat_q10_q90,False
bdb2023_sack,relnet,30,calibrated_brier,100,0.061642052609572236,0.055436625707224546,0.06732114744392421,between_repeat_q10_q90,False
bdb2023_sack,relnet,40,calibrated_brier,100,0.06157467885427275,0.05509108337931245,0.06744750835030273,between_repeat_q10_q90,False
bdb2023_sack,relnet,50,calibrated_brier,100,0.06154284442712827,0.05483253508111063,0.06729840918979195,between_repeat_q10_q90,False
bdb2023_sack,relnet,60,calibrated_brier,100,0.06158668928347314,0.0553492692021565,0.06761268455285215,between_repeat_q10_q90,False
bdb2023_sack,set_transformer,10,calibrated_brier,100,0.06173788379026284,0.055404261231960975,0.06771803139815144,between_repeat_q10_q90,False
bdb2023_sack,set_transformer,20,calibrated_brier,100,0.06167932648410014,0.05567459030591541,0.06727416477825104,between_repeat_q10_q90,False
bdb2023_sack,set_transformer,30,calibrated_brier,100,0.06172755726755216,0.05538266208082254,0.06728199846566064,between_repeat_q10_q90,False
bdb2023_sack,set_transformer,40,calibrated_brier,100,0.06166563748843614,0.055116457182958684,0.06731790431797546,between_repeat_q10_q90,False
bdb2023_sack,set_transformer,50,calibrated_brier,100,0.06146621411319085,0.05515420647327262,0.0670000241176496,between_repeat_q10_q90,False
bdb2023_sack,set_transformer,60,calibrated_brier,100,0.06157607548189439,0.05544682057162815,0.06742396670671415,between_repeat_q10_q90,False
bdb2023_sack,attn_relnet,10,calibrated_log_loss,100,0.24386050066925738,0.22591401119356241,0.2622427713960963,between_repeat_q10_q90,False
bdb2023_sack,attn_relnet,20,calibrated_log_loss,100,0.24384720239937058,0.22487920397089076,0.2603659134638669,between_repeat_q10_q90,False
bdb2023_sack,attn_relnet,30,calibrated_log_loss,100,0.24314676579979583,0.22453727055373154,0.2606570199472633,between_repeat_q10_q90,False
bdb2023_sack,attn_relnet,40,calibrated_log_loss,100,0.24284679890271524,0.2228558722534193,0.26058195131902157,between_repeat_q10_q90,False
bdb2023_sack,attn_relnet,50,calibrated_log_loss,100,0.24260596331566905,0.22280496116803936,0.2600581248424095,between_repeat_q10_q90,False
bdb2023_sack,attn_relnet,60,calibrated_log_loss,100,0.2427602603323098,0.22450090567166034,0.25970053094617945,between_repeat_q10_q90,False
bdb2023_sack,boosted_structure,10,calibrated_log_loss,100,0.2438769328372919,0.2256491371496009,0.2618857154102562,between_repeat_q10_q90,False
bdb2023_sack,boosted_structure,20,calibrated_log_loss,100,0.24416797944343707,0.2258782484957926,0.26303220865627713,between_repeat_q10_q90,False
bdb2023_sack,boosted_structure,30,calibrated_log_loss,100,0.24367825520994668,0.22589926448680475,0.26358426538543933,between_repeat_q10_q90,False
bdb2023_sack,boosted_structure,40,calibrated_log_loss,100,0.24382937586290165,0.22558250631407217,0.26182718473100436,between_repeat_q10_q90,False
bdb2023_sack,boosted_structure,50,calibrated_log_loss,100,0.24364804613496968,0.2252991855981535,0.26201022076330105,between_repeat_q10_q90,False
bdb2023_sack,boosted_structure,60,calibrated_log_loss,100,0.2437149128442549,0.22598480714664088,0.26273980463337754,between_repeat_q10_q90,False
bdb2023_sack,linear_structure,10,calibrated_log_loss,100,0.24376718676177384,0.22502274236459943,0.2618963800465423,between_repeat_q10_q90,False
bdb2023_sack,linear_structure,20,calibrated_log_loss,100,0.24382651474748776,0.22488736316196092,0.26125483248444825,between_repeat_q10_q90,False
bdb2023_sack,linear_structure,30,calibrated_log_loss,100,0.24369237384161618,0.22474407560702483,0.2617683196183183,between_repeat_q10_q90,False
bdb2023_sack,linear_structure,40,calibrated_log_loss,100,0.24358344542903113,0.22380642998549352,0.261926129473976,between_repeat_q10_q90,False
bdb2023_sack,linear_structure,50,calibrated_log_loss,100,0.2432556743007633,0.2243897717039175,0.2611303363243436,between_repeat_q10_q90,False
bdb2023_sack,linear_structure,60,calibrated_log_loss,100,0.24322942950330528,0.22469247553314844,0.2605597711815017,between_repeat_q10_q90,False
bdb2023_sack,relnet,10,calibrated_log_loss,100,0.24390431971553372,0.2262593509949446,0.26227584994242803,between_repeat_q10_q90,False
bdb2023_sack,relnet,20,calibrated_log_loss,100,0.24382016448454266,0.22488700582909332,0.2602517569808971,between_repeat_q10_q90,False
bdb2023_sack,relnet,30,calibrated_log_loss,100,0.24319668914295864,0.22447636442021449,0.2606259427024301,between_repeat_q10_q90,False
bdb2023_sack,relnet,40,calibrated_log_loss,100,0.2428042255269181,0.2226544442199978,0.26005873479824126,between_repeat_q10_q90,False
bdb2023_sack,relnet,50,calibrated_log_loss,100,0.2426561100814585,0.22291994962335526,0.26001158926286744,between_repeat_q10_q90,False
bdb2023_sack,relnet,60,calibrated_log_loss,100,0.24281685288285618,0.22466800106252374,0.26048803398041137,between_repeat_q10_q90,False
bdb2023_sack,set_transformer,10,calibrated_log_loss,100,0.24387137707609605,0.2251582527450841,0.26231376277815477,between_repeat_q10_q90,False
bdb2023_sack,set_transformer,20,calibrated_log_loss,100,0.2435135057932363,0.22558450007528896,0.26040920726205113,between_repeat_q10_q90,False
bdb2023_sack,set_transformer,30,calibrated_log_loss,100,0.24321239247960122,0.22356271162394126,0.26140355468302456,between_repeat_q10_q90,False
bdb2023_sack,set_transformer,40,calibrated_log_loss,100,0.24304730705778335,0.22388386424424056,0.2604140390524674,between_repeat_q10_q90,False
bdb2023_sack,set_transformer,50,calibrated_log_loss,100,0.24206098637668266,0.22468680165707244,0.25838586182277334,between_repeat_q10_q90,False
bdb2023_sack,set_transformer,60,calibrated_log_loss,100,0.24224166824117638,0.22395500587111364,0.2597185632709633,between_repeat_q10_q90,False
bdb2023_sack,attn_relnet,10,calibration_bias,100,-0.004039961771312589,-0.01569396107089086,0.005924551527410346,between_repeat_q10_q90,False
bdb2023_sack,attn_relnet,20,calibration_bias,100,-0.0044684823718268395,-0.016639581809456933,0.006967497069478661,between_repeat_q10_q90,False
bdb2023_sack,attn_relnet,30,calibration_bias,100,-0.004670463352694385,-0.01649717362978354,0.007399684061252059,between_repeat_q10_q90,False
bdb2023_sack,attn_relnet,40,calibration_bias,100,-0.0049979925893100215,-0.01717742117034678,0.005971819634644997,between_repeat_q10_q90,False
bdb2023_sack,attn_relnet,50,calibration_bias,100,-0.004918682773160043,-0.017065044813244647,0.0060560357241248525,between_repeat_q10_q90,False
bdb2023_sack,attn_relnet,60,calibration_bias,100,-0.004792777862524885,-0.017107606380868622,0.0067503916562324925,between_repeat_q10_q90,False
bdb2023_sack,boosted_structure,10,calibration_bias,100,-0.0044803811539031214,-0.01636281220693551,0.006401374581042759,between_repeat_q10_q90,False
bdb2023_sack,boosted_structure,20,calibration_bias,100,-0.004525744815255125,-0.017301980634600086,0.007574767103757292,between_repeat_q10_q90,False
bdb2023_sack,boosted_structure,30,calibration_bias,100,-0.0047101880981465696,-0.01740578880688225,0.005489476512832309,between_repeat_q10_q90,False
bdb2023_sack,boosted_structure,40,calibration_bias,100,-0.004799303138425989,-0.017932740210905043,0.005753715650957704,between_repeat_q10_q90,False
bdb2023_sack,boosted_structure,50,calibration_bias,100,-0.004705257028117537,-0.017687595955061242,0.005597817100041261,between_repeat_q10_q90,False
bdb2023_sack,boosted_structure,60,calibration_bias,100,-0.0047788442572178815,-0.01794353780416914,0.006501040071103174,between_repeat_q10_q90,False
bdb2023_sack,linear_structure,10,calibration_bias,100,-0.00449108555098304,-0.0156534570273836,0.007174668874312353,between_repeat_q10_q90,False
bdb2023_sack,linear_structure,20,calibration_bias,100,-0.0051461441445200306,-0.016690432541510782,0.006097337399852962,between_repeat_q10_q90,False
bdb2023_sack,linear_structure,30,calibration_bias,100,-0.005130194171689573,-0.016939985506842545,0.006122273926374896,between_repeat_q10_q90,False
bdb2023_sack,linear_structure,40,calibration_bias,100,-0.005478237258401278,-0.019237673389546704,0.006020248823746884,between_repeat_q10_q90,False
bdb2023_sack,linear_structure,50,calibration_bias,100,-0.005588149402234343,-0.01862866655485471,0.00627141281551638,between_repeat_q10_q90,False
bdb2023_sack,linear_structure,60,calibration_bias,100,-0.005366610449393312,-0.017679886166505513,0.006122173635837986,between_repeat_q10_q90,False
bdb2023_sack,relnet,10,calibration_bias,100,-0.0040686697979090795,-0.015468209141260554,0.006142747934033328,between_repeat_q10_q90,False
bdb2023_sack,relnet,20,calibration_bias,100,-0.004414173540722051,-0.0168670250470018,0.007026235197470456,between_repeat_q10_q90,False
bdb2023_sack,relnet,30,calibration_bias,100,-0.0046860786368250595,-0.01655022095167749,0.007532932064469055,between_repeat_q10_q90,False
bdb2023_sack,relnet,40,calibration_bias,100,-0.0049253956039626515,-0.01658211357680174,0.006118887015165884,between_repeat_q10_q90,False
bdb2023_sack,relnet,50,calibration_bias,100,-0.004987460874761678,-0.017581413135391005,0.006227067244527962,between_repeat_q10_q90,False
bdb2023_sack,relnet,60,calibration_bias,100,-0.004781353839474064,-0.017315397325219837,0.006675217424988565,between_repeat_q10_q90,False
bdb2023_sack,set_transformer,10,calibration_bias,100,-0.004606060283480072,-0.017398617746455965,0.006621218031248124,between_repeat_q10_q90,False
bdb2023_sack,set_transformer,20,calibration_bias,100,-0.004924223230655341,-0.017439029136407665,0.006501997679419168,between_repeat_q10_q90,False
bdb2023_sack,set_transformer,30,calibration_bias,100,-0.00538117661335395,-0.018226719562339438,0.00582393734109916,between_repeat_q10_q90,False
bdb2023_sack,set_transformer,40,calibration_bias,100,-0.00514529185820931,-0.017047787909912463,0.006033328148204214,between_repeat_q10_q90,False
bdb2023_sack,set_transformer,50,calibration_bias,100,-0.005439017795606606,-0.01758876606072453,0.007245992615580578,between_repeat_q10_q90,False
bdb2023_sack,set_transformer,60,calibration_bias,100,-0.005507192404866186,-0.01720409977045817,0.005425197723965001,between_repeat_q10_q90,False
bdb2023_sack,attn_relnet,10,game_equal_calibrated_brier,100,0.06287600526997611,0.05678952936542878,0.06885280014396289,between_repeat_q10_q90,False
bdb2023_sack,attn_relnet,20,game_equal_calibrated_brier,100,0.06284447198390102,0.056763585591583385,0.0688361475999935,between_repeat_q10_q90,False
bdb2023_sack,attn_relnet,30,game_equal_calibrated_brier,100,0.06277754290864634,0.05676874756501778,0.06868196845969177,between_repeat_q10_q90,False
bdb2023_sack,attn_relnet,40,game_equal_calibrated_brier,100,0.06271878525137564,0.05655108095878259,0.06856569023738115,between_repeat_q10_q90,False
bdb2023_sack,attn_relnet,50,game_equal_calibrated_brier,100,0.06268303026617017,0.05618114538678807,0.06880460444282624,between_repeat_q10_q90,False
bdb2023_sack,attn_relnet,60,game_equal_calibrated_brier,100,0.06272295025205649,0.05670522441320074,0.06898166899471363,between_repeat_q10_q90,False
bdb2023_sack,boosted_structure,10,game_equal_calibrated_brier,100,0.0628716531773971,0.057132151472160025,0.0686949684076512,between_repeat_q10_q90,False
bdb2023_sack,boosted_structure,20,game_equal_calibrated_brier,100,0.06293161742879215,0.056693150484501825,0.06950858805725052,between_repeat_q10_q90,False
bdb2023_sack,boosted_structure,30,game_equal_calibrated_brier,100,0.06283266895673294,0.056706334289697895,0.06886347007948339,between_repeat_q10_q90,False
bdb2023_sack,boosted_structure,40,game_equal_calibrated_brier,100,0.06294384591906634,0.05693297877057061,0.06935342078609191,between_repeat_q10_q90,False
bdb2023_sack,boosted_structure,50,game_equal_calibrated_brier,100,0.06290346357035417,0.05689526057369906,0.06883741368175533,between_repeat_q10_q90,False
bdb2023_sack,boosted_structure,60,game_equal_calibrated_brier,100,0.0629032011792824,0.05686619903119343,0.06903118023463031,between_repeat_q10_q90,False
bdb2023_sack,linear_structure,10,game_equal_calibrated_brier,100,0.06290277547849525,0.05675261235807386,0.0696923077786827,between_repeat_q10_q90,False
bdb2023_sack,linear_structure,20,game_equal_calibrated_brier,100,0.06300126852538701,0.056574627198810484,0.06963537242282142,between_repeat_q10_q90,False
bdb2023_sack,linear_structure,30,game_equal_calibrated_brier,100,0.06299555266258659,0.05717379372010603,0.06977690666784397,between_repeat_q10_q90,False
bdb2023_sack,linear_structure,40,game_equal_calibrated_brier,100,0.06299834080124421,0.05678170922157614,0.06934390009627961,between_repeat_q10_q90,False
bdb2023_sack,linear_structure,50,game_equal_calibrated_brier,100,0.06295973331325161,0.05699367655450467,0.06839369026034169,between_repeat_q10_q90,False
bdb2023_sack,linear_structure,60,game_equal_calibrated_brier,100,0.06301462622316997,0.05706839674288665,0.06949139622003783,between_repeat_q10_q90,False
bdb2023_sack,relnet,10,game_equal_calibrated_brier,100,0.0628797652710513,0.05678856122369767,0.0688486107630674,between_repeat_q10_q90,False
bdb2023_sack,relnet,20,game_equal_calibrated_brier,100,0.06283214394773184,0.05674029402598159,0.06881010210068268,between_repeat_q10_q90,False
bdb2023_sack,relnet,30,game_equal_calibrated_brier,100,0.06279052065077023,0.056777441241820596,0.06871189298452049,between_repeat_q10_q90,False
bdb2023_sack,relnet,40,game_equal_calibrated_brier,100,0.0627122121031519,0.056646286816801554,0.06858814425081633,between_repeat_q10_q90,False
bdb2023_sack,relnet,50,game_equal_calibrated_brier,100,0.06269442651883089,0.056109697726049824,0.06879402979599837,between_repeat_q10_q90,False
bdb2023_sack,relnet,60,game_equal_calibrated_brier,100,0.06273335003139016,0.05676161918905883,0.0690451048870852,between_repeat_q10_q90,False
bdb2023_sack,set_transformer,10,game_equal_calibrated_brier,100,0.06292301369968428,0.056624750705219586,0.06884527751054781,between_repeat_q10_q90,False
bdb2023_sack,set_transformer,20,game_equal_calibrated_brier,100,0.06285469127645987,0.05670350194715516,0.06856385083000159,between_repeat_q10_q90,False
bdb2023_sack,set_transformer,30,game_equal_calibrated_brier,100,0.06291794570069598,0.05676531117217757,0.06923308945904738,between_repeat_q10_q90,False
bdb2023_sack,set_transformer,40,game_equal_calibrated_brier,100,0.06285824423465128,0.056724888950655895,0.06867516627208892,between_repeat_q10_q90,False
bdb2023_sack,set_transformer,50,game_equal_calibrated_brier,100,0.06264858480186936,0.05683996370003669,0.06834037735653103,between_repeat_q10_q90,False
bdb2023_sack,set_transformer,60,game_equal_calibrated_brier,100,0.06276700623065912,0.056748010571341254,0.06862199400037591,between_repeat_q10_q90,False
bdb2023_sack,attn_relnet,10,game_equal_calibrated_log_loss,100,0.24740499971860783,0.2293877361982346,0.2653426130910277,between_repeat_q10_q90,False
bdb2023_sack,attn_relnet,20,game_equal_calibrated_log_loss,100,0.2473691561641571,0.22871836264597148,0.2657026725607443,between_repeat_q10_q90,False
bdb2023_sack,attn_relnet,30,game_equal_calibrated_log_loss,100,0.24662230652715203,0.22762541671238765,0.26612085490249804,between_repeat_q10_q90,False
bdb2023_sack,attn_relnet,40,game_equal_calibrated_log_loss,100,0.24634700281186972,0.22762616198115482,0.26385180351049725,between_repeat_q10_q90,False
bdb2023_sack,attn_relnet,50,game_equal_calibrated_log_loss,100,0.24615739027494177,0.2261467581507011,0.26618838893486035,between_repeat_q10_q90,False
bdb2023_sack,attn_relnet,60,game_equal_calibrated_log_loss,100,0.2462981288754923,0.2274593288601636,0.2651078175981754,between_repeat_q10_q90,False
bdb2023_sack,boosted_structure,10,game_equal_calibrated_log_loss,100,0.2474472110220754,0.22937828176154595,0.26783627638418717,between_repeat_q10_q90,False
bdb2023_sack,boosted_structure,20,game_equal_calibrated_log_loss,100,0.2477459288194787,0.22962080377271563,0.2669704309838497,between_repeat_q10_q90,False
bdb2023_sack,boosted_structure,30,game_equal_calibrated_log_loss,100,0.24724681296199852,0.22903479877572072,0.2664225692112587,between_repeat_q10_q90,False
bdb2023_sack,boosted_structure,40,game_equal_calibrated_log_loss,100,0.2474299497568825,0.2294259941407803,0.26657147152438526,between_repeat_q10_q90,False
bdb2023_sack,boosted_structure,50,game_equal_calibrated_log_loss,100,0.24721229388616708,0.2294783424857774,0.2661106126464868,between_repeat_q10_q90,False
bdb2023_sack,boosted_structure,60,game_equal_calibrated_log_loss,100,0.2472904670541816,0.22924424991460854,0.2671148922257972,between_repeat_q10_q90,False
bdb2023_sack,linear_structure,10,game_equal_calibrated_log_loss,100,0.24741974366261374,0.2281453562239123,0.2673436856200451,between_repeat_q10_q90,False
bdb2023_sack,linear_structure,20,game_equal_calibrated_log_loss,100,0.2475533509976547,0.22720904386972776,0.2674687131846565,between_repeat_q10_q90,False
bdb2023_sack,linear_structure,30,game_equal_calibrated_log_loss,100,0.24738911986919965,0.22868367514963825,0.2676905643296333,between_repeat_q10_q90,False
bdb2023_sack,linear_structure,40,game_equal_calibrated_log_loss,100,0.24725011250016088,0.22800524043443401,0.26562037000788186,between_repeat_q10_q90,False
bdb2023_sack,linear_structure,50,game_equal_calibrated_log_loss,100,0.24698193514308164,0.22649706972920716,0.2659311934012498,between_repeat_q10_q90,False
bdb2023_sack,linear_structure,60,game_equal_calibrated_log_loss,100,0.2469669538846292,0.22724056112268995,0.2656404003731336,between_repeat_q10_q90,False
bdb2023_sack,relnet,10,game_equal_calibrated_log_loss,100,0.24744929076285968,0.22936708197635233,0.26528977847409374,between_repeat_q10_q90,False
bdb2023_sack,relnet,20,game_equal_calibrated_log_loss,100,0.24733262721639054,0.22851160373879753,0.2652800761920626,between_repeat_q10_q90,False
bdb2023_sack,relnet,30,game_equal_calibrated_log_loss,100,0.24668070531055886,0.22764827817282962,0.26609462620949215,between_repeat_q10_q90,False
bdb2023_sack,relnet,40,game_equal_calibrated_log_loss,100,0.24630926151911872,0.2275775272585495,0.26354801122917015,between_repeat_q10_q90,False
bdb2023_sack,relnet,50,game_equal_calibrated_log_loss,100,0.24620494574517926,0.22595681777682575,0.26590670951103595,between_repeat_q10_q90,False
bdb2023_sack,relnet,60,game_equal_calibrated_log_loss,100,0.24635427459114234,0.22763644693911175,0.2655860642700364,between_repeat_q10_q90,False
bdb2023_sack,set_transformer,10,game_equal_calibrated_log_loss,100,0.24749997149891004,0.22873896253084655,0.26629336360779693,between_repeat_q10_q90,False
bdb2023_sack,set_transformer,20,game_equal_calibrated_log_loss,100,0.2471293827488021,0.22808488096451776,0.26560061888548664,between_repeat_q10_q90,False
bdb2023_sack,set_transformer,30,game_equal_calibrated_log_loss,100,0.2469138744300539,0.22856548154533157,0.2660934843485753,between_repeat_q10_q90,False
bdb2023_sack,set_transformer,40,game_equal_calibrated_log_loss,100,0.2467953279382674,0.2269367567393345,0.26608942279604014,between_repeat_q10_q90,False
bdb2023_sack,set_transformer,50,game_equal_calibrated_log_loss,100,0.24574743749532402,0.22817240465748467,0.26391070225349217,between_repeat_q10_q90,False
bdb2023_sack,set_transformer,60,game_equal_calibrated_log_loss,100,0.2459698183603637,0.22766504434455387,0.26430165614776174,between_repeat_q10_q90,False
bdb2023_sack,attn_relnet,10,game_equal_calibration_bias,100,-0.002755693361413865,-0.014064604388058255,0.00847263725617578,between_repeat_q10_q90,False
bdb2023_sack,attn_relnet,20,game_equal_calibration_bias,100,-0.003216470979997033,-0.015522000331197779,0.008610582777480396,between_repeat_q10_q90,False
bdb2023_sack,attn_relnet,30,game_equal_calibration_bias,100,-0.003514408620133946,-0.015383404783313986,0.00941115049819019,between_repeat_q10_q90,False
bdb2023_sack,attn_relnet,40,game_equal_calibration_bias,100,-0.0038063648806317997,-0.015431749359999043,0.007954356675694836,between_repeat_q10_q90,False
bdb2023_sack,attn_relnet,50,game_equal_calibration_bias,100,-0.003743694277077238,-0.01617714310227594,0.007846119186191195,between_repeat_q10_q90,False
bdb2023_sack,attn_relnet,60,game_equal_calibration_bias,100,-0.003621027214802342,-0.016332925811731975,0.00848542840376062,between_repeat_q10_q90,False
bdb2023_sack,boosted_structure,10,game_equal_calibration_bias,100,-0.003137236519215129,-0.014445013319016006,0.007962371132602468,between_repeat_q10_q90,False
bdb2023_sack,boosted_structure,20,game_equal_calibration_bias,100,-0.003184661740640718,-0.016181908039539294,0.00905065796330725,between_repeat_q10_q90,False
bdb2023_sack,boosted_structure,30,game_equal_calibration_bias,100,-0.003382299596116798,-0.01644689472002679,0.007905450105936239,between_repeat_q10_q90,False
bdb2023_sack,boosted_structure,40,game_equal_calibration_bias,100,-0.0034823518490716397,-0.01634573482939862,0.007958134021625539,between_repeat_q10_q90,False
bdb2023_sack,boosted_structure,50,game_equal_calibration_bias,100,-0.0033801404356839666,-0.017229907441292644,0.00791009898982727,between_repeat_q10_q90,False
bdb2023_sack,boosted_structure,60,game_equal_calibration_bias,100,-0.0034775030811503693,-0.016446553566370436,0.008408305774076866,between_repeat_q10_q90,False
bdb2023_sack,linear_structure,10,game_equal_calibration_bias,100,-0.003182068241819487,-0.014459673475322716,0.008559153918927254,between_repeat_q10_q90,False
bdb2023_sack,linear_structure,20,game_equal_calibration_bias,100,-0.003892976781953637,-0.01633785940429049,0.00797510616293054,between_repeat_q10_q90,False
bdb2023_sack,linear_structure,30,game_equal_calibration_bias,100,-0.003868081561226517,-0.01665763159249808,0.007692617771487423,between_repeat_q10_q90,False
bdb2023_sack,linear_structure,40,game_equal_calibration_bias,100,-0.004231659815792993,-0.018287259922310447,0.007635732400149036,between_repeat_q10_q90,False
bdb2023_sack,linear_structure,50,game_equal_calibration_bias,100,-0.004367975006905342,-0.01754387626344311,0.007628912974090008,between_repeat_q10_q90,False
bdb2023_sack,linear_structure,60,game_equal_calibration_bias,100,-0.004180213601882346,-0.01715333727572582,0.007909460647782076,between_repeat_q10_q90,False
bdb2023_sack,relnet,10,game_equal_calibration_bias,100,-0.002782124863318869,-0.014093965757860564,0.00875646822926283,between_repeat_q10_q90,False
bdb2023_sack,relnet,20,game_equal_calibration_bias,100,-0.003166836576521738,-0.015766577703714143,0.009143938697374078,between_repeat_q10_q90,False
bdb2023_sack,relnet,30,game_equal_calibration_bias,100,-0.0035268033232872193,-0.015544300475984967,0.009340579207828745,between_repeat_q10_q90,False
bdb2023_sack,relnet,40,game_equal_calibration_bias,100,-0.0037260555790153103,-0.015187045530991827,0.007981964084823037,between_repeat_q10_q90,False
bdb2023_sack,relnet,50,game_equal_calibration_bias,100,-0.0038149741854518887,-0.016891958157408765,0.007774377650816692,between_repeat_q10_q90,False
bdb2023_sack,relnet,60,game_equal_calibration_bias,100,-0.003610498678756907,-0.016263655906942294,0.008786959258351162,between_repeat_q10_q90,False
bdb2023_sack,set_transformer,10,game_equal_calibration_bias,100,-0.0032985674626283402,-0.016437179012428464,0.007861933192891586,between_repeat_q10_q90,False
bdb2023_sack,set_transformer,20,game_equal_calibration_bias,100,-0.003659089542909708,-0.016134897243759275,0.008418623706501363,between_repeat_q10_q90,False
bdb2023_sack,set_transformer,30,game_equal_calibration_bias,100,-0.0041843738063916,-0.01695237791837366,0.007108063461611832,between_repeat_q10_q90,False
bdb2023_sack,set_transformer,40,game_equal_calibration_bias,100,-0.003921776272499528,-0.015512191371324428,0.0076919593117717264,between_repeat_q10_q90,False
bdb2023_sack,set_transformer,50,game_equal_calibration_bias,100,-0.004244837435411207,-0.015905400469300925,0.008152801666958339,between_repeat_q10_q90,False
bdb2023_sack,set_transformer,60,game_equal_calibration_bias,100,-0.004314949279402656,-0.017314626838296557,0.0077195287919528,between_repeat_q10_q90,False
bdb2023_sack,attn_relnet,10,game_equal_label0_set_coverage,100,0.9078741407089549,0.8140419050967027,0.9741086075699705,between_repeat_q10_q90,False
bdb2023_sack,attn_relnet,20,game_equal_label0_set_coverage,100,0.9090943697011612,0.8256875576593766,0.9747198217387926,between_repeat_q10_q90,False
bdb2023_sack,attn_relnet,30,game_equal_label0_set_coverage,100,0.9115953045002128,0.8337239665060338,0.9792482681127742,between_repeat_q10_q90,False
bdb2023_sack,attn_relnet,40,game_equal_label0_set_coverage,100,0.9007808240074592,0.8201433609428546,0.9715194852945863,between_repeat_q10_q90,False
bdb2023_sack,attn_relnet,50,game_equal_label0_set_coverage,100,0.8900136686365197,0.79297583290459,0.9713794962561432,between_repeat_q10_q90,False
bdb2023_sack,attn_relnet,60,game_equal_label0_set_coverage,100,0.9077598769403621,0.8255097842263753,0.9696020397487494,between_repeat_q10_q90,False
bdb2023_sack,boosted_structure,10,game_equal_label0_set_coverage,100,0.9028362764496701,0.8279863119314772,0.9696635458375824,between_repeat_q10_q90,False
bdb2023_sack,boosted_structure,20,game_equal_label0_set_coverage,100,0.9097560528030805,0.8273937194559545,0.9756836263752475,between_repeat_q10_q90,False
bdb2023_sack,boosted_structure,30,game_equal_label0_set_coverage,100,0.9074512982784364,0.8159770894377609,0.9778960204478574,between_repeat_q10_q90,False
bdb2023_sack,boosted_structure,40,game_equal_label0_set_coverage,100,0.8979809629445547,0.8091294623545945,0.9770877345350801,between_repeat_q10_q90,False
bdb2023_sack,boosted_structure,50,game_equal_label0_set_coverage,100,0.8945264566650775,0.817062956505037,0.9759445465048778,between_repeat_q10_q90,False
bdb2023_sack,boosted_structure,60,game_equal_label0_set_coverage,100,0.901699255983236,0.826906338379532,0.975468343733054,between_repeat_q10_q90,False
bdb2023_sack,linear_structure,10,game_equal_label0_set_coverage,100,0.9081515808697221,0.8155213161187964,0.9754489232567721,between_repeat_q10_q90,False
bdb2023_sack,linear_structure,20,game_equal_label0_set_coverage,100,0.9195851619232777,0.8392114104117817,0.9768566413844912,between_repeat_q10_q90,False
bdb2023_sack,linear_structure,30,game_equal_label0_set_coverage,100,0.9169251230331029,0.8446102207460359,0.9708632485784295,between_repeat_q10_q90,False
bdb2023_sack,linear_structure,40,game_equal_label0_set_coverage,100,0.9125259255345303,0.8394167459391814,0.9739711982075185,between_repeat_q10_q90,False
bdb2023_sack,linear_structure,50,game_equal_label0_set_coverage,100,0.9034116269783441,0.8194171243959241,0.9699359116925491,between_repeat_q10_q90,False
bdb2023_sack,linear_structure,60,game_equal_label0_set_coverage,100,0.9086944097614768,0.8283327674278823,0.9738020662389468,between_repeat_q10_q90,False
bdb2023_sack,relnet,10,game_equal_label0_set_coverage,100,0.9075321286041441,0.826375626414318,0.9744040562333293,between_repeat_q10_q90,False
bdb2023_sack,relnet,20,game_equal_label0_set_coverage,100,0.9084152240733904,0.8262318846836701,0.9747881920646206,between_repeat_q10_q90,False
bdb2023_sack,relnet,30,game_equal_label0_set_coverage,100,0.9128594837731289,0.8407545710097485,0.9784474710990535,between_repeat_q10_q90,False
bdb2023_sack,relnet,40,game_equal_label0_set_coverage,100,0.8990676582947212,0.8122335643519565,0.9718672355831067,between_repeat_q10_q90,False
bdb2023_sack,relnet,50,game_equal_label0_set_coverage,100,0.8895787426749542,0.7861758040552036,0.9698726364589233,between_repeat_q10_q90,False
bdb2023_sack,relnet,60,game_equal_label0_set_coverage,100,0.9076575158744015,0.8270576502135649,0.9673142041879027,between_repeat_q10_q90,False
bdb2023_sack,set_transformer,10,game_equal_label0_set_coverage,100,0.9019284675299878,0.8183169777727765,0.9615051969117329,between_repeat_q10_q90,False
bdb2023_sack,set_transformer,20,game_equal_label0_set_coverage,100,0.9153178102622964,0.8416640898436412,0.9733418883659439,between_repeat_q10_q90,False
bdb2023_sack,set_transformer,30,game_equal_label0_set_coverage,100,0.9039950639237104,0.830032933450182,0.9823916918728558,between_repeat_q10_q90,False
bdb2023_sack,set_transformer,40,game_equal_label0_set_coverage,100,0.903047969510036,0.7935062268417824,0.9685649975252671,between_repeat_q10_q90,False
bdb2023_sack,set_transformer,50,game_equal_label0_set_coverage,100,0.9005615278398332,0.8295179218593183,0.961800180476155,between_repeat_q10_q90,False
bdb2023_sack,set_transformer,60,game_equal_label0_set_coverage,100,0.8956901560384263,0.8027378957625692,0.9644747224138228,between_repeat_q10_q90,False
bdb2023_sack,attn_relnet,10,game_equal_label1_set_coverage,100,0.911726955782313,0.8111167800453516,0.9841751700680272,between_repeat_q10_q90,False
bdb2023_sack,attn_relnet,20,game_equal_label1_set_coverage,100,0.9062253968253968,0.8172706916099773,0.9790892857142858,between_repeat_q10_q90,False
bdb2023_sack,attn_relnet,30,game_equal_label1_set_coverage,100,0.9131539399092969,0.8376473922902493,0.9811111111111112,between_repeat_q10_q90,False
bdb2023_sack,attn_relnet,40,game_equal_label1_set_coverage,100,0.911551955782313,0.8475850340136053,0.9811111111111112,between_repeat_q10_q90,False
bdb2023_sack,attn_relnet,50,game_equal_label1_set_coverage,100,0.9134299886621317,0.8203968253968253,0.9880952380952381,between_repeat_q10_q90,False
bdb2023_sack,attn_relnet,60,game_equal_label1_set_coverage,100,0.9161965986394557,0.8523452380952382,0.9826190476190477,between_repeat_q10_q90,False
bdb2023_sack,boosted_structure,10,game_equal_label1_set_coverage,100,0.9136972222222223,0.8279648526077097,0.984126984126984,between_repeat_q10_q90,False
bdb2023_sack,boosted_structure,20,game_equal_label1_set_coverage,100,0.8965854308390022,0.7854195011337868,0.9837188208616781,between_repeat_q10_q90,False
bdb2023_sack,boosted_structure,30,game_equal_label1_set_coverage,100,0.9008181405895695,0.8044727891156462,0.9782142857142858,between_repeat_q10_q90,False
bdb2023_sack,boosted_structure,40,game_equal_label1_set_coverage,100,0.9037945861678004,0.809404761904762,0.9805102040816327,between_repeat_q10_q90,False
bdb2023_sack,boosted_structure,50,game_equal_label1_set_coverage,100,0.8998959183673471,0.7939047619047619,0.9763214285714286,between_repeat_q10_q90,False
bdb2023_sack,boosted_structure,60,game_equal_label1_set_coverage,100,0.9024883503401361,0.814251700680272,0.9763038548752835,between_repeat_q10_q90,False
bdb2023_sack,linear_structure,10,game_equal_label1_set_coverage,100,0.8953530328798185,0.7855498866213153,0.9836734693877551,between_repeat_q10_q90,False
bdb2023_sack,linear_structure,20,game_equal_label1_set_coverage,100,0.9061198129251699,0.8218945578231294,0.9802380952380954,between_repeat_q10_q90,False
bdb2023_sack,linear_structure,30,game_equal_label1_set_coverage,100,0.8929777494331066,0.7886065759637189,0.9785714285714286,between_repeat_q10_q90,False
bdb2023_sack,linear_structure,40,game_equal_label1_set_coverage,100,0.9031321712018142,0.800294784580499,0.9718140589569162,between_repeat_q10_q90,False
bdb2023_sack,linear_structure,50,game_equal_label1_set_coverage,100,0.9055905045351474,0.8296598639455782,0.9723356009070295,between_repeat_q10_q90,False
bdb2023_sack,linear_structure,60,game_equal_label1_set_coverage,100,0.9067514739229025,0.8434240362811792,0.9765873015873016,between_repeat_q10_q90,False
bdb2023_sack,relnet,10,game_equal_label1_set_coverage,100,0.9117136337868481,0.810873015873016,0.9829251700680272,between_repeat_q10_q90,False
bdb2023_sack,relnet,20,game_equal_label1_set_coverage,100,0.9049447278911567,0.8178001700680273,0.9790892857142858,between_repeat_q10_q90,False
bdb2023_sack,relnet,30,game_equal_label1_set_coverage,100,0.9140762188208614,0.8407086167800455,0.9811111111111112,between_repeat_q10_q90,False
bdb2023_sack,relnet,40,game_equal_label1_set_coverage,100,0.9128499149659866,0.8489778911564625,0.9764285714285714,between_repeat_q10_q90,False
bdb2023_sack,relnet,50,game_equal_label1_set_coverage,100,0.9121510770975055,0.8188321995464853,0.9880952380952381,between_repeat_q10_q90,False
bdb2023_sack,relnet,60,game_equal_label1_set_coverage,100,0.915870238095238,0.850202380952381,0.9839455782312926,between_repeat_q10_q90,False
bdb2023_sack,set_transformer,10,game_equal_label1_set_coverage,100,0.9057444160997733,0.7965986394557822,0.9883333333333334,between_repeat_q10_q90,False
bdb2023_sack,set_transformer,20,game_equal_label1_set_coverage,100,0.9159156179138321,0.8256964285714286,0.9880952380952381,between_repeat_q10_q90,False
bdb2023_sack,set_transformer,30,game_equal_label1_set_coverage,100,0.9196458049886622,0.841575963718821,0.9855442176870749,between_repeat_q10_q90,False
bdb2023_sack,set_transformer,40,game_equal_label1_set_coverage,100,0.9152458616780048,0.8403735827664399,0.9880952380952381,between_repeat_q10_q90,False
bdb2023_sack,set_transformer,50,game_equal_label1_set_coverage,100,0.9183151077097504,0.8293690476190477,0.9845238095238096,between_repeat_q10_q90,False
bdb2023_sack,set_transformer,60,game_equal_label1_set_coverage,100,0.9204804421768706,0.8418650793650793,0.9814285714285715,between_repeat_q10_q90,False
bdb2023_sack,attn_relnet,10,game_equal_loss,100,0.06333342543928962,0.05652518196479319,0.06992307822898555,between_repeat_q10_q90,False
bdb2023_sack,attn_relnet,20,game_equal_loss,100,0.06338507279265951,0.05645480220690922,0.06982835989701995,between_repeat_q10_q90,False
bdb2023_sack,attn_relnet,30,game_equal_loss,100,0.06289694491378006,0.056832614486920265,0.06923131943949445,between_repeat_q10_q90,False
bdb2023_sack,attn_relnet,40,game_equal_loss,100,0.06272562129274234,0.05621477204925003,0.06867417939428581,between_repeat_q10_q90,False
bdb2023_sack,attn_relnet,50,game_equal_loss,100,0.06274028910139388,0.05627584394617538,0.06878405082654286,between_repeat_q10_q90,False
bdb2023_sack,attn_relnet,60,game_equal_loss,100,0.06253332628368001,0.05675311414866909,0.06879764258018019,between_repeat_q10_q90,False
bdb2023_sack,boosted_structure,10,game_equal_loss,100,0.06568690426145309,0.058636549901345515,0.07207329307684138,between_repeat_q10_q90,False
bdb2023_sack,boosted_structure,20,game_equal_loss,100,0.06520836551109971,0.05772514440979503,0.07204925300977826,between_repeat_q10_q90,False
bdb2023_sack,boosted_structure,30,game_equal_loss,100,0.06464865493315733,0.05741937782403084,0.07122875564259797,between_repeat_q10_q90,False
bdb2023_sack,boosted_structure,40,game_equal_loss,100,0.06432687077500479,0.05730383110392939,0.07070752436416683,between_repeat_q10_q90,False
bdb2023_sack,boosted_structure,50,game_equal_loss,100,0.06403820756600022,0.05761980111366593,0.0701741963438543,between_repeat_q10_q90,False
bdb2023_sack,boosted_structure,60,game_equal_loss,100,0.06388512859098955,0.05704822671249366,0.07011853928396171,between_repeat_q10_q90,False
bdb2023_sack,linear_structure,10,game_equal_loss,100,0.06320344297752381,0.05659303108274324,0.06966696636813317,between_repeat_q10_q90,False
bdb2023_sack,linear_structure,20,game_equal_loss,100,0.06284636947520651,0.05627743100902176,0.06910885309862169,between_repeat_q10_q90,False
bdb2023_sack,linear_structure,30,game_equal_loss,100,0.06263139300269598,0.056267607356414714,0.06887873945962877,between_repeat_q10_q90,False
bdb2023_sack,linear_structure,40,game_equal_loss,100,0.06258624852842533,0.05610928228568967,0.06919132753805428,between_repeat_q10_q90,False
bdb2023_sack,linear_structure,50,game_equal_loss,100,0.062496389577106924,0.05602921601532909,0.06854021026066148,between_repeat_q10_q90,False
bdb2023_sack,linear_structure,60,game_equal_loss,100,0.06247610723337341,0.0563459840879683,0.06826145285659631,between_repeat_q10_q90,False
bdb2023_sack,relnet,10,game_equal_loss,100,0.06331689478683543,0.056512312080851536,0.06992411980624155,between_repeat_q10_q90,False
bdb2023_sack,relnet,20,game_equal_loss,100,0.06304542592815568,0.056462046024165664,0.06973011609482148,between_repeat_q10_q90,False
bdb2023_sack,relnet,30,game_equal_loss,100,0.0628928302160752,0.05683375534197834,0.06925641549070184,between_repeat_q10_q90,False
bdb2023_sack,relnet,40,game_equal_loss,100,0.06276783204489157,0.05620706871960168,0.06863935264803281,between_repeat_q10_q90,False
bdb2023_sack,relnet,50,game_equal_loss,100,0.06273225937561834,0.05627169666086583,0.06874719041878252,between_repeat_q10_q90,False
bdb2023_sack,relnet,60,game_equal_loss,100,0.06254300616344904,0.05675154889619313,0.06879815289669547,between_repeat_q10_q90,False
bdb2023_sack,set_transformer,10,game_equal_loss,100,0.06379756238459089,0.05672208476187996,0.07125668366466922,between_repeat_q10_q90,False
bdb2023_sack,set_transformer,20,game_equal_loss,100,0.06411463441826486,0.0563139670737419,0.07100916532170794,between_repeat_q10_q90,False
bdb2023_sack,set_transformer,30,game_equal_loss,100,0.06296087449981454,0.05649485816202864,0.0693332973114484,between_repeat_q10_q90,False
bdb2023_sack,set_transformer,40,game_equal_loss,100,0.06289361540559979,0.05642087321136641,0.06912673455740546,between_repeat_q10_q90,False
bdb2023_sack,set_transformer,50,game_equal_loss,100,0.06267092819845625,0.056208002421371216,0.06888819359760048,between_repeat_q10_q90,False
bdb2023_sack,set_transformer,60,game_equal_loss,100,0.06249559762427866,0.05637290207706732,0.06868627264860491,between_repeat_q10_q90,False
bdb2023_sack,attn_relnet,10,game_equal_mean_entropy,100,0.24935579173940922,0.22867416929977058,0.2697733749766077,between_repeat_q10_q90,False
bdb2023_sack,attn_relnet,20,game_equal_mean_entropy,100,0.24968776174667506,0.22934173629282725,0.27038011564517184,between_repeat_q10_q90,False
bdb2023_sack,attn_relnet,30,game_equal_mean_entropy,100,0.2499055329136111,0.22964473996191354,0.269698473844338,between_repeat_q10_q90,False
bdb2023_sack,attn_relnet,40,game_equal_mean_entropy,100,0.2502872678028823,0.22980068338124132,0.26965774810450566,between_repeat_q10_q90,False
bdb2023_sack,attn_relnet,50,game_equal_mean_entropy,100,0.2501362198880692,0.23060017090913013,0.2695668096277663,between_repeat_q10_q90,False
bdb2023_sack,attn_relnet,60,game_equal_mean_entropy,100,0.24962184198992776,0.22988041935144707,0.27062291490874907,between_repeat_q10_q90,False
bdb2023_sack,boosted_structure,10,game_equal_mean_entropy,100,0.24994944455979298,0.229252950237443,0.2724187583681342,between_repeat_q10_q90,False
bdb2023_sack,boosted_structure,20,game_equal_mean_entropy,100,0.24986249338867364,0.2271684960553031,0.27318491907982134,between_repeat_q10_q90,False
bdb2023_sack,boosted_structure,30,game_equal_mean_entropy,100,0.2503279133953526,0.23122782931294697,0.27150595526130034,between_repeat_q10_q90,False
bdb2023_sack,boosted_structure,40,game_equal_mean_entropy,100,0.2501803064687584,0.23009508276916332,0.27121926873685265,between_repeat_q10_q90,False
bdb2023_sack,boosted_structure,50,game_equal_mean_entropy,100,0.24964969139226498,0.23024360501474997,0.26866885863497336,between_repeat_q10_q90,False
bdb2023_sack,boosted_structure,60,game_equal_mean_entropy,100,0.25008954086598345,0.22841090695511912,0.2706165845411916,between_repeat_q10_q90,False
bdb2023_sack,linear_structure,10,game_equal_mean_entropy,100,0.24994030752518184,0.22943014921174437,0.2699758740870405,between_repeat_q10_q90,False
bdb2023_sack,linear_structure,20,game_equal_mean_entropy,100,0.25080759743546,0.2304370442134433,0.2711485015874526,between_repeat_q10_q90,False
bdb2023_sack,linear_structure,30,game_equal_mean_entropy,100,0.2502107600968678,0.23072229030591193,0.27232586029107436,between_repeat_q10_q90,False
bdb2023_sack,linear_structure,40,game_equal_mean_entropy,100,0.25091043767702137,0.23101916561234184,0.2719220863111398,between_repeat_q10_q90,False
bdb2023_sack,linear_structure,50,game_equal_mean_entropy,100,0.2507074602803659,0.22943294835465997,0.2722606715056286,between_repeat_q10_q90,False
bdb2023_sack,linear_structure,60,game_equal_mean_entropy,100,0.2497662002390962,0.2275584930359071,0.2702402766039651,between_repeat_q10_q90,False
bdb2023_sack,relnet,10,game_equal_mean_entropy,100,0.24943989203834746,0.22868005163368033,0.2697530621511272,between_repeat_q10_q90,False
bdb2023_sack,relnet,20,game_equal_mean_entropy,100,0.2496191974404192,0.22893255222575296,0.2708166808237092,between_repeat_q10_q90,False
bdb2023_sack,relnet,30,game_equal_mean_entropy,100,0.2499038984111782,0.2304860136848444,0.26951355532565685,between_repeat_q10_q90,False
bdb2023_sack,relnet,40,game_equal_mean_entropy,100,0.2500886912221223,0.22932182025082085,0.26819486216056915,between_repeat_q10_q90,False
bdb2023_sack,relnet,50,game_equal_mean_entropy,100,0.25028887854974075,0.2304404858248999,0.26971421883489655,between_repeat_q10_q90,False
bdb2023_sack,relnet,60,game_equal_mean_entropy,100,0.2495694862146512,0.23034588830644112,0.27176614609553507,between_repeat_q10_q90,False
bdb2023_sack,set_transformer,10,game_equal_mean_entropy,100,0.24988288064385766,0.2295322017842329,0.27129843795824177,between_repeat_q10_q90,False
bdb2023_sack,set_transformer,20,game_equal_mean_entropy,100,0.25040498868180416,0.2291179009530133,0.27249929030063585,between_repeat_q10_q90,False
bdb2023_sack,set_transformer,30,game_equal_mean_entropy,100,0.2501243963934753,0.22975544845430287,0.27169493292163477,between_repeat_q10_q90,False
bdb2023_sack,set_transformer,40,game_equal_mean_entropy,100,0.24960312170504437,0.22998848384243825,0.26918540805236446,between_repeat_q10_q90,False
bdb2023_sack,set_transformer,50,game_equal_mean_entropy,100,0.25032662641560355,0.23080577520438156,0.2680812276220191,between_repeat_q10_q90,False
bdb2023_sack,set_transformer,60,game_equal_mean_entropy,100,0.25012719680573525,0.23049887216017176,0.2695364976994146,between_repeat_q10_q90,False
bdb2023_sack,attn_relnet,10,game_equal_mean_va_imprecision,100,0.005556067672137153,0.003654873330972104,0.007729878155698142,between_repeat_q10_q90,False
bdb2023_sack,attn_relnet,20,game_equal_mean_va_imprecision,100,0.006222745428819586,0.0039178216388957715,0.008478282067093217,between_repeat_q10_q90,False
bdb2023_sack,attn_relnet,30,game_equal_mean_va_imprecision,100,0.006372540621991824,0.004288112756630915,0.008827748402988101,between_repeat_q10_q90,False
bdb2023_sack,attn_relnet,40,game_equal_mean_va_imprecision,100,0.006835102340216421,0.004686236522992249,0.009277361389278998,between_repeat_q10_q90,False
bdb2023_sack,attn_relnet,50,game_equal_mean_va_imprecision,100,0.006853315294937173,0.00476829499631784,0.00907754142159706,between_repeat_q10_q90,False
bdb2023_sack,attn_relnet,60,game_equal_mean_va_imprecision,100,0.006622589797745747,0.004463082954033117,0.008404210804131704,between_repeat_q10_q90,False
bdb2023_sack,boosted_structure,10,game_equal_mean_va_imprecision,100,0.006050377038034089,0.004147762072912205,0.007960840389822055,between_repeat_q10_q90,False
bdb2023_sack,boosted_structure,20,game_equal_mean_va_imprecision,100,0.006025551090098747,0.004218392197776072,0.007881301605708727,between_repeat_q10_q90,False
bdb2023_sack,boosted_structure,30,game_equal_mean_va_imprecision,100,0.006315536345376686,0.00442323770796607,0.00808736996489025,between_repeat_q10_q90,False
bdb2023_sack,boosted_structure,40,game_equal_mean_va_imprecision,100,0.006401594083647087,0.004549881272686003,0.007939547730656004,between_repeat_q10_q90,False
bdb2023_sack,boosted_structure,50,game_equal_mean_va_imprecision,100,0.00634516110370108,0.004965326210636431,0.008203956509059961,between_repeat_q10_q90,False
bdb2023_sack,boosted_structure,60,game_equal_mean_va_imprecision,100,0.006458752837099424,0.004824094875974805,0.008420864958952681,between_repeat_q10_q90,False
bdb2023_sack,linear_structure,10,game_equal_mean_va_imprecision,100,0.0061115624469290876,0.0041319081705434935,0.00839689820090769,between_repeat_q10_q90,False
bdb2023_sack,linear_structure,20,game_equal_mean_va_imprecision,100,0.006723952459709423,0.004747436874219047,0.008659615966887288,between_repeat_q10_q90,False
bdb2023_sack,linear_structure,30,game_equal_mean_va_imprecision,100,0.0070776536102279,0.004730996233198662,0.008976485287982033,between_repeat_q10_q90,False
bdb2023_sack,linear_structure,40,game_equal_mean_va_imprecision,100,0.007270780436003874,0.0054381854849704,0.009071622623451178,between_repeat_q10_q90,False
bdb2023_sack,linear_structure,50,game_equal_mean_va_imprecision,100,0.007539967999649775,0.005408531942428677,0.009965782494931538,between_repeat_q10_q90,False
bdb2023_sack,linear_structure,60,game_equal_mean_va_imprecision,100,0.007581708987208748,0.005543407615338015,0.009732589533680653,between_repeat_q10_q90,False
bdb2023_sack,relnet,10,game_equal_mean_va_imprecision,100,0.005570550579584999,0.003590676836836919,0.007811344673342341,between_repeat_q10_q90,False
bdb2023_sack,relnet,20,game_equal_mean_va_imprecision,100,0.006185744713281839,0.003966141482238594,0.008384842481392566,between_repeat_q10_q90,False
bdb2023_sack,relnet,30,game_equal_mean_va_imprecision,100,0.00640833045220594,0.004230662524977298,0.008564997022610434,between_repeat_q10_q90,False
bdb2023_sack,relnet,40,game_equal_mean_va_imprecision,100,0.006684995101404621,0.004607625166549054,0.008802054434728483,between_repeat_q10_q90,False
bdb2023_sack,relnet,50,game_equal_mean_va_imprecision,100,0.00688074274415767,0.0050122146825642465,0.009112990316559271,between_repeat_q10_q90,False
bdb2023_sack,relnet,60,game_equal_mean_va_imprecision,100,0.00657600453747092,0.004672667191686917,0.008369038730378406,between_repeat_q10_q90,False
bdb2023_sack,set_transformer,10,game_equal_mean_va_imprecision,100,0.005802497817389273,0.003568849652840694,0.007747066229715616,between_repeat_q10_q90,False
bdb2023_sack,set_transformer,20,game_equal_mean_va_imprecision,100,0.006536068411836703,0.004070497898062515,0.009082119610402891,between_repeat_q10_q90,False
bdb2023_sack,set_transformer,30,game_equal_mean_va_imprecision,100,0.007069596307493455,0.0051502469460622145,0.00924058017335978,between_repeat_q10_q90,False
bdb2023_sack,set_transformer,40,game_equal_mean_va_imprecision,100,0.00700667231842601,0.0052986042365819365,0.008809748682392428,between_repeat_q10_q90,False
bdb2023_sack,set_transformer,50,game_equal_mean_va_imprecision,100,0.007111091985148468,0.005219531118905025,0.009223288187885889,between_repeat_q10_q90,False
bdb2023_sack,set_transformer,60,game_equal_mean_va_imprecision,100,0.007295348036214988,0.005608889676371104,0.009222672591384224,between_repeat_q10_q90,False
bdb2023_sack,attn_relnet,10,game_equal_p90_va_imprecision,100,0.009374306407381695,0.0037098570038870448,0.014993942868968737,between_repeat_q10_q90,False
bdb2023_sack,attn_relnet,20,game_equal_p90_va_imprecision,100,0.01117659671367972,0.005913834218606164,0.01673948857139806,between_repeat_q10_q90,False
bdb2023_sack,attn_relnet,30,game_equal_p90_va_imprecision,100,0.011835476513770055,0.005056051594663238,0.01746739320846209,between_repeat_q10_q90,False
bdb2023_sack,attn_relnet,40,game_equal_p90_va_imprecision,100,0.01266792095421516,0.0074339924661511875,0.01734482537030389,between_repeat_q10_q90,False
bdb2023_sack,attn_relnet,50,game_equal_p90_va_imprecision,100,0.012468305577489345,0.007239872568665088,0.01886749522744699,between_repeat_q10_q90,False
bdb2023_sack,attn_relnet,60,game_equal_p90_va_imprecision,100,0.012504726388782108,0.007229797047882531,0.019835761501457425,between_repeat_q10_q90,False
bdb2023_sack,boosted_structure,10,game_equal_p90_va_imprecision,100,0.01023325806768868,0.0044779449020866295,0.014976619908475056,between_repeat_q10_q90,False
bdb2023_sack,boosted_structure,20,game_equal_p90_va_imprecision,100,0.010791478197101157,0.004930153940652591,0.01780668131826839,between_repeat_q10_q90,False
bdb2023_sack,boosted_structure,30,game_equal_p90_va_imprecision,100,0.011523772778672371,0.006435957801196724,0.016216427825209666,between_repeat_q10_q90,False
bdb2023_sack,boosted_structure,40,game_equal_p90_va_imprecision,100,0.011665195401480595,0.006074409425694225,0.01649326819715559,between_repeat_q10_q90,False
bdb2023_sack,boosted_structure,50,game_equal_p90_va_imprecision,100,0.011222656163562774,0.006238835763270431,0.016695361062876512,between_repeat_q10_q90,False
bdb2023_sack,boosted_structure,60,game_equal_p90_va_imprecision,100,0.011980546765027173,0.006606962360035952,0.017091851549380387,between_repeat_q10_q90,False
bdb2023_sack,linear_structure,10,game_equal_p90_va_imprecision,100,0.011413661167679952,0.005180508899694613,0.017107107880129042,between_repeat_q10_q90,False
bdb2023_sack,linear_structure,20,game_equal_p90_va_imprecision,100,0.013080748489286184,0.007114212768027951,0.019539749253342367,between_repeat_q10_q90,False
bdb2023_sack,linear_structure,30,game_equal_p90_va_imprecision,100,0.013742253472001824,0.008043958400413954,0.02157734589281103,between_repeat_q10_q90,False
bdb2023_sack,linear_structure,40,game_equal_p90_va_imprecision,100,0.013722902566666981,0.008701580112080233,0.019757138675859695,between_repeat_q10_q90,False
bdb2023_sack,linear_structure,50,game_equal_p90_va_imprecision,100,0.014737297434943756,0.009015428883808513,0.02202881918660643,between_repeat_q10_q90,False
bdb2023_sack,linear_structure,60,game_equal_p90_va_imprecision,100,0.015448317935570686,0.008832038686279764,0.022779191792174212,between_repeat_q10_q90,False
bdb2023_sack,relnet,10,game_equal_p90_va_imprecision,100,0.009315323088970763,0.0038429035639391965,0.014979486419470105,between_repeat_q10_q90,False
bdb2023_sack,relnet,20,game_equal_p90_va_imprecision,100,0.011221245146407252,0.00593395015564877,0.016839647731800952,between_repeat_q10_q90,False
bdb2023_sack,relnet,30,game_equal_p90_va_imprecision,100,0.011879780395608797,0.0054907307208552445,0.01755410538456949,between_repeat_q10_q90,False
bdb2023_sack,relnet,40,game_equal_p90_va_imprecision,100,0.012299178658892186,0.0069069804057017925,0.017176606693438182,between_repeat_q10_q90,False
bdb2023_sack,relnet,50,game_equal_p90_va_imprecision,100,0.012567896087856243,0.007035367021952285,0.018007653973541538,between_repeat_q10_q90,False
bdb2023_sack,relnet,60,game_equal_p90_va_imprecision,100,0.012309104146358356,0.007189669592107218,0.01879693658601158,between_repeat_q10_q90,False
bdb2023_sack,set_transformer,10,game_equal_p90_va_imprecision,100,0.010181086199898121,0.0041340831618746675,0.015274962585374646,between_repeat_q10_q90,False
bdb2023_sack,set_transformer,20,game_equal_p90_va_imprecision,100,0.011678165415345061,0.005647141398870718,0.01789366238359136,between_repeat_q10_q90,False
bdb2023_sack,set_transformer,30,game_equal_p90_va_imprecision,100,0.01310029784800682,0.007738930770063794,0.018477279827823625,between_repeat_q10_q90,False
bdb2023_sack,set_transformer,40,game_equal_p90_va_imprecision,100,0.0132438002330473,0.007310793803831225,0.01784528441283913,between_repeat_q10_q90,False
bdb2023_sack,set_transformer,50,game_equal_p90_va_imprecision,100,0.013057791429867177,0.007831981178600417,0.018209420065891446,between_repeat_q10_q90,False
bdb2023_sack,set_transformer,60,game_equal_p90_va_imprecision,100,0.013528913263318003,0.008173130228562177,0.01988820437137837,between_repeat_q10_q90,False
bdb2023_sack,attn_relnet,10,game_equal_rms_reliability,100,0.054467724050825984,0.03577405236205655,0.07129686062487918,between_repeat_q10_q90,False
bdb2023_sack,attn_relnet,20,game_equal_rms_reliability,100,0.062437381586737326,0.04447102221603175,0.08059038129603482,between_repeat_q10_q90,False
bdb2023_sack,attn_relnet,30,game_equal_rms_reliability,100,0.0626675086524156,0.04384297221134711,0.08108946491283209,between_repeat_q10_q90,False
bdb2023_sack,attn_relnet,40,game_equal_rms_reliability,100,0.06891301259097758,0.054128879643441166,0.08373704157648124,between_repeat_q10_q90,False
bdb2023_sack,attn_relnet,50,game_equal_rms_reliability,100,0.06597109752910948,0.04990244947674757,0.08363964797934938,between_repeat_q10_q90,False
bdb2023_sack,attn_relnet,60,game_equal_rms_reliability,100,0.06573451220453702,0.05216129094956781,0.08010149726125419,between_repeat_q10_q90,False
bdb2023_sack,boosted_structure,10,game_equal_rms_reliability,100,0.05957911873021405,0.04254182873957185,0.07699124441083846,between_repeat_q10_q90,False
bdb2023_sack,boosted_structure,20,game_equal_rms_reliability,100,0.06215238973438826,0.043997560432757585,0.07797374507217213,between_repeat_q10_q90,False
bdb2023_sack,boosted_structure,30,game_equal_rms_reliability,100,0.06555368042572149,0.04911615863216254,0.08394600867007136,between_repeat_q10_q90,False
bdb2023_sack,boosted_structure,40,game_equal_rms_reliability,100,0.06350307963598133,0.04696805497566788,0.0772279565378405,between_repeat_q10_q90,False
bdb2023_sack,boosted_structure,50,game_equal_rms_reliability,100,0.06378233711393597,0.04845795687246023,0.0812011983486905,between_repeat_q10_q90,False
bdb2023_sack,boosted_structure,60,game_equal_rms_reliability,100,0.063863173835101,0.050456202189393236,0.07775564047621243,between_repeat_q10_q90,False
bdb2023_sack,linear_structure,10,game_equal_rms_reliability,100,0.0626490230794025,0.04616496963212923,0.07793374900280202,between_repeat_q10_q90,False
bdb2023_sack,linear_structure,20,game_equal_rms_reliability,100,0.06494834381791857,0.04951269145882696,0.07879185182925069,between_repeat_q10_q90,False
bdb2023_sack,linear_structure,30,game_equal_rms_reliability,100,0.06509236528090916,0.05136069932681637,0.07914694819255362,between_repeat_q10_q90,False
bdb2023_sack,linear_structure,40,game_equal_rms_reliability,100,0.0670273224178746,0.052986751241427134,0.07900651072185276,between_repeat_q10_q90,False
bdb2023_sack,linear_structure,50,game_equal_rms_reliability,100,0.06786261566044435,0.0528190070022197,0.08313392543118311,between_repeat_q10_q90,False
bdb2023_sack,linear_structure,60,game_equal_rms_reliability,100,0.06783610979816111,0.05652027691648113,0.08034234981135006,between_repeat_q10_q90,False
bdb2023_sack,relnet,10,game_equal_rms_reliability,100,0.05453959420584902,0.035493490312767835,0.07399530208048764,between_repeat_q10_q90,False
bdb2023_sack,relnet,20,game_equal_rms_reliability,100,0.06275087997022812,0.04438593205276097,0.07840756544153256,between_repeat_q10_q90,False
bdb2023_sack,relnet,30,game_equal_rms_reliability,100,0.06253881970062283,0.04480190101724263,0.07693368398526199,between_repeat_q10_q90,False
bdb2023_sack,relnet,40,game_equal_rms_reliability,100,0.07004071857165464,0.055536554307521566,0.0894429737582714,between_repeat_q10_q90,False
bdb2023_sack,relnet,50,game_equal_rms_reliability,100,0.06699465540702725,0.05039523274256759,0.08251109501169201,between_repeat_q10_q90,False
bdb2023_sack,relnet,60,game_equal_rms_reliability,100,0.06554007439729735,0.04931735916159331,0.07798357989607584,between_repeat_q10_q90,False
bdb2023_sack,set_transformer,10,game_equal_rms_reliability,100,0.06242197157979684,0.04229663043425343,0.07872146774314252,between_repeat_q10_q90,False
bdb2023_sack,set_transformer,20,game_equal_rms_reliability,100,0.06446104205105221,0.04733952116583457,0.08319812577660564,between_repeat_q10_q90,False
bdb2023_sack,set_transformer,30,game_equal_rms_reliability,100,0.066766493563325,0.05199784283463729,0.08102461703480356,between_repeat_q10_q90,False
bdb2023_sack,set_transformer,40,game_equal_rms_reliability,100,0.0687304913880915,0.053421576477505256,0.08239072963738199,between_repeat_q10_q90,False
bdb2023_sack,set_transformer,50,game_equal_rms_reliability,100,0.0686946028154138,0.05228480011385279,0.08330422576564062,between_repeat_q10_q90,False
bdb2023_sack,set_transformer,60,game_equal_rms_reliability,100,0.07003507447645702,0.05461676609305991,0.08256839032918618,between_repeat_q10_q90,False
bdb2023_sack,attn_relnet,10,game_equal_set_doubleton_rate,100,0.8163766376622951,0.7118375885769335,0.9129471215836183,between_repeat_q10_q90,False
bdb2023_sack,attn_relnet,20,game_equal_set_doubleton_rate,100,0.8058550793669103,0.6931488383871983,0.9085712270826063,between_repeat_q10_q90,False
bdb2023_sack,attn_relnet,30,game_equal_set_doubleton_rate,100,0.8031073143468622,0.6896684068319949,0.8919788825812234,between_repeat_q10_q90,False
bdb2023_sack,attn_relnet,40,game_equal_set_doubleton_rate,100,0.7926783010494652,0.6765733499899124,0.8996523124788341,between_repeat_q10_q90,False
bdb2023_sack,attn_relnet,50,game_equal_set_doubleton_rate,100,0.7800141789796566,0.6188213926967071,0.9149253926715073,between_repeat_q10_q90,False
bdb2023_sack,attn_relnet,60,game_equal_set_doubleton_rate,100,0.7965160341339426,0.6990016012418728,0.8996363733126507,between_repeat_q10_q90,False
bdb2023_sack,boosted_structure,10,game_equal_set_doubleton_rate,100,0.8009262847269325,0.6655000243741914,0.9002841536374544,between_repeat_q10_q90,False
bdb2023_sack,boosted_structure,20,game_equal_set_doubleton_rate,100,0.7948621937941796,0.6371735645604676,0.9316675024293162,between_repeat_q10_q90,False
bdb2023_sack,boosted_structure,30,game_equal_set_doubleton_rate,100,0.7855786099995906,0.66597030285274,0.9066552742434453,between_repeat_q10_q90,False
bdb2023_sack,boosted_structure,40,game_equal_set_doubleton_rate,100,0.779959674199468,0.6521656823225388,0.8877333067629304,between_repeat_q10_q90,False
bdb2023_sack,boosted_structure,50,game_equal_set_doubleton_rate,100,0.777883221676909,0.6620104523831194,0.9064013297710004,between_repeat_q10_q90,False
bdb2023_sack,boosted_structure,60,game_equal_set_doubleton_rate,100,0.7923576948277112,0.6649641554532131,0.8846598604619783,between_repeat_q10_q90,False
bdb2023_sack,linear_structure,10,game_equal_set_doubleton_rate,100,0.7857350420125951,0.674913025139532,0.905907223622998,between_repeat_q10_q90,False
bdb2023_sack,linear_structure,20,game_equal_set_doubleton_rate,100,0.8028756802191616,0.6564813374190865,0.9134782177707526,between_repeat_q10_q90,False
bdb2023_sack,linear_structure,30,game_equal_set_doubleton_rate,100,0.7871966168259115,0.650538191532872,0.8997830062263451,between_repeat_q10_q90,False
bdb2023_sack,linear_structure,40,game_equal_set_doubleton_rate,100,0.7855826122794812,0.6253808383738555,0.9007699319931378,between_repeat_q10_q90,False
bdb2023_sack,linear_structure,50,game_equal_set_doubleton_rate,100,0.7773342470091932,0.6421231771721638,0.8973600792826109,between_repeat_q10_q90,False
bdb2023_sack,linear_structure,60,game_equal_set_doubleton_rate,100,0.7795807327853477,0.6634582842980696,0.8987342753331511,between_repeat_q10_q90,False
bdb2023_sack,relnet,10,game_equal_set_doubleton_rate,100,0.8167288796874385,0.7070013501079271,0.9129748898234502,between_repeat_q10_q90,False
bdb2023_sack,relnet,20,game_equal_set_doubleton_rate,100,0.8037391509769843,0.6915745342313565,0.9084199621941567,between_repeat_q10_q90,False
bdb2023_sack,relnet,30,game_equal_set_doubleton_rate,100,0.8057127169508523,0.7004176625532021,0.8949896923851944,between_repeat_q10_q90,False
bdb2023_sack,relnet,40,game_equal_set_doubleton_rate,100,0.7919862130792632,0.6693214022301823,0.9007445071358886,between_repeat_q10_q90,False
bdb2023_sack,relnet,50,game_equal_set_doubleton_rate,100,0.7791775541973973,0.6211419533853482,0.9172184312255097,between_repeat_q10_q90,False
bdb2023_sack,relnet,60,game_equal_set_doubleton_rate,100,0.7947362906022291,0.6985832694338657,0.8957766846683158,between_repeat_q10_q90,False
bdb2023_sack,set_transformer,10,game_equal_set_doubleton_rate,100,0.7993021232486858,0.6869588961203025,0.9194588259000701,between_repeat_q10_q90,False
bdb2023_sack,set_transformer,20,game_equal_set_doubleton_rate,100,0.8134960719820054,0.6829676978533187,0.9323524836987849,between_repeat_q10_q90,False
bdb2023_sack,set_transformer,30,game_equal_set_doubleton_rate,100,0.8042325854627657,0.6852384364804448,0.9130054003001625,between_repeat_q10_q90,False
bdb2023_sack,set_transformer,40,game_equal_set_doubleton_rate,100,0.7972096913372604,0.6523458984790347,0.9287041459027204,between_repeat_q10_q90,False
bdb2023_sack,set_transformer,50,game_equal_set_doubleton_rate,100,0.7953037336370562,0.657037313004593,0.9083893491911437,between_repeat_q10_q90,False
bdb2023_sack,set_transformer,60,game_equal_set_doubleton_rate,100,0.7947784460780949,0.6714825582317965,0.9022978104293443,between_repeat_q10_q90,False
bdb2023_sack,attn_relnet,10,game_equal_set_empty_rate,100,0.0,0.0,0.0,between_repeat_q10_q90,False
bdb2023_sack,attn_relnet,20,game_equal_set_empty_rate,100,0.0,0.0,0.0,between_repeat_q10_q90,False
bdb2023_sack,attn_relnet,30,game_equal_set_empty_rate,100,0.0,0.0,0.0,between_repeat_q10_q90,False
bdb2023_sack,attn_relnet,40,game_equal_set_empty_rate,100,0.0,0.0,0.0,between_repeat_q10_q90,False
bdb2023_sack,attn_relnet,50,game_equal_set_empty_rate,100,0.0,0.0,0.0,between_repeat_q10_q90,False
bdb2023_sack,attn_relnet,60,game_equal_set_empty_rate,100,0.0,0.0,0.0,between_repeat_q10_q90,False
bdb2023_sack,boosted_structure,10,game_equal_set_empty_rate,100,0.0,0.0,0.0,between_repeat_q10_q90,False
bdb2023_sack,boosted_structure,20,game_equal_set_empty_rate,100,0.0,0.0,0.0,between_repeat_q10_q90,False
bdb2023_sack,boosted_structure,30,game_equal_set_empty_rate,100,0.0,0.0,0.0,between_repeat_q10_q90,False
bdb2023_sack,boosted_structure,40,game_equal_set_empty_rate,100,0.0,0.0,0.0,between_repeat_q10_q90,False
bdb2023_sack,boosted_structure,50,game_equal_set_empty_rate,100,0.0,0.0,0.0,between_repeat_q10_q90,False
bdb2023_sack,boosted_structure,60,game_equal_set_empty_rate,100,0.0,0.0,0.0,between_repeat_q10_q90,False
bdb2023_sack,linear_structure,10,game_equal_set_empty_rate,100,0.0,0.0,0.0,between_repeat_q10_q90,False
bdb2023_sack,linear_structure,20,game_equal_set_empty_rate,100,0.0,0.0,0.0,between_repeat_q10_q90,False
bdb2023_sack,linear_structure,30,game_equal_set_empty_rate,100,0.0,0.0,0.0,between_repeat_q10_q90,False
bdb2023_sack,linear_structure,40,game_equal_set_empty_rate,100,0.0,0.0,0.0,between_repeat_q10_q90,False
bdb2023_sack,linear_structure,50,game_equal_set_empty_rate,100,0.0,0.0,0.0,between_repeat_q10_q90,False
bdb2023_sack,linear_structure,60,game_equal_set_empty_rate,100,0.0,0.0,0.0,between_repeat_q10_q90,False
bdb2023_sack,relnet,10,game_equal_set_empty_rate,100,0.0,0.0,0.0,between_repeat_q10_q90,False
bdb2023_sack,relnet,20,game_equal_set_empty_rate,100,0.0,0.0,0.0,between_repeat_q10_q90,False
bdb2023_sack,relnet,30,game_equal_set_empty_rate,100,0.0,0.0,0.0,between_repeat_q10_q90,False
bdb2023_sack,relnet,40,game_equal_set_empty_rate,100,0.0,0.0,0.0,between_repeat_q10_q90,False
bdb2023_sack,relnet,50,game_equal_set_empty_rate,100,0.0,0.0,0.0,between_repeat_q10_q90,False
bdb2023_sack,relnet,60,game_equal_set_empty_rate,100,0.0,0.0,0.0,between_repeat_q10_q90,False
bdb2023_sack,set_transformer,10,game_equal_set_empty_rate,100,0.0,0.0,0.0,between_repeat_q10_q90,False
bdb2023_sack,set_transformer,20,game_equal_set_empty_rate,100,0.0,0.0,0.0,between_repeat_q10_q90,False
bdb2023_sack,set_transformer,30,game_equal_set_empty_rate,100,0.0,0.0,0.0,between_repeat_q10_q90,False
bdb2023_sack,set_transformer,40,game_equal_set_empty_rate,100,0.0,0.0,0.0,between_repeat_q10_q90,False
bdb2023_sack,set_transformer,50,game_equal_set_empty_rate,100,0.0,0.0,0.0,between_repeat_q10_q90,False
bdb2023_sack,set_transformer,60,game_equal_set_empty_rate,100,0.0,0.0,0.0,between_repeat_q10_q90,False
bdb2023_sack,attn_relnet,10,game_equal_set_singleton_rate,100,0.183623362337705,0.0870528784163817,0.2881624114230668,between_repeat_q10_q90,False
bdb2023_sack,attn_relnet,20,game_equal_set_singleton_rate,100,0.19414492063308977,0.0914287729173936,0.3068511616128016,between_repeat_q10_q90,False
bdb2023_sack,attn_relnet,30,game_equal_set_singleton_rate,100,0.19689268565313786,0.10802111741877664,0.3103315931680051,between_repeat_q10_q90,False
bdb2023_sack,attn_relnet,40,game_equal_set_singleton_rate,100,0.20732169895053476,0.10034768752116584,0.3234266500100876,between_repeat_q10_q90,False
bdb2023_sack,attn_relnet,50,game_equal_set_singleton_rate,100,0.2199858210203433,0.08507460732849274,0.38117860730329284,between_repeat_q10_q90,False
bdb2023_sack,attn_relnet,60,game_equal_set_singleton_rate,100,0.20348396586605755,0.10036362668734944,0.3009983987581271,between_repeat_q10_q90,False
bdb2023_sack,boosted_structure,10,game_equal_set_singleton_rate,100,0.1990737152730676,0.0997158463625458,0.33449997562580863,between_repeat_q10_q90,False
bdb2023_sack,boosted_structure,20,game_equal_set_singleton_rate,100,0.20513780620582023,0.0683324975706837,0.3628264354395325,between_repeat_q10_q90,False
bdb2023_sack,boosted_structure,30,game_equal_set_singleton_rate,100,0.21442139000040938,0.09334472575655486,0.33402969714725994,between_repeat_q10_q90,False
bdb2023_sack,boosted_structure,40,game_equal_set_singleton_rate,100,0.220040325800532,0.11226669323706945,0.3478343176774611,between_repeat_q10_q90,False
bdb2023_sack,boosted_structure,50,game_equal_set_singleton_rate,100,0.2221167783230909,0.09359867022899966,0.33798954761688055,between_repeat_q10_q90,False
bdb2023_sack,boosted_structure,60,game_equal_set_singleton_rate,100,0.20764230517228893,0.11534013953802169,0.33503584454678703,between_repeat_q10_q90,False
bdb2023_sack,linear_structure,10,game_equal_set_singleton_rate,100,0.21426495798740483,0.094092776377002,0.325086974860468,between_repeat_q10_q90,False
bdb2023_sack,linear_structure,20,game_equal_set_singleton_rate,100,0.1971243197808385,0.08652178222924746,0.34351866258091357,between_repeat_q10_q90,False
bdb2023_sack,linear_structure,30,game_equal_set_singleton_rate,100,0.21280338317408834,0.10021699377365499,0.3494618084671282,between_repeat_q10_q90,False
bdb2023_sack,linear_structure,40,game_equal_set_singleton_rate,100,0.2144173877205188,0.09923006800686224,0.37461916162614456,between_repeat_q10_q90,False
bdb2023_sack,linear_structure,50,game_equal_set_singleton_rate,100,0.22266575299080682,0.10263992071738923,0.3578768228278364,between_repeat_q10_q90,False
bdb2023_sack,linear_structure,60,game_equal_set_singleton_rate,100,0.2204192672146526,0.10126572466684898,0.3365417157019307,between_repeat_q10_q90,False
bdb2023_sack,relnet,10,game_equal_set_singleton_rate,100,0.18327112031256138,0.08702511017655008,0.2929986498920731,between_repeat_q10_q90,False
bdb2023_sack,relnet,20,game_equal_set_singleton_rate,100,0.19626084902301566,0.09158003780584331,0.3084254657686435,between_repeat_q10_q90,False
bdb2023_sack,relnet,30,game_equal_set_singleton_rate,100,0.19428728304914755,0.10501030761480544,0.2995823374467979,between_repeat_q10_q90,False
bdb2023_sack,relnet,40,game_equal_set_singleton_rate,100,0.2080137869207369,0.09925549286411132,0.3306785977698178,between_repeat_q10_q90,False
bdb2023_sack,relnet,50,game_equal_set_singleton_rate,100,0.22082244580260244,0.0827815687744902,0.37885804661465183,between_repeat_q10_q90,False
bdb2023_sack,relnet,60,game_equal_set_singleton_rate,100,0.20526370939777108,0.10422331533168426,0.30141673056613416,between_repeat_q10_q90,False
bdb2023_sack,set_transformer,10,game_equal_set_singleton_rate,100,0.20069787675131404,0.08054117409992997,0.31304110387969764,between_repeat_q10_q90,False
bdb2023_sack,set_transformer,20,game_equal_set_singleton_rate,100,0.1865039280179947,0.06764751630121504,0.3170323021466813,between_repeat_q10_q90,False
bdb2023_sack,set_transformer,30,game_equal_set_singleton_rate,100,0.1957674145372343,0.0869945996998374,0.3147615635195552,between_repeat_q10_q90,False
bdb2023_sack,set_transformer,40,game_equal_set_singleton_rate,100,0.20279030866273956,0.07129585409727948,0.34765410152096515,between_repeat_q10_q90,False
bdb2023_sack,set_transformer,50,game_equal_set_singleton_rate,100,0.2046962663629438,0.09161065080885643,0.3429626869954071,between_repeat_q10_q90,False
bdb2023_sack,set_transformer,60,game_equal_set_singleton_rate,100,0.205221553921905,0.09770218957065571,0.3285174417682035,between_repeat_q10_q90,False
bdb2023_sack,attn_relnet,10,label0_set_coverage,100,0.9085703736640758,0.8131718567964986,0.9734852031137359,between_repeat_q10_q90,False
bdb2023_sack,attn_relnet,20,label0_set_coverage,100,0.9096832543893316,0.8273303663934283,0.9745081360946746,between_repeat_q10_q90,False
bdb2023_sack,attn_relnet,30,label0_set_coverage,100,0.9130664170341276,0.8383671651386313,0.9795427482733984,between_repeat_q10_q90,False
bdb2023_sack,attn_relnet,40,label0_set_coverage,100,0.9020197281618249,0.8200486553119163,0.9723299018500687,between_repeat_q10_q90,False
bdb2023_sack,attn_relnet,50,label0_set_coverage,100,0.8914812744381915,0.7948552673693194,0.9719292846319304,between_repeat_q10_q90,False
bdb2023_sack,attn_relnet,60,label0_set_coverage,100,0.909405706440287,0.829717480846159,0.9710628800580565,between_repeat_q10_q90,False
bdb2023_sack,boosted_structure,10,label0_set_coverage,100,0.9030696151411448,0.8269121102027214,0.9700202365281468,between_repeat_q10_q90,False
bdb2023_sack,boosted_structure,20,label0_set_coverage,100,0.9100597658783761,0.8292301675782002,0.9760034936036228,between_repeat_q10_q90,False
bdb2023_sack,boosted_structure,30,label0_set_coverage,100,0.9079144605950497,0.8161150013384888,0.9778118140771676,between_repeat_q10_q90,False
bdb2023_sack,boosted_structure,40,label0_set_coverage,100,0.8985930319787145,0.8102230751342722,0.9781443697130692,between_repeat_q10_q90,False
bdb2023_sack,boosted_structure,50,label0_set_coverage,100,0.8951421007142195,0.822002564673443,0.9764341895273042,between_repeat_q10_q90,False
bdb2023_sack,boosted_structure,60,label0_set_coverage,100,0.9025683652587005,0.827447773625681,0.9755203735869473,between_repeat_q10_q90,False
bdb2023_sack,linear_structure,10,label0_set_coverage,100,0.9085997954248866,0.8129650549628848,0.9761546835078628,between_repeat_q10_q90,False
bdb2023_sack,linear_structure,20,label0_set_coverage,100,0.9200107708976998,0.8375194412208111,0.977571729082912,between_repeat_q10_q90,False
bdb2023_sack,linear_structure,30,label0_set_coverage,100,0.9173844300857109,0.842833452404148,0.9703594475459129,between_repeat_q10_q90,False
bdb2023_sack,linear_structure,40,label0_set_coverage,100,0.9128947856757119,0.8425776311615809,0.9737767919601309,between_repeat_q10_q90,False
bdb2023_sack,linear_structure,50,label0_set_coverage,100,0.9038588118233115,0.8186755009696186,0.9704523352751098,between_repeat_q10_q90,False
bdb2023_sack,linear_structure,60,label0_set_coverage,100,0.909180346173953,0.8304063194537422,0.9739183283709445,between_repeat_q10_q90,False
bdb2023_sack,relnet,10,label0_set_coverage,100,0.9082845033873614,0.8274553669825876,0.9743583456698741,between_repeat_q10_q90,False
bdb2023_sack,relnet,20,label0_set_coverage,100,0.9090199887196855,0.8254501435522026,0.9752867513611615,between_repeat_q10_q90,False
bdb2023_sack,relnet,30,label0_set_coverage,100,0.9143672798894141,0.8452243452961485,0.9788754192720195,between_repeat_q10_q90,False
bdb2023_sack,relnet,40,label0_set_coverage,100,0.9003453918009896,0.8110252808988764,0.972764636699063,between_repeat_q10_q90,False
bdb2023_sack,relnet,50,label0_set_coverage,100,0.891062240522244,0.7837578108166343,0.9701536784570378,between_repeat_q10_q90,False
bdb2023_sack,relnet,60,label0_set_coverage,100,0.9092903496491269,0.8315400620381043,0.9699298586336812,between_repeat_q10_q90,False
bdb2023_sack,set_transformer,10,label0_set_coverage,100,0.9022221097134882,0.8150247654210336,0.9628544237828367,between_repeat_q10_q90,False
bdb2023_sack,set_transformer,20,label0_set_coverage,100,0.915973085194509,0.8402761506276151,0.9732353160405486,between_repeat_q10_q90,False
bdb2023_sack,set_transformer,30,label0_set_coverage,100,0.905053747998944,0.8338827557707066,0.982256658496313,between_repeat_q10_q90,False
bdb2023_sack,set_transformer,40,label0_set_coverage,100,0.9041653836130621,0.7956893363800049,0.9693607017753708,between_repeat_q10_q90,False
bdb2023_sack,set_transformer,50,label0_set_coverage,100,0.9017917921996818,0.8310540875309662,0.9630457154165842,between_repeat_q10_q90,False
bdb2023_sack,set_transformer,60,label0_set_coverage,100,0.8967127986201082,0.8078109366335188,0.9653206837361944,between_repeat_q10_q90,False
bdb2023_sack,attn_relnet,10,label1_set_coverage,100,0.912941187841584,0.8108988764044944,0.9805825242718447,between_repeat_q10_q90,False
bdb2023_sack,attn_relnet,20,label1_set_coverage,100,0.9078916069529497,0.8192548787699586,0.9780921206453121,between_repeat_q10_q90,False
bdb2023_sack,attn_relnet,30,label1_set_coverage,100,0.9150966262649723,0.8459829059829059,0.9780921206453121,between_repeat_q10_q90,False
bdb2023_sack,attn_relnet,40,label1_set_coverage,100,0.915270448152668,0.845748987854251,0.9790324295587454,between_repeat_q10_q90,False
bdb2023_sack,attn_relnet,50,label1_set_coverage,100,0.9167585137237321,0.8162647300630309,0.9889010989010989,between_repeat_q10_q90,False
bdb2023_sack,attn_relnet,60,label1_set_coverage,100,0.9198559374882439,0.8630490018148821,0.9803193277310924,between_repeat_q10_q90,False
bdb2023_sack,boosted_structure,10,label1_set_coverage,100,0.912997215895841,0.8278535980148883,0.981005291005291,between_repeat_q10_q90,False
bdb2023_sack,boosted_structure,20,label1_set_coverage,100,0.8982351839259742,0.7958333333333333,0.9796326530612245,between_repeat_q10_q90,False
bdb2023_sack,boosted_structure,30,label1_set_coverage,100,0.9022676831590379,0.8123132553049768,0.9723567165859701,between_repeat_q10_q90,False
bdb2023_sack,boosted_structure,40,label1_set_coverage,100,0.9035522867259632,0.8125,0.9800392156862745,between_repeat_q10_q90,False
bdb2023_sack,boosted_structure,50,label1_set_coverage,100,0.9027272534432634,0.8058483999660471,0.9789473684210527,between_repeat_q10_q90,False
bdb2023_sack,boosted_structure,60,label1_set_coverage,100,0.9067113190930958,0.8219436813186813,0.9716288229842447,between_repeat_q10_q90,False
bdb2023_sack,linear_structure,10,label1_set_coverage,100,0.8962066240307268,0.801875,0.9826601882781658,between_repeat_q10_q90,False
bdb2023_sack,linear_structure,20,label1_set_coverage,100,0.9069011221191045,0.8266874350986501,0.978604344963792,between_repeat_q10_q90,False
bdb2023_sack,linear_structure,30,label1_set_coverage,100,0.8950136511844801,0.7852678571428572,0.9775774787010741,between_repeat_q10_q90,False
bdb2023_sack,linear_structure,40,label1_set_coverage,100,0.9013994174452863,0.7942636158556236,0.9700588235294118,between_repeat_q10_q90,False
bdb2023_sack,linear_structure,50,label1_set_coverage,100,0.9018559190242392,0.8201171408080326,0.9719868637110017,between_repeat_q10_q90,False
bdb2023_sack,linear_structure,60,label1_set_coverage,100,0.9055107940975359,0.8360416666666667,0.9774177949709865,between_repeat_q10_q90,False
bdb2023_sack,relnet,10,label1_set_coverage,100,0.912972099567139,0.8088127792067145,0.9805825242718447,between_repeat_q10_q90,False
bdb2023_sack,relnet,20,label1_set_coverage,100,0.9066772825824022,0.8195209285096926,0.9780921206453121,between_repeat_q10_q90,False
bdb2023_sack,relnet,30,label1_set_coverage,100,0.9158906720316797,0.8500359453630482,0.9796124510410225,between_repeat_q10_q90,False
bdb2023_sack,relnet,40,label1_set_coverage,100,0.9166785586842587,0.8568218298555377,0.9761855934375802,between_repeat_q10_q90,False
bdb2023_sack,relnet,50,label1_set_coverage,100,0.9153712266393766,0.8236891385767791,0.989022933588151,between_repeat_q10_q90,False
bdb2023_sack,relnet,60,label1_set_coverage,100,0.9192867895420608,0.8630490018148821,0.9808435995757526,between_repeat_q10_q90,False
bdb2023_sack,set_transformer,10,label1_set_coverage,100,0.9084281878900788,0.806667337087691,0.9894051237516284,between_repeat_q10_q90,False
bdb2023_sack,set_transformer,20,label1_set_coverage,100,0.9179678868004771,0.828950159066808,0.989484649122807,between_repeat_q10_q90,False
bdb2023_sack,set_transformer,30,label1_set_coverage,100,0.9243481468911419,0.8459134615384616,0.988936170212766,between_repeat_q10_q90,False
bdb2023_sack,set_transformer,40,label1_set_coverage,100,0.9199350835705224,0.8426966292134831,0.9889473684210527,between_repeat_q10_q90,False
bdb2023_sack,set_transformer,50,label1_set_coverage,100,0.9207865772337002,0.8333840215229851,0.9826968272620447,between_repeat_q10_q90,False
bdb2023_sack,set_transformer,60,label1_set_coverage,100,0.9255321029320691,0.8612462006079027,0.9804298642533936,between_repeat_q10_q90,False
bdb2023_sack,attn_relnet,10,mean_entropy,100,0.24918414091995697,0.22838880010584117,0.2697777192839528,between_repeat_q10_q90,False
bdb2023_sack,attn_relnet,20,mean_entropy,100,0.2494520531983893,0.22957638136173047,0.2704195478937371,between_repeat_q10_q90,False
bdb2023_sack,attn_relnet,30,mean_entropy,100,0.24944808463998622,0.22974250239131222,0.26881777118333877,between_repeat_q10_q90,False
bdb2023_sack,attn_relnet,40,mean_entropy,100,0.249914095574895,0.22998023378502339,0.2687229650463717,between_repeat_q10_q90,False
bdb2023_sack,attn_relnet,50,mean_entropy,100,0.2497104986340336,0.23014809987325174,0.26870617604523955,between_repeat_q10_q90,False
bdb2023_sack,attn_relnet,60,mean_entropy,100,0.24918530845769746,0.22978448623885295,0.26929734205070444,between_repeat_q10_q90,False
bdb2023_sack,boosted_structure,10,mean_entropy,100,0.2498853697622672,0.22902627053854438,0.2722131409730417,between_repeat_q10_q90,False
bdb2023_sack,boosted_structure,20,mean_entropy,100,0.24980104251891563,0.22756715603704075,0.2730649861211353,between_repeat_q10_q90,False
bdb2023_sack,boosted_structure,30,mean_entropy,100,0.2502439762409361,0.23134941789564303,0.2712147575412164,between_repeat_q10_q90,False
bdb2023_sack,boosted_structure,40,mean_entropy,100,0.2500711428921665,0.23012490150734854,0.2707298523003263,between_repeat_q10_q90,False
bdb2023_sack,boosted_structure,50,mean_entropy,100,0.24956053575296622,0.22963944280131732,0.26855248014251043,between_repeat_q10_q90,False
bdb2023_sack,boosted_structure,60,mean_entropy,100,0.24994554262421978,0.22843104936587263,0.2704952720203936,between_repeat_q10_q90,False
bdb2023_sack,linear_structure,10,mean_entropy,100,0.24986795932910535,0.22934085193043421,0.27004425754665723,between_repeat_q10_q90,False
bdb2023_sack,linear_structure,20,mean_entropy,100,0.2506822927104358,0.2308603945544192,0.27038912341218896,between_repeat_q10_q90,False
bdb2023_sack,linear_structure,30,mean_entropy,100,0.2500726325905448,0.2303266668567657,0.27153472559814,between_repeat_q10_q90,False
bdb2023_sack,linear_structure,40,mean_entropy,100,0.2507428822305544,0.230717906245627,0.27165111915282997,between_repeat_q10_q90,False
bdb2023_sack,linear_structure,50,mean_entropy,100,0.2504963522721308,0.2291253362819284,0.2720750057354308,between_repeat_q10_q90,False
bdb2023_sack,linear_structure,60,mean_entropy,100,0.2495184775970538,0.22791984430487067,0.2702581466521508,between_repeat_q10_q90,False
bdb2023_sack,relnet,10,mean_entropy,100,0.24927334530946293,0.22849393019983452,0.26975784228372673,between_repeat_q10_q90,False
bdb2023_sack,relnet,20,mean_entropy,100,0.24937226310954463,0.2289705884209022,0.2708891698977048,between_repeat_q10_q90,False
bdb2023_sack,relnet,30,mean_entropy,100,0.24945282473384295,0.23058868305212796,0.26863732540450863,between_repeat_q10_q90,False
bdb2023_sack,relnet,40,mean_entropy,100,0.24972827384528304,0.22910636305030505,0.2678176667084276,between_repeat_q10_q90,False
bdb2023_sack,relnet,50,mean_entropy,100,0.24985824732663162,0.22983186152169213,0.2695211772150143,between_repeat_q10_q90,False
bdb2023_sack,relnet,60,mean_entropy,100,0.24912889141199732,0.23017851915462906,0.2715013383774545,between_repeat_q10_q90,False
bdb2023_sack,set_transformer,10,mean_entropy,100,0.24976593919365228,0.22928158271078586,0.2709783113635681,between_repeat_q10_q90,False
bdb2023_sack,set_transformer,20,mean_entropy,100,0.25017593597080307,0.22886826210133593,0.27224401864704006,between_repeat_q10_q90,False
bdb2023_sack,set_transformer,30,mean_entropy,100,0.2497442629270366,0.2295599993796739,0.27073212757399645,between_repeat_q10_q90,False
bdb2023_sack,set_transformer,40,mean_entropy,100,0.24928199275387297,0.22970744076011237,0.26852195836406345,between_repeat_q10_q90,False
bdb2023_sack,set_transformer,50,mean_entropy,100,0.2499412643022881,0.23091915764406815,0.2679805424325854,between_repeat_q10_q90,False
bdb2023_sack,set_transformer,60,mean_entropy,100,0.24973482416419399,0.23040251449846463,0.2693150629183038,between_repeat_q10_q90,False
bdb2023_sack,attn_relnet,10,mean_va_imprecision,100,0.005530553456268996,0.003639714488434091,0.007716333283846111,between_repeat_q10_q90,False
bdb2023_sack,attn_relnet,20,mean_va_imprecision,100,0.00618606367432598,0.003885190956724903,0.008605742651040834,between_repeat_q10_q90,False
bdb2023_sack,attn_relnet,30,mean_va_imprecision,100,0.006321850088682395,0.004126002630272978,0.008722400876376098,between_repeat_q10_q90,False
bdb2023_sack,attn_relnet,40,mean_va_imprecision,100,0.0068006076635142125,0.004683865958070996,0.009095064640096961,between_repeat_q10_q90,False
bdb2023_sack,attn_relnet,50,mean_va_imprecision,100,0.006799960422980136,0.0047278415795414235,0.008870856755977085,between_repeat_q10_q90,False
bdb2023_sack,attn_relnet,60,mean_va_imprecision,100,0.006576568609047608,0.004390268453841687,0.008458964148080053,between_repeat_q10_q90,False
bdb2023_sack,boosted_structure,10,mean_va_imprecision,100,0.0060635254775688084,0.004104043551465448,0.008207575334828082,between_repeat_q10_q90,False
bdb2023_sack,boosted_structure,20,mean_va_imprecision,100,0.006028943036424269,0.004305094902712647,0.007889653032550913,between_repeat_q10_q90,False
bdb2023_sack,boosted_structure,30,mean_va_imprecision,100,0.006311418036093035,0.004357431849207845,0.00804149254939603,between_repeat_q10_q90,False
bdb2023_sack,boosted_structure,40,mean_va_imprecision,100,0.006393007002234758,0.004594119497208086,0.007979918854961405,between_repeat_q10_q90,False
bdb2023_sack,boosted_structure,50,mean_va_imprecision,100,0.006336882401557229,0.004902606657681489,0.008172969205714205,between_repeat_q10_q90,False
bdb2023_sack,boosted_structure,60,mean_va_imprecision,100,0.006440559163108871,0.004857344994045113,0.008375004063600274,between_repeat_q10_q90,False
bdb2023_sack,linear_structure,10,mean_va_imprecision,100,0.006057151043829797,0.004045874037111432,0.008281434701895962,between_repeat_q10_q90,False
bdb2023_sack,linear_structure,20,mean_va_imprecision,100,0.006631219556868271,0.004630497547300175,0.008317228167236826,between_repeat_q10_q90,False
bdb2023_sack,linear_structure,30,mean_va_imprecision,100,0.006999150624066245,0.004724837554369618,0.008950874822003869,between_repeat_q10_q90,False
bdb2023_sack,linear_structure,40,mean_va_imprecision,100,0.007199390930610935,0.00538310184914385,0.008854783425239479,between_repeat_q10_q90,False
bdb2023_sack,linear_structure,50,mean_va_imprecision,100,0.007441548950767702,0.005355113154584226,0.009894844527832335,between_repeat_q10_q90,False
bdb2023_sack,linear_structure,60,mean_va_imprecision,100,0.0074630497514802776,0.0055331088889915515,0.009539842697262851,between_repeat_q10_q90,False
bdb2023_sack,relnet,10,mean_va_imprecision,100,0.005545890339478416,0.003602515256004053,0.007749055081497336,between_repeat_q10_q90,False
bdb2023_sack,relnet,20,mean_va_imprecision,100,0.006144565454367518,0.004073316845197424,0.008277469659488137,between_repeat_q10_q90,False
bdb2023_sack,relnet,30,mean_va_imprecision,100,0.006361916493164257,0.004164787360694759,0.00861588774335322,between_repeat_q10_q90,False
bdb2023_sack,relnet,40,mean_va_imprecision,100,0.00665360455905383,0.004556006248494253,0.008725963653389356,between_repeat_q10_q90,False
bdb2023_sack,relnet,50,mean_va_imprecision,100,0.006827932642198038,0.004955897854621641,0.008974471719404334,between_repeat_q10_q90,False
bdb2023_sack,relnet,60,mean_va_imprecision,100,0.006534781877821515,0.004657848080398782,0.008302293190023789,between_repeat_q10_q90,False
bdb2023_sack,set_transformer,10,mean_va_imprecision,100,0.005785223025453788,0.003624007328694383,0.007859998927324136,between_repeat_q10_q90,False
bdb2023_sack,set_transformer,20,mean_va_imprecision,100,0.006510939145575615,0.003999032468856582,0.008911521556745313,between_repeat_q10_q90,False
bdb2023_sack,set_transformer,30,mean_va_imprecision,100,0.007038569082678897,0.005174821220989298,0.009279113818384201,between_repeat_q10_q90,False
bdb2023_sack,set_transformer,40,mean_va_imprecision,100,0.006978108755550882,0.005227178963705772,0.008696025553250853,between_repeat_q10_q90,False
bdb2023_sack,set_transformer,50,mean_va_imprecision,100,0.007068430624480695,0.005153530627169111,0.009221848514249493,between_repeat_q10_q90,False
bdb2023_sack,set_transformer,60,mean_va_imprecision,100,0.007262055837931484,0.005631782263694108,0.009132617504868273,between_repeat_q10_q90,False
bdb2023_sack,attn_relnet,10,null_loss,100,0.06133811710005139,0.054870904060653036,0.06741267315737305,between_repeat_q10_q90,False
bdb2023_sack,attn_relnet,20,null_loss,100,0.0612931814255339,0.054883726899772146,0.06745384080965292,between_repeat_q10_q90,False
bdb2023_sack,attn_relnet,30,null_loss,100,0.06126851940454337,0.05488413970507624,0.06739911097840852,between_repeat_q10_q90,False
bdb2023_sack,attn_relnet,40,null_loss,100,0.061257443889641196,0.054888399086149786,0.06734561027234082,between_repeat_q10_q90,False
bdb2023_sack,attn_relnet,50,null_loss,100,0.061249990846161326,0.054891401543775226,0.0673149751788413,between_repeat_q10_q90,False
bdb2023_sack,attn_relnet,60,null_loss,100,0.06124667314880813,0.05492143542497542,0.06728608611521063,between_repeat_q10_q90,False
bdb2023_sack,boosted_structure,10,null_loss,100,0.06133811710005139,0.054870904060653036,0.06741267315737305,between_repeat_q10_q90,False
bdb2023_sack,boosted_structure,20,null_loss,100,0.0612931814255339,0.054883726899772146,0.06745384080965292,between_repeat_q10_q90,False
bdb2023_sack,boosted_structure,30,null_loss,100,0.06126851940454337,0.05488413970507624,0.06739911097840852,between_repeat_q10_q90,False
bdb2023_sack,boosted_structure,40,null_loss,100,0.061257443889641196,0.054888399086149786,0.06734561027234082,between_repeat_q10_q90,False
bdb2023_sack,boosted_structure,50,null_loss,100,0.061249990846161326,0.054891401543775226,0.0673149751788413,between_repeat_q10_q90,False
bdb2023_sack,boosted_structure,60,null_loss,100,0.06124667314880813,0.05492143542497542,0.06728608611521063,between_repeat_q10_q90,False
bdb2023_sack,linear_structure,10,null_loss,100,0.06133811710005139,0.054870904060653036,0.06741267315737305,between_repeat_q10_q90,False
bdb2023_sack,linear_structure,20,null_loss,100,0.0612931814255339,0.054883726899772146,0.06745384080965292,between_repeat_q10_q90,False
bdb2023_sack,linear_structure,30,null_loss,100,0.06126851940454337,0.05488413970507624,0.06739911097840852,between_repeat_q10_q90,False
bdb2023_sack,linear_structure,40,null_loss,100,0.061257443889641196,0.054888399086149786,0.06734561027234082,between_repeat_q10_q90,False
bdb2023_sack,linear_structure,50,null_loss,100,0.061249990846161326,0.054891401543775226,0.0673149751788413,between_repeat_q10_q90,False
bdb2023_sack,linear_structure,60,null_loss,100,0.06124667314880813,0.05492143542497542,0.06728608611521063,between_repeat_q10_q90,False
bdb2023_sack,relnet,10,null_loss,100,0.06133811710005139,0.054870904060653036,0.06741267315737305,between_repeat_q10_q90,False
bdb2023_sack,relnet,20,null_loss,100,0.0612931814255339,0.054883726899772146,0.06745384080965292,between_repeat_q10_q90,False
bdb2023_sack,relnet,30,null_loss,100,0.06126851940454337,0.05488413970507624,0.06739911097840852,between_repeat_q10_q90,False
bdb2023_sack,relnet,40,null_loss,100,0.061257443889641196,0.054888399086149786,0.06734561027234082,between_repeat_q10_q90,False
bdb2023_sack,relnet,50,null_loss,100,0.061249990846161326,0.054891401543775226,0.0673149751788413,between_repeat_q10_q90,False
bdb2023_sack,relnet,60,null_loss,100,0.06124667314880813,0.05492143542497542,0.06728608611521063,between_repeat_q10_q90,False
bdb2023_sack,set_transformer,10,null_loss,100,0.06133811710005139,0.054870904060653036,0.06741267315737305,between_repeat_q10_q90,False
bdb2023_sack,set_transformer,20,null_loss,100,0.0612931814255339,0.054883726899772146,0.06745384080965292,between_repeat_q10_q90,False
bdb2023_sack,set_transformer,30,null_loss,100,0.06126851940454337,0.05488413970507624,0.06739911097840852,between_repeat_q10_q90,False
bdb2023_sack,set_transformer,40,null_loss,100,0.061257443889641196,0.054888399086149786,0.06734561027234082,between_repeat_q10_q90,False
bdb2023_sack,set_transformer,50,null_loss,100,0.061249990846161326,0.054891401543775226,0.0673149751788413,between_repeat_q10_q90,False
bdb2023_sack,set_transformer,60,null_loss,100,0.06124667314880813,0.05492143542497542,0.06728608611521063,between_repeat_q10_q90,False
bdb2023_sack,attn_relnet,10,p90_va_imprecision,100,0.00891742640699219,0.0018012091669933968,0.016433543028814893,between_repeat_q10_q90,False
bdb2023_sack,attn_relnet,20,p90_va_imprecision,100,0.010848777055513065,0.0050699300699300785,0.017005570536549962,between_repeat_q10_q90,False
bdb2023_sack,attn_relnet,30,p90_va_imprecision,100,0.011506339480731627,0.003797969616243064,0.018582044414821506,between_repeat_q10_q90,False
bdb2023_sack,attn_relnet,40,p90_va_imprecision,100,0.01234437745692778,0.007003125887217301,0.018300535810654554,between_repeat_q10_q90,False
bdb2023_sack,attn_relnet,50,p90_va_imprecision,100,0.01234077119287273,0.00595300091733724,0.018792739182022903,between_repeat_q10_q90,False
bdb2023_sack,attn_relnet,60,p90_va_imprecision,100,0.012357424148696814,0.006194358178053835,0.019307692307692317,between_repeat_q10_q90,False
bdb2023_sack,boosted_structure,10,p90_va_imprecision,100,0.009996816020422794,0.003591271171916327,0.015931515877046592,between_repeat_q10_q90,False
bdb2023_sack,boosted_structure,20,p90_va_imprecision,100,0.010548769654356617,0.004328666096333205,0.017780203205251876,between_repeat_q10_q90,False
bdb2023_sack,boosted_structure,30,p90_va_imprecision,100,0.011621872303374086,0.00514639735586315,0.017719865551438778,between_repeat_q10_q90,False
bdb2023_sack,boosted_structure,40,p90_va_imprecision,100,0.011616452736407204,0.005070377567216593,0.017979297365119214,between_repeat_q10_q90,False
bdb2023_sack,boosted_structure,50,p90_va_imprecision,100,0.011249408478483047,0.005120457469886794,0.01695843340670749,between_repeat_q10_q90,False
bdb2023_sack,boosted_structure,60,p90_va_imprecision,100,0.011668537145052938,0.005321368551225551,0.018518518518518517,between_repeat_q10_q90,False
bdb2023_sack,linear_structure,10,p90_va_imprecision,100,0.010077859933370679,0.003836848173530208,0.01725447101575765,between_repeat_q10_q90,False
bdb2023_sack,linear_structure,20,p90_va_imprecision,100,0.012061986067555404,0.006692348068001254,0.017543859649122806,between_repeat_q10_q90,False
bdb2023_sack,linear_structure,30,p90_va_imprecision,100,0.012860900195500959,0.006522780345299405,0.018972692246302596,between_repeat_q10_q90,False
bdb2023_sack,linear_structure,40,p90_va_imprecision,100,0.012160583474774578,0.006366639131810041,0.018115875392889145,between_repeat_q10_q90,False
bdb2023_sack,linear_structure,50,p90_va_imprecision,100,0.012756518446953526,0.006737905075500985,0.018896492436559435,between_repeat_q10_q90,False
bdb2023_sack,linear_structure,60,p90_va_imprecision,100,0.013249165095387476,0.006664914795349579,0.019363747668924843,between_repeat_q10_q90,False
bdb2023_sack,relnet,10,p90_va_imprecision,100,0.008718101888994252,0.0018555002552722369,0.015384615384615385,between_repeat_q10_q90,False
bdb2023_sack,relnet,20,p90_va_imprecision,100,0.011020743242766069,0.005035442666954634,0.018617561683599418,between_repeat_q10_q90,False
bdb2023_sack,relnet,30,p90_va_imprecision,100,0.011850810910793269,0.004192619044616179,0.01960015713602514,between_repeat_q10_q90,False
bdb2023_sack,relnet,40,p90_va_imprecision,100,0.012043496252815646,0.006398161586840824,0.016992788006274323,between_repeat_q10_q90,False
bdb2023_sack,relnet,50,p90_va_imprecision,100,0.012465262142949948,0.00637235809611088,0.01895021645021645,between_repeat_q10_q90,False
bdb2023_sack,relnet,60,p90_va_imprecision,100,0.012258456263920955,0.006395180097151644,0.018169673030814005,between_repeat_q10_q90,False
bdb2023_sack,set_transformer,10,p90_va_imprecision,100,0.009811005318305475,0.002583892266867252,0.015192306471409331,between_repeat_q10_q90,False
bdb2023_sack,set_transformer,20,p90_va_imprecision,100,0.011409734287319315,0.0048383980633372545,0.017873482338758028,between_repeat_q10_q90,False
bdb2023_sack,set_transformer,30,p90_va_imprecision,100,0.012985525912089412,0.006235576990034668,0.018552834708544057,between_repeat_q10_q90,False
bdb2023_sack,set_transformer,40,p90_va_imprecision,100,0.01297511164203668,0.007104383326240432,0.018842229199372066,between_repeat_q10_q90,False
bdb2023_sack,set_transformer,50,p90_va_imprecision,100,0.012946737830009714,0.005773844484485282,0.018878514171968834,between_repeat_q10_q90,False
bdb2023_sack,set_transformer,60,p90_va_imprecision,100,0.01335354845618104,0.007045803056062944,0.020029498525073748,between_repeat_q10_q90,False
bdb2023_sack,attn_relnet,10,primary_loss,100,0.06214727933719389,0.05581626622770532,0.06848120112777382,between_repeat_q10_q90,False
bdb2023_sack,attn_relnet,20,primary_loss,100,0.06222437685315871,0.05530952457839094,0.06841204959782243,between_repeat_q10_q90,False
bdb2023_sack,attn_relnet,30,primary_loss,100,0.06172442090115727,0.05566417247868972,0.06779243144741981,between_repeat_q10_q90,False
bdb2023_sack,attn_relnet,40,primary_loss,100,0.06155550967088534,0.0547200891572545,0.06715001500430834,between_repeat_q10_q90,False
bdb2023_sack,attn_relnet,50,primary_loss,100,0.06155920259881822,0.055675430881577816,0.06741458441685788,between_repeat_q10_q90,False
bdb2023_sack,attn_relnet,60,primary_loss,100,0.061359566618411965,0.055080544357444285,0.06776910502495546,between_repeat_q10_q90,False
bdb2023_sack,boosted_structure,10,primary_loss,100,0.06440070658934523,0.05758189716764137,0.07072588484481745,between_repeat_q10_q90,False
bdb2023_sack,boosted_structure,20,primary_loss,100,0.06393031472804327,0.057020176440548125,0.07039764741328781,between_repeat_q10_q90,False
bdb2023_sack,boosted_structure,30,primary_loss,100,0.06338075890848557,0.05665679154052691,0.0699307416960941,between_repeat_q10_q90,False
bdb2023_sack,boosted_structure,40,primary_loss,100,0.06306885052450877,0.056395695592622495,0.06953748651511038,between_repeat_q10_q90,False
bdb2023_sack,boosted_structure,50,primary_loss,100,0.06279390094669277,0.05634545306630499,0.06922940482217588,between_repeat_q10_q90,False
bdb2023_sack,boosted_structure,60,primary_loss,100,0.06265227113833212,0.055491602190546,0.06900637760836416,between_repeat_q10_q90,False
bdb2023_sack,linear_structure,10,primary_loss,100,0.06197896650940259,0.05593865233755121,0.06839503082475602,between_repeat_q10_q90,False
bdb2023_sack,linear_structure,20,primary_loss,100,0.06161305828915411,0.05520180931897299,0.067842639993259,between_repeat_q10_q90,False
bdb2023_sack,linear_structure,30,primary_loss,100,0.0614085923896224,0.05493986209182121,0.0676037093031113,between_repeat_q10_q90,False
bdb2023_sack,linear_structure,40,primary_loss,100,0.06137093705756608,0.05478740767328552,0.06807159431227713,between_repeat_q10_q90,False
bdb2023_sack,linear_structure,50,primary_loss,100,0.0612841373810072,0.05472577495576813,0.06725501473896908,between_repeat_q10_q90,False
bdb2023_sack,linear_structure,60,primary_loss,100,0.06126013598872041,0.05493552918535852,0.06696032618709115,between_repeat_q10_q90,False
bdb2023_sack,relnet,10,primary_loss,100,0.06213069621868229,0.05581626446535823,0.06854888819958511,between_repeat_q10_q90,False
bdb2023_sack,relnet,20,primary_loss,100,0.061879932399988104,0.05560546763714426,0.06840653828469065,between_repeat_q10_q90,False
bdb2023_sack,relnet,30,primary_loss,100,0.06171828573290976,0.05563313259506017,0.06778829778421257,between_repeat_q10_q90,False
bdb2023_sack,relnet,40,primary_loss,100,0.06159861843522127,0.0547122864301974,0.06713275756830867,between_repeat_q10_q90,False
bdb2023_sack,relnet,50,primary_loss,100,0.061550374729585106,0.055675395779751564,0.06725557178841723,between_repeat_q10_q90,False
bdb2023_sack,relnet,60,primary_loss,100,0.06136843364519955,0.05507478223132013,0.06776867267858563,between_repeat_q10_q90,False
bdb2023_sack,set_transformer,10,primary_loss,100,0.06260708692284175,0.05588789111796902,0.06953696825678804,between_repeat_q10_q90,False
bdb2023_sack,set_transformer,20,primary_loss,100,0.06289443570263217,0.05533766493144386,0.06925997334391457,between_repeat_q10_q90,False
bdb2023_sack,set_transformer,30,primary_loss,100,0.061771071386945244,0.05525761348270988,0.06788951848589601,between_repeat_q10_q90,False
bdb2023_sack,set_transformer,40,primary_loss,100,0.06169250679872311,0.05520642200408594,0.06801737156073426,between_repeat_q10_q90,False
bdb2023_sack,set_transformer,50,primary_loss,100,0.06146765588004819,0.0551319337072377,0.06722296733203062,between_repeat_q10_q90,False
bdb2023_sack,set_transformer,60,primary_loss,100,0.06129339205607298,0.05518841781220206,0.06740924545853773,between_repeat_q10_q90,False
bdb2023_sack,attn_relnet,10,rms_reliability,100,0.0174951027741335,0.010059459137303738,0.025132896441592598,between_repeat_q10_q90,False
bdb2023_sack,attn_relnet,20,rms_reliability,100,0.019865903935752726,0.009905713459842726,0.031106702461968935,between_repeat_q10_q90,False
bdb2023_sack,attn_relnet,30,rms_reliability,100,0.01911405195000028,0.00998121865467487,0.031931936412845495,between_repeat_q10_q90,False
bdb2023_sack,attn_relnet,40,rms_reliability,100,0.020070625176911973,0.01085305709199828,0.030173002402827224,between_repeat_q10_q90,False
bdb2023_sack,attn_relnet,50,rms_reliability,100,0.019449922201770588,0.008898764561553026,0.029033034315514343,between_repeat_q10_q90,False
bdb2023_sack,attn_relnet,60,rms_reliability,100,0.01926276168555789,0.010351789160209523,0.029071406809873933,between_repeat_q10_q90,False
bdb2023_sack,boosted_structure,10,rms_reliability,100,0.018296414908553976,0.009657794711287793,0.02876756075809874,between_repeat_q10_q90,False
bdb2023_sack,boosted_structure,20,rms_reliability,100,0.01987117740523412,0.010025864762742287,0.03105543158272684,between_repeat_q10_q90,False
bdb2023_sack,boosted_structure,30,rms_reliability,100,0.018767511923115827,0.008989802510456868,0.02853447274425075,between_repeat_q10_q90,False
bdb2023_sack,boosted_structure,40,rms_reliability,100,0.01938141478322965,0.008907925436486873,0.03143720180663779,between_repeat_q10_q90,False
bdb2023_sack,boosted_structure,50,rms_reliability,100,0.019519323625155235,0.009299616042107694,0.0302632326897121,between_repeat_q10_q90,False
bdb2023_sack,boosted_structure,60,rms_reliability,100,0.01888570562138578,0.009018694464547004,0.02697113785422129,between_repeat_q10_q90,False
bdb2023_sack,linear_structure,10,rms_reliability,100,0.020105081633347992,0.010017838439829991,0.03054261246778891,between_repeat_q10_q90,False
bdb2023_sack,linear_structure,20,rms_reliability,100,0.020774992756078033,0.010509965444030399,0.030541685894473553,between_repeat_q10_q90,False
bdb2023_sack,linear_structure,30,rms_reliability,100,0.02014219778999204,0.009469197469159939,0.030445412674615605,between_repeat_q10_q90,False
bdb2023_sack,linear_structure,40,rms_reliability,100,0.020556032157689797,0.011283728081891625,0.030517567707174006,between_repeat_q10_q90,False
bdb2023_sack,linear_structure,50,rms_reliability,100,0.020457984939687132,0.010914317382335278,0.03435962212484456,between_repeat_q10_q90,False
bdb2023_sack,linear_structure,60,rms_reliability,100,0.020517910189679123,0.010406623724070892,0.03103563010500281,between_repeat_q10_q90,False
bdb2023_sack,relnet,10,rms_reliability,100,0.01779066686007008,0.009367098939170633,0.026295902779596834,between_repeat_q10_q90,False
bdb2023_sack,relnet,20,rms_reliability,100,0.019931077214571425,0.010791087985053443,0.029805051240559512,between_repeat_q10_q90,False
bdb2023_sack,relnet,30,rms_reliability,100,0.019219382881938453,0.009548921994476997,0.030674254397804336,between_repeat_q10_q90,False
bdb2023_sack,relnet,40,rms_reliability,100,0.020376385688113795,0.011160271444466246,0.030276600165109448,between_repeat_q10_q90,False
bdb2023_sack,relnet,50,rms_reliability,100,0.019761544303464048,0.01125259555091935,0.028659939772994105,between_repeat_q10_q90,False
bdb2023_sack,relnet,60,rms_reliability,100,0.019284740928366174,0.009749157178892383,0.0277360343178822,between_repeat_q10_q90,False
bdb2023_sack,set_transformer,10,rms_reliability,100,0.01981372703484962,0.00864293930439278,0.03144742755680343,between_repeat_q10_q90,False
bdb2023_sack,set_transformer,20,rms_reliability,100,0.0199814764323527,0.010724964182639149,0.030852389633145023,between_repeat_q10_q90,False
bdb2023_sack,set_transformer,30,rms_reliability,100,0.02113231438789301,0.01142718868737374,0.034650471605370346,between_repeat_q10_q90,False
bdb2023_sack,set_transformer,40,rms_reliability,100,0.022051652712023126,0.011298601518422123,0.03318258355725267,between_repeat_q10_q90,False
bdb2023_sack,set_transformer,50,rms_reliability,100,0.020512616821340222,0.011059530011948848,0.03147225381098797,between_repeat_q10_q90,False
bdb2023_sack,set_transformer,60,rms_reliability,100,0.020853383457601574,0.011179465452516775,0.03317802417367106,between_repeat_q10_q90,False
bdb2023_sack,attn_relnet,10,set_doubleton_rate,100,0.8162112830855031,0.7120665742677923,0.9147575955536101,between_repeat_q10_q90,False
bdb2023_sack,attn_relnet,20,set_doubleton_rate,100,0.8056706730291978,0.6909607477660217,0.908083032871491,between_repeat_q10_q90,False
bdb2023_sack,attn_relnet,30,set_doubleton_rate,100,0.8031290993833079,0.6923549800354925,0.8915189007569323,between_repeat_q10_q90,False
bdb2023_sack,attn_relnet,40,set_doubleton_rate,100,0.7927682840432879,0.6763500790305351,0.900909095956376,between_repeat_q10_q90,False
bdb2023_sack,attn_relnet,50,set_doubleton_rate,100,0.7799988031021762,0.6170741748323032,0.9145490238848293,between_repeat_q10_q90,False
bdb2023_sack,attn_relnet,60,set_doubleton_rate,100,0.7967528660203331,0.702724822527523,0.8992833475122234,between_repeat_q10_q90,False
bdb2023_sack,boosted_structure,10,set_doubleton_rate,100,0.8009568919159836,0.6674127851326078,0.9003676022230352,between_repeat_q10_q90,False
bdb2023_sack,boosted_structure,20,set_doubleton_rate,100,0.7949616402291191,0.6399923403168839,0.931165234033932,between_repeat_q10_q90,False
bdb2023_sack,boosted_structure,30,set_doubleton_rate,100,0.7855319004870367,0.6639824272281024,0.9069744239649279,between_repeat_q10_q90,False
bdb2023_sack,boosted_structure,40,set_doubleton_rate,100,0.7800660668041295,0.653066224963361,0.8876767856349171,between_repeat_q10_q90,False
bdb2023_sack,boosted_structure,50,set_doubleton_rate,100,0.778259334995775,0.6630695332515588,0.9062865809893964,between_repeat_q10_q90,False
bdb2023_sack,boosted_structure,60,set_doubleton_rate,100,0.7928803119556624,0.6650645016129049,0.8850547038108978,between_repeat_q10_q90,False
bdb2023_sack,linear_structure,10,set_doubleton_rate,100,0.7865378384296688,0.6759716859357796,0.9068214422200664,between_repeat_q10_q90,False
bdb2023_sack,linear_structure,20,set_doubleton_rate,100,0.8039045765821866,0.6569412212288377,0.9149880523939101,between_repeat_q10_q90,False
bdb2023_sack,linear_structure,30,set_doubleton_rate,100,0.7877229884681844,0.6528709981498938,0.9011633572792305,between_repeat_q10_q90,False
bdb2023_sack,linear_structure,40,set_doubleton_rate,100,0.7860329987598285,0.6212162951356741,0.9017868806096232,between_repeat_q10_q90,False
bdb2023_sack,linear_structure,50,set_doubleton_rate,100,0.7779715132613046,0.6412423060251409,0.899297145951676,between_repeat_q10_q90,False
bdb2023_sack,linear_structure,60,set_doubleton_rate,100,0.7800503412944825,0.6636562739661377,0.8985463032771853,between_repeat_q10_q90,False
bdb2023_sack,relnet,10,set_doubleton_rate,100,0.8166109767471559,0.7085374659294161,0.91506236636434,between_repeat_q10_q90,False
bdb2023_sack,relnet,20,set_doubleton_rate,100,0.8035354430251175,0.6899647288798232,0.9091558918683856,between_repeat_q10_q90,False
bdb2023_sack,relnet,30,set_doubleton_rate,100,0.8057632359518826,0.7017654449606303,0.895280636299734,between_repeat_q10_q90,False
bdb2023_sack,relnet,40,set_doubleton_rate,100,0.7921086394807071,0.6682047608193038,0.9019388321124018,between_repeat_q10_q90,False
bdb2023_sack,relnet,50,set_doubleton_rate,100,0.7791717712351074,0.6232322791855275,0.9150461456902577,between_repeat_q10_q90,False
bdb2023_sack,relnet,60,set_doubleton_rate,100,0.7949574190032139,0.702051673686835,0.8955175565256639,between_repeat_q10_q90,False
bdb2023_sack,set_transformer,10,set_doubleton_rate,100,0.799112223197655,0.6854491994767815,0.919665891436251,between_repeat_q10_q90,False
bdb2023_sack,set_transformer,20,set_doubleton_rate,100,0.8133460601202684,0.6778450539830756,0.9321201247036665,between_repeat_q10_q90,False
bdb2023_sack,set_transformer,30,set_doubleton_rate,100,0.8042413197967577,0.6860294099891967,0.913980019698078,between_repeat_q10_q90,False
bdb2023_sack,set_transformer,40,set_doubleton_rate,100,0.7972447562207661,0.6542525548535992,0.929768773250763,between_repeat_q10_q90,False
bdb2023_sack,set_transformer,50,set_doubleton_rate,100,0.7952516453054638,0.6548038455034666,0.9100933234747507,between_repeat_q10_q90,False
bdb2023_sack,set_transformer,60,set_doubleton_rate,100,0.7947212176947648,0.6736945060241643,0.9029589829397068,between_repeat_q10_q90,False
bdb2023_sack,attn_relnet,10,set_empty_rate,100,0.0,0.0,0.0,between_repeat_q10_q90,False
bdb2023_sack,attn_relnet,20,set_empty_rate,100,0.0,0.0,0.0,between_repeat_q10_q90,False
bdb2023_sack,attn_relnet,30,set_empty_rate,100,0.0,0.0,0.0,between_repeat_q10_q90,False
bdb2023_sack,attn_relnet,40,set_empty_rate,100,0.0,0.0,0.0,between_repeat_q10_q90,False
bdb2023_sack,attn_relnet,50,set_empty_rate,100,0.0,0.0,0.0,between_repeat_q10_q90,False
bdb2023_sack,attn_relnet,60,set_empty_rate,100,0.0,0.0,0.0,between_repeat_q10_q90,False
bdb2023_sack,boosted_structure,10,set_empty_rate,100,0.0,0.0,0.0,between_repeat_q10_q90,False
bdb2023_sack,boosted_structure,20,set_empty_rate,100,0.0,0.0,0.0,between_repeat_q10_q90,False
bdb2023_sack,boosted_structure,30,set_empty_rate,100,0.0,0.0,0.0,between_repeat_q10_q90,False
bdb2023_sack,boosted_structure,40,set_empty_rate,100,0.0,0.0,0.0,between_repeat_q10_q90,False
bdb2023_sack,boosted_structure,50,set_empty_rate,100,0.0,0.0,0.0,between_repeat_q10_q90,False
bdb2023_sack,boosted_structure,60,set_empty_rate,100,0.0,0.0,0.0,between_repeat_q10_q90,False
bdb2023_sack,linear_structure,10,set_empty_rate,100,0.0,0.0,0.0,between_repeat_q10_q90,False
bdb2023_sack,linear_structure,20,set_empty_rate,100,0.0,0.0,0.0,between_repeat_q10_q90,False
bdb2023_sack,linear_structure,30,set_empty_rate,100,0.0,0.0,0.0,between_repeat_q10_q90,False
bdb2023_sack,linear_structure,40,set_empty_rate,100,0.0,0.0,0.0,between_repeat_q10_q90,False
bdb2023_sack,linear_structure,50,set_empty_rate,100,0.0,0.0,0.0,between_repeat_q10_q90,False
bdb2023_sack,linear_structure,60,set_empty_rate,100,0.0,0.0,0.0,between_repeat_q10_q90,False
bdb2023_sack,relnet,10,set_empty_rate,100,0.0,0.0,0.0,between_repeat_q10_q90,False
bdb2023_sack,relnet,20,set_empty_rate,100,0.0,0.0,0.0,between_repeat_q10_q90,False
bdb2023_sack,relnet,30,set_empty_rate,100,0.0,0.0,0.0,between_repeat_q10_q90,False
bdb2023_sack,relnet,40,set_empty_rate,100,0.0,0.0,0.0,between_repeat_q10_q90,False
bdb2023_sack,relnet,50,set_empty_rate,100,0.0,0.0,0.0,between_repeat_q10_q90,False
bdb2023_sack,relnet,60,set_empty_rate,100,0.0,0.0,0.0,between_repeat_q10_q90,False
bdb2023_sack,set_transformer,10,set_empty_rate,100,0.0,0.0,0.0,between_repeat_q10_q90,False
bdb2023_sack,set_transformer,20,set_empty_rate,100,0.0,0.0,0.0,between_repeat_q10_q90,False
bdb2023_sack,set_transformer,30,set_empty_rate,100,0.0,0.0,0.0,between_repeat_q10_q90,False
bdb2023_sack,set_transformer,40,set_empty_rate,100,0.0,0.0,0.0,between_repeat_q10_q90,False
bdb2023_sack,set_transformer,50,set_empty_rate,100,0.0,0.0,0.0,between_repeat_q10_q90,False
bdb2023_sack,set_transformer,60,set_empty_rate,100,0.0,0.0,0.0,between_repeat_q10_q90,False
bdb2023_sack,attn_relnet,10,set_singleton_rate,100,0.18378871691449675,0.08524240444638986,0.28793342573220787,between_repeat_q10_q90,False
bdb2023_sack,attn_relnet,20,set_singleton_rate,100,0.19432932697080216,0.09191696712850904,0.3090392522339784,between_repeat_q10_q90,False
bdb2023_sack,attn_relnet,30,set_singleton_rate,100,0.1968709006166922,0.10848109924306772,0.30764501996450755,between_repeat_q10_q90,False
bdb2023_sack,attn_relnet,40,set_singleton_rate,100,0.20723171595671203,0.09909090404362401,0.323649920969465,between_repeat_q10_q90,False
bdb2023_sack,attn_relnet,50,set_singleton_rate,100,0.22000119689782383,0.08545097611517069,0.3829258251676968,between_repeat_q10_q90,False
bdb2023_sack,attn_relnet,60,set_singleton_rate,100,0.2032471339796668,0.10071665248777666,0.29727517747247706,between_repeat_q10_q90,False
bdb2023_sack,boosted_structure,10,set_singleton_rate,100,0.1990431080840163,0.09963239777696475,0.33258721486739223,between_repeat_q10_q90,False
bdb2023_sack,boosted_structure,20,set_singleton_rate,100,0.20503835977088092,0.06883476596606798,0.3600076596831161,between_repeat_q10_q90,False
bdb2023_sack,boosted_structure,30,set_singleton_rate,100,0.21446809951296342,0.09302557603507215,0.33601757277189775,between_repeat_q10_q90,False
bdb2023_sack,boosted_structure,40,set_singleton_rate,100,0.21993393319587046,0.1123232143650829,0.34693377503663897,between_repeat_q10_q90,False
bdb2023_sack,boosted_structure,50,set_singleton_rate,100,0.22174066500422504,0.09371341901060358,0.3369304667484412,between_repeat_q10_q90,False
bdb2023_sack,boosted_structure,60,set_singleton_rate,100,0.20711968804433759,0.11494529618910225,0.33493549838709524,between_repeat_q10_q90,False
bdb2023_sack,linear_structure,10,set_singleton_rate,100,0.21346216157033124,0.09317855777993356,0.32402831406422056,between_repeat_q10_q90,False
bdb2023_sack,linear_structure,20,set_singleton_rate,100,0.19609542341781336,0.08501194760608988,0.3430587787711623,between_repeat_q10_q90,False
bdb2023_sack,linear_structure,30,set_singleton_rate,100,0.2122770115318154,0.09883664272076961,0.3471290018501062,between_repeat_q10_q90,False
bdb2023_sack,linear_structure,40,set_singleton_rate,100,0.2139670012401714,0.0982131193903768,0.37878370486432594,between_repeat_q10_q90,False
bdb2023_sack,linear_structure,50,set_singleton_rate,100,0.22202848673869555,0.1007028540483241,0.3587576939748594,between_repeat_q10_q90,False
bdb2023_sack,linear_structure,60,set_singleton_rate,100,0.21994965870551766,0.10145369672281468,0.3363437260338624,between_repeat_q10_q90,False
bdb2023_sack,relnet,10,set_singleton_rate,100,0.18338902325284426,0.08493763363566013,0.2914625340705839,between_repeat_q10_q90,False
bdb2023_sack,relnet,20,set_singleton_rate,100,0.19646455697488252,0.09084410813161437,0.3100352711201768,between_repeat_q10_q90,False
bdb2023_sack,relnet,30,set_singleton_rate,100,0.1942367640481174,0.10471936370026601,0.29823455503936974,between_repeat_q10_q90,False
bdb2023_sack,relnet,40,set_singleton_rate,100,0.20789136051929283,0.0980611678875983,0.33179523918069626,between_repeat_q10_q90,False
bdb2023_sack,relnet,50,set_singleton_rate,100,0.2208282287648926,0.08495385430974241,0.37676772081447246,between_repeat_q10_q90,False
bdb2023_sack,relnet,60,set_singleton_rate,100,0.20504258099678607,0.10448244347433613,0.29794832631316515,between_repeat_q10_q90,False
bdb2023_sack,set_transformer,10,set_singleton_rate,100,0.20088777680234493,0.08033410856374903,0.31455080052321854,between_repeat_q10_q90,False
bdb2023_sack,set_transformer,20,set_singleton_rate,100,0.18665393987973158,0.06787987529633359,0.32215494601692446,between_repeat_q10_q90,False
bdb2023_sack,set_transformer,30,set_singleton_rate,100,0.1957586802032422,0.086019980301922,0.3139705900108034,between_repeat_q10_q90,False
bdb2023_sack,set_transformer,40,set_singleton_rate,100,0.20275524377923393,0.07023122674923704,0.3457474451464009,between_repeat_q10_q90,False
bdb2023_sack,set_transformer,50,set_singleton_rate,100,0.20474835469453634,0.0899066765252493,0.3451961544965336,between_repeat_q10_q90,False
bdb2023_sack,set_transformer,60,set_singleton_rate,100,0.20527878230523547,0.09704101706029326,0.32630549397583575,between_repeat_q10_q90,False
bdb2023_sack,attn_relnet,10,skill,100,-0.013422961116262733,-0.025575271202596214,0.001709267911532487,between_repeat_q10_q90,False
bdb2023_sack,attn_relnet,20,skill,100,-0.015147172782856514,-0.02762284018980825,0.004114618429130526,between_repeat_q10_q90,False
bdb2023_sack,attn_relnet,30,skill,100,-0.007607806057225139,-0.022214395328896262,0.004534780418291352,between_repeat_q10_q90,False
bdb2023_sack,attn_relnet,40,skill,100,-0.004827715921774458,-0.01687085281922369,0.007910566599278602,between_repeat_q10_q90,False
bdb2023_sack,attn_relnet,50,skill,100,-0.005278674692620838,-0.013282320399532765,0.0062033617675325455,between_repeat_q10_q90,False
bdb2023_sack,attn_relnet,60,skill,100,-0.001944772765518381,-0.010084251107748332,0.006522502444267055,between_repeat_q10_q90,False
bdb2023_sack,boosted_structure,10,skill,100,-0.0495870413873502,-0.06508352038711433,-0.03501342890037857,between_repeat_q10_q90,False
bdb2023_sack,boosted_structure,20,skill,100,-0.04256789444384159,-0.055801254693175185,-0.02712053789571815,between_repeat_q10_q90,False
bdb2023_sack,boosted_structure,30,skill,100,-0.03411559844928396,-0.04629569815740357,-0.020657379850515495,between_repeat_q10_q90,False
bdb2023_sack,boosted_structure,40,skill,100,-0.02935403623313976,-0.043305873802051045,-0.01566348776449828,between_repeat_q10_q90,False
bdb2023_sack,boosted_structure,50,skill,100,-0.025044381599287617,-0.03851408946362815,-0.011291656042188243,between_repeat_q10_q90,False
bdb2023_sack,boosted_structure,60,skill,100,-0.022876997020579076,-0.03444732835385726,-0.010634616345379344,between_repeat_q10_q90,False
bdb2023_sack,linear_structure,10,skill,100,-0.010414548596703184,-0.024215172273938813,0.0027845691942323283,between_repeat_q10_q90,False
bdb2023_sack,linear_structure,20,skill,100,-0.005195113745872546,-0.013846765676880169,0.0025476103759490064,between_repeat_q10_q90,False
bdb2023_sack,linear_structure,30,skill,100,-0.002165129729176718,-0.009572336873756759,0.005327084677700223,between_repeat_q10_q90,False
bdb2023_sack,linear_structure,40,skill,100,-0.0017005756945116179,-0.01134361415413938,0.004686093932417649,between_repeat_q10_q90,False
bdb2023_sack,linear_structure,50,skill,100,-0.0005066082915764725,-0.006639700873039889,0.004979123651365726,between_repeat_q10_q90,False
bdb2023_sack,linear_structure,60,skill,100,-0.00024417314475333354,-0.006423696197022854,0.004759884456639223,between_repeat_q10_q90,False
bdb2023_sack,relnet,10,skill,100,-0.013149855205998989,-0.02568911343395821,0.0016626835218935174,between_repeat_q10_q90,False
bdb2023_sack,relnet,20,skill,100,-0.009640191570296707,-0.027444314896218947,0.003817510621138057,between_repeat_q10_q90,False
bdb2023_sack,relnet,30,skill,100,-0.007509573244435209,-0.02126168663686969,0.004504454755484246,between_repeat_q10_q90,False
bdb2023_sack,relnet,40,skill,100,-0.005621696701926238,-0.017320082695929905,0.00802993269695933,between_repeat_q10_q90,False
bdb2023_sack,relnet,50,skill,100,-0.005141924938569881,-0.012851435313282167,0.006576685155020219,between_repeat_q10_q90,False
bdb2023_sack,relnet,60,skill,100,-0.0020908764086651054,-0.01064811557021641,0.0062612948185859305,between_repeat_q10_q90,False
bdb2023_sack,set_transformer,10,skill,100,-0.02150889153908669,-0.06473900587074377,0.002557448930555113,between_repeat_q10_q90,False
bdb2023_sack,set_transformer,20,skill,100,-0.026762389207118646,-0.03839829740571492,0.004775952785030349,between_repeat_q10_q90,False
bdb2023_sack,set_transformer,30,skill,100,-0.008279139665023118,-0.025782616858061755,0.005055070441737976,between_repeat_q10_q90,False
bdb2023_sack,set_transformer,40,skill,100,-0.00714914099816037,-0.02546754433171425,0.007515328719535842,between_repeat_q10_q90,False
bdb2023_sack,set_transformer,50,skill,100,-0.003765782787155645,-0.01901038644358375,0.008192816250194827,between_repeat_q10_q90,False
bdb2023_sack,set_transformer,60,skill,100,-0.0009558014469747144,-0.011633137481971301,0.008159075080296166,between_repeat_q10_q90,False
