ablation_id,branch,calibrated_brier,calibrated_log_loss,calibration_bias,elapsed_seconds,family,game_equal_brier,game_equal_calibrated_brier,game_equal_calibrated_log_loss,game_equal_calibration_bias,game_equal_label0_set_coverage,game_equal_label1_set_coverage,game_equal_loss,game_equal_mean_entropy,game_equal_mean_va_imprecision,game_equal_p90_va_imprecision,game_equal_raw_log_loss,game_equal_rms_reliability,game_equal_set_doubleton_rate,game_equal_set_empty_rate,game_equal_set_singleton_rate,label0_set_coverage,label1_set_coverage,mean_entropy,mean_va_imprecision,model,model_config,n_calibration_examples,n_test_examples,n_train,n_train_examples,nested_split_hash,null_loss,null_probability,outer_split_hash,p90_va_imprecision,primary_loss,process_peak_rss_bytes,raw_brier,raw_log_loss,repeat,rms_reliability,seeds,sensitivity_id,set_doubleton_rate,set_empty_rate,set_singleton_rate,skill,task_id,uncertainty_subsample_seed
collapse_typed_edges,structural_ablation,0.061679930697692995,0.24415502368059966,-0.007209523278335921,11.323583920951933,relnet,0.06210140519250662,0.06231935655593463,0.24615157689693473,-0.006744551514430251,0.9350153563172534,0.9333333333333332,0.06210140519250662,0.25915461150340674,0.005746621955895178,0.01585222396051695,0.2449065677081753,0.046984345459990834,0.876866840598849,0.0,0.123133159401151,0.9364844903988183,0.9368421052631579,0.25851963346664525,0.005816350653558629,relnet,"{'batch_size': 64, 'd_model': 48, 'deterministic': True, 'dropout': 0.1, 'edge_dim': 8, 'edge_hidden': 64, 'learning_rate': 0.0003, 'max_epochs': 50, 'patience': 10}",1392,1449,20,1421,d5a0eb546c64ef7f1d7145983015c96edb6248760395da6641a3b54a499c839d,0.06126770636519748,0.06364275668073137,a862fed2f1bcf4f0ae146879cbafb2a39e3514b5cfbb61fac724d7d7b9967e93,0.014285714285714284,0.061456189379962785,3601641472,0.061456189379962785,0.24283370488456643,1,0.011783894427309887,"{'epoch_selection': 14008837, 'fit': 1838041873, 'prediction': 1177676360, 'refit': 1778551772, 'uncertainty_subsample': 1118664528, 'validation': 154453296, 'validation_split': 912580181}",,0.8743961352657005,0.0,0.12560386473429952,-0.0030763843784491485,bdb2023_sack,1118664528
collapse_typed_edges,structural_ablation,0.06169917296306322,0.24433721879280212,-0.007378693283224552,11.348030105233192,attn_relnet,0.06210259151999707,0.06233769840376825,0.24632418398488665,-0.006912254581762716,0.9355755804068893,0.9333333333333332,0.06210259151999707,0.2595351357546653,0.006020037876706913,0.01650039489744226,0.2449156784938063,0.04655502148402603,0.8772154308350796,0.0,0.12278456916492031,0.9372230428360414,0.9368421052631579,0.25890365833030315,0.006098020871360258,attn_relnet,"{'batch_size': 64, 'd_model': 48, 'deterministic': True, 'dropout': 0.1, 'edge_dim': 8, 'edge_hidden': 64, 'learning_rate': 0.0003, 'max_epochs': 50, 'patience': 10}",1392,1449,20,1421,d5a0eb546c64ef7f1d7145983015c96edb6248760395da6641a3b54a499c839d,0.06126770636519748,0.06364275668073137,a862fed2f1bcf4f0ae146879cbafb2a39e3514b5cfbb61fac724d7d7b9967e93,0.013982717989002351,0.06145714352738971,3562053632,0.06145714352738971,0.24284141087944855,1,0.012222831549837014,"{'epoch_selection': 14008837, 'fit': 1838041873, 'prediction': 1177676360, 'refit': 1778551772, 'uncertainty_subsample': 1118664528, 'validation': 154453296, 'validation_split': 912580181}",,0.8750862663906143,0.0,0.12491373360938578,-0.003091957793605715,bdb2023_sack,1118664528
collapse_typed_edges,structural_ablation,0.0629389566988373,0.25069449977909053,-0.00979722807447477,39.76779109193012,relnet,0.06197709292628671,0.06366600039219641,0.25315812086697037,-0.009371360032044515,0.8586970086474544,0.8024404761904762,0.06197709292628671,0.2611024415446129,0.008720952949039781,0.016846179921726642,0.24495075490213641,0.07410379888199918,0.6637037562936977,0.0,0.3362962437063023,0.861890694239291,0.7894736842105263,0.2606180986408254,0.008700904633762233,relnet,"{'batch_size': 64, 'd_model': 48, 'deterministic': True, 'dropout': 0.1, 'edge_dim': 8, 'edge_hidden': 64, 'learning_rate': 0.0003, 'max_epochs': 50, 'patience': 10}",1392,1449,60,4175,d5a0eb546c64ef7f1d7145983015c96edb6248760395da6641a3b54a499c839d,0.061266288982088274,0.06405651340996169,a862fed2f1bcf4f0ae146879cbafb2a39e3514b5cfbb61fac724d7d7b9967e93,0.018088945151672906,0.06133317467973969,3659100160,0.06133317467973969,0.24282516342064778,1,0.03345661598770515,"{'epoch_selection': 1601265799, 'fit': 845613939, 'prediction': 1135614838, 'refit': 1844520373, 'uncertainty_subsample': 1118664528, 'validation': 85309171, 'validation_split': 914308995}",,0.6645962732919255,0.0,0.33540372670807456,-0.0010917210551300016,bdb2023_sack,1118664528
collapse_typed_edges,structural_ablation,0.0630083736724954,0.25089977669807495,-0.010051200179138449,38.56590970698744,attn_relnet,0.06197992281998062,0.06373343077718298,0.2533627764797222,-0.009618467814191603,0.8586970086474544,0.8024404761904762,0.06197992281998062,0.2616679431913952,0.008827512486297468,0.016856863469292088,0.24497355104766064,0.07435856828916315,0.664442102398423,0.0,0.33555789760157684,0.861890694239291,0.7894736842105263,0.26119078683740754,0.008804156851605493,attn_relnet,"{'batch_size': 64, 'd_model': 48, 'deterministic': True, 'dropout': 0.1, 'edge_dim': 8, 'edge_hidden': 64, 'learning_rate': 0.0003, 'max_epochs': 50, 'patience': 10}",1392,1449,60,4175,d5a0eb546c64ef7f1d7145983015c96edb6248760395da6641a3b54a499c839d,0.061266288982088274,0.06405651340996169,a862fed2f1bcf4f0ae146879cbafb2a39e3514b5cfbb61fac724d7d7b9967e93,0.017917511832319134,0.06133583093076954,3752017920,0.06133583093076954,0.24284655743217112,1,0.033369419358362754,"{'epoch_selection': 1601265799, 'fit': 845613939, 'prediction': 1135614838, 'refit': 1844520373, 'uncertainty_subsample': 1118664528, 'validation': 85309171, 'validation_split': 914308995}",,0.6652864044168392,0.0,0.33471359558316083,-0.0011350768887208318,bdb2023_sack,1118664528
collapse_typed_edges,structural_ablation,0.05288392142389923,0.21649271394356343,-0.00364441146082692,13.561706408392638,relnet,0.053863784664696865,0.05397355749155642,0.22004207952414706,-0.0022531082675639027,0.7795566676102349,0.8087301587301587,0.053863784664696865,0.22283323297047178,0.003041323740965974,0.0035891084860157014,0.22047166904471366,0.039074318893725826,0.6596953656095437,0.0,0.34030463439045633,0.7779369627507163,0.8292682926829268,0.22298994631258923,0.0030993276639407013,relnet,"{'batch_size': 64, 'd_model': 48, 'deterministic': True, 'dropout': 0.1, 'edge_dim': 8, 'edge_hidden': 64, 'learning_rate': 0.0003, 'max_epochs': 50, 'patience': 10}",1333,1478,20,1386,8aacffc85ced50c25de138fd00f15957cc172aab84341a92b19c1e86031dae7d,0.052562386676429054,0.0681326604181687,039b393074a7a4f7c0bbf6462aaae3fee202fa8a65600fec319dede91a981e85,0.0038461538461538464,0.05278481400110688,3609468928,0.05278481400110688,0.21731531266056653,2,0.015234953356542827,"{'epoch_selection': 578881400, 'fit': 1361552403, 'prediction': 65852453, 'refit': 121742323, 'uncertainty_subsample': 1099416385, 'validation': 99410859, 'validation_split': 1844797910}",,0.6583220568335588,0.0,0.3416779431664411,-0.00423168236341831,bdb2023_sack,1099416385
collapse_typed_edges,structural_ablation,0.052885563130188634,0.21647906959693825,-0.0037972620757529313,13.816973014734685,attn_relnet,0.053870953526732525,0.0539781408874386,0.22005669574380163,-0.002393442728949336,0.7777495943276275,0.7992063492063491,0.053870953526732525,0.22320642918363093,0.003342390284933128,0.0045947672794630886,0.2205278034611997,0.04126591162568799,0.6575041741820526,0.0,0.34249582581794724,0.7757879656160458,0.8170731707317073,0.22339421142395216,0.0034077047011620287,attn_relnet,"{'batch_size': 64, 'd_model': 48, 'deterministic': True, 'dropout': 0.1, 'edge_dim': 8, 'edge_hidden': 64, 'learning_rate': 0.0003, 'max_epochs': 50, 'patience': 10}",1333,1478,20,1386,8aacffc85ced50c25de138fd00f15957cc172aab84341a92b19c1e86031dae7d,0.052562386676429054,0.0681326604181687,039b393074a7a4f7c0bbf6462aaae3fee202fa8a65600fec319dede91a981e85,0.0038314176245210635,0.05279173694941783,3590258688,0.05279173694941783,0.2173662399616649,2,0.017370533349929353,"{'epoch_selection': 578881400, 'fit': 1361552403, 'prediction': 65852453, 'refit': 121742323, 'uncertainty_subsample': 1099416385, 'validation': 99410859, 'validation_split': 1844797910}",,0.6556156968876861,0.0,0.34438430311231394,-0.004363391533201089,bdb2023_sack,1099416385
collapse_typed_edges,structural_ablation,0.05341909485041393,0.22025457564144724,-0.008397390536386244,49.70364383934066,relnet,0.05367033123097694,0.05466578037639539,0.2247094432985741,-0.007809546549839395,0.8909225496644749,0.7952380952380952,0.05367033123097694,0.2268013196989849,0.008048638485511241,0.020360227717158712,0.21959398760306714,0.06626899692058968,0.7404325063511591,0.0,0.2595674936488409,0.8946991404011462,0.8170731707317073,0.22480182394864864,0.008157911362185194,relnet,"{'batch_size': 64, 'd_model': 48, 'deterministic': True, 'dropout': 0.1, 'edge_dim': 8, 'edge_hidden': 64, 'learning_rate': 0.0003, 'max_epochs': 50, 'patience': 10}",1333,1478,60,4218,8aacffc85ced50c25de138fd00f15957cc172aab84341a92b19c1e86031dae7d,0.05265021241746149,0.07122540886465988,039b393074a7a4f7c0bbf6462aaae3fee202fa8a65600fec319dede91a981e85,0.018567251461988295,0.05248367348503204,3661328384,0.05248367348503204,0.2154530985589212,2,0.0295199477911673,"{'epoch_selection': 657545485, 'fit': 194132185, 'prediction': 302456835, 'refit': 1231403481, 'uncertainty_subsample': 1099416385, 'validation': 1047909913, 'validation_split': 85489307}",,0.7361299052774019,0.0,0.2638700947225981,0.003163119858073382,bdb2023_sack,1099416385
collapse_typed_edges,structural_ablation,0.05339822289154868,0.22012643130998744,-0.008816041707349578,48.576434602960944,attn_relnet,0.05366968685295264,0.05464530793099183,0.2245859640468514,-0.008254051655083814,0.8909225496644749,0.7952380952380952,0.05366968685295264,0.22792339044126506,0.008295069217609731,0.02075700412482826,0.21958358699244004,0.06388054233189565,0.7424514252058383,0.0,0.2575485747941617,0.8946991404011462,0.8170731707317073,0.22585101926513018,0.008422990479290434,attn_relnet,"{'batch_size': 64, 'd_model': 48, 'deterministic': True, 'dropout': 0.1, 'edge_dim': 8, 'edge_hidden': 64, 'learning_rate': 0.0003, 'max_epochs': 50, 'patience': 10}",1333,1478,60,4218,8aacffc85ced50c25de138fd00f15957cc172aab84341a92b19c1e86031dae7d,0.05265021241746149,0.07122540886465988,039b393074a7a4f7c0bbf6462aaae3fee202fa8a65600fec319dede91a981e85,0.020408163265306117,0.05248263731482349,3771129856,0.05248263731482349,0.21544015975233996,2,0.02972755235183805,"{'epoch_selection': 657545485, 'fit': 194132185, 'prediction': 302456835, 'refit': 1231403481, 'uncertainty_subsample': 1099416385, 'validation': 1047909913, 'validation_split': 85489307}",,0.7381596752368065,0.0,0.2618403247631935,0.003182800124514218,bdb2023_sack,1099416385
collapse_typed_edges,structural_ablation,0.05559524661153631,0.22612241700146785,-0.01946970136215763,14.867684896104038,relnet,0.056741371063242646,0.05740360818374384,0.23146841212026692,-0.017301884820330248,0.9558544343679886,0.9611111111111111,0.056741371063242646,0.2690105812453062,0.005513652420861179,0.0057901274171498545,0.23066410332180354,0.06678340185700428,0.8937738949924148,0.0,0.10622610500758523,0.9537366548042705,0.9534883720930233,0.2691618406494258,0.005479209609654684,relnet,"{'batch_size': 64, 'd_model': 48, 'deterministic': True, 'dropout': 0.1, 'edge_dim': 8, 'edge_hidden': 64, 'learning_rate': 0.0003, 'max_epochs': 50, 'patience': 10}",1368,1491,20,1413,28a8a8a4d223f9cb4f8d00fd8221bf33879110ec50f8b2d2249393c1785953b8,0.05439248110675902,0.064002828854314,08d093b528aadb8bd5aca73ab9f6e8d2d18c0207c3b94d22fbb2ed9b82622453,0.005747126436781616,0.05489259422331924,3678973952,0.05489259422331924,0.22490444179358918,3,0.03342652934572568,"{'epoch_selection': 88559578, 'fit': 722187357, 'prediction': 1165910797, 'refit': 734209174, 'uncertainty_subsample': 1483852115, 'validation': 801965448, 'validation_split': 659893914}",,0.8926894701542589,0.0,0.10731052984574112,-0.009194526640154965,bdb2023_sack,1483852115
collapse_typed_edges,structural_ablation,0.055604264099623095,0.2262694087627472,-0.01925989961126869,15.250128995161504,attn_relnet,0.05674315277397889,0.05741324792257188,0.2316328149010697,-0.017074325641702384,0.9558544343679886,0.9543083900226758,0.05674315277397889,0.2684372203079561,0.005434274791479588,0.006675176889823019,0.23067231130300594,0.061100871407045045,0.8914411611325873,0.0,0.10855883886741269,0.9537366548042705,0.9418604651162791,0.26862384758002117,0.005415207449416021,attn_relnet,"{'batch_size': 64, 'd_model': 48, 'deterministic': True, 'dropout': 0.1, 'edge_dim': 8, 'edge_hidden': 64, 'learning_rate': 0.0003, 'max_epochs': 50, 'patience': 10}",1368,1491,20,1413,28a8a8a4d223f9cb4f8d00fd8221bf33879110ec50f8b2d2249393c1785953b8,0.05439248110675902,0.064002828854314,08d093b528aadb8bd5aca73ab9f6e8d2d18c0207c3b94d22fbb2ed9b82622453,0.006060606060606058,0.05489485028579641,3634954240,0.05489485028579641,0.2249170414993799,3,0.032578708651870555,"{'epoch_selection': 88559578, 'fit': 722187357, 'prediction': 1165910797, 'refit': 734209174, 'uncertainty_subsample': 1483852115, 'validation': 801965448, 'validation_split': 659893914}",,0.8906773977196513,0.0,0.10932260228034876,-0.009236004109673956,bdb2023_sack,1483852115
collapse_typed_edges,structural_ablation,0.054876505206465184,0.2200574695685487,-0.019372354275857852,44.58864794764668,relnet,0.05585768580112287,0.05678211089218142,0.22632002729812212,-0.017270219653240815,0.9714233501247966,0.8777777777777778,0.05585768580112287,0.261681068078902,0.009076416812301705,0.019856892262021374,0.2232002275529958,0.07446918841558241,0.7566813116221598,0.0,0.2433186883778402,0.9708185053380783,0.872093023255814,0.26138857123839027,0.009184512876173768,relnet,"{'batch_size': 64, 'd_model': 48, 'deterministic': True, 'dropout': 0.1, 'edge_dim': 8, 'edge_hidden': 64, 'learning_rate': 0.0003, 'max_epochs': 50, 'patience': 10}",1368,1491,60,4174,28a8a8a4d223f9cb4f8d00fd8221bf33879110ec50f8b2d2249393c1785953b8,0.05439647847042574,0.06431137724550898,08d093b528aadb8bd5aca73ab9f6e8d2d18c0207c3b94d22fbb2ed9b82622453,0.01664816870144284,0.05393687264849372,3704270848,0.05393687264849372,0.21679881477489407,3,0.03160012748455855,"{'epoch_selection': 2147115073, 'fit': 1135362205, 'prediction': 1143604655, 'refit': 1109682999, 'uncertainty_subsample': 1483852115, 'validation': 1983138313, 'validation_split': 945723757}",,0.7505030181086519,0.0,0.24949698189134809,0.008449183382006953,bdb2023_sack,1483852115
collapse_typed_edges,structural_ablation,0.054908893155428656,0.22014140480705582,-0.01910431728995473,43.21346701588482,attn_relnet,0.05585748059359078,0.056820354285268444,0.22643906873749461,-0.017002150619441728,0.9721036222336401,0.8777777777777778,0.05585748059359078,0.26079797926181175,0.008823601466024235,0.020266181525846087,0.2231958743212058,0.0792101883064102,0.75611616816545,0.0,0.24388383183454992,0.9715302491103203,0.872093023255814,0.2605077601896461,0.008929757552996624,attn_relnet,"{'batch_size': 64, 'd_model': 48, 'deterministic': True, 'dropout': 0.1, 'edge_dim': 8, 'edge_hidden': 64, 'learning_rate': 0.0003, 'max_epochs': 50, 'patience': 10}",1368,1491,60,4174,28a8a8a4d223f9cb4f8d00fd8221bf33879110ec50f8b2d2249393c1785953b8,0.05439647847042574,0.06431137724550898,08d093b528aadb8bd5aca73ab9f6e8d2d18c0207c3b94d22fbb2ed9b82622453,0.016264829697665517,0.053936674959904625,3773837312,0.053936674959904625,0.2167954109122135,3,0.03409672645026486,"{'epoch_selection': 2147115073, 'fit': 1135362205, 'prediction': 1143604655, 'refit': 1109682999, 'uncertainty_subsample': 1483852115, 'validation': 1983138313, 'validation_split': 945723757}",,0.749832327297116,0.0,0.250167672702884,0.008452817598681439,bdb2023_sack,1483852115
collapse_typed_edges,structural_ablation,0.05614995031421227,0.2262566807579347,-0.0026085984192539624,22.31150068389252,relnet,0.057452171171627195,0.05721924247141221,0.22948488098558145,-0.0014988629105741839,0.8856976746665185,0.853514739229025,0.057452171171627195,0.2299491082476004,0.006119557490219622,0.009555515701159662,0.23477443966375144,0.06344254404699441,0.7766806703515924,0.0,0.22331932964840776,0.8860580325548478,0.8426966292134831,0.2296843168945512,0.006060754614953103,relnet,"{'batch_size': 64, 'd_model': 48, 'deterministic': True, 'dropout': 0.1, 'edge_dim': 8, 'edge_hidden': 64, 'learning_rate': 0.0003, 'max_epochs': 50, 'patience': 10}",1361,1502,20,1377,6e698bc7c2a74051e15b79accb588a68f8251342db07867020849ca45047ac96,0.05581717150081265,0.06785195936139332,101099e9ca2cd8ed886cfc8690469b728ef4708cac61d61ec1744aad69f0ff5a,0.011153198653198651,0.056425676255047075,3646140416,0.056425676255047075,0.23168002906265778,4,0.016829380618016403,"{'epoch_selection': 727659027, 'fit': 1659461740, 'prediction': 1799364275, 'refit': 831574211, 'uncertainty_subsample': 1627556720, 'validation': 673240538, 'validation_split': 1150837970}",,0.7776298268974701,0.0,0.22237017310252996,-0.010901748294887437,bdb2023_sack,1627556720
collapse_typed_edges,structural_ablation,0.05620838739955047,0.2266635367080496,-0.0022394157391612936,23.28719286993146,attn_relnet,0.057560536813420056,0.057283764585670104,0.2299021730576132,-0.0011510098933204783,0.8844451929371769,0.8725623582766441,0.057560536813420056,0.22891856203138147,0.005532254968616308,0.007836152351742395,0.23623219998320155,0.0555400671809504,0.7786283772787931,0.0,0.221371622721207,0.8846426043878273,0.8651685393258427,0.22861262561437762,0.005505858994736281,attn_relnet,"{'batch_size': 64, 'd_model': 48, 'deterministic': True, 'dropout': 0.1, 'edge_dim': 8, 'edge_hidden': 64, 'learning_rate': 0.0003, 'max_epochs': 50, 'patience': 10}",1361,1502,20,1377,6e698bc7c2a74051e15b79accb588a68f8251342db07867020849ca45047ac96,0.05581717150081265,0.06785195936139332,101099e9ca2cd8ed886cfc8690469b728ef4708cac61d61ec1744aad69f0ff5a,0.006365975890559393,0.05654755689710105,3595517952,0.05654755689710105,0.23328047845706668,4,0.016845535859149344,"{'epoch_selection': 727659027, 'fit': 1659461740, 'prediction': 1799364275, 'refit': 831574211, 'uncertainty_subsample': 1627556720, 'validation': 673240538, 'validation_split': 1150837970}",,0.7796271637816246,0.0,0.2203728362183755,-0.013085317235714378,bdb2023_sack,1627556720
collapse_typed_edges,structural_ablation,0.055710103159954595,0.22467416054277273,-0.002486017915185045,53.80780377890915,relnet,0.05873700138220311,0.05667246095941274,0.2275964931497898,-0.0012764260204059003,0.9038006423773295,0.9404761904761905,0.05873700138220311,0.22787180186494113,0.005861623608679306,0.012693071851962652,0.23825378710866224,0.04924999392415367,0.8459456232461503,0.0,0.1540543767538498,0.9023354564755839,0.9550561797752809,0.2279424669012292,0.005769382109762062,relnet,"{'batch_size': 64, 'd_model': 48, 'deterministic': True, 'dropout': 0.1, 'edge_dim': 8, 'edge_hidden': 64, 'learning_rate': 0.0003, 'max_epochs': 50, 'patience': 10}",1361,1502,60,4155,6e698bc7c2a74051e15b79accb588a68f8251342db07867020849ca45047ac96,0.05586174045397096,0.07013955726660251,101099e9ca2cd8ed886cfc8690469b728ef4708cac61d61ec1744aad69f0ff5a,0.010384615384615381,0.05794059427573891,3677192192,0.05794059427573891,0.23633548499681534,4,0.007491307554314708,"{'epoch_selection': 1762489482, 'fit': 538812803, 'prediction': 962474443, 'refit': 1297833763, 'uncertainty_subsample': 1627556720, 'validation': 536659367, 'validation_split': 925416465}",,0.8455392809587217,0.0,0.15446071904127828,-0.03721426874411282,bdb2023_sack,1627556720
collapse_typed_edges,structural_ablation,0.055880203833298434,0.22552756076217154,-0.0024555659816124184,38.32266457611695,attn_relnet,0.056953987589649945,0.05683074355915577,0.228380285212339,-0.0012337573403436459,0.9629709629117083,0.9428571428571428,0.056953987589649945,0.22789371892842847,0.006528010011084136,0.021227667962543682,0.22908083395156886,0.03733593294189631,0.9096298611200108,0.0,0.09037013887998936,0.9631988676574664,0.9550561797752809,0.22795463402600716,0.006481206580346999,attn_relnet,"{'batch_size': 64, 'd_model': 48, 'deterministic': True, 'dropout': 0.1, 'edge_dim': 8, 'edge_hidden': 64, 'learning_rate': 0.0003, 'max_epochs': 50, 'patience': 10}",1361,1502,60,4155,6e698bc7c2a74051e15b79accb588a68f8251342db07867020849ca45047ac96,0.05586174045397096,0.07013955726660251,101099e9ca2cd8ed886cfc8690469b728ef4708cac61d61ec1744aad69f0ff5a,0.027777777777777762,0.05603003683688397,3763085312,0.05603003683688397,0.22666355569734223,4,0.011799446988336765,"{'epoch_selection': 1762489482, 'fit': 538812803, 'prediction': 962474443, 'refit': 1297833763, 'uncertainty_subsample': 1627556720, 'validation': 536659367, 'validation_split': 925416465}",,0.9107856191744341,0.0,0.08921438082556592,-0.003012730744608394,bdb2023_sack,1627556720
collapse_typed_edges,structural_ablation,0.06491647317658912,0.25580769842055895,0.001413767221956026,20.921229901257902,relnet,0.06449492986955951,0.06530351858134764,0.2572628415154542,0.0016415582860740123,0.9069305099382529,0.7784580498866214,0.06449492986955951,0.238463666754036,0.009412717309947003,0.018712582664088144,0.25275092570979335,0.06848729859109817,0.6503727709634715,0.0,0.34962722903652843,0.9068273092369478,0.7934782608695652,0.23818247292921702,0.009379552187034033,relnet,"{'batch_size': 64, 'd_model': 48, 'deterministic': True, 'dropout': 0.1, 'edge_dim': 8, 'edge_hidden': 64, 'learning_rate': 0.0003, 'max_epochs': 50, 'patience': 10}",1434,1337,20,1375,8b797f7d7c4c12ab2c7dbbb97de4f05062f9c7f2d1418a08051da1a5a581228a,0.06411121980736341,0.06286337209302326,030436bd2c984398bf99ac70b4d7ed8963a4977ea3fa35869f7964319072694a,0.01950922380786635,0.06415286458779833,3748081664,0.06415286458779833,0.2515333609866439,5,0.021036983917322345,"{'epoch_selection': 351246770, 'fit': 1654576584, 'prediction': 612374174, 'refit': 69053674, 'uncertainty_subsample': 1149784878, 'validation': 808863735, 'validation_split': 1770247747}",,0.649962602842184,0.0,0.350037397157816,-0.0006495708638838416,bdb2023_sack,1149784878
collapse_typed_edges,structural_ablation,0.06498044223748818,0.25659545720460497,0.0012591164427669256,21.767602003645152,attn_relnet,0.06450648442928471,0.0653615526173557,0.2580444615751005,0.0014734859419321452,0.907096381802238,0.7784580498866214,0.06450648442928471,0.2386976398979299,0.00942006035349813,0.0181620566314499,0.2528498520084532,0.07486686639798219,0.6473669082946796,0.0,0.35263309170532037,0.9068273092369478,0.7934782608695652,0.23836853007680298,0.009379887153047895,attn_relnet,"{'batch_size': 64, 'd_model': 48, 'deterministic': True, 'dropout': 0.1, 'edge_dim': 8, 'edge_hidden': 64, 'learning_rate': 0.0003, 'max_epochs': 50, 'patience': 10}",1434,1337,20,1375,8b797f7d7c4c12ab2c7dbbb97de4f05062f9c7f2d1418a08051da1a5a581228a,0.06411121980736341,0.06286337209302326,030436bd2c984398bf99ac70b4d7ed8963a4977ea3fa35869f7964319072694a,0.019338251732617932,0.06416554554201635,3674796032,0.06416554554201635,0.25164132770266295,5,0.020080101893083124,"{'epoch_selection': 351246770, 'fit': 1654576584, 'prediction': 612374174, 'refit': 69053674, 'uncertainty_subsample': 1149784878, 'validation': 808863735, 'validation_split': 1770247747}",,0.6462228870605834,0.0,0.3537771129394166,-0.0008473670414659296,bdb2023_sack,1149784878
collapse_typed_edges,structural_ablation,0.06421041661854462,0.24905713278505384,-0.0013283852713699635,50.15655663283542,relnet,0.06429129913476726,0.06458324773794465,0.25046810884229154,-0.0016074750942749387,0.9283052062066818,0.9396825396825396,0.06429129913476726,0.2420190778600312,0.008617497103211266,0.01966599111770338,0.25102857985412264,0.07921553584493271,0.8571496483504474,0.0,0.14285035164955245,0.9301204819277108,0.9347826086956522,0.24055906375572633,0.0085700219980059,relnet,"{'batch_size': 64, 'd_model': 48, 'deterministic': True, 'dropout': 0.1, 'edge_dim': 8, 'edge_hidden': 64, 'learning_rate': 0.0003, 'max_epochs': 50, 'patience': 10}",1434,1337,60,4253,8b797f7d7c4c12ab2c7dbbb97de4f05062f9c7f2d1418a08051da1a5a581228a,0.06408550731886453,0.0657028678890456,030436bd2c984398bf99ac70b4d7ed8963a4977ea3fa35869f7964319072694a,0.021463951568519546,0.06395683140519663,3692773376,0.06395683140519663,0.24980030731657207,5,0.031671589488894494,"{'epoch_selection': 1626008931, 'fit': 808837737, 'prediction': 1255530062, 'refit': 97750565, 'uncertainty_subsample': 1149784878, 'validation': 156928240, 'validation_split': 973181630}",,0.856394913986537,0.0,0.14360508601346297,0.0020078785212335193,bdb2023_sack,1149784878
collapse_typed_edges,structural_ablation,0.06414393055061604,0.24891021470312505,-0.0022907417115194508,48.653282647021115,attn_relnet,0.06429970211176718,0.06452805832566963,0.2503459899965343,-0.0025759888379292377,0.9200004079566133,0.9039682539682539,0.06429970211176718,0.24468560293828595,0.009633198790793347,0.02026972054204314,0.25115563471754737,0.08528301671535472,0.8532567135417205,0.0,0.1467432864582794,0.9220883534136546,0.9347826086956522,0.24321949709736218,0.00956626975368813,attn_relnet,"{'batch_size': 64, 'd_model': 48, 'deterministic': True, 'dropout': 0.1, 'edge_dim': 8, 'edge_hidden': 64, 'learning_rate': 0.0003, 'max_epochs': 50, 'patience': 10}",1434,1337,60,4253,8b797f7d7c4c12ab2c7dbbb97de4f05062f9c7f2d1418a08051da1a5a581228a,0.06408550731886453,0.0657028678890456,030436bd2c984398bf99ac70b4d7ed8963a4977ea3fa35869f7964319072694a,0.021739130434782608,0.06396523928209064,3801755648,0.06396523928209064,0.24992520616655642,5,0.026496190491670568,"{'epoch_selection': 1626008931, 'fit': 808837737, 'prediction': 1255530062, 'refit': 97750565, 'uncertainty_subsample': 1149784878, 'validation': 156928240, 'validation_split': 973181630}",,0.8534031413612565,0.0,0.14659685863874344,0.001876680731814906,bdb2023_sack,1149784878
collapse_typed_edges,structural_ablation,0.06382814345099144,0.2506100067215418,0.002884494872358128,19.83816512580961,relnet,0.06421889206783873,0.06478088479897742,0.2539834839228688,0.003666252184962781,0.9150542145944747,0.8304988662131519,0.06421889206783873,0.2355316752710613,0.006527848603283916,0.010283529376947492,0.25110481662745254,0.08156365611512958,0.7645046448520846,0.0,0.23549535514791545,0.9163468917881811,0.8421052631578947,0.23487633387777693,0.006517407045849068,relnet,"{'batch_size': 64, 'd_model': 48, 'deterministic': True, 'dropout': 0.1, 'edge_dim': 8, 'edge_hidden': 64, 'learning_rate': 0.0003, 'max_epochs': 50, 'patience': 10}",1527,1398,20,1428,99031c5a8b102ef493c1f706028c6d34645da4b283c7182ceed16341e744a992,0.06335646139032604,0.07242827151854443,6227bd54bd8c926b7b65105f11ef22d3aebe92bdd515782c527193be9a38bed0,0.008916879715657543,0.0633131571989761,3750191104,0.0633131571989761,0.24817223233759433,6,0.021841916043071428,"{'epoch_selection': 1705843477, 'fit': 1102118054, 'prediction': 1842210906, 'refit': 656681153, 'uncertainty_subsample': 1076420118, 'validation': 1703112297, 'validation_split': 756933940}",,0.7625178826895566,0.0,0.2374821173104435,0.00068350078902224,bdb2023_sack,1076420118
collapse_typed_edges,structural_ablation,0.06382335815278906,0.25051663030325244,0.0024576208830645653,20.485744840931147,attn_relnet,0.06421663907729895,0.06477063779849587,0.25383831854687117,0.0032393714122944057,0.9155623577759506,0.81859410430839,0.06421663907729895,0.23663158456767258,0.006653609094170308,0.010155486750213666,0.2510910976955706,0.08327360253357795,0.7656585287060411,0.0,0.23434147129395885,0.9171143514965464,0.8315789473684211,0.23597616196358295,0.006649895344252208,attn_relnet,"{'batch_size': 64, 'd_model': 48, 'deterministic': True, 'dropout': 0.1, 'edge_dim': 8, 'edge_hidden': 64, 'learning_rate': 0.0003, 'max_epochs': 50, 'patience': 10}",1527,1398,20,1428,99031c5a8b102ef493c1f706028c6d34645da4b283c7182ceed16341e744a992,0.06335646139032604,0.07242827151854443,6227bd54bd8c926b7b65105f11ef22d3aebe92bdd515782c527193be9a38bed0,0.010314111579934365,0.0633107922782402,3709153280,0.0633107922782402,0.24815837502687785,6,0.022336538539446296,"{'epoch_selection': 1705843477, 'fit': 1102118054, 'prediction': 1842210906, 'refit': 656681153, 'uncertainty_subsample': 1076420118, 'validation': 1703112297, 'validation_split': 756933940}",,0.7639484978540773,0.0,0.23605150214592274,0.0007208280115974519,bdb2023_sack,1076420118
collapse_typed_edges,structural_ablation,0.06419123824176448,0.24963171524652475,0.003247120075682264,24.502421640791,relnet,0.06431470470233258,0.06507908363074628,0.25258337103179457,0.004228743835442691,0.9195928565539582,0.9357142857142858,0.06431470470233258,0.2328453858114226,0.007479156955486664,0.01032399911268517,0.25219679554696567,0.07180672587763777,0.8231659917291516,0.0,0.17683400827084841,0.9201841903300076,0.9368421052631579,0.23267002127974531,0.007566922608732935,relnet,"{'batch_size': 64, 'd_model': 48, 'deterministic': True, 'dropout': 0.1, 'edge_dim': 8, 'edge_hidden': 64, 'learning_rate': 0.0003, 'max_epochs': 50, 'patience': 10}",1527,1398,60,4126,99031c5a8b102ef493c1f706028c6d34645da4b283c7182ceed16341e744a992,0.0633373589591691,0.06699781923915678,6227bd54bd8c926b7b65105f11ef22d3aebe92bdd515782c527193be9a38bed0,0.011455525606469008,0.06338677925005738,3664986112,0.06338677925005738,0.24905987642570931,6,0.012998732902487634,"{'epoch_selection': 1418813025, 'fit': 1757664356, 'prediction': 1785080538, 'refit': 726223768, 'uncertainty_subsample': 1076420118, 'validation': 1712826799, 'validation_split': 288830049}",,0.8226037195994278,0.0,0.17739628040057226,-0.0007802707864743574,bdb2023_sack,1076420118
collapse_typed_edges,structural_ablation,0.06418409305286464,0.24960117045266772,0.0032889717203430577,23.962571585550904,attn_relnet,0.06431497137326915,0.0650696752144641,0.2525412662194983,0.004278672966039821,0.9188369986552432,0.9357142857142858,0.06431497137326915,0.23271121332845,0.007384335799814241,0.009042607845081542,0.2521975050884543,0.07121048298957097,0.8231983123497075,0.0,0.1768016876502925,0.9194167306216423,0.9368421052631579,0.23255287232444938,0.007478697627075398,attn_relnet,"{'batch_size': 64, 'd_model': 48, 'deterministic': True, 'dropout': 0.1, 'edge_dim': 8, 'edge_hidden': 64, 'learning_rate': 0.0003, 'max_epochs': 50, 'patience': 10}",1527,1398,60,4126,99031c5a8b102ef493c1f706028c6d34645da4b283c7182ceed16341e744a992,0.0633373589591691,0.06699781923915678,6227bd54bd8c926b7b65105f11ef22d3aebe92bdd515782c527193be9a38bed0,0.00980392156862745,0.06338714673262018,3694682112,0.06338714673262018,0.24906258496000147,6,0.013239385239687271,"{'epoch_selection': 1418813025, 'fit': 1757664356, 'prediction': 1785080538, 'refit': 726223768, 'uncertainty_subsample': 1076420118, 'validation': 1712826799, 'validation_split': 288830049}",,0.8226037195994278,0.0,0.17739628040057226,-0.0007860727739401607,bdb2023_sack,1076420118
collapse_typed_edges,structural_ablation,0.07211142411117269,0.27771955841661994,0.013232359826005355,32.17335482034832,relnet,0.07392133557504159,0.07402843845024606,0.28404645512049187,0.015309392231664706,0.9035817282207759,0.9931972789115646,0.07392133557504159,0.2330185787947314,0.005126166581456815,0.00934445197383069,0.28535864927963034,0.07471760209488457,0.896265896137127,0.0,0.10373410386287285,0.9043026706231454,0.9911504424778761,0.23295547386149107,0.005089619278955328,relnet,"{'batch_size': 64, 'd_model': 48, 'deterministic': True, 'dropout': 0.1, 'edge_dim': 8, 'edge_hidden': 64, 'learning_rate': 0.0003, 'max_epochs': 50, 'patience': 10}",1434,1461,20,1399,11c110061ead6dfe958b3d88f2e42d6f955f21a29007759d2fca0a0072c7e437,0.07194440320789507,0.053214285714285714,5b5961ce534b0419ede50117bac0467a6ac4f21cee59e1c335ca5b90dfcaafad,0.011494252873563232,0.07200648080355898,3758755840,0.07200648080355898,0.2789582003725177,7,0.03522246240287548,"{'epoch_selection': 210428639, 'fit': 2002668480, 'prediction': 437810497, 'refit': 1659854177, 'uncertainty_subsample': 698233280, 'validation': 21108449, 'validation_split': 1922803128}",,0.8973305954825462,0.0,0.1026694045174538,-0.0008628551061091727,bdb2023_sack,698233280
collapse_typed_edges,structural_ablation,0.07206821583436286,0.2773355100321291,0.012597897700205404,33.61369628459215,attn_relnet,0.07392413499848426,0.07397911470562998,0.2836088627982342,0.014671765573170096,0.902156967123237,0.9931972789115646,0.07392413499848426,0.23474188562103185,0.005729384855856765,0.010154074312077004,0.2853939984935247,0.07351211310315502,0.894312118061058,0.0,0.10568788193894194,0.9028189910979229,0.9911504424778761,0.23467359659648224,0.005681203696646342,attn_relnet,"{'batch_size': 64, 'd_model': 48, 'deterministic': True, 'dropout': 0.1, 'edge_dim': 8, 'edge_hidden': 64, 'learning_rate': 0.0003, 'max_epochs': 50, 'patience': 10}",1434,1461,20,1399,11c110061ead6dfe958b3d88f2e42d6f955f21a29007759d2fca0a0072c7e437,0.07194440320789507,0.053214285714285714,5b5961ce534b0419ede50117bac0467a6ac4f21cee59e1c335ca5b90dfcaafad,0.012119262119262106,0.07200915386920019,3718692864,0.07200915386920019,0.27899303464524056,7,0.0316920729550427,"{'epoch_selection': 210428639, 'fit': 2002668480, 'prediction': 437810497, 'refit': 1659854177, 'uncertainty_subsample': 698233280, 'validation': 21108449, 'validation_split': 1922803128}",,0.8952772073921971,0.0,0.10472279260780287,-0.0009000097077462854,bdb2023_sack,698233280
collapse_typed_edges,structural_ablation,0.07152346827383331,0.27423284733157166,0.015828383895707326,58.47685360815376,relnet,0.0732565626725434,0.07339417083609297,0.28008943347597137,0.01774100390059276,0.9614851552018943,0.9312925170068027,0.0732565626725434,0.22574838446007264,0.005950522698049209,0.01323127665836848,0.2785944660852437,0.06821159337389891,0.8494632153994263,0.0,0.15053678460057357,0.9629080118694362,0.9469026548672567,0.2252183058559109,0.005855025292653525,relnet,"{'batch_size': 64, 'd_model': 48, 'deterministic': True, 'dropout': 0.1, 'edge_dim': 8, 'edge_hidden': 64, 'learning_rate': 0.0003, 'max_epochs': 50, 'patience': 10}",1434,1461,60,4140,11c110061ead6dfe958b3d88f2e42d6f955f21a29007759d2fca0a0072c7e437,0.0715847452832118,0.06242453513644047,5b5961ce534b0419ede50117bac0467a6ac4f21cee59e1c335ca5b90dfcaafad,0.013333333333333336,0.07137883052242072,3677495296,0.07137883052242072,0.2726597352301995,7,0.01932531347373116,"{'epoch_selection': 397994107, 'fit': 590699189, 'prediction': 327044445, 'refit': 1093173725, 'uncertainty_subsample': 698233280, 'validation': 1912464377, 'validation_split': 912301355}",,0.8494182067077344,0.0,0.15058179329226556,0.0028765173358712426,bdb2023_sack,698233280
collapse_typed_edges,structural_ablation,0.07153323174015974,0.2740155270027251,0.016214101631085373,56.47880816506222,attn_relnet,0.07326151607159936,0.07340737295080021,0.279882486782853,0.018142261553811972,0.9613332745622087,0.9312925170068027,0.07326151607159936,0.2245667576716297,0.005262444739113537,0.01115482011269486,0.2786108284198895,0.05359560375418194,0.8460949333681812,0.0,0.15390506663181874,0.9629080118694362,0.9469026548672567,0.2240900376190514,0.005177012600351504,attn_relnet,"{'batch_size': 64, 'd_model': 48, 'deterministic': True, 'dropout': 0.1, 'edge_dim': 8, 'edge_hidden': 64, 'learning_rate': 0.0003, 'max_epochs': 50, 'patience': 10}",1434,1461,60,4140,11c110061ead6dfe958b3d88f2e42d6f955f21a29007759d2fca0a0072c7e437,0.0715847452832118,0.06242453513644047,5b5961ce534b0419ede50117bac0467a6ac4f21cee59e1c335ca5b90dfcaafad,0.013157894736842105,0.07138368194489422,3752030208,0.07138368194489422,0.2726774284667032,7,0.017950038499504023,"{'epoch_selection': 397994107, 'fit': 590699189, 'prediction': 327044445, 'refit': 1093173725, 'uncertainty_subsample': 698233280, 'validation': 1912464377, 'validation_split': 912301355}",,0.8459958932238193,0.0,0.1540041067761807,0.00280874559966815,bdb2023_sack,698233280
collapse_typed_edges,structural_ablation,0.05361682281120449,0.2221083574055323,-0.016320668384089153,22.768261229153723,relnet,0.05447334020327837,0.05402380573527775,0.22328255567425817,-0.0158919487975638,0.8048908518651073,0.9904761904761905,0.05447334020327837,0.25255011291116475,0.006677062308312475,0.015282397460587273,0.2256280165798558,0.07199137055414868,0.7847458784679032,0.0,0.21525412153209678,0.8088662790697675,0.9876543209876543,0.25242116736388515,0.006601870688097309,relnet,"{'batch_size': 64, 'd_model': 48, 'deterministic': True, 'dropout': 0.1, 'edge_dim': 8, 'edge_hidden': 64, 'learning_rate': 0.0003, 'max_epochs': 50, 'patience': 10}",1404,1457,20,1349,b8271c177f5829989c7ec9c4020071a62fb9f401093edd01774c20b1ce930394,0.05340074141860918,0.08555555555555555,a75f742d8cf554ebca59c61425235653721abca0209b351473f216e3de194f18,0.01482225346455112,0.05405582521952568,3721486336,0.05405582521952568,0.22439268242446103,8,0.033812920944440696,"{'epoch_selection': 352386134, 'fit': 817396189, 'prediction': 717967711, 'refit': 915202623, 'uncertainty_subsample': 1550490308, 'validation': 927158088, 'validation_split': 1017640182}",,0.7886067261496225,0.0,0.21139327385037748,-0.012267316586136667,bdb2023_sack,1550490308
collapse_typed_edges,structural_ablation,0.053612128405969746,0.22191015257651034,-0.015698278990862367,23.336871433071792,attn_relnet,0.054488418382570826,0.05402567208335793,0.22317835862656024,-0.015268321725482386,0.8081827645209584,0.9904761904761905,0.054488418382570826,0.2502038949296901,0.005759363177608588,0.013990941143206743,0.22568494056114902,0.07051262820233141,0.786527546058826,0.0,0.21347245394117395,0.8117732558139535,0.9876543209876543,0.2500860611963915,0.0057327565128664085,attn_relnet,"{'batch_size': 64, 'd_model': 48, 'deterministic': True, 'dropout': 0.1, 'edge_dim': 8, 'edge_hidden': 64, 'learning_rate': 0.0003, 'max_epochs': 50, 'patience': 10}",1404,1457,20,1349,b8271c177f5829989c7ec9c4020071a62fb9f401093edd01774c20b1ce930394,0.05340074141860918,0.08555555555555555,a75f742d8cf554ebca59c61425235653721abca0209b351473f216e3de194f18,0.016180830039525695,0.05406923628907338,3696365568,0.05406923628907338,0.2244368284579594,8,0.03353250293642177,"{'epoch_selection': 352386134, 'fit': 817396189, 'prediction': 717967711, 'refit': 915202623, 'uncertainty_subsample': 1550490308, 'validation': 927158088, 'validation_split': 1017640182}",,0.7899794097460535,0.0,0.21002059025394645,-0.012518456723734639,bdb2023_sack,1550490308
collapse_typed_edges,structural_ablation,0.05357920800718785,0.21999582792966058,-0.013801451025118884,34.702903795056045,relnet,0.05344850542905756,0.05414450160594984,0.22223975434606794,-0.013700151481379126,0.9399507007895287,0.9595238095238097,0.05344850542905756,0.24665583334412158,0.008414654174856562,0.0184701977209972,0.21907068708133948,0.065237061018698,0.8618008252114319,0.0,0.13819917478856814,0.9418604651162791,0.9506172839506173,0.24566284063973423,0.008368856951571453,relnet,"{'batch_size': 64, 'd_model': 48, 'deterministic': True, 'dropout': 0.1, 'edge_dim': 8, 'edge_hidden': 64, 'learning_rate': 0.0003, 'max_epochs': 50, 'patience': 10}",1404,1457,60,4182,b8271c177f5829989c7ec9c4020071a62fb9f401093edd01774c20b1ce930394,0.05268839643772739,0.06920870188859671,a75f742d8cf554ebca59c61425235653721abca0209b351473f216e3de194f18,0.01875154206760425,0.052936242264161694,3662372864,0.052936242264161694,0.21721092185227578,8,0.030132249387307224,"{'epoch_selection': 1462549550, 'fit': 1559431914, 'prediction': 1694061424, 'refit': 755718838, 'uncertainty_subsample': 1550490308, 'validation': 647707656, 'validation_split': 586630571}",,0.8592999313658202,0.0,0.14070006863417983,-0.004703992590232575,bdb2023_sack,1550490308
collapse_typed_edges,structural_ablation,0.053584343229555687,0.22001035204409594,-0.013738971819615373,34.06738499784842,attn_relnet,0.05344977730349323,0.05415285671874849,0.22226809171536607,-0.01365132211290171,0.9405612014000292,0.9436507936507939,0.05344977730349323,0.24639856966718077,0.008349917930615049,0.01680380723778348,0.2190701249688716,0.06522085423479686,0.8571068599611686,0.0,0.1428931400388314,0.9425872093023255,0.9382716049382716,0.24537056562468884,0.008293522014530505,attn_relnet,"{'batch_size': 64, 'd_model': 48, 'deterministic': True, 'dropout': 0.1, 'edge_dim': 8, 'edge_hidden': 64, 'learning_rate': 0.0003, 'max_epochs': 50, 'patience': 10}",1404,1457,60,4182,b8271c177f5829989c7ec9c4020071a62fb9f401093edd01774c20b1ce930394,0.05268839643772739,0.06920870188859671,a75f742d8cf554ebca59c61425235653721abca0209b351473f216e3de194f18,0.01839201852998493,0.05293764207887107,3766099968,0.05293764207887107,0.2172120567775583,8,0.030016627713266363,"{'epoch_selection': 1462549550, 'fit': 1559431914, 'prediction': 1694061424, 'refit': 755718838, 'uncertainty_subsample': 1550490308, 'validation': 647707656, 'validation_split': 586630571}",,0.8544955387783116,0.0,0.1455044612216884,-0.004730560388913396,bdb2023_sack,1550490308
collapse_typed_edges,structural_ablation,0.05321014075713289,0.21765884703415309,-0.009661074727018316,26.118316886015236,relnet,0.054717165555662174,0.054517476321830315,0.22160432193012133,-0.007881569340754064,0.8173361146939586,0.8582766439909296,0.054717165555662174,0.2385455646541577,0.0057559510751399425,0.0050351065445417825,0.22478485287873842,0.060553738095056105,0.7480960397899449,0.0,0.2519039602100552,0.8104956268221575,0.8765432098765432,0.2389367378044002,0.0058574765439804,relnet,"{'batch_size': 64, 'd_model': 48, 'deterministic': True, 'dropout': 0.1, 'edge_dim': 8, 'edge_hidden': 64, 'learning_rate': 0.0003, 'max_epochs': 50, 'patience': 10}",1488,1453,20,1397,5dd449c57e1c63d6a95a3688830f158b7084aa2d761371afd9c0b8f390353677,0.052719827920482444,0.06473533619456366,9d0627f0acec85362ac302fb4dec91224631d1474dff56e69d70a6d015ce8405,0.005461767626613698,0.05335240754127685,3744174080,0.05335240754127685,0.22049705972374825,9,0.02063946953862987,"{'epoch_selection': 1842908607, 'fit': 622234611, 'prediction': 1833030760, 'refit': 2090867452, 'uncertainty_subsample': 315082472, 'validation': 1295058219, 'validation_split': 1377795263}",,0.7432897453544391,0.0,0.2567102546455609,-0.0119988938838822,bdb2023_sack,315082472
collapse_typed_edges,structural_ablation,0.05319226566253215,0.21752909104714505,-0.009687138364097328,27.31951256794855,attn_relnet,0.054720234589410055,0.05450651118181397,0.22153819797111976,-0.007923801958485525,0.8179388874486302,0.8582766439909296,0.054720234589410055,0.23873122364518753,0.00575706320309147,0.006317102837408136,0.2248066658429032,0.056180194231222315,0.7486211487161378,0.0,0.2513788512838622,0.8112244897959183,0.8765432098765432,0.2390770450043555,0.005854377868614192,attn_relnet,"{'batch_size': 64, 'd_model': 48, 'deterministic': True, 'dropout': 0.1, 'edge_dim': 8, 'edge_hidden': 64, 'learning_rate': 0.0003, 'max_epochs': 50, 'patience': 10}",1488,1453,20,1397,5dd449c57e1c63d6a95a3688830f158b7084aa2d761371afd9c0b8f390353677,0.052719827920482444,0.06473533619456366,9d0627f0acec85362ac302fb4dec91224631d1474dff56e69d70a6d015ce8405,0.0059026069847515975,0.05335525789334923,3729281024,0.05335525789334923,0.22051679633060986,9,0.020545659235937867,"{'epoch_selection': 1842908607, 'fit': 622234611, 'prediction': 1833030760, 'refit': 2090867452, 'uncertainty_subsample': 315082472, 'validation': 1295058219, 'validation_split': 1377795263}",,0.7439779766001376,0.0,0.25602202339986235,-0.012052959919087947,bdb2023_sack,315082472
collapse_typed_edges,structural_ablation,0.05226693923772083,0.2147605656926257,-0.011643315642230518,170.45190958073363,relnet,0.055731608678315246,0.05367199919257478,0.21940850606217172,-0.010424809637274613,0.9583623413629337,0.7551020408163265,0.055731608678315246,0.24096315220736192,0.007429539273411866,0.01347508928231706,0.23037474331324787,0.06769449413825586,0.7329173696014601,0.0,0.26708263039853986,0.9613702623906706,0.7777777777777778,0.24012703161565918,0.007207348352531748,relnet,"{'batch_size': 64, 'd_model': 48, 'deterministic': True, 'dropout': 0.1, 'edge_dim': 8, 'edge_hidden': 64, 'learning_rate': 0.0003, 'max_epochs': 50, 'patience': 10}",1488,1453,60,4092,5dd449c57e1c63d6a95a3688830f158b7084aa2d761371afd9c0b8f390353677,0.05284211893427898,0.06999755680430002,9d0627f0acec85362ac302fb4dec91224631d1474dff56e69d70a6d015ce8405,0.012048192771084338,0.05410000779354204,3742429184,0.05410000779354204,0.22441722252741875,9,0.02346347540211006,"{'epoch_selection': 1187750772, 'fit': 744026892, 'prediction': 2081645130, 'refit': 1517685241, 'uncertainty_subsample': 315082472, 'validation': 323934471, 'validation_split': 877128430}",,0.7336545079146594,0.0,0.2663454920853407,-0.023804663488750766,bdb2023_sack,315082472
collapse_typed_edges,structural_ablation,0.05276198195343402,0.21642845243015,-0.011651101510246495,79.98733361484483,attn_relnet,0.05669192972004976,0.05427637893220884,0.22148869152874454,-0.010672197565893654,0.8559974987080337,0.8503401360544216,0.05669192972004976,0.24312693177356354,0.007870759421340499,0.01509028809763906,0.2326900068773215,0.06292588902094384,0.6848636337975025,0.0,0.3151363662024975,0.858600583090379,0.8888888888888888,0.24175620211258728,0.007487811078307928,attn_relnet,"{'batch_size': 64, 'd_model': 48, 'deterministic': True, 'dropout': 0.1, 'edge_dim': 8, 'edge_hidden': 64, 'learning_rate': 0.0003, 'max_epochs': 50, 'patience': 10}",1488,1453,60,4092,5dd449c57e1c63d6a95a3688830f158b7084aa2d761371afd9c0b8f390353677,0.05284211893427898,0.06999755680430002,9d0627f0acec85362ac302fb4dec91224631d1474dff56e69d70a6d015ce8405,0.01637261130932017,0.05518000089370634,3779448832,0.05518000089370634,0.22760478802410475,9,0.023914330124894415,"{'epoch_selection': 1187750772, 'fit': 744026892, 'prediction': 2081645130, 'refit': 1517685241, 'uncertainty_subsample': 315082472, 'validation': 323934471, 'validation_split': 877128430}",,0.6847900894700619,0.0,0.3152099105299381,-0.044242774638447724,bdb2023_sack,315082472
collapse_typed_edges,structural_ablation,0.061935000068153806,0.24326358280632512,-0.0015786606525260687,80.8101529260166,relnet,0.06455450582337711,0.06278147210726918,0.24596550806314466,-0.000639997796861843,0.9172201944498164,0.8511904761904763,0.06455450582337711,0.24334731324098863,0.006108745592062844,0.009955949890556022,0.25695208244036893,0.06963406942990776,0.7626033683732281,0.0,0.23739663162677196,0.9172876304023845,0.8947368421052632,0.243281574940909,0.006137319088249255,relnet,"{'batch_size': 64, 'd_model': 48, 'deterministic': True, 'dropout': 0.1, 'edge_dim': 8, 'edge_hidden': 64, 'learning_rate': 0.0003, 'max_epochs': 50, 'patience': 10}",1503,1437,20,1418,b679b87ba8dac1bbe186ba98c71f0f52f4ea930df7e6f78234d825a45e125060,0.06174486685305858,0.06377730796335447,57ea5a2726c89b22b43cdacacc2e7282744d8ea785dc85ea8dfcd05d6b309825,0.010395304433915564,0.06372277859838649,3801133056,0.06372277859838649,0.2541714085065751,10,0.013090999780575395,"{'epoch_selection': 309214175, 'fit': 1811822030, 'prediction': 1698317958, 'refit': 877218631, 'uncertainty_subsample': 1865253605, 'validation': 1908827363, 'validation_split': 287713540}",,0.7627000695894224,0.0,0.2372999304105776,-0.032033622325803535,bdb2023_sack,1865253605
collapse_typed_edges,structural_ablation,0.06188010739901883,0.24336396317104994,-0.001513252874341322,86.62402481306344,attn_relnet,0.06472288942373418,0.0627188048920605,0.24600233414266656,-0.0005964246112731484,0.9181411530266792,0.8351190476190476,0.06472288942373418,0.2437210433978739,0.006527251359374375,0.010441810613424427,0.25817280079067423,0.06780046676542162,0.7547580874115207,0.0,0.24524191258847924,0.9180327868852459,0.8736842105263158,0.24363416511290978,0.00657685765933478,attn_relnet,"{'batch_size': 64, 'd_model': 48, 'deterministic': True, 'dropout': 0.1, 'edge_dim': 8, 'edge_hidden': 64, 'learning_rate': 0.0003, 'max_epochs': 50, 'patience': 10}",1503,1437,20,1418,b679b87ba8dac1bbe186ba98c71f0f52f4ea930df7e6f78234d825a45e125060,0.06174486685305858,0.06377730796335447,57ea5a2726c89b22b43cdacacc2e7282744d8ea785dc85ea8dfcd05d6b309825,0.010416666666666671,0.06388441362519734,3743477760,0.06388441362519734,0.25536182828964804,10,0.01636039594873521,"{'epoch_selection': 309214175, 'fit': 1811822030, 'prediction': 1698317958, 'refit': 877218631, 'uncertainty_subsample': 1865253605, 'validation': 1908827363, 'validation_split': 287713540}",,0.7550452331245651,0.0,0.24495476687543494,-0.034651411221445994,bdb2023_sack,1865253605
collapse_typed_edges,structural_ablation,0.06235911499717273,0.24390123062227673,-0.0038980071058183643,33.93605782976374,relnet,0.06263047387659024,0.06324209562665428,0.24659819383776949,-0.0032353636217269752,0.974502569154272,0.9642857142857142,0.06263047387659024,0.2468965761746811,0.007302132121835035,0.012760588405706255,0.24573225541519067,0.04534564545595544,0.873487333827152,0.0,0.126512666172848,0.9754098360655737,0.9578947368421052,0.24644617793037082,0.007210574796839907,relnet,"{'batch_size': 64, 'd_model': 48, 'deterministic': True, 'dropout': 0.1, 'edge_dim': 8, 'edge_hidden': 64, 'learning_rate': 0.0003, 'max_epochs': 50, 'patience': 10}",1503,1437,60,4082,b679b87ba8dac1bbe186ba98c71f0f52f4ea930df7e6f78234d825a45e125060,0.0617397789383495,0.06551555228998286,57ea5a2726c89b22b43cdacacc2e7282744d8ea785dc85ea8dfcd05d6b309825,0.0068068068068068074,0.06185316062682456,3636211712,0.06185316062682456,0.24348372615068387,10,0.007424592460204247,"{'epoch_selection': 78520917, 'fit': 666148692, 'prediction': 478855590, 'refit': 2059230049, 'uncertainty_subsample': 1865253605, 'validation': 1212036024, 'validation_split': 1325893215}",,0.8740431454418929,0.0,0.12595685455810718,-0.001836444678369853,bdb2023_sack,1865253605
collapse_typed_edges,structural_ablation,0.06236877415531261,0.24394231275281933,-0.003967199281864629,32.808636465575546,attn_relnet,0.06263398048329444,0.06325104862383947,0.2466336516541474,-0.003302472451839867,0.974502569154272,0.9642857142857142,0.06263398048329444,0.24713820832854752,0.007408487409436994,0.013605137126133739,0.24575558474100168,0.04806031975414766,0.8740752233039304,0.0,0.12592477669606966,0.9754098360655737,0.9578947368421052,0.24669286261083256,0.0073016845975156265,attn_relnet,"{'batch_size': 64, 'd_model': 48, 'deterministic': True, 'dropout': 0.1, 'edge_dim': 8, 'edge_hidden': 64, 'learning_rate': 0.0003, 'max_epochs': 50, 'patience': 10}",1503,1437,60,4082,b679b87ba8dac1bbe186ba98c71f0f52f4ea930df7e6f78234d825a45e125060,0.0617397789383495,0.06551555228998286,57ea5a2726c89b22b43cdacacc2e7282744d8ea785dc85ea8dfcd05d6b309825,0.007985257985257989,0.06185658367068265,3735506944,0.06185658367068265,0.24350682710805976,10,0.009637611635745842,"{'epoch_selection': 78520917, 'fit': 666148692, 'prediction': 478855590, 'refit': 2059230049, 'uncertainty_subsample': 1865253605, 'validation': 1212036024, 'validation_split': 1325893215}",,0.8747390396659708,0.0,0.12526096033402923,-0.0018918877641234122,bdb2023_sack,1865253605
collapse_typed_edges,structural_ablation,0.06492467961974636,0.25298031744860366,0.0037463731065389264,24.181323079392314,relnet,0.06713749265363486,0.06613862949018139,0.25670190262221854,0.005161696672916458,0.9767656710602705,0.9276643990929705,0.06713749265363486,0.23846469798953718,0.005116077487074089,0.006762724489116129,0.2672213148727733,0.06549953552160213,0.9312080795861086,0.0,0.06879192041389129,0.9767441860465116,0.9223300970873787,0.2384275307963122,0.005088048351703739,relnet,"{'batch_size': 64, 'd_model': 48, 'deterministic': True, 'dropout': 0.1, 'edge_dim': 8, 'edge_hidden': 64, 'learning_rate': 0.0003, 'max_epochs': 50, 'patience': 10}",1410,1479,20,1354,417b9e9dfa3f902609c2634c0ca37159348fc9383fdf042f4ce7f44f1960df6d,0.06479704530060276,0.07195571955719557,62f29417ad6cbb323383071eae6d256aeae387751c5a9e79edeba661536c768a,0.007497001199520195,0.0659350946136917,3648016384,0.0659350946136917,0.26328789904905575,11,0.016176343922184547,"{'epoch_selection': 1177264261, 'fit': 659787893, 'prediction': 1090650274, 'refit': 2050137892, 'uncertainty_subsample': 2003053760, 'validation': 234604169, 'validation_split': 442740865}",,0.9323867478025692,0.0,0.0676132521974307,-0.017563290236604967,bdb2023_sack,2003053760
collapse_typed_edges,structural_ablation,0.06501000624122727,0.2534363420049716,0.003977469861002735,25.800680555868894,attn_relnet,0.0671303308927049,0.06621697078943115,0.25711680957971567,0.00542420220159144,0.9760216234412228,0.9276643990929705,0.0671303308927049,0.23771848327818773,0.0048116516001218265,0.0059871958695309575,0.26704569100679876,0.06390058245268508,0.9345789435287417,0.0,0.06542105647125843,0.9760174418604651,0.9223300970873787,0.23774590425673878,0.004823485738043894,attn_relnet,"{'batch_size': 64, 'd_model': 48, 'deterministic': True, 'dropout': 0.1, 'edge_dim': 8, 'edge_hidden': 64, 'learning_rate': 0.0003, 'max_epochs': 50, 'patience': 10}",1410,1479,20,1354,417b9e9dfa3f902609c2634c0ca37159348fc9383fdf042f4ce7f44f1960df6d,0.06479704530060276,0.07195571955719557,62f29417ad6cbb323383071eae6d256aeae387751c5a9e79edeba661536c768a,0.004170802315963606,0.06593057183002207,3604811776,0.06593057183002207,0.2631490017051075,11,0.017677331119422855,"{'epoch_selection': 1177264261, 'fit': 659787893, 'prediction': 1090650274, 'refit': 2050137892, 'uncertainty_subsample': 2003053760, 'validation': 234604169, 'validation_split': 442740865}",,0.9357674104124408,0.0,0.06423258958755916,-0.01749349100967046,bdb2023_sack,2003053760
collapse_typed_edges,structural_ablation,0.06512389771087645,0.2536479414465375,0.0008538003871098435,14.77527506556362,relnet,0.06609050979801002,0.06640774362699486,0.25762285586838934,0.0020136733518398473,0.8905704129185384,0.9546485260770975,0.06609050979801002,0.24442202122434412,0.007317896705855811,0.018491889712185756,0.25668612484871217,0.06944664730339364,0.8417073024125624,0.0,0.15829269758743755,0.8938953488372093,0.9514563106796117,0.24384896398472172,0.007203299738053146,relnet,"{'batch_size': 64, 'd_model': 48, 'deterministic': True, 'dropout': 0.1, 'edge_dim': 8, 'edge_hidden': 64, 'learning_rate': 0.0003, 'max_epochs': 50, 'patience': 10}",1410,1479,60,4120,417b9e9dfa3f902609c2634c0ca37159348fc9383fdf042f4ce7f44f1960df6d,0.06481406536755749,0.06491142926474157,62f29417ad6cbb323383071eae6d256aeae387751c5a9e79edeba661536c768a,0.014705882352941166,0.0648671490292483,3579441152,0.0648671490292483,0.25305914390474776,11,0.017208237706703124,"{'epoch_selection': 546684234, 'fit': 2089779009, 'prediction': 1498386817, 'refit': 619073935, 'uncertainty_subsample': 2003053760, 'validation': 1610474528, 'validation_split': 1761432979}",,0.8431372549019608,0.0,0.1568627450980392,-0.0008190145362703127,bdb2023_sack,2003053760
collapse_typed_edges,structural_ablation,0.06510626320767754,0.2535789642241721,0.0008519329048810664,14.539341365918517,attn_relnet,0.06608877419557169,0.06638867647897351,0.2575489001792279,0.002012918439069257,0.8905704129185384,0.9486961451247166,0.06608877419557169,0.2443822652334556,0.007254383963350392,0.0182040962051063,0.2566792531228235,0.06899586453167728,0.8402944295711182,0.0,0.1597055704288818,0.8938953488372093,0.941747572815534,0.24381505065974785,0.007141726477625934,attn_relnet,"{'batch_size': 64, 'd_model': 48, 'deterministic': True, 'dropout': 0.1, 'edge_dim': 8, 'edge_hidden': 64, 'learning_rate': 0.0003, 'max_epochs': 50, 'patience': 10}",1410,1479,60,4120,417b9e9dfa3f902609c2634c0ca37159348fc9383fdf042f4ce7f44f1960df6d,0.06481406536755749,0.06491142926474157,62f29417ad6cbb323383071eae6d256aeae387751c5a9e79edeba661536c768a,0.014705882352941166,0.0648655645187841,3651100672,0.0648655645187841,0.2530531407268685,11,0.017357756947262413,"{'epoch_selection': 546684234, 'fit': 2089779009, 'prediction': 1498386817, 'refit': 619073935, 'uncertainty_subsample': 2003053760, 'validation': 1610474528, 'validation_split': 1761432979}",,0.8417849898580122,0.0,0.15821501014198783,-0.0007945675207157166,bdb2023_sack,2003053760
collapse_typed_edges,structural_ablation,0.06654149799073786,0.2581959637920724,-0.0021049569371618324,16.873413776047528,relnet,0.06793710599427848,0.06754209191189961,0.2610662325838581,-0.0007298871036254257,0.9652818821112757,0.7857142857142857,0.06793710599427848,0.26008925127062354,0.005743729841396488,0.0058077230578280625,0.2673839033270522,0.0465483595903121,0.7958601520266425,0.0,0.2041398479733575,0.9641319942611191,0.7757009345794392,0.26010377879798097,0.0056387747281493915,relnet,"{'batch_size': 64, 'd_model': 48, 'deterministic': True, 'dropout': 0.1, 'edge_dim': 8, 'edge_hidden': 64, 'learning_rate': 0.0003, 'max_epochs': 50, 'patience': 10}",1385,1501,20,1430,d6f7ecc9b6632cccde1a9591fcc534ca41d995ca14990dee4368b404511fe1a3,0.06628056773172947,0.06254367575122292,3e72ee43b6507fabf19cbd5da51fb533dfd9d5a48be4f77d18cb03e5f7410ba1,0.0049261083743842304,0.06679954106403543,3701575680,0.06679954106403543,0.26370210572033914,12,0.018633285040323678,"{'epoch_selection': 562472772, 'fit': 788463897, 'prediction': 119244525, 'refit': 1385610506, 'uncertainty_subsample': 1000490503, 'validation': 2127052503, 'validation_split': 104875331}",,0.7981345769487008,0.0,0.20186542305129915,-0.00782994699753492,bdb2023_sack,1000490503
collapse_typed_edges,structural_ablation,0.06655376678147658,0.25822773660704335,-0.002154724664423784,17.008767889346927,attn_relnet,0.06793739379311822,0.0675548942397062,0.26109743532874324,-0.0007784380342697246,0.9652818821112757,0.7857142857142857,0.06793739379311822,0.26022611094565967,0.00577604749228413,0.0058220242365536285,0.26738771032177616,0.04653759156299314,0.7966454486014127,0.0,0.2033545513985872,0.9641319942611191,0.7757009345794392,0.26024176083564526,0.005669728824163853,attn_relnet,"{'batch_size': 64, 'd_model': 48, 'deterministic': True, 'dropout': 0.1, 'edge_dim': 8, 'edge_hidden': 64, 'learning_rate': 0.0003, 'max_epochs': 50, 'patience': 10}",1385,1501,20,1430,d6f7ecc9b6632cccde1a9591fcc534ca41d995ca14990dee4368b404511fe1a3,0.06628056773172947,0.06254367575122292,3e72ee43b6507fabf19cbd5da51fb533dfd9d5a48be4f77d18cb03e5f7410ba1,0.004950495049504955,0.0668000276790139,3639635968,0.0668000276790139,0.2637063473621857,12,0.018568736332895144,"{'epoch_selection': 562472772, 'fit': 788463897, 'prediction': 119244525, 'refit': 1385610506, 'uncertainty_subsample': 1000490503, 'validation': 2127052503, 'validation_split': 104875331}",,0.798800799467022,0.0,0.20119920053297802,-0.007837288741806558,bdb2023_sack,1000490503
collapse_typed_edges,structural_ablation,0.06532567430102658,0.2513665071303204,-0.005026004364998897,53.78687069006264,relnet,0.06666977580710572,0.0664652077296713,0.2545502556877166,-0.003925081427488657,0.7167943666337223,0.9852607709750567,0.06666977580710572,0.26643264128094596,0.008923480418467192,0.015544383177492828,0.25578527439855,0.06714585485029839,0.671084816272769,0.0,0.32891518372723094,0.7187948350071736,0.9813084112149533,0.265785116356922,0.00878592836223007,relnet,"{'batch_size': 64, 'd_model': 48, 'deterministic': True, 'dropout': 0.1, 'edge_dim': 8, 'edge_hidden': 64, 'learning_rate': 0.0003, 'max_epochs': 50, 'patience': 10}",1385,1501,60,4149,d6f7ecc9b6632cccde1a9591fcc534ca41d995ca14990dee4368b404511fe1a3,0.06630821286317179,0.06108433734939759,3e72ee43b6507fabf19cbd5da51fb533dfd9d5a48be4f77d18cb03e5f7410ba1,0.0132565846851561,0.06554383271978292,3702689792,0.06554383271978292,0.2525680578710783,12,0.012021933368400817,"{'epoch_selection': 736759680, 'fit': 1597679391, 'prediction': 1490680695, 'refit': 1392750183, 'uncertainty_subsample': 1000490503, 'validation': 6004924, 'validation_split': 1605719483}",,0.6728847435043305,0.0,0.3271152564956695,0.011527684284994621,bdb2023_sack,1000490503
collapse_typed_edges,structural_ablation,0.06540062505520464,0.2515450449755385,-0.00516139207655645,52.167431340087205,attn_relnet,0.06667136514162282,0.06654555494769737,0.25473869758948103,-0.004050131933898567,0.713619140009949,0.9852607709750567,0.06667136514162282,0.26665450612426345,0.008942803354119786,0.01518714991341441,0.25579575046063824,0.06417404343630105,0.6695861171865468,0.0,0.3304138828134533,0.7159253945480631,0.9813084112149533,0.26601866345443614,0.008846749380007955,attn_relnet,"{'batch_size': 64, 'd_model': 48, 'deterministic': True, 'dropout': 0.1, 'edge_dim': 8, 'edge_hidden': 64, 'learning_rate': 0.0003, 'max_epochs': 50, 'patience': 10}",1385,1501,60,4149,d6f7ecc9b6632cccde1a9591fcc534ca41d995ca14990dee4368b404511fe1a3,0.06630821286317179,0.06108433734939759,3e72ee43b6507fabf19cbd5da51fb533dfd9d5a48be4f77d18cb03e5f7410ba1,0.01237373737373737,0.06554444001281069,3781058560,0.06554444001281069,0.25257352143597767,12,0.011861378250252892,"{'epoch_selection': 736759680, 'fit': 1597679391, 'prediction': 1490680695, 'refit': 1392750183, 'uncertainty_subsample': 1000490503, 'validation': 6004924, 'validation_split': 1605719483}",,0.6715522984676882,0.0,0.3284477015323118,0.011518525645339839,bdb2023_sack,1000490503
collapse_typed_edges,structural_ablation,0.06614764309950247,0.2588137004841357,0.007104458846818291,11.823525947052985,relnet,0.07008900900344771,0.06868679358076091,0.2667197574678201,0.010055478730938566,0.9253803216572324,0.7630385487528345,0.07008900900344771,0.2341048709710404,0.0038438676823145854,0.006533071046352143,0.28719259002422054,0.05199829158131494,0.6799342302058846,0.0,0.3200657697941154,0.9217585692995529,0.7647058823529411,0.23410675161760683,0.003934533845124675,relnet,"{'batch_size': 64, 'd_model': 48, 'deterministic': True, 'dropout': 0.1, 'edge_dim': 8, 'edge_hidden': 64, 'learning_rate': 0.0003, 'max_epochs': 50, 'patience': 10}",1370,1444,20,1444,27fc3cad4a8ec63d42f0ebfc8b58f4239e038157116d6b31c485e6ae2530096c,0.06593664917022377,0.05363321799307959,0c35b2c3b11c94be2fafe38145ce514e7e9acc6092b87c648397627bff9ad79b,0.004464285714285712,0.06735235122664482,3641589760,0.06735235122664482,0.2771433603376145,13,0.01660575380310696,"{'epoch_selection': 1598280658, 'fit': 268685170, 'prediction': 1981668763, 'refit': 714092015, 'uncertainty_subsample': 1100982488, 'validation': 1082793477, 'validation_split': 499590324}",,0.6765927977839336,0.0,0.3234072022160665,-0.02147063998909382,bdb2023_sack,1100982488
collapse_typed_edges,structural_ablation,0.06614261389450937,0.2587729966212708,0.007047837966748817,11.921169873792678,attn_relnet,0.07008930721998034,0.06868060834544992,0.2666639558675102,0.009997446882091284,0.9237730120667296,0.753514739229025,0.07008930721998034,0.23429053725952534,0.0040200218231445425,0.007053376037917426,0.2872005038557652,0.051607614805698795,0.6751957753400829,0.0,0.32480422465991726,0.9202682563338301,0.7549019607843137,0.23428968558629176,0.0041036607964677506,attn_relnet,"{'batch_size': 64, 'd_model': 48, 'deterministic': True, 'dropout': 0.1, 'edge_dim': 8, 'edge_hidden': 64, 'learning_rate': 0.0003, 'max_epochs': 50, 'patience': 10}",1370,1444,20,1444,27fc3cad4a8ec63d42f0ebfc8b58f4239e038157116d6b31c485e6ae2530096c,0.06593664917022377,0.05363321799307959,0c35b2c3b11c94be2fafe38145ce514e7e9acc6092b87c648397627bff9ad79b,0.004464285714285712,0.06735269749202893,3574099968,0.06735269749202893,0.27715208458372476,13,0.01616018665484881,"{'epoch_selection': 1598280658, 'fit': 268685170, 'prediction': 1981668763, 'refit': 714092015, 'uncertainty_subsample': 1100982488, 'validation': 1082793477, 'validation_split': 499590324}",,0.6717451523545707,0.0,0.32825484764542934,-0.021475891475004394,bdb2023_sack,1100982488
collapse_typed_edges,structural_ablation,0.06592512756686025,0.2564097379647451,0.004370219237024119,54.579965305980295,relnet,0.06854641314727805,0.06838924798764373,0.26408764920072203,0.007373792581141285,0.8570366563917551,0.7973356009070296,0.06854641314727805,0.23592894038986129,0.007749510916132793,0.015942321661874075,0.2682351936534986,0.09762312525170239,0.6690739172743682,0.0,0.3309260827256319,0.856929955290611,0.8235294117647058,0.23607662083506153,0.0077881827803330484,relnet,"{'batch_size': 64, 'd_model': 48, 'deterministic': True, 'dropout': 0.1, 'edge_dim': 8, 'edge_hidden': 64, 'learning_rate': 0.0003, 'max_epochs': 50, 'patience': 10}",1370,1444,60,4203,27fc3cad4a8ec63d42f0ebfc8b58f4239e038157116d6b31c485e6ae2530096c,0.06567605521099391,0.06529495718363464,0c35b2c3b11c94be2fafe38145ce514e7e9acc6092b87c648397627bff9ad79b,0.01875216038714137,0.0659258741745949,3699007488,0.0659258741745949,0.2594380038891534,13,0.023531557012712374,"{'epoch_selection': 150437588, 'fit': 58497561, 'prediction': 1204194890, 'refit': 1566528139, 'uncertainty_subsample': 1100982488, 'validation': 1655220826, 'validation_split': 1311560632}",,0.6689750692520776,0.0,0.33102493074792244,-0.0038038058588996115,bdb2023_sack,1100982488
collapse_typed_edges,structural_ablation,0.06669223605460194,0.26018825786817285,0.006928430510504985,67.42098946403712,attn_relnet,0.0683000661375835,0.0691517249638777,0.2681355725439071,0.009977610265728996,0.8439584717601795,0.8326530612244899,0.0683000661375835,0.22827911988388086,0.005832925952049649,0.01382074113704041,0.26578075525186434,0.07688184908029211,0.6864547199557116,0.0,0.31354528004428844,0.8435171385991058,0.8529411764705882,0.22844822947598095,0.005828594097315583,attn_relnet,"{'batch_size': 64, 'd_model': 48, 'deterministic': True, 'dropout': 0.1, 'edge_dim': 8, 'edge_hidden': 64, 'learning_rate': 0.0003, 'max_epochs': 50, 'patience': 10}",1370,1444,60,4203,27fc3cad4a8ec63d42f0ebfc8b58f4239e038157116d6b31c485e6ae2530096c,0.06567605521099391,0.06529495718363464,0c35b2c3b11c94be2fafe38145ce514e7e9acc6092b87c648397627bff9ad79b,0.01864035087719298,0.06573616803285569,3789955072,0.06573616803285569,0.25743020100830294,13,0.023199830510545763,"{'epoch_selection': 150437588, 'fit': 58497561, 'prediction': 1204194890, 'refit': 1566528139, 'uncertainty_subsample': 1100982488, 'validation': 1655220826, 'validation_split': 1311560632}",,0.6869806094182825,0.0,0.31301939058171746,-0.0009152928212368128,bdb2023_sack,1100982488
collapse_typed_edges,structural_ablation,0.06815121951470783,0.2628045143136416,0.007243559231936633,26.731215377803892,relnet,0.06812360572909626,0.06865056531263179,0.2642859280978961,0.008118643517927416,0.9622761796752103,0.9713718820861679,0.06812360572909626,0.2362641822201774,0.005642467396971368,0.008068062220203225,0.2642388836625616,0.06414083332642252,0.9179858838453228,0.0,0.08201411615467721,0.9615384615384616,0.9711538461538461,0.23680158332479723,0.005687917374308546,relnet,"{'batch_size': 64, 'd_model': 48, 'deterministic': True, 'dropout': 0.1, 'edge_dim': 8, 'edge_hidden': 64, 'learning_rate': 0.0003, 'max_epochs': 50, 'patience': 10}",1351,1430,20,1455,6d36db2f65ef7607895588465041625f2aef27003170129994f2a9ce3a9ee7f0,0.06765385841836734,0.05803571428571429,a5370e461678ed9970d0b2aa209b62f3d38880326cc4ce6d2c7d471a0bb61987,0.004878048780487809,0.06755621243851166,3760316416,0.06755621243851166,0.26227988487711545,14,0.012186057696035929,"{'epoch_selection': 1043729087, 'fit': 2140936502, 'prediction': 1110802708, 'refit': 1740404458, 'uncertainty_subsample': 854403271, 'validation': 1052633463, 'validation_split': 1000871786}",,0.9174825174825175,0.0,0.08251748251748252,0.00144331723479596,bdb2023_sack,854403271
collapse_typed_edges,structural_ablation,0.06766696014901435,0.26046243178164535,0.0052153047397512685,24.267228581011295,attn_relnet,0.0679719843322997,0.0681605483408853,0.26191819964582064,0.00605911232714816,0.9736417109370124,0.9872448979591837,0.0679719843322997,0.2422715376764531,0.0066063270940454714,0.013824772128724376,0.2627913454260947,0.07156683849348988,0.9564887810840146,0.0,0.04351121891598531,0.9728506787330317,0.9807692307692307,0.24272174981000824,0.00669772663518143,attn_relnet,"{'batch_size': 64, 'd_model': 48, 'deterministic': True, 'dropout': 0.1, 'edge_dim': 8, 'edge_hidden': 64, 'learning_rate': 0.0003, 'max_epochs': 50, 'patience': 10}",1351,1430,20,1455,6d36db2f65ef7607895588465041625f2aef27003170129994f2a9ce3a9ee7f0,0.06765385841836734,0.05803571428571429,a5370e461678ed9970d0b2aa209b62f3d38880326cc4ce6d2c7d471a0bb61987,0.0173076923076923,0.06741226335819452,3699040256,0.06741226335819452,0.2609090505150606,14,0.01836667002065939,"{'epoch_selection': 1043729087, 'fit': 2140936502, 'prediction': 1110802708, 'refit': 1740404458, 'uncertainty_subsample': 854403271, 'validation': 1052633463, 'validation_split': 1000871786}",,0.955944055944056,0.0,0.044055944055944055,0.0035710462909419594,bdb2023_sack,854403271
collapse_typed_edges,structural_ablation,0.06778324105205169,0.26071308268363586,0.006700239707703485,105.67211437504739,relnet,0.06842334548100645,0.06831020801389778,0.26238187629427845,0.007164332657371537,0.938908738339054,0.9761904761904762,0.06842334548100645,0.23792163041547715,0.006937506296626367,0.01196864357770281,0.26996114459530757,0.061841014034951784,0.9087308509235283,0.0,0.09126914907647161,0.9396681749622926,0.9807692307692307,0.23748804915333746,0.006949168678561035,relnet,"{'batch_size': 64, 'd_model': 48, 'deterministic': True, 'dropout': 0.1, 'edge_dim': 8, 'edge_hidden': 64, 'learning_rate': 0.0003, 'max_epochs': 50, 'patience': 10}",1351,1430,60,4252,6d36db2f65ef7607895588465041625f2aef27003170129994f2a9ce3a9ee7f0,0.06752128415319485,0.06360216317893252,a5370e461678ed9970d0b2aa209b62f3d38880326cc4ce6d2c7d471a0bb61987,0.010638297872340427,0.06788142341122874,3735105536,0.06788142341122874,0.26810085548154716,14,0.015041354864218825,"{'epoch_selection': 1568708460, 'fit': 882150689, 'prediction': 796047036, 'refit': 31501460, 'uncertainty_subsample': 854403271, 'validation': 238987018, 'validation_split': 1095217636}",,0.9090909090909091,0.0,0.09090909090909091,-0.005333714584230931,bdb2023_sack,854403271
collapse_typed_edges,structural_ablation,0.06790015901260886,0.26161629821509513,0.007266401807879671,101.76476559927687,attn_relnet,0.06845098148569584,0.06839978651755566,0.26314494116667425,0.007776682256761086,0.9445505872880656,0.9464285714285714,0.06845098148569584,0.23608911570583943,0.006646089761886208,0.010290242466329234,0.2702620883076029,0.07317282318102435,0.8811606009977666,0.0,0.11883939900223327,0.9441930618401206,0.9519230769230769,0.23575648778300343,0.006674320586845373,attn_relnet,"{'batch_size': 64, 'd_model': 48, 'deterministic': True, 'dropout': 0.1, 'edge_dim': 8, 'edge_hidden': 64, 'learning_rate': 0.0003, 'max_epochs': 50, 'patience': 10}",1351,1430,60,4252,6d36db2f65ef7607895588465041625f2aef27003170129994f2a9ce3a9ee7f0,0.06752128415319485,0.06360216317893252,a5370e461678ed9970d0b2aa209b62f3d38880326cc4ce6d2c7d471a0bb61987,0.009625668449197863,0.06792324348318078,3832086528,0.06792324348318078,0.26847870051970585,14,0.018173283345976957,"{'epoch_selection': 1568708460, 'fit': 882150689, 'prediction': 796047036, 'refit': 31501460, 'uncertainty_subsample': 854403271, 'validation': 238987018, 'validation_split': 1095217636}",,0.8811188811188811,0.0,0.11888111888111888,-0.0059530759082417894,bdb2023_sack,854403271
collapse_typed_edges,structural_ablation,0.06072143080193862,0.24012340079925115,-0.00859075690378288,29.491867448203266,relnet,0.06058027466253807,0.060660002400336616,0.24015570845820758,-0.009304047105510147,0.8884968848234779,0.9357142857142857,0.06058027466253807,0.2604086546690289,0.006597251816610353,0.016068746224301718,0.2406787204057611,0.07232562325768611,0.7714267586518707,0.0,0.22857324134812937,0.8945712037765539,0.9318181818181818,0.2590228696232243,0.006574080587806107,relnet,"{'batch_size': 64, 'd_model': 48, 'deterministic': True, 'dropout': 0.1, 'edge_dim': 8, 'edge_hidden': 64, 'learning_rate': 0.0003, 'max_epochs': 50, 'patience': 10}",1462,1359,20,1448,bd78290ba05f836b4b4bd85e0d064faa4aa3e1c63cd73dfc83d624438622a4b8,0.06067237842992124,0.05417529330572809,292ac80a24d7a08b592c347af664af26d5db255f02e6065dce2692dc551f5bfc,0.01709047515622706,0.06064961160941014,3749412864,0.06064961160941014,0.24062867365370966,15,0.019733900474302752,"{'epoch_selection': 2104264144, 'fit': 565416810, 'prediction': 1327377893, 'refit': 2066253354, 'uncertainty_subsample': 1551826260, 'validation': 124478651, 'validation_split': 1129152632}",,0.7711552612214864,0.0,0.2288447387785136,0.0003752419321650935,bdb2023_sack,1551826260
collapse_typed_edges,structural_ablation,0.06072654434892733,0.24017566960956566,-0.008522079976334244,31.234092694707215,attn_relnet,0.06057130578259304,0.06066341839423241,0.24019766728118414,-0.009227609778211235,0.8877162446985756,0.9357142857142857,0.06057130578259304,0.26032885710587766,0.0065621661671256045,0.015021808067060615,0.24062123663422225,0.069736968481418,0.7735215593204682,0.0,0.22647844067953193,0.8937844217151849,0.9318181818181818,0.25896928975435046,0.006545074213689407,attn_relnet,"{'batch_size': 64, 'd_model': 48, 'deterministic': True, 'dropout': 0.1, 'edge_dim': 8, 'edge_hidden': 64, 'learning_rate': 0.0003, 'max_epochs': 50, 'patience': 10}",1462,1359,20,1448,bd78290ba05f836b4b4bd85e0d064faa4aa3e1c63cd73dfc83d624438622a4b8,0.06067237842992124,0.05417529330572809,292ac80a24d7a08b592c347af664af26d5db255f02e6065dce2692dc551f5bfc,0.015289011639376598,0.06064196625978222,3754807296,0.06064196625978222,0.24058037728188192,15,0.017437685810162647,"{'epoch_selection': 2104264144, 'fit': 565416810, 'prediction': 1327377893, 'refit': 2066253354, 'uncertainty_subsample': 1551826260, 'validation': 124478651, 'validation_split': 1129152632}",,0.7733627667402502,0.0,0.22663723325974983,0.0005012523149087178,bdb2023_sack,1551826260
collapse_typed_edges,structural_ablation,0.06108768225592346,0.24289409131214607,-0.006354737280478995,34.549717988818884,relnet,0.06056668843546503,0.060964599690544775,0.24243549318944901,-0.0068629392165824935,0.9506721658560493,0.8291666666666668,0.06056668843546503,0.2543969015516834,0.007242079492991813,0.015229349678893092,0.24044482240986054,0.06369847621548005,0.8133299427587695,0.0,0.18667005724123065,0.9543666404405979,0.8409090909090909,0.2536009470458771,0.007131667439679957,relnet,"{'batch_size': 64, 'd_model': 48, 'deterministic': True, 'dropout': 0.1, 'edge_dim': 8, 'edge_hidden': 64, 'learning_rate': 0.0003, 'max_epochs': 50, 'patience': 10}",1462,1359,60,4212,bd78290ba05f836b4b4bd85e0d064faa4aa3e1c63cd73dfc83d624438622a4b8,0.060560576239794474,0.06444338950866366,292ac80a24d7a08b592c347af664af26d5db255f02e6065dce2692dc551f5bfc,0.012820512820512824,0.060683354753296295,3669499904,0.060683354753296295,0.24076835793749035,15,0.020230839305124274,"{'epoch_selection': 1073607515, 'fit': 848475022, 'prediction': 985904426, 'refit': 1531172817, 'uncertainty_subsample': 1551826260, 'validation': 1735245402, 'validation_split': 82717213}",,0.811626195732156,0.0,0.188373804267844,-0.0020273669955792606,bdb2023_sack,1551826260
collapse_typed_edges,structural_ablation,0.06112206652520968,0.24326924372736564,-0.006575617170002843,34.00696795526892,attn_relnet,0.060575660392449576,0.0610013914181374,0.2428369384132525,-0.007090546694975093,0.9512987322720894,0.8291666666666668,0.060575660392449576,0.254912395648559,0.007435422727796018,0.01728853268883937,0.24054641377968042,0.06819819048249338,0.8125083011599743,0.0,0.18749169884002578,0.955153422501967,0.8409090909090909,0.25410330011568333,0.007329604610697487,attn_relnet,"{'batch_size': 64, 'd_model': 48, 'deterministic': True, 'dropout': 0.1, 'edge_dim': 8, 'edge_hidden': 64, 'learning_rate': 0.0003, 'max_epochs': 50, 'patience': 10}",1462,1359,60,4212,bd78290ba05f836b4b4bd85e0d064faa4aa3e1c63cd73dfc83d624438622a4b8,0.060560576239794474,0.06444338950866366,292ac80a24d7a08b592c347af664af26d5db255f02e6065dce2692dc551f5bfc,0.02106430155210643,0.060692022381359484,3730157568,0.060692022381359484,0.2408685565172521,15,0.023078292442995297,"{'epoch_selection': 1073607515, 'fit': 848475022, 'prediction': 985904426, 'refit': 1531172817, 'uncertainty_subsample': 1551826260, 'validation': 1735245402, 'validation_split': 82717213}",,0.8108903605592347,0.0,0.18910963944076528,-0.002170490271501624,bdb2023_sack,1551826260
collapse_typed_edges,structural_ablation,0.06108184573043728,0.2412953101995895,-0.0017169505459941146,15.110705762170255,relnet,0.06151474000391194,0.06137218928711501,0.24225627372829772,-0.001414549173348945,0.8904073729002837,0.95,0.06151474000391194,0.24378874043198023,0.0047049072761095505,0.011669846938958476,0.24344499254964727,0.06536878687329778,0.8491261418572943,0.0,0.15087385814270557,0.8883895131086142,0.956989247311828,0.2438473012935958,0.004648123378102533,relnet,"{'batch_size': 64, 'd_model': 48, 'deterministic': True, 'dropout': 0.1, 'edge_dim': 8, 'edge_hidden': 64, 'learning_rate': 0.0003, 'max_epochs': 50, 'patience': 10}",1466,1428,20,1395,cdb83a0d55b8c04454e68235809017fb298148fd0ee651df7fa115b24fbea17c,0.06088593550859478,0.06626074498567336,aff57ad8aade89d997a22db798e8bdaadcb510c964c9ce2153a0b354f04dd49d,0.013513513513513514,0.061206368262614476,3686850560,0.061206368262614476,0.24233686860682047,16,0.006875149626152997,"{'epoch_selection': 2096177316, 'fit': 1675218384, 'prediction': 2093045807, 'refit': 1897973320, 'uncertainty_subsample': 6945913, 'validation': 1798739933, 'validation_split': 1437406604}",,0.8473389355742297,0.0,0.15266106442577032,-0.005262836997461662,bdb2023_sack,6945913
collapse_typed_edges,structural_ablation,0.06109063916137515,0.24136878084918365,-0.0020095656416783516,15.07907525729388,attn_relnet,0.06151634190262435,0.061380344471695845,0.24232405020374553,-0.0017034699893908657,0.8925418879084729,0.95,0.06151634190262435,0.24456015538091402,0.005122620500277857,0.011882800895727694,0.2434549685644845,0.06584181452183809,0.8519038246248485,0.0,0.14809617537515135,0.8906367041198502,0.956989247311828,0.244628768096897,0.0050665852747035405,attn_relnet,"{'batch_size': 64, 'd_model': 48, 'deterministic': True, 'dropout': 0.1, 'edge_dim': 8, 'edge_hidden': 64, 'learning_rate': 0.0003, 'max_epochs': 50, 'patience': 10}",1466,1428,20,1395,cdb83a0d55b8c04454e68235809017fb298148fd0ee651df7fa115b24fbea17c,0.06088593550859478,0.06626074498567336,aff57ad8aade89d997a22db798e8bdaadcb510c964c9ce2153a0b354f04dd49d,0.013513513513513514,0.06120765863635017,3665539072,0.06120765863635017,0.24234451850106192,16,0.006355149728556816,"{'epoch_selection': 2096177316, 'fit': 1675218384, 'prediction': 2093045807, 'refit': 1897973320, 'uncertainty_subsample': 6945913, 'validation': 1798739933, 'validation_split': 1437406604}",,0.8501400560224089,0.0,0.14985994397759103,-0.005284030294812059,bdb2023_sack,6945913
collapse_typed_edges,structural_ablation,0.06168805434109347,0.24286065661971232,-0.0025010143984461773,63.71965202083811,relnet,0.06170098289774898,0.06195096157544405,0.24370849256654664,-0.002240400998975108,0.8455700949531817,0.8596428571428569,0.06170098289774898,0.24143986010657287,0.00732616726744283,0.010731066403719099,0.24337693041328595,0.06933686648221823,0.6882932666934217,0.0,0.3117067333065783,0.8426966292134831,0.8602150537634409,0.24131108655255987,0.007346845962716692,relnet,"{'batch_size': 64, 'd_model': 48, 'deterministic': True, 'dropout': 0.1, 'edge_dim': 8, 'edge_hidden': 64, 'learning_rate': 0.0003, 'max_epochs': 50, 'patience': 10}",1466,1428,60,4138,cdb83a0d55b8c04454e68235809017fb298148fd0ee651df7fa115b24fbea17c,0.06088670984615858,0.06656197149069823,aff57ad8aade89d997a22db798e8bdaadcb510c964c9ce2153a0b354f04dd49d,0.00994265389375751,0.06148180091194125,3689934848,0.06148180091194125,0.24274528303963583,16,0.021114401640712693,"{'epoch_selection': 1488200720, 'fit': 81764353, 'prediction': 518407731, 'refit': 1903382344, 'uncertainty_subsample': 6945913, 'validation': 1737816785, 'validation_split': 741558438}",,0.6827731092436975,0.0,0.3172268907563025,-0.009773743191022755,bdb2023_sack,6945913
collapse_typed_edges,structural_ablation,0.061665171650234225,0.24292023330646187,-0.0016711076160898575,61.80597204482183,attn_relnet,0.061684197828802925,0.06193413981182179,0.2438152631246664,-0.001407412258496468,0.8470913931276239,0.8959523809523807,0.061684197828802925,0.23923408255615025,0.00653385929987184,0.010206571644491976,0.24325252737396344,0.05075614308066318,0.712790431588239,0.0,0.28720956841176104,0.8441947565543071,0.9032258064516129,0.23912052033780917,0.00656132804038524,attn_relnet,"{'batch_size': 64, 'd_model': 48, 'deterministic': True, 'dropout': 0.1, 'edge_dim': 8, 'edge_hidden': 64, 'learning_rate': 0.0003, 'max_epochs': 50, 'patience': 10}",1466,1428,60,4138,cdb83a0d55b8c04454e68235809017fb298148fd0ee651df7fa115b24fbea17c,0.06088670984615858,0.06656197149069823,aff57ad8aade89d997a22db798e8bdaadcb510c964c9ce2153a0b354f04dd49d,0.011379499571583983,0.06146669946606328,3774152704,0.06146669946606328,0.2426320899053756,16,0.014761888204419989,"{'epoch_selection': 1488200720, 'fit': 81764353, 'prediction': 518407731, 'refit': 1903382344, 'uncertainty_subsample': 6945913, 'validation': 1737816785, 'validation_split': 741558438}",,0.7072829131652661,0.0,0.2927170868347339,-0.009525717867990391,bdb2023_sack,6945913
collapse_typed_edges,structural_ablation,0.06239899537462461,0.24633939867196164,0.002546860330286439,14.819042493123561,relnet,0.06351316538608483,0.06400700971946593,0.25134689963649254,0.00427539732049131,0.8402516352939318,0.8992063492063492,0.06351316538608483,0.2352017429100764,0.003650268563730285,0.005077808107490651,0.24978495276413895,0.03833867477095018,0.7658314824973286,0.0,0.23416851750267145,0.8459422283356258,0.912621359223301,0.23506840740045107,0.0036494715391916974,relnet,"{'batch_size': 64, 'd_model': 48, 'deterministic': True, 'dropout': 0.1, 'edge_dim': 8, 'edge_hidden': 64, 'learning_rate': 0.0003, 'max_epochs': 50, 'patience': 10}",1336,1557,20,1392,f661e8cc57b60f18b7cdbca93aa8723a5ad7343c4acc2035f4e2d5de16e8a76e,0.06185913631184022,0.057071069633883705,c8e51623a9a40a10e1c6a575e9628a81d05121fda20e3d107395f98ba9bcad14,0.0008012820512820554,0.06192828679668609,3665813504,0.06192828679668609,0.24486602393274431,17,0.006688407255549484,"{'epoch_selection': 827605210, 'fit': 358227233, 'prediction': 951252625, 'refit': 1530962750, 'uncertainty_subsample': 1178133569, 'validation': 2113508275, 'validation_split': 2051614510}",,0.7681438664097624,0.0,0.23185613359023763,-0.00111787019620313,bdb2023_sack,1178133569
collapse_typed_edges,structural_ablation,0.062406227474708434,0.24637044000945132,0.002547470893036279,15.212910284753889,attn_relnet,0.06351295611104694,0.06401332729759095,0.2513758009750963,0.004279257982664746,0.8459538697473737,0.8992063492063492,0.06351295611104694,0.23517341818019433,0.0036342467635848775,0.004891005753078485,0.2497824027506458,0.038172761666858825,0.7710425483662355,0.0,0.22895745163376438,0.8514442916093535,0.912621359223301,0.23504534277776098,0.0036370788345701306,attn_relnet,"{'batch_size': 64, 'd_model': 48, 'deterministic': True, 'dropout': 0.1, 'edge_dim': 8, 'edge_hidden': 64, 'learning_rate': 0.0003, 'max_epochs': 50, 'patience': 10}",1336,1557,20,1392,f661e8cc57b60f18b7cdbca93aa8723a5ad7343c4acc2035f4e2d5de16e8a76e,0.06185913631184022,0.057071069633883705,c8e51623a9a40a10e1c6a575e9628a81d05121fda20e3d107395f98ba9bcad14,0.0008006405124099253,0.0619283793058514,3641229312,0.0619283793058514,0.2448660685091532,17,0.007017348396008306,"{'epoch_selection': 827605210, 'fit': 358227233, 'prediction': 951252625, 'refit': 1530962750, 'uncertainty_subsample': 1178133569, 'validation': 2113508275, 'validation_split': 2051614510}",,0.7732819524727039,0.0,0.22671804752729607,-0.001119365677239914,bdb2023_sack,1178133569
collapse_typed_edges,structural_ablation,0.061415617680404946,0.240866790788207,0.0023218143165461337,44.079712310340255,relnet,0.06328670663607122,0.06290474791428904,0.24522111590672938,0.003929053893438799,0.8507238471372958,0.9880952380952381,0.06328670663607122,0.23542913728628856,0.005555455605906669,0.007672096827171684,0.2480936776566908,0.057711658639317674,0.8199276473317718,0.0,0.18007235266822827,0.8535075653370013,0.9902912621359223,0.23488470812558587,0.005552595584691568,relnet,"{'batch_size': 64, 'd_model': 48, 'deterministic': True, 'dropout': 0.1, 'edge_dim': 8, 'edge_hidden': 64, 'learning_rate': 0.0003, 'max_epochs': 50, 'patience': 10}",1336,1557,60,4129,f661e8cc57b60f18b7cdbca93aa8723a5ad7343c4acc2035f4e2d5de16e8a76e,0.061776829124422214,0.06573849878934625,c8e51623a9a40a10e1c6a575e9628a81d05121fda20e3d107395f98ba9bcad14,0.0069444444444444475,0.06172203061383666,3683209216,0.06172203061383666,0.2432752051620056,17,0.009914719710796993,"{'epoch_selection': 924692177, 'fit': 846870059, 'prediction': 2072145824, 'refit': 1725244514, 'uncertainty_subsample': 1178133569, 'validation': 75455660, 'validation_split': 1289434510}",,0.8220937700706487,0.0,0.17790622992935132,0.0008870398717808481,bdb2023_sack,1178133569
collapse_typed_edges,structural_ablation,0.06141001193589004,0.24082857348137882,0.002183548000657235,43.17485031997785,attn_relnet,0.06328628670074463,0.06289829528376197,0.24517725722139283,0.003793886410274156,0.8484293700244168,0.9880952380952381,0.06328628670074463,0.23587523651590572,0.0058525019267789795,0.009269583658833468,0.24808774006982467,0.06557316149371063,0.817886972433954,0.0,0.18211302756604603,0.8514442916093535,0.9902912621359223,0.2353434805211776,0.005864424420156179,attn_relnet,"{'batch_size': 64, 'd_model': 48, 'deterministic': True, 'dropout': 0.1, 'edge_dim': 8, 'edge_hidden': 64, 'learning_rate': 0.0003, 'max_epochs': 50, 'patience': 10}",1336,1557,60,4129,f661e8cc57b60f18b7cdbca93aa8723a5ad7343c4acc2035f4e2d5de16e8a76e,0.061776829124422214,0.06573849878934625,c8e51623a9a40a10e1c6a575e9628a81d05121fda20e3d107395f98ba9bcad14,0.009369406964343685,0.0617217632494558,3750408192,0.0617217632494558,0.24327046481039902,17,0.007758113178074017,"{'epoch_selection': 924692177, 'fit': 846870059, 'prediction': 2072145824, 'refit': 1725244514, 'uncertainty_subsample': 1178133569, 'validation': 75455660, 'validation_split': 1289434510}",,0.8201669877970456,0.0,0.1798330122029544,0.0008913677789370578,bdb2023_sack,1178133569
collapse_typed_edges,structural_ablation,0.06312655662170878,0.24672987003003052,-0.01001202214602894,11.841662931721658,relnet,0.06295124218852245,0.06400350931888903,0.24961830594656229,-0.009383637727027527,0.9620390747757106,0.9714285714285713,0.06295124218852245,0.2624908159711505,0.007460573692669789,0.012593468161878571,0.24667640915146566,0.06970488104472052,0.9002818766684848,0.0,0.09971812333151517,0.9640718562874252,0.968421052631579,0.2617546396444711,0.007417384500133827,relnet,"{'batch_size': 64, 'd_model': 48, 'deterministic': True, 'dropout': 0.1, 'edge_dim': 8, 'edge_hidden': 64, 'learning_rate': 0.0003, 'max_epochs': 50, 'patience': 10}",1428,1431,20,1349,13741fe27fa58a09deb11d6100306d7c13e0513b329cacd7188bdd7ac935b2fa,0.06200045811010173,0.06185185185185185,7b610974b4b64c9a3b00c8fbc37851b2f167c5469d41ff55c837406157501f01,0.011329120940028817,0.06210308835273091,3616632832,0.06210308835273091,0.24404576191696395,18,0.01997313233137025,"{'epoch_selection': 968082631, 'fit': 2099963868, 'prediction': 1857500147, 'refit': 1443470844, 'uncertainty_subsample': 310388945, 'validation': 877686652, 'validation_split': 2022520886}",,0.9014675052410901,0.0,0.09853249475890985,-0.0016553142631128281,bdb2023_sack,310388945
collapse_typed_edges,structural_ablation,0.06312711859754058,0.24674541968753777,-0.010267263507078073,12.035338095854968,attn_relnet,0.06294691162325558,0.06400404794840678,0.2496315374973664,-0.009639150968162154,0.962889414911765,0.9714285714285713,0.06294691162325558,0.2632318868728783,0.0077437882967124165,0.01351413915473141,0.24665268675506807,0.06971022417345453,0.900121983651449,0.0,0.09987801634855104,0.9648203592814372,0.968421052631579,0.26249686027630253,0.007717747464552463,attn_relnet,"{'batch_size': 64, 'd_model': 48, 'deterministic': True, 'dropout': 0.1, 'edge_dim': 8, 'edge_hidden': 64, 'learning_rate': 0.0003, 'max_epochs': 50, 'patience': 10}",1428,1431,20,1349,13741fe27fa58a09deb11d6100306d7c13e0513b329cacd7188bdd7ac935b2fa,0.06200045811010173,0.06185185185185185,7b610974b4b64c9a3b00c8fbc37851b2f167c5469d41ff55c837406157501f01,0.011109042388133802,0.0620985273184537,3559452672,0.0620985273184537,0.2440200477047047,18,0.020809421706159018,"{'epoch_selection': 968082631, 'fit': 2099963868, 'prediction': 1857500147, 'refit': 1443470844, 'uncertainty_subsample': 310388945, 'validation': 877686652, 'validation_split': 2022520886}",,0.9014675052410901,0.0,0.09853249475890985,-0.0015817497376844347,bdb2023_sack,310388945
collapse_typed_edges,structural_ablation,0.06444807052832266,0.2508064898803618,-0.02313336256121728,29.684539979323745,relnet,0.06271862228105116,0.06545273240674294,0.25447625737028845,-0.022470986706353755,0.8972906564584866,0.9082766439909298,0.06271862228105116,0.2866559045387004,0.015763137299416457,0.0232929990201414,0.24660675641341043,0.08585419154877476,0.7891442938637073,0.0,0.2108557061362928,0.8997005988023952,0.8947368421052632,0.2859326777740976,0.0157916128625116,relnet,"{'batch_size': 64, 'd_model': 48, 'deterministic': True, 'dropout': 0.1, 'edge_dim': 8, 'edge_hidden': 64, 'learning_rate': 0.0003, 'max_epochs': 50, 'patience': 10}",1428,1431,60,4163,13741fe27fa58a09deb11d6100306d7c13e0513b329cacd7188bdd7ac935b2fa,0.06199275546306195,0.06280019212295869,7b610974b4b64c9a3b00c8fbc37851b2f167c5469d41ff55c837406157501f01,0.03225806451612903,0.061803622888951845,3632631808,0.061803622888951845,0.24324464183006397,18,0.036635553156267535,"{'epoch_selection': 1489349625, 'fit': 1281877355, 'prediction': 2012831612, 'refit': 535902196, 'uncertainty_subsample': 310388945, 'validation': 1316555998, 'validation_split': 766786694}",,0.790356394129979,0.0,0.20964360587002095,0.0030508818763960166,bdb2023_sack,310388945
collapse_typed_edges,structural_ablation,0.0642898013293091,0.2499994917941373,-0.023453256276392297,28.753500437363982,attn_relnet,0.06271890587970058,0.06528502038969856,0.2535543550757865,-0.022807344340350914,0.9003769429620696,0.9082766439909298,0.06271890587970058,0.28802836252805875,0.01635407919250643,0.02573454096502048,0.24660936628433555,0.08843735994163907,0.7920897291248107,0.0,0.20791027087518932,0.9026946107784432,0.8947368421052632,0.287276265816804,0.016375579312302473,attn_relnet,"{'batch_size': 64, 'd_model': 48, 'deterministic': True, 'dropout': 0.1, 'edge_dim': 8, 'edge_hidden': 64, 'learning_rate': 0.0003, 'max_epochs': 50, 'patience': 10}",1428,1431,60,4163,13741fe27fa58a09deb11d6100306d7c13e0513b329cacd7188bdd7ac935b2fa,0.06199275546306195,0.06280019212295869,7b610974b4b64c9a3b00c8fbc37851b2f167c5469d41ff55c837406157501f01,0.03225806451612903,0.06180396770110476,3715670016,0.06180396770110476,0.24324790191416368,18,0.03752391863121093,"{'epoch_selection': 1489349625, 'fit': 1281877355, 'prediction': 2012831612, 'refit': 535902196, 'uncertainty_subsample': 310388945, 'validation': 1316555998, 'validation_split': 766786694}",,0.793151642208246,0.0,0.206848357791754,0.003045319740137775,bdb2023_sack,310388945
collapse_typed_edges,structural_ablation,0.05409777194840765,0.22037146598925747,-0.023571837952335698,21.795993885025382,relnet,0.054713555307183,0.05519157180508971,0.22362610602234265,-0.022394183277067405,0.9965761562197271,0.9019274376417233,0.054713555307183,0.2727811020145119,0.006778269644678368,0.013241695722953034,0.22119188926339453,0.054932140882618205,0.848458395317515,0.0,0.15154160468248512,0.996413199426112,0.9156626506024096,0.2724290590362922,0.006794518729459745,relnet,"{'batch_size': 64, 'd_model': 48, 'deterministic': True, 'dropout': 0.1, 'edge_dim': 8, 'edge_hidden': 64, 'learning_rate': 0.0003, 'max_epochs': 50, 'patience': 10}",1342,1477,20,1385,4872266bde60f8422923bc4d9fb05eb43eafe1536860cf07c8dd88dfea56407c,0.05352498556756777,0.07828282828282829,f2f2138759441a51d43491f7d55109eac74ef595eecf5800910a023d1e79d4e0,0.012432012432012446,0.053597103997788435,3667058688,0.053597103997788435,0.21777155793926503,19,0.02580732230556644,"{'epoch_selection': 178477514, 'fit': 1320191321, 'prediction': 892094364, 'refit': 1586589027, 'uncertainty_subsample': 813146259, 'validation': 611555014, 'validation_split': 831513996}",,0.8469871360866622,0.0,0.15301286391333785,-0.0013473787887270383,bdb2023_sack,813146259
collapse_typed_edges,structural_ablation,0.054081065795070944,0.22016602258966445,-0.023361230446844333,22.80954798962921,attn_relnet,0.05469794810596153,0.05517566740994852,0.2234450339987365,-0.02218738831213806,0.9958758761076822,0.9178004535147393,0.05469794810596153,0.2721989083214564,0.006546836661317438,0.012145025110525887,0.22109143774771264,0.05417418425076972,0.8487584605490871,0.0,0.15124153945091307,0.9956958393113343,0.927710843373494,0.2718275667773567,0.006569029830968472,attn_relnet,"{'batch_size': 64, 'd_model': 48, 'deterministic': True, 'dropout': 0.1, 'edge_dim': 8, 'edge_hidden': 64, 'learning_rate': 0.0003, 'max_epochs': 50, 'patience': 10}",1342,1477,20,1385,4872266bde60f8422923bc4d9fb05eb43eafe1536860cf07c8dd88dfea56407c,0.05352498556756777,0.07828282828282829,f2f2138759441a51d43491f7d55109eac74ef595eecf5800910a023d1e79d4e0,0.011546592941941776,0.05358215623543201,3601088512,0.05358215623543201,0.21767439390437063,19,0.025763466903207587,"{'epoch_selection': 178477514, 'fit': 1320191321, 'prediction': 892094364, 'refit': 1586589027, 'uncertainty_subsample': 813146259, 'validation': 611555014, 'validation_split': 831513996}",,0.8469871360866622,0.0,0.15301286391333785,-0.0010681117847677335,bdb2023_sack,813146259
collapse_typed_edges,structural_ablation,0.053631585834783245,0.2188192802244522,-0.019272389140957424,29.96501495409757,relnet,0.05432769442045347,0.05470879803616723,0.22181552206841473,-0.017973963163180614,0.9957791332708055,0.9654195011337869,0.05432769442045347,0.26401800554037796,0.0067021735089748975,0.016023460401757665,0.22009593959381418,0.0715628070615973,0.9062301571774011,0.0,0.09376984282259897,0.9956958393113343,0.963855421686747,0.2640109499375205,0.0066893677246011975,relnet,"{'batch_size': 64, 'd_model': 48, 'deterministic': True, 'dropout': 0.1, 'edge_dim': 8, 'edge_hidden': 64, 'learning_rate': 0.0003, 'max_epochs': 50, 'patience': 10}",1342,1477,60,4200,4872266bde60f8422923bc4d9fb05eb43eafe1536860cf07c8dd88dfea56407c,0.05312077316978459,0.06534158533682456,f2f2138759441a51d43491f7d55109eac74ef595eecf5800910a023d1e79d4e0,0.01451076912877394,0.05319502512097405,3650801664,0.05319502512097405,0.21663392389293265,19,0.02280542820554496,"{'epoch_selection': 784581797, 'fit': 950241408, 'prediction': 1515014149, 'refit': 1193305164, 'uncertainty_subsample': 813146259, 'validation': 542382493, 'validation_split': 820063933}",,0.9058903182125931,0.0,0.0941096817874069,-0.001397795001065516,bdb2023_sack,813146259
collapse_typed_edges,structural_ablation,0.05361735460425584,0.21881231480978308,-0.019776650607455645,29.28223722986877,attn_relnet,0.05432915470507825,0.054690846047977665,0.2218014200590022,-0.0184727244840622,0.9957791332708055,0.9654195011337869,0.05432915470507825,0.2653530785017343,0.007220312353601964,0.014590135818532468,0.22008229894762477,0.06942825902012564,0.9068180466541795,0.0,0.09318195334582062,0.9956958393113343,0.963855421686747,0.26535637550583324,0.007203069803440429,attn_relnet,"{'batch_size': 64, 'd_model': 48, 'deterministic': True, 'dropout': 0.1, 'edge_dim': 8, 'edge_hidden': 64, 'learning_rate': 0.0003, 'max_epochs': 50, 'patience': 10}",1342,1477,60,4200,4872266bde60f8422923bc4d9fb05eb43eafe1536860cf07c8dd88dfea56407c,0.05312077316978459,0.06534158533682456,f2f2138759441a51d43491f7d55109eac74ef595eecf5800910a023d1e79d4e0,0.013513513513513514,0.05319657435299688,3724558336,0.05319657435299688,0.2166212674715529,19,0.0254570673198908,"{'epoch_selection': 784581797, 'fit': 950241408, 'prediction': 1515014149, 'refit': 1193305164, 'uncertainty_subsample': 813146259, 'validation': 542382493, 'validation_split': 820063933}",,0.906567366283006,0.0,0.09343263371699391,-0.001426959336039868,bdb2023_sack,813146259
collapse_typed_edges,structural_ablation,0.05869567585119757,0.2381430127527698,-0.018888572863052903,11.393351236823946,relnet,0.059343050426720556,0.059499661700990795,0.24040796645376947,-0.017960693787448533,0.8702069687353942,0.8808333333333334,0.059343050426720556,0.27735955680805197,0.007183852456535834,0.013321768621462473,0.24900507052560011,0.07832250405341763,0.8199263079179625,0.0,0.18007369208203744,0.8708240534521158,0.875,0.2769783495573435,0.0070612838806622,relnet,"{'batch_size': 64, 'd_model': 48, 'deterministic': True, 'dropout': 0.1, 'edge_dim': 8, 'edge_hidden': 64, 'learning_rate': 0.0003, 'max_epochs': 50, 'patience': 10}",1355,1435,20,1382,6d2d3d5773bd7924535e9fe4332a37db7e0b433a648951e78042d77a3231d3e8,0.057563454324514714,0.06109906001446132,5d35a016e643729ca8fac4bdce793524110dbe831f7bdc82a29988a02731bf31,0.012737771739130432,0.05849848661870449,3632812032,0.05849848661870449,0.24619907542048108,20,0.03994943015086253,"{'epoch_selection': 592439697, 'fit': 2104192364, 'prediction': 1445917310, 'refit': 1517883004, 'uncertainty_subsample': 1800183626, 'validation': 2051978690, 'validation_split': 282248055}",,0.8222996515679443,0.0,0.17770034843205576,-0.01624350562630461,bdb2023_sack,1800183626
collapse_typed_edges,structural_ablation,0.05869573798305065,0.2381307216411193,-0.01879970633919427,11.644532330334187,attn_relnet,0.05934324412616739,0.059498854180598686,0.24039111046152442,-0.017873085451641506,0.8695266966265507,0.8808333333333334,0.05934324412616739,0.2771176809843171,0.006940665323918384,0.014012533778961833,0.24901202402867545,0.0785878027905431,0.8200720274079443,0.0,0.17992797259205565,0.8700816629547142,0.875,0.27673354840384135,0.006831600277444968,attn_relnet,"{'batch_size': 64, 'd_model': 48, 'deterministic': True, 'dropout': 0.1, 'edge_dim': 8, 'edge_hidden': 64, 'learning_rate': 0.0003, 'max_epochs': 50, 'patience': 10}",1355,1435,20,1382,6d2d3d5773bd7924535e9fe4332a37db7e0b433a648951e78042d77a3231d3e8,0.057563454324514714,0.06109906001446132,5d35a016e643729ca8fac4bdce793524110dbe831f7bdc82a29988a02731bf31,0.013001537816300854,0.058498616378885905,3585634304,0.058498616378885905,0.24620591335194925,20,0.039878631478127556,"{'epoch_selection': 592439697, 'fit': 2104192364, 'prediction': 1445917310, 'refit': 1517883004, 'uncertainty_subsample': 1800183626, 'validation': 2051978690, 'validation_split': 282248055}",,0.8222996515679443,0.0,0.17770034843205576,-0.01624575983746923,bdb2023_sack,1800183626
collapse_typed_edges,structural_ablation,0.05822533503385918,0.2325545319246791,-0.021045074376720086,79.72069481108338,relnet,0.05859587316712458,0.05915012832464749,0.23525286842811513,-0.02116655360247151,0.9502572950521608,0.8114880952380952,0.05859587316712458,0.2787362320475163,0.012279916551561148,0.017060956185236644,0.23339595303939897,0.07784309989273465,0.740646351462089,0.0,0.25935364853791093,0.955456570155902,0.8409090909090909,0.2766077905279391,0.011207248826308712,relnet,"{'batch_size': 64, 'd_model': 48, 'deterministic': True, 'dropout': 0.1, 'edge_dim': 8, 'edge_hidden': 64, 'learning_rate': 0.0003, 'max_epochs': 50, 'patience': 10}",1355,1435,60,4243,6d2d3d5773bd7924535e9fe4332a37db7e0b433a648951e78042d77a3231d3e8,0.0575704189246556,0.06397266729500471,5d35a016e643729ca8fac4bdce793524110dbe831f7bdc82a29988a02731bf31,0.016666666666666677,0.05769375430449637,3767095296,0.05769375430449637,0.23068436550451382,20,0.027606851300117478,"{'epoch_selection': 2139180063, 'fit': 1927512067, 'prediction': 1629156729, 'refit': 1228334872, 'uncertainty_subsample': 1800183626, 'validation': 114653993, 'validation_split': 451070180}",,0.7400696864111498,0.0,0.25993031358885016,-0.0021423394539161755,bdb2023_sack,1800183626
collapse_typed_edges,structural_ablation,0.05826711735549932,0.23273282305583057,-0.020764826346346413,82.11503536906093,attn_relnet,0.05851677406850805,0.059186786678405524,0.23545163612350115,-0.020919828823505272,0.9587642622526739,0.7614880952380952,0.05851677406850805,0.2775422508574407,0.012358550106575867,0.015364192017727499,0.23297821429321802,0.0816633633507349,0.7431823387065012,0.0,0.25681766129349887,0.96362286562732,0.8295454545454546,0.27534521371858145,0.011290277802424151,attn_relnet,"{'batch_size': 64, 'd_model': 48, 'deterministic': True, 'dropout': 0.1, 'edge_dim': 8, 'edge_hidden': 64, 'learning_rate': 0.0003, 'max_epochs': 50, 'patience': 10}",1355,1435,60,4243,6d2d3d5773bd7924535e9fe4332a37db7e0b433a648951e78042d77a3231d3e8,0.0575704189246556,0.06397266729500471,5d35a016e643729ca8fac4bdce793524110dbe831f7bdc82a29988a02731bf31,0.014106583072100314,0.05761698079611796,3773710336,0.05761698079611796,0.2302585472184844,20,0.030312355339289755,"{'epoch_selection': 2139180063, 'fit': 1927512067, 'prediction': 1629156729, 'refit': 1228334872, 'uncertainty_subsample': 1800183626, 'validation': 114653993, 'validation_split': 451070180}",,0.7421602787456446,0.0,0.2578397212543554,-0.0008087811819348367,bdb2023_sack,1800183626
