task_id,model_left,model_right,metric,from_n_train,to_n_train,definition,repeats,difference_in_change_mean,difference_in_change_sd,difference_in_change_mcse,difference_in_change_median,difference_in_change_q10,difference_in_change_q25,difference_in_change_q75,difference_in_change_q90,difference_in_change_iqr,multiplicity_scope
bdb2023_sack,attn_relnet,set_transformer,calibrated_brier,20,60,left_largest_minus_20_minus_right_largest_minus_20_within_repeat,100,-1.5050781118101514e-05,0.0008174008234248964,8.174008234248964e-05,1.1260523549855295e-06,-0.0010823957156265989,-0.0005142116218338783,0.00041529998561355697,0.0009589876703087995,0.0009295116074474353,secondary_descriptive_not_in_primary_max_t_family
bdb2023_sack,boosted_structure,attn_relnet,calibrated_brier,20,60,left_largest_minus_20_minus_right_largest_minus_20_within_repeat,100,9.060965260124766e-05,0.0008435176919633559,8.435176919633559e-05,0.00014263504464873816,-0.0011890242354567857,-0.00034282150646510433,0.0006325061234374891,0.0010882594373375876,0.0009753276299025934,secondary_descriptive_not_in_primary_max_t_family
bdb2023_sack,boosted_structure,relnet,calibrated_brier,20,60,left_largest_minus_20_minus_right_largest_minus_20_within_repeat,100,6.830470081483999e-05,0.0008551813755521443,8.551813755521443e-05,0.00012043624701330372,-0.0010122128359131733,-0.0004187915118389184,0.0006117443069890895,0.0010625811941098926,0.001030535818828008,secondary_descriptive_not_in_primary_max_t_family
bdb2023_sack,boosted_structure,set_transformer,calibrated_brier,20,60,left_largest_minus_20_minus_right_largest_minus_20_within_repeat,100,7.555887148314614e-05,0.0010607141801038606,0.00010607141801038605,0.00016361312580895002,-0.0008747091162177152,-0.0005340730144171163,0.0006588361820482318,0.0012237270736427215,0.0011929091964653481,secondary_descriptive_not_in_primary_max_t_family
bdb2023_sack,linear_structure,attn_relnet,calibrated_brier,20,60,left_largest_minus_20_minus_right_largest_minus_20_within_repeat,100,0.00012084826240220032,0.0010305070842149332,0.00010305070842149331,-1.2623435109739706e-05,-0.000943738339350067,-0.00036315456994620576,0.00064833499053564,0.0012225511120821165,0.0010114895604818458,secondary_descriptive_not_in_primary_max_t_family
bdb2023_sack,linear_structure,boosted_structure,calibrated_brier,20,60,left_largest_minus_20_minus_right_largest_minus_20_within_repeat,100,3.023860980095265e-05,0.0009430766563494298,9.430766563494299e-05,-6.162850533481673e-05,-0.0010424718495616624,-0.0005112166336907736,0.0006554576052767019,0.0013394065053303332,0.0011666742389674755,secondary_descriptive_not_in_primary_max_t_family
bdb2023_sack,linear_structure,relnet,calibrated_brier,20,60,left_largest_minus_20_minus_right_largest_minus_20_within_repeat,100,9.854331061579263e-05,0.0010409591776051877,0.00010409591776051877,4.912168304416903e-05,-0.0009985136022660393,-0.00043924844497885557,0.0006113703448927289,0.0013211295406383283,0.0010506187898715845,secondary_descriptive_not_in_primary_max_t_family
bdb2023_sack,linear_structure,set_transformer,calibrated_brier,20,60,left_largest_minus_20_minus_right_largest_minus_20_within_repeat,100,0.0001057974812840988,0.0010675527063291508,0.00010675527063291508,0.00017305363967999587,-0.0011676977468249325,-0.0004286603804783042,0.0005965962733803128,0.0013366502369123233,0.001025256653858617,secondary_descriptive_not_in_primary_max_t_family
bdb2023_sack,relnet,attn_relnet,calibrated_brier,20,60,left_largest_minus_20_minus_right_largest_minus_20_within_repeat,100,2.230495178640768e-05,0.00011065510358405517,1.1065510358405517e-05,1.9728798372458528e-05,-9.60105320388878e-05,-3.329421834295798e-05,6.541695874352077e-05,0.00016092346644519604,9.871117708647875e-05,secondary_descriptive_not_in_primary_max_t_family
bdb2023_sack,relnet,set_transformer,calibrated_brier,20,60,left_largest_minus_20_minus_right_largest_minus_20_within_repeat,100,7.254170668306165e-06,0.0008232650469950348,8.232650469950349e-05,3.120168785561428e-05,-0.000993620173982373,-0.0004833611968529418,0.00046413968573345843,0.0009508239147715231,0.0009475008825864002,secondary_descriptive_not_in_primary_max_t_family
bdb2023_sack,attn_relnet,set_transformer,calibrated_log_loss,20,60,left_largest_minus_20_minus_right_largest_minus_20_within_repeat,100,0.00018489548499915826,0.0036476328129306924,0.00036476328129306923,0.0007296351262093131,-0.005011513941151008,-0.0021930633109851633,0.002494064796864724,0.004619051857865794,0.0046871281078498875,secondary_descriptive_not_in_primary_max_t_family
bdb2023_sack,boosted_structure,attn_relnet,calibrated_log_loss,20,60,left_largest_minus_20_minus_right_largest_minus_20_within_repeat,100,0.0006338754678785478,0.003997039551401641,0.0003997039551401641,0.0011129731985620867,-0.004198725820591622,-0.0014846240254066875,0.0030376494031342655,0.004891566709825626,0.004522273428540953,secondary_descriptive_not_in_primary_max_t_family
bdb2023_sack,boosted_structure,relnet,calibrated_log_loss,20,60,left_largest_minus_20_minus_right_largest_minus_20_within_repeat,100,0.0005502450025041964,0.004011166726783142,0.00040111667267831423,0.0013253798076256762,-0.005224515620560236,-0.0015884491016995156,0.0029102598013458075,0.005390400847788002,0.004498708903045323,secondary_descriptive_not_in_primary_max_t_family
bdb2023_sack,boosted_structure,set_transformer,calibrated_log_loss,20,60,left_largest_minus_20_minus_right_largest_minus_20_within_repeat,100,0.0008187709528777059,0.004438746309464833,0.00044387463094648324,0.0011166834890002364,-0.004304070297748572,-0.0017767197235355608,0.0035843375710531214,0.00585729561063331,0.005361057294588682,secondary_descriptive_not_in_primary_max_t_family
bdb2023_sack,linear_structure,attn_relnet,calibrated_log_loss,20,60,left_largest_minus_20_minus_right_largest_minus_20_within_repeat,100,0.0004898568228782238,0.0043107643388594526,0.00043107643388594526,0.0003517875126410053,-0.004440542627635044,-0.0021193360823111365,0.0028027514449246865,0.005033320003865253,0.004922087527235823,secondary_descriptive_not_in_primary_max_t_family
bdb2023_sack,linear_structure,boosted_structure,calibrated_log_loss,20,60,left_largest_minus_20_minus_right_largest_minus_20_within_repeat,100,-0.00014401864500032392,0.004048725619347196,0.00040487256193471964,0.0002978579013533933,-0.00570569847372501,-0.0028143207769894055,0.0023507273524528208,0.004918630652772699,0.005165048129442226,secondary_descriptive_not_in_primary_max_t_family
bdb2023_sack,linear_structure,relnet,calibrated_log_loss,20,60,left_largest_minus_20_minus_right_largest_minus_20_within_repeat,100,0.0004062263575038724,0.00426579032451957,0.00042657903245195704,0.0005559067686812247,-0.00435490843923699,-0.0017895422623244867,0.0030420672278245256,0.004900591463732677,0.004831609490149012,secondary_descriptive_not_in_primary_max_t_family
bdb2023_sack,linear_structure,set_transformer,calibrated_log_loss,20,60,left_largest_minus_20_minus_right_largest_minus_20_within_repeat,100,0.000674752307877382,0.004351022678452854,0.00043510226784528543,0.0006949889482189553,-0.004562724396586906,-0.001607661142529325,0.003635476302966338,0.005395580206312818,0.005243137445495663,secondary_descriptive_not_in_primary_max_t_family
bdb2023_sack,relnet,attn_relnet,calibrated_log_loss,20,60,left_largest_minus_20_minus_right_largest_minus_20_within_repeat,100,8.363046537435137e-05,0.0004876974678341548,4.876974678341548e-05,9.81988304609438e-05,-0.0004888843078716231,-0.00021794199326002905,0.0003852472338218352,0.0006442648902320992,0.0006031892270818642,secondary_descriptive_not_in_primary_max_t_family
bdb2023_sack,relnet,set_transformer,calibrated_log_loss,20,60,left_largest_minus_20_minus_right_largest_minus_20_within_repeat,100,0.00026852595037350963,0.003593949904009508,0.0003593949904009508,0.0005844516826305213,-0.004778116633184048,-0.0019460933866294466,0.0025370649908392218,0.004994634601652151,0.004483158377468668,secondary_descriptive_not_in_primary_max_t_family
bdb2023_sack,attn_relnet,set_transformer,calibration_bias,20,60,left_largest_minus_20_minus_right_largest_minus_20_within_repeat,100,0.0002586736835127982,0.0030816637672313,0.00030816637672313,0.0006981728942751262,-0.003949755406779682,-0.0013443201618865358,0.0019311383381461998,0.003654719384433484,0.003275458500032736,secondary_descriptive_not_in_primary_max_t_family
bdb2023_sack,boosted_structure,attn_relnet,calibration_bias,20,60,left_largest_minus_20_minus_right_largest_minus_20_within_repeat,100,7.119604873528968e-05,0.0033984461441548862,0.0003398446144154886,-0.00032869477721705074,-0.0043199409644546615,-0.0024029543522144656,0.001957714405951955,0.004860909311033189,0.00436066875816642,secondary_descriptive_not_in_primary_max_t_family
bdb2023_sack,boosted_structure,relnet,calibration_bias,20,60,left_largest_minus_20_minus_right_largest_minus_20_within_repeat,100,0.0001140808567892574,0.003308840220919938,0.0003308840220919938,-0.0001590252706182788,-0.003970752507456968,-0.0020599808459219834,0.0023663942576255814,0.004715849735422567,0.004426375103547564,secondary_descriptive_not_in_primary_max_t_family
bdb2023_sack,boosted_structure,set_transformer,calibration_bias,20,60,left_largest_minus_20_minus_right_largest_minus_20_within_repeat,100,0.00032986973224808784,0.0034189494035688443,0.0003418949403568844,0.0004405690067211857,-0.00362796352843583,-0.0018822789709391483,0.0025364710707223193,0.004787157662208107,0.004418750041661468,secondary_descriptive_not_in_primary_max_t_family
bdb2023_sack,linear_structure,attn_relnet,calibration_bias,20,60,left_largest_minus_20_minus_right_largest_minus_20_within_repeat,100,0.00010382918582476492,0.003380050232968241,0.0003380050232968241,0.00020311674957841457,-0.004134005912270586,-0.0020178984453094006,0.0023233203135996977,0.004240020040782378,0.004341218758909098,secondary_descriptive_not_in_primary_max_t_family
bdb2023_sack,linear_structure,boosted_structure,calibration_bias,20,60,left_largest_minus_20_minus_right_largest_minus_20_within_repeat,100,3.263313708947531e-05,0.0031523944740000634,0.00031523944740000635,-1.0993606849705301e-05,-0.00416998826367557,-0.0021345022455255946,0.002535224302555292,0.004025060431657623,0.004669726548080887,secondary_descriptive_not_in_primary_max_t_family
bdb2023_sack,linear_structure,relnet,calibration_bias,20,60,left_largest_minus_20_minus_right_largest_minus_20_within_repeat,100,0.00014671399387873273,0.0034241599158561092,0.0003424159915856109,0.0003128271664182727,-0.0045499277075698305,-0.0018665116010828237,0.0022969924920230567,0.004489464141276772,0.004163504093105881,secondary_descriptive_not_in_primary_max_t_family
bdb2023_sack,linear_structure,set_transformer,calibration_bias,20,60,left_largest_minus_20_minus_right_largest_minus_20_within_repeat,100,0.00036250286933756315,0.0033267093423355962,0.0003326709342335596,0.0007477338496272405,-0.0036045622216963,-0.0013272215338253244,0.0023453499514488265,0.003571862548522743,0.003672571485274151,secondary_descriptive_not_in_primary_max_t_family
bdb2023_sack,relnet,attn_relnet,calibration_bias,20,60,left_largest_minus_20_minus_right_largest_minus_20_within_repeat,100,-4.288480805396778e-05,0.0008252115864400481,8.252115864400481e-05,-5.925225300498825e-05,-0.0006962937169390509,-0.0004291879256443615,0.0004506698360207525,0.0008165109777671484,0.000879857761665114,secondary_descriptive_not_in_primary_max_t_family
bdb2023_sack,relnet,set_transformer,calibration_bias,20,60,left_largest_minus_20_minus_right_largest_minus_20_within_repeat,100,0.00021578887545883042,0.0031473743826055524,0.0003147374382605552,0.0005344128629014241,-0.0038521498273164484,-0.0013652564924734967,0.001822017560874223,0.003930257956966934,0.00318727405334772,secondary_descriptive_not_in_primary_max_t_family
bdb2023_sack,attn_relnet,set_transformer,game_equal_calibrated_brier,20,60,left_largest_minus_20_minus_right_largest_minus_20_within_repeat,100,-3.38366860437702e-05,0.0008402829461584324,8.402829461584324e-05,9.193658456904674e-06,-0.0011024782864908294,-0.0005250565880838935,0.0003805232788712046,0.0009919447843291396,0.0009055798669550981,secondary_descriptive_not_in_primary_max_t_family
bdb2023_sack,boosted_structure,attn_relnet,game_equal_calibrated_brier,20,60,left_largest_minus_20_minus_right_largest_minus_20_within_repeat,100,9.310548233476781e-05,0.0008506271742741557,8.506271742741558e-05,0.0001579668282643623,-0.0011468748289013772,-0.0002874803881864098,0.0006582070422834173,0.0011481496118911257,0.0009456874304698271,secondary_descriptive_not_in_primary_max_t_family
bdb2023_sack,boosted_structure,relnet,game_equal_calibrated_brier,20,60,left_largest_minus_20_minus_right_largest_minus_20_within_repeat,100,7.037766683193954e-05,0.0008636089614776074,8.636089614776074e-05,9.354270002445014e-05,-0.0010734717761094789,-0.00030559577999633887,0.00064839945344905,0.0011259639453646464,0.0009539952334453889,secondary_descriptive_not_in_primary_max_t_family
bdb2023_sack,boosted_structure,set_transformer,game_equal_calibrated_brier,20,60,left_largest_minus_20_minus_right_largest_minus_20_within_repeat,100,5.926879629099761e-05,0.0010693017861967905,0.00010693017861967906,0.0001487122702588349,-0.0009947809787200514,-0.0005337744526134995,0.0006744134558216274,0.0012921986932635564,0.001208187908435127,secondary_descriptive_not_in_primary_max_t_family
bdb2023_sack,linear_structure,attn_relnet,game_equal_calibrated_brier,20,60,left_largest_minus_20_minus_right_largest_minus_20_within_repeat,100,0.00013487942962751298,0.0011183942592686593,0.00011183942592686593,-1.4062274271829656e-05,-0.0009490923764615133,-0.0004261510271500752,0.0006893949848959802,0.0013497862219214352,0.0011155460120460554,secondary_descriptive_not_in_primary_max_t_family
bdb2023_sack,linear_structure,boosted_structure,game_equal_calibrated_brier,20,60,left_largest_minus_20_minus_right_largest_minus_20_within_repeat,100,4.177394729274517e-05,0.001019221862206869,0.00010192218622068689,-3.9642023473122207e-05,-0.0010718600048375674,-0.0005442174905058873,0.000746501135539349,0.00130353499367461,0.0012907186260452362,secondary_descriptive_not_in_primary_max_t_family
bdb2023_sack,linear_structure,relnet,game_equal_calibrated_brier,20,60,left_largest_minus_20_minus_right_largest_minus_20_within_repeat,100,0.0001121516141246847,0.0011293439074552957,0.00011293439074552957,2.582667518578538e-05,-0.0009418730084461396,-0.0005052091428560963,0.0006400513580276917,0.001401862344247517,0.001145260500883788,secondary_descriptive_not_in_primary_max_t_family
bdb2023_sack,linear_structure,set_transformer,game_equal_calibrated_brier,20,60,left_largest_minus_20_minus_right_largest_minus_20_within_repeat,100,0.00010104274358374278,0.0011414715619589976,0.00011414715619589976,0.00014338530891096213,-0.0012103816078240682,-0.00042421999298172634,0.0005957309405245099,0.0014140336689629062,0.0010199509335062362,secondary_descriptive_not_in_primary_max_t_family
bdb2023_sack,relnet,attn_relnet,game_equal_calibrated_brier,20,60,left_largest_minus_20_minus_right_largest_minus_20_within_repeat,100,2.272781550282828e-05,0.0001187755930840568,1.187755930840568e-05,2.2898931211351448e-05,-9.210172794603746e-05,-3.4374287265570916e-05,7.040142514204081e-05,0.00016520076244734216,0.00010477571240761173,secondary_descriptive_not_in_primary_max_t_family
bdb2023_sack,relnet,set_transformer,game_equal_calibrated_brier,20,60,left_largest_minus_20_minus_right_largest_minus_20_within_repeat,100,-1.1108870540941923e-05,0.0008472547702496907,8.472547702496907e-05,5.6432122246766886e-05,-0.0010231978709514908,-0.0004767192877379797,0.000420672290701387,0.001017637327056549,0.0008973915784393667,secondary_descriptive_not_in_primary_max_t_family
bdb2023_sack,attn_relnet,set_transformer,game_equal_calibrated_log_loss,20,60,left_largest_minus_20_minus_right_largest_minus_20_within_repeat,100,8.853709977362595e-05,0.0036954692524605037,0.00036954692524605035,0.00042307279363509864,-0.00525604068734721,-0.002365560956627835,0.0022178602904512207,0.004735161248300132,0.004583421247079056,secondary_descriptive_not_in_primary_max_t_family
bdb2023_sack,boosted_structure,attn_relnet,game_equal_calibrated_log_loss,20,60,left_largest_minus_20_minus_right_largest_minus_20_within_repeat,100,0.0006155655233676607,0.003995420958518422,0.0003995420958518422,0.0009094161742526502,-0.005142957932712644,-0.0014997670140493718,0.0034014417000690633,0.0048611002165036285,0.004901208714118435,secondary_descriptive_not_in_primary_max_t_family
bdb2023_sack,boosted_structure,relnet,game_equal_calibrated_log_loss,20,60,left_largest_minus_20_minus_right_largest_minus_20_within_repeat,100,0.0005228908599510368,0.004021205315426723,0.0004021205315426723,0.0009264659081037047,-0.005425296716104419,-0.001541976701174494,0.003080033495618202,0.0051350191384419855,0.004622010196792696,secondary_descriptive_not_in_primary_max_t_family
bdb2023_sack,boosted_structure,set_transformer,game_equal_calibrated_log_loss,20,60,left_largest_minus_20_minus_right_largest_minus_20_within_repeat,100,0.0007041026231412867,0.004503948728340541,0.0004503948728340541,0.001360123018877113,-0.0044472443534523485,-0.002130489953014396,0.003286415825102522,0.0056385404232292095,0.005416905778116918,secondary_descriptive_not_in_primary_max_t_family
bdb2023_sack,linear_structure,attn_relnet,game_equal_calibrated_log_loss,20,60,left_largest_minus_20_minus_right_largest_minus_20_within_repeat,100,0.00048463017563940585,0.004548058830490753,0.00045480588304907534,0.0007383889467162119,-0.004404754280195466,-0.002157041098887716,0.003012301381279045,0.005403321137351093,0.005169342480166761,secondary_descriptive_not_in_primary_max_t_family
bdb2023_sack,linear_structure,boosted_structure,game_equal_calibrated_log_loss,20,60,left_largest_minus_20_minus_right_largest_minus_20_within_repeat,100,-0.00013093534772825487,0.004300002681724284,0.00043000026817242837,0.00026254077606821524,-0.005868324683990922,-0.0031035711036465907,0.0024633646883786,0.005288163984533512,0.0055669357920251905,secondary_descriptive_not_in_primary_max_t_family
bdb2023_sack,linear_structure,relnet,game_equal_calibrated_log_loss,20,60,left_largest_minus_20_minus_right_largest_minus_20_within_repeat,100,0.0003919555122227819,0.004506063395724019,0.00045060633957240187,0.0007133568537574936,-0.004421924482576789,-0.0022067421401016085,0.003176631940952801,0.0056082958821568685,0.0053833740810544095,secondary_descriptive_not_in_primary_max_t_family
bdb2023_sack,linear_structure,set_transformer,game_equal_calibrated_log_loss,20,60,left_largest_minus_20_minus_right_largest_minus_20_within_repeat,100,0.0005731672754130318,0.004537866492333156,0.00045378664923331557,0.0008167417175949931,-0.004551578687914623,-0.001973914059845039,0.0037601241772328847,0.005848090227031854,0.005734038237077924,secondary_descriptive_not_in_primary_max_t_family
bdb2023_sack,relnet,attn_relnet,game_equal_calibrated_log_loss,20,60,left_largest_minus_20_minus_right_largest_minus_20_within_repeat,100,9.267466341662395e-05,0.0005235009448446394,5.235009448446394e-05,0.00011984511531892839,-0.0005086770228268283,-0.00022638987345599548,0.00043467827428685796,0.0007762480524905219,0.0006610681477428534,secondary_descriptive_not_in_primary_max_t_family
bdb2023_sack,relnet,set_transformer,game_equal_calibrated_log_loss,20,60,left_largest_minus_20_minus_right_largest_minus_20_within_repeat,100,0.0001812117631902499,0.003644581971396606,0.0003644581971396606,0.0003831181657683036,-0.005198531766035308,-0.0022898027986156325,0.002519944633443079,0.005044181266286752,0.004809747432058711,secondary_descriptive_not_in_primary_max_t_family
bdb2023_sack,attn_relnet,set_transformer,game_equal_calibration_bias,20,60,left_largest_minus_20_minus_right_largest_minus_20_within_repeat,100,0.0002513035016876395,0.0031566376509483554,0.00031566376509483557,0.0006760399722466513,-0.003925282304708722,-0.0011514760544129913,0.002126096013015677,0.0035512169463453105,0.0032775720674286684,secondary_descriptive_not_in_primary_max_t_family
bdb2023_sack,boosted_structure,attn_relnet,game_equal_calibration_bias,20,60,left_largest_minus_20_minus_right_largest_minus_20_within_repeat,100,0.00011171489429565669,0.003493090524205415,0.0003493090524205415,-0.0002898880347005522,-0.004395284804890096,-0.0021955499587035954,0.002118412226977894,0.0054602633901379176,0.0043139621856814895,secondary_descriptive_not_in_primary_max_t_family
bdb2023_sack,boosted_structure,relnet,game_equal_calibration_bias,20,60,left_largest_minus_20_minus_right_largest_minus_20_within_repeat,100,0.00015082076172551724,0.0034070758522763167,0.00034070758522763164,-0.0001910365731705592,-0.003996014661959351,-0.0018898174816650223,0.0023862020374711967,0.004957666341450219,0.004276019519136219,secondary_descriptive_not_in_primary_max_t_family
bdb2023_sack,boosted_structure,set_transformer,game_equal_calibration_bias,20,60,left_largest_minus_20_minus_right_largest_minus_20_within_repeat,100,0.0003630183959832962,0.0034883907708079527,0.0003488390770807953,0.0004329695750101186,-0.003932442483336987,-0.0018648096968079252,0.0026671527907531213,0.004742396083834106,0.004531962487561047,secondary_descriptive_not_in_primary_max_t_family
bdb2023_sack,linear_structure,attn_relnet,game_equal_calibration_bias,20,60,left_largest_minus_20_minus_right_largest_minus_20_within_repeat,100,0.0001173194148765987,0.003457624964819021,0.0003457624964819021,0.00015980814124203087,-0.003843015598833006,-0.002409390670890992,0.002406601373935165,0.004774158787484415,0.0048159920448261565,secondary_descriptive_not_in_primary_max_t_family
bdb2023_sack,linear_structure,boosted_structure,game_equal_calibration_bias,20,60,left_largest_minus_20_minus_right_largest_minus_20_within_repeat,100,5.604520580942067e-06,0.003232481551662448,0.0003232481551662448,8.535845694223416e-05,-0.004357992395642744,-0.002122039970063924,0.0026186133707383936,0.004343479750303115,0.004740653340802318,secondary_descriptive_not_in_primary_max_t_family
bdb2023_sack,linear_structure,relnet,game_equal_calibration_bias,20,60,left_largest_minus_20_minus_right_largest_minus_20_within_repeat,100,0.0001564252823064593,0.0034965957791487307,0.00034965957791487307,0.0003228348052164028,-0.004409787525435559,-0.002061827694486552,0.0026357676169583752,0.004584290853894389,0.004697595311444928,secondary_descriptive_not_in_primary_max_t_family
bdb2023_sack,linear_structure,set_transformer,game_equal_calibration_bias,20,60,left_largest_minus_20_minus_right_largest_minus_20_within_repeat,100,0.0003686229165642381,0.0034801883576226983,0.00034801883576226984,0.0007952132725748256,-0.00352786828014087,-0.0013773171051439644,0.0024307285098714914,0.004261531925199999,0.0038080456150154556,secondary_descriptive_not_in_primary_max_t_family
bdb2023_sack,relnet,attn_relnet,game_equal_calibration_bias,20,60,left_largest_minus_20_minus_right_largest_minus_20_within_repeat,100,-3.910586742986055e-05,0.0008009826819091636,8.009826819091635e-05,-4.566875009067014e-05,-0.000747027246536105,-0.0004364919390833077,0.00045629153285440486,0.0008203008051294676,0.0008927834719377125,secondary_descriptive_not_in_primary_max_t_family
bdb2023_sack,relnet,set_transformer,game_equal_calibration_bias,20,60,left_largest_minus_20_minus_right_largest_minus_20_within_repeat,100,0.000212197634257779,0.0032233293834775948,0.00032233293834775946,0.0005060941893940442,-0.003951903629923896,-0.001343277537548993,0.0020371375319462393,0.004224193425473754,0.0033804150694952324,secondary_descriptive_not_in_primary_max_t_family
bdb2023_sack,attn_relnet,set_transformer,game_equal_label0_set_coverage,20,60,left_largest_minus_20_minus_right_largest_minus_20_within_repeat,100,0.01829316146307103,0.11339101952106999,0.011339101952106998,0.010564998807774284,-0.11423226118578522,-0.04825674657359191,0.08177994455454304,0.17965612348645485,0.13003669112813496,secondary_descriptive_not_in_primary_max_t_family
bdb2023_sack,boosted_structure,attn_relnet,game_equal_label0_set_coverage,20,60,left_largest_minus_20_minus_right_largest_minus_20_within_repeat,100,-0.0067223040590452246,0.1259202244768735,0.01259202244768735,-0.006751251518254453,-0.1471846484776808,-0.08841902167265486,0.07823789369191214,0.154048743143005,0.166656915364567,secondary_descriptive_not_in_primary_max_t_family
bdb2023_sack,boosted_structure,relnet,game_equal_label0_set_coverage,20,60,left_largest_minus_20_minus_right_largest_minus_20_within_repeat,100,-0.007299088620855361,0.12649285427873666,0.012649285427873667,-0.009268961328385339,-0.15189406500385444,-0.0891113168707329,0.08022499181146617,0.15453537134403758,0.16933630868219907,secondary_descriptive_not_in_primary_max_t_family
bdb2023_sack,boosted_structure,set_transformer,game_equal_label0_set_coverage,20,60,left_largest_minus_20_minus_right_largest_minus_20_within_repeat,100,0.011570857404025804,0.11244355997131167,0.011244355997131167,0.004675512890282396,-0.12138058473320797,-0.0775206357003268,0.0927763911488477,0.1489181259143879,0.1702970268491745,secondary_descriptive_not_in_primary_max_t_family
bdb2023_sack,linear_structure,attn_relnet,game_equal_label0_set_coverage,20,60,left_largest_minus_20_minus_right_largest_minus_20_within_repeat,100,-0.009556259401001688,0.1080680544281066,0.01080680544281066,-0.005144975818105635,-0.146044232616787,-0.08161085427854387,0.06313166062016068,0.11606526533021774,0.14474251489870454,secondary_descriptive_not_in_primary_max_t_family
bdb2023_sack,linear_structure,boosted_structure,game_equal_label0_set_coverage,20,60,left_largest_minus_20_minus_right_largest_minus_20_within_repeat,100,-0.0028339553419564636,0.10710390834584241,0.01071039083458424,-0.0016526174977829489,-0.11710435718981523,-0.06653537406877177,0.07287938640111258,0.12164056345265394,0.13941476046988435,secondary_descriptive_not_in_primary_max_t_family
bdb2023_sack,linear_structure,relnet,game_equal_label0_set_coverage,20,60,left_largest_minus_20_minus_right_largest_minus_20_within_repeat,100,-0.010133043962811823,0.10903764106025599,0.010903764106025598,-0.006259074942468912,-0.1582014761388587,-0.08071218619961673,0.06238446485229823,0.12231638454187793,0.14309665105191496,secondary_descriptive_not_in_primary_max_t_family
bdb2023_sack,linear_structure,set_transformer,game_equal_label0_set_coverage,20,60,left_largest_minus_20_minus_right_largest_minus_20_within_repeat,100,0.008736902062069342,0.10492223145925736,0.010492223145925735,0.001966281467526365,-0.10549685265445172,-0.057669599257275134,0.05614737227460451,0.13175203599755944,0.11381697153187964,secondary_descriptive_not_in_primary_max_t_family
bdb2023_sack,relnet,attn_relnet,game_equal_label0_set_coverage,20,60,left_largest_minus_20_minus_right_largest_minus_20_within_repeat,100,0.0005767845618101364,0.013477957694387806,0.0013477957694387806,-0.0001972883447380891,-0.009869707204871557,-0.0024584952125947246,0.002894153712847458,0.007609970130532426,0.005352648925442183,secondary_descriptive_not_in_primary_max_t_family
bdb2023_sack,relnet,set_transformer,game_equal_label0_set_coverage,20,60,left_largest_minus_20_minus_right_largest_minus_20_within_repeat,100,0.018869946024881165,0.11204533223029514,0.011204533223029514,0.012483290718729945,-0.11658538873676753,-0.05003456958903571,0.08127790293534223,0.18046831533155844,0.13131247252437794,secondary_descriptive_not_in_primary_max_t_family
bdb2023_sack,attn_relnet,set_transformer,game_equal_label1_set_coverage,20,60,left_largest_minus_20_minus_right_largest_minus_20_within_repeat,100,0.005406377551020402,0.11558987814535604,0.011558987814535604,-0.002607709750567122,-0.1483786848072562,-0.06114370748299333,0.07201814058956901,0.14302721088435374,0.13316184807256234,secondary_descriptive_not_in_primary_max_t_family
bdb2023_sack,boosted_structure,attn_relnet,game_equal_label1_set_coverage,20,60,left_largest_minus_20_minus_right_largest_minus_20_within_repeat,100,-0.004068282312925184,0.10099640359460638,0.010099640359460638,-0.010600907029478523,-0.1278081065759639,-0.07315759637188202,0.07480158730158726,0.11745464852607716,0.14795918367346927,secondary_descriptive_not_in_primary_max_t_family
bdb2023_sack,boosted_structure,relnet,game_equal_label1_set_coverage,20,60,left_largest_minus_20_minus_right_largest_minus_20_within_repeat,100,-0.005022590702947849,0.10329572692702413,0.010329572692702413,-0.005498866213151932,-0.13348072562358265,-0.0784821428571428,0.07480158730158726,0.11678571428571437,0.15328373015873006,secondary_descriptive_not_in_primary_max_t_family
bdb2023_sack,boosted_structure,set_transformer,game_equal_label1_set_coverage,20,60,left_largest_minus_20_minus_right_largest_minus_20_within_repeat,100,0.0013380952380952172,0.11702888461518605,0.011702888461518606,-0.003287981859410427,-0.14169954648526073,-0.08701814058956892,0.07070578231292521,0.1454818594104309,0.15772392290249412,secondary_descriptive_not_in_primary_max_t_family
bdb2023_sack,linear_structure,attn_relnet,game_equal_label1_set_coverage,20,60,left_largest_minus_20_minus_right_largest_minus_20_within_repeat,100,-0.00933954081632655,0.09758747794800357,0.009758747794800357,-0.015617913832199626,-0.12286848072562362,-0.0672902494331066,0.06734693877551035,0.11223554421768715,0.13463718820861695,secondary_descriptive_not_in_primary_max_t_family
bdb2023_sack,linear_structure,boosted_structure,game_equal_label1_set_coverage,20,60,left_largest_minus_20_minus_right_largest_minus_20_within_repeat,100,-0.005271258503401366,0.10925744906274479,0.010925744906274478,-0.014569160997732533,-0.12897959183673482,-0.07192460317460314,0.07346938775510181,0.1395918367346941,0.14539399092970495,secondary_descriptive_not_in_primary_max_t_family
bdb2023_sack,linear_structure,relnet,game_equal_label1_set_coverage,20,60,left_largest_minus_20_minus_right_largest_minus_20_within_repeat,100,-0.010293849206349215,0.10048631834090668,0.010048631834090669,-0.019495464852607447,-0.12295918367346942,-0.07680555555555552,0.06942885487528358,0.11120181405895675,0.1462344104308391,secondary_descriptive_not_in_primary_max_t_family
bdb2023_sack,linear_structure,set_transformer,game_equal_label1_set_coverage,20,60,left_largest_minus_20_minus_right_largest_minus_20_within_repeat,100,-0.0039331632653061485,0.09008347444653517,0.009008347444653517,0.0004365079365080682,-0.10328231292517015,-0.055243764172335647,0.04061791383219951,0.09836734693877536,0.09586167800453516,secondary_descriptive_not_in_primary_max_t_family
bdb2023_sack,relnet,attn_relnet,game_equal_label1_set_coverage,20,60,left_largest_minus_20_minus_right_largest_minus_20_within_repeat,100,0.0009543083900226645,0.0219377293849737,0.0021937729384973697,0.0,-0.0198214285714285,-0.00793650793650802,2.7755575615628914e-17,0.020892857142857074,0.007936507936508047,secondary_descriptive_not_in_primary_max_t_family
bdb2023_sack,relnet,set_transformer,game_equal_label1_set_coverage,20,60,left_largest_minus_20_minus_right_largest_minus_20_within_repeat,100,0.006360685941043067,0.11705151191413533,0.011705151191413533,0.0005952380952380376,-0.14880952380952372,-0.05748724489795903,0.07241496598639435,0.14543083900226794,0.1299022108843534,secondary_descriptive_not_in_primary_max_t_family
bdb2023_sack,attn_relnet,set_transformer,game_equal_loss,20,60,left_largest_minus_20_minus_right_largest_minus_20_within_repeat,100,0.0007672902850067256,0.005778455357753271,0.0005778455357753271,0.00027495078741384543,-0.0012560308341335133,-0.0003887464592825518,0.00097902413994525,0.0016334751111407168,0.0013677705992278019,secondary_descriptive_not_in_primary_max_t_family
bdb2023_sack,boosted_structure,attn_relnet,game_equal_loss,20,60,left_largest_minus_20_minus_right_largest_minus_20_within_repeat,100,-0.00047149041113067,0.003826041161001555,0.0003826041161001555,-0.0008862008853004616,-0.002231517948083621,-0.0016050310675059624,-0.0001358780507375052,0.0006693260652717622,0.0014691530167684572,secondary_descriptive_not_in_primary_max_t_family
bdb2023_sack,boosted_structure,relnet,game_equal_loss,20,60,left_largest_minus_20_minus_right_largest_minus_20_within_repeat,100,-0.0008208171554035149,0.0013634949044229224,0.00013634949044229224,-0.0009002806814132069,-0.002179269598176603,-0.0016392078679394184,-0.0001497146160642105,0.0006073481122209839,0.001489493251875208,secondary_descriptive_not_in_primary_max_t_family
bdb2023_sack,boosted_structure,set_transformer,game_equal_loss,20,60,left_largest_minus_20_minus_right_largest_minus_20_within_repeat,100,0.00029579987387605563,0.005422115038650697,0.0005422115038650697,-0.0007946799918335627,-0.002024141743737086,-0.0014431530795776595,0.0002017470750580886,0.0015431582537138433,0.0016449001546357481,secondary_descriptive_not_in_primary_max_t_family
bdb2023_sack,linear_structure,attn_relnet,game_equal_loss,20,60,left_largest_minus_20_minus_right_largest_minus_20_within_repeat,100,0.0004814842671463829,0.003831030479932108,0.0003831030479932108,3.59006256872782e-05,-0.0013531778572379422,-0.0005652346048802218,0.0007757659182592719,0.0012508788413618027,0.0013410005231394937,secondary_descriptive_not_in_primary_max_t_family
bdb2023_sack,linear_structure,boosted_structure,game_equal_loss,20,60,left_largest_minus_20_minus_right_largest_minus_20_within_repeat,100,0.0009529746782770529,0.0011570223895258545,0.00011570223895258545,0.001037906957981262,-0.00037737576082361645,0.00033641734128357637,0.0016216674045899469,0.0021128675794545664,0.0012852500633063705,secondary_descriptive_not_in_primary_max_t_family
bdb2023_sack,linear_structure,relnet,game_equal_loss,20,60,left_largest_minus_20_minus_right_largest_minus_20_within_repeat,100,0.00013215752287353797,0.0013915243293247156,0.00013915243293247155,3.3071034095968205e-05,-0.001355906071744875,-0.0005941577017941971,0.0007430209345469976,0.0012658161793783235,0.0013371786363411946,secondary_descriptive_not_in_primary_max_t_family
bdb2023_sack,linear_structure,set_transformer,game_equal_loss,20,60,left_largest_minus_20_minus_right_largest_minus_20_within_repeat,100,0.0012487745521531084,0.005408211907817529,0.000540821190781753,0.00020044134113209738,-0.0009073114658979684,-0.00043350393107873496,0.0008758828319927175,0.002260804030662166,0.0013093867630714524,secondary_descriptive_not_in_primary_max_t_family
bdb2023_sack,relnet,attn_relnet,game_equal_loss,20,60,left_largest_minus_20_minus_right_largest_minus_20_within_repeat,100,0.0003493267442728449,0.0036458602854203197,0.000364586028542032,-6.375991706553119e-07,-3.527208250765773e-05,-1.2416465304115887e-05,8.48117970333323e-06,3.987058452749471e-05,2.0897645007449117e-05,secondary_descriptive_not_in_primary_max_t_family
bdb2023_sack,relnet,set_transformer,game_equal_loss,20,60,left_largest_minus_20_minus_right_largest_minus_20_within_repeat,100,0.0011166170292795706,0.004992322844908301,0.00049923228449083,0.0003106858624874753,-0.0011301460243245463,-0.0003885803989779682,0.001007337463509013,0.0017116385683305405,0.0013959178624869811,secondary_descriptive_not_in_primary_max_t_family
bdb2023_sack,attn_relnet,set_transformer,game_equal_mean_entropy,20,60,left_largest_minus_20_minus_right_largest_minus_20_within_repeat,100,0.00021187211932156003,0.006717547721573897,0.0006717547721573897,-0.0003413465219853501,-0.007526596612246636,-0.004310859692487942,0.004192603955214327,0.007575262276826309,0.00850346364770227,secondary_descriptive_not_in_primary_max_t_family
bdb2023_sack,boosted_structure,attn_relnet,game_equal_mean_entropy,20,60,left_largest_minus_20_minus_right_largest_minus_20_within_repeat,100,0.0002929672340571307,0.0076899262628792745,0.0007689926262879275,0.000500326831671491,-0.009583821639971854,-0.004941416474913404,0.005073232960216119,0.01022929688009746,0.010014649435129523,secondary_descriptive_not_in_primary_max_t_family
bdb2023_sack,boosted_structure,relnet,game_equal_mean_entropy,20,60,left_largest_minus_20_minus_right_largest_minus_20_within_repeat,100,0.00027675870307779016,0.007449487723330779,0.000744948772333078,0.0008989645687041414,-0.009553731001499494,-0.005804988633243406,0.006196622908100975,0.008599602905546249,0.012001611541344381,secondary_descriptive_not_in_primary_max_t_family
bdb2023_sack,boosted_structure,set_transformer,game_equal_mean_entropy,20,60,left_largest_minus_20_minus_right_largest_minus_20_within_repeat,100,0.0005048393533786908,0.00781309827620741,0.000781309827620741,0.0007550402769451459,-0.009503503728778891,-0.0056836992352157015,0.005890462917275054,0.009502898054866114,0.011574162152490755,secondary_descriptive_not_in_primary_max_t_family
bdb2023_sack,linear_structure,attn_relnet,game_equal_mean_entropy,20,60,left_largest_minus_20_minus_right_largest_minus_20_within_repeat,100,-0.0009754774396164651,0.006869825822253408,0.0006869825822253408,-0.001238442152787969,-0.008672898976303115,-0.005705761201785106,0.0038322993881737336,0.00890731329578526,0.00953806058995884,secondary_descriptive_not_in_primary_max_t_family
bdb2023_sack,linear_structure,boosted_structure,game_equal_mean_entropy,20,60,left_largest_minus_20_minus_right_largest_minus_20_within_repeat,100,-0.0012684446736735957,0.00711591963861016,0.000711591963861016,-0.0011956707717808712,-0.010389961421815839,-0.0067163132952854435,0.0033902491596312923,0.009350624636971441,0.010106562454916736,secondary_descriptive_not_in_primary_max_t_family
bdb2023_sack,linear_structure,relnet,game_equal_mean_entropy,20,60,left_largest_minus_20_minus_right_largest_minus_20_within_repeat,100,-0.0009916859705958055,0.006963851536750072,0.0006963851536750073,-0.0008237561434609048,-0.00875883200685868,-0.006231699809136591,0.002789608953323773,0.008585744983016116,0.009021308762460364,secondary_descriptive_not_in_primary_max_t_family
bdb2023_sack,linear_structure,set_transformer,game_equal_mean_entropy,20,60,left_largest_minus_20_minus_right_largest_minus_20_within_repeat,100,-0.0007636053202949051,0.00732585190169124,0.000732585190169124,-0.0008458350609076848,-0.009094889057406377,-0.0047497922893891265,0.002852752339839733,0.007507147886174007,0.007602544629228859,secondary_descriptive_not_in_primary_max_t_family
bdb2023_sack,relnet,attn_relnet,game_equal_mean_entropy,20,60,left_largest_minus_20_minus_right_largest_minus_20_within_repeat,100,1.6208530979340552e-05,0.0021621317792985457,0.00021621317792985456,0.00017908612039635452,-0.0021660686585519145,-0.0012660678898473027,0.0009662857537923591,0.002218920230316891,0.002232353643639662,secondary_descriptive_not_in_primary_max_t_family
bdb2023_sack,relnet,set_transformer,game_equal_mean_entropy,20,60,left_largest_minus_20_minus_right_largest_minus_20_within_repeat,100,0.00022808065030090058,0.006696340576736888,0.0006696340576736887,-0.00041610581205291097,-0.007110605216860358,-0.004012952083964377,0.004255097354841635,0.007413257753789041,0.008268049438806012,secondary_descriptive_not_in_primary_max_t_family
bdb2023_sack,attn_relnet,set_transformer,game_equal_mean_va_imprecision,20,60,left_largest_minus_20_minus_right_largest_minus_20_within_repeat,100,-0.0003594352554521204,0.002502188850694846,0.0002502188850694846,-0.00044313838650776875,-0.003285338767250962,-0.00198576614893731,0.0011372638986475898,0.002777433586214241,0.0031230300475848997,secondary_descriptive_not_in_primary_max_t_family
bdb2023_sack,boosted_structure,attn_relnet,game_equal_mean_va_imprecision,20,60,left_largest_minus_20_minus_right_largest_minus_20_within_repeat,100,3.335737807451365e-05,0.002608709677174203,0.00026087096771742026,-9.367048144189559e-05,-0.00282930710988596,-0.001942171002986283,0.0017800281761033792,0.003364989877551643,0.003722199179089662,secondary_descriptive_not_in_primary_max_t_family
bdb2023_sack,boosted_structure,relnet,game_equal_mean_va_imprecision,20,60,left_largest_minus_20_minus_right_largest_minus_20_within_repeat,100,4.2941922811595464e-05,0.002575294204266789,0.00025752942042667887,-0.00021177557336906597,-0.00257684358430959,-0.001440804292583901,0.001689824091874311,0.0036782612118220525,0.003130628384458212,secondary_descriptive_not_in_primary_max_t_family
bdb2023_sack,boosted_structure,set_transformer,game_equal_mean_va_imprecision,20,60,left_largest_minus_20_minus_right_largest_minus_20_within_repeat,100,-0.00032607787737760685,0.0028961858264826236,0.0002896185826482624,-0.0005955453757092249,-0.003906539717549778,-0.002089971146617001,0.0013834938810896415,0.0042721554800566434,0.0034734650277066428,secondary_descriptive_not_in_primary_max_t_family
bdb2023_sack,linear_structure,attn_relnet,game_equal_mean_va_imprecision,20,60,left_largest_minus_20_minus_right_largest_minus_20_within_repeat,100,0.0004579121585731641,0.0027509464277139764,0.00027509464277139766,0.0001975424909214981,-0.002855855156831009,-0.0012835088067365695,0.0023722014485084244,0.0038016394764778766,0.003655710255244994,secondary_descriptive_not_in_primary_max_t_family
bdb2023_sack,linear_structure,boosted_structure,game_equal_mean_va_imprecision,20,60,left_largest_minus_20_minus_right_largest_minus_20_within_repeat,100,0.00042455478049865047,0.0029337645858297638,0.00029337645858297637,0.0003539758408313029,-0.003099978449816787,-0.0015182847762720206,0.00202906008171497,0.004302485134668107,0.0035473448579869905,secondary_descriptive_not_in_primary_max_t_family
bdb2023_sack,linear_structure,relnet,game_equal_mean_va_imprecision,20,60,left_largest_minus_20_minus_right_largest_minus_20_within_repeat,100,0.0004674967033102461,0.0028354223953302596,0.00028354223953302597,0.0004308481757196968,-0.002718240841764064,-0.0015962392763153319,0.0024696641847852,0.0035512939555129167,0.004065903461100532,secondary_descriptive_not_in_primary_max_t_family
bdb2023_sack,linear_structure,set_transformer,game_equal_mean_va_imprecision,20,60,left_largest_minus_20_minus_right_largest_minus_20_within_repeat,100,9.847690312104373e-05,0.0027503125995885333,0.00027503125995885334,-0.00025270723559877965,-0.0029608332912329557,-0.0019071678222648603,0.0020170910112758487,0.0033923640915813763,0.003924258833540709,secondary_descriptive_not_in_primary_max_t_family
bdb2023_sack,relnet,attn_relnet,game_equal_mean_va_imprecision,20,60,left_largest_minus_20_minus_right_largest_minus_20_within_repeat,100,-9.584544737081808e-06,0.0009300370226681873,9.300370226681873e-05,-4.559201054089726e-06,-0.0011468269014784935,-0.0005272396708746413,0.0004210081120248839,0.000994730610788589,0.0009482477828995252,secondary_descriptive_not_in_primary_max_t_family
bdb2023_sack,relnet,set_transformer,game_equal_mean_va_imprecision,20,60,left_largest_minus_20_minus_right_largest_minus_20_within_repeat,100,-0.00036901980018920233,0.0026092481749886718,0.00026092481749886715,-0.00042557366328309625,-0.0033780004827698904,-0.002235858478840704,0.001097813256521076,0.0026305989576598816,0.00333367173536178,secondary_descriptive_not_in_primary_max_t_family
bdb2023_sack,attn_relnet,set_transformer,game_equal_p90_va_imprecision,20,60,left_largest_minus_20_minus_right_largest_minus_20_within_repeat,100,-0.000522618172870549,0.008297212364765941,0.0008297212364765941,0.00038710899614394093,-0.01015257862324043,-0.005458592317686464,0.004245436913316667,0.009268788585789762,0.009704029231003131,secondary_descriptive_not_in_primary_max_t_family
bdb2023_sack,boosted_structure,attn_relnet,game_equal_p90_va_imprecision,20,60,left_largest_minus_20_minus_right_largest_minus_20_within_repeat,100,-0.00013906110717637276,0.007857429419161068,0.0007857429419161068,-0.00018852442853025536,-0.010073598105692349,-0.004431468760454951,0.004961878536979816,0.009260210024069656,0.009393347297434768,secondary_descriptive_not_in_primary_max_t_family
bdb2023_sack,boosted_structure,relnet,game_equal_p90_va_imprecision,20,60,left_largest_minus_20_minus_right_largest_minus_20_within_repeat,100,0.00010120956797491261,0.007844263113101053,0.0007844263113101054,0.0002923296886773877,-0.009944423137529274,-0.005101023302916412,0.0057450765099409645,0.010076177511946982,0.010846099812857377,secondary_descriptive_not_in_primary_max_t_family
bdb2023_sack,boosted_structure,set_transformer,game_equal_p90_va_imprecision,20,60,left_largest_minus_20_minus_right_largest_minus_20_within_repeat,100,-0.0006616792800469218,0.008223741878580389,0.0008223741878580389,-0.0014866537404902283,-0.009608374456543268,-0.00648132826077053,0.004657868962648694,0.0111583383399617,0.011139197223419224,secondary_descriptive_not_in_primary_max_t_family
bdb2023_sack,linear_structure,attn_relnet,game_equal_p90_va_imprecision,20,60,left_largest_minus_20_minus_right_largest_minus_20_within_repeat,100,0.0010394397711821087,0.008240302173974402,0.0008240302173974402,0.002128132598714961,-0.00905697458100598,-0.003989146005826416,0.006841970637184717,0.010289662107401246,0.010831116643011132,secondary_descriptive_not_in_primary_max_t_family
bdb2023_sack,linear_structure,boosted_structure,game_equal_p90_va_imprecision,20,60,left_largest_minus_20_minus_right_largest_minus_20_within_repeat,100,0.0011785008783584817,0.008147490612088162,0.0008147490612088161,0.0011426755088735805,-0.009910594411324917,-0.003829528141557393,0.006467002985066297,0.012792542850958252,0.01029653112662369,secondary_descriptive_not_in_primary_max_t_family
bdb2023_sack,linear_structure,relnet,game_equal_p90_va_imprecision,20,60,left_largest_minus_20_minus_right_largest_minus_20_within_repeat,100,0.0012797104463333942,0.008459302484575512,0.0008459302484575511,0.001755629588813993,-0.009291192359904362,-0.004054698946225084,0.0074910216778013355,0.010347943580090209,0.01154572062402642,secondary_descriptive_not_in_primary_max_t_family
bdb2023_sack,linear_structure,set_transformer,game_equal_p90_va_imprecision,20,60,left_largest_minus_20_minus_right_largest_minus_20_within_repeat,100,0.0005168215983115592,0.008160216379600894,0.0008160216379600894,-0.0010581483390959424,-0.008733665090753392,-0.004689971535272471,0.00599589363322602,0.011669064580098277,0.01068586516849849,secondary_descriptive_not_in_primary_max_t_family
bdb2023_sack,relnet,attn_relnet,game_equal_p90_va_imprecision,20,60,left_largest_minus_20_minus_right_largest_minus_20_within_repeat,100,-0.00024027067515128544,0.003229610869153586,0.00032296108691535856,-6.124688634085102e-05,-0.0044060028526353824,-0.0025833649899257207,0.0015439659816102662,0.0034368392353808135,0.004127330971535987,secondary_descriptive_not_in_primary_max_t_family
bdb2023_sack,relnet,set_transformer,game_equal_p90_va_imprecision,20,60,left_largest_minus_20_minus_right_largest_minus_20_within_repeat,100,-0.0007628888480218346,0.008049122680032791,0.0008049122680032791,0.00011364545536472715,-0.011410881405149304,-0.005336141008288536,0.0037902212203421394,0.008126438990418691,0.009126362228630676,secondary_descriptive_not_in_primary_max_t_family
bdb2023_sack,attn_relnet,set_transformer,game_equal_rms_reliability,20,60,left_largest_minus_20_minus_right_largest_minus_20_within_repeat,100,-0.002276901807605092,0.020749846324967597,0.0020749846324967596,-0.0033855667488750033,-0.027569556204065697,-0.015141460191179745,0.010269798589742337,0.022806049798821438,0.025411258780922083,secondary_descriptive_not_in_primary_max_t_family
bdb2023_sack,boosted_structure,attn_relnet,game_equal_rms_reliability,20,60,left_largest_minus_20_minus_right_largest_minus_20_within_repeat,100,-0.0015863465170869765,0.025429560172016728,0.0025429560172016727,0.0003953918429476892,-0.03158976073152623,-0.01987905201861826,0.01534190142444567,0.028926337829218877,0.03522095344306393,secondary_descriptive_not_in_primary_max_t_family
bdb2023_sack,boosted_structure,relnet,game_equal_rms_reliability,20,60,left_largest_minus_20_minus_right_largest_minus_20_within_repeat,100,-0.0010784103263564945,0.024489930830188435,0.0024489930830188435,0.0007022984110459998,-0.03043715712443825,-0.014365067121952615,0.014148328893117469,0.0275305190839165,0.028513396015070084,secondary_descriptive_not_in_primary_max_t_family
bdb2023_sack,boosted_structure,set_transformer,game_equal_rms_reliability,20,60,left_largest_minus_20_minus_right_largest_minus_20_within_repeat,100,-0.0038632483246920702,0.022228159506090875,0.0022228159506090875,-0.004622889038405565,-0.028275721961921765,-0.02001384127961375,0.008439941403994355,0.02277556227235523,0.028453782683608105,secondary_descriptive_not_in_primary_max_t_family
bdb2023_sack,linear_structure,attn_relnet,game_equal_rms_reliability,20,60,left_largest_minus_20_minus_right_largest_minus_20_within_repeat,100,-0.00040936463755717053,0.022330992513439035,0.0022330992513439037,-0.001809634825916652,-0.023453946108033367,-0.012596883887832139,0.01248180307712965,0.025439439352351746,0.025078686964961787,secondary_descriptive_not_in_primary_max_t_family
bdb2023_sack,linear_structure,boosted_structure,game_equal_rms_reliability,20,60,left_largest_minus_20_minus_right_largest_minus_20_within_repeat,100,0.0011769818795298063,0.022628056796881915,0.0022628056796881917,4.684980698960867e-05,-0.026273879247803184,-0.01647064686358883,0.014540697688928685,0.027422443777729087,0.031011344552517514,secondary_descriptive_not_in_primary_max_t_family
bdb2023_sack,linear_structure,relnet,game_equal_rms_reliability,20,60,left_largest_minus_20_minus_right_largest_minus_20_within_repeat,100,9.857155317331133e-05,0.021589279177392614,0.0021589279177392615,0.000551487193055096,-0.025708274511265117,-0.013319543514388472,0.011908900963242106,0.023359449544344168,0.025228444477630577,secondary_descriptive_not_in_primary_max_t_family
bdb2023_sack,linear_structure,set_transformer,game_equal_rms_reliability,20,60,left_largest_minus_20_minus_right_largest_minus_20_within_repeat,100,-0.0026862664451622626,0.019980719229783832,0.001998071922978383,-0.0038424508030814146,-0.027856563571653066,-0.01617257841031974,0.007954459011737067,0.02113721410252073,0.024127037422056807,secondary_descriptive_not_in_primary_max_t_family
bdb2023_sack,relnet,attn_relnet,game_equal_rms_reliability,20,60,left_largest_minus_20_minus_right_largest_minus_20_within_repeat,100,-0.0005079361907304816,0.007643513002726956,0.0007643513002726956,-0.0005746321069471372,-0.01020776246859713,-0.004661557114583069,0.0034950687227949277,0.008293301232988097,0.008156625837377997,secondary_descriptive_not_in_primary_max_t_family
bdb2023_sack,relnet,set_transformer,game_equal_rms_reliability,20,60,left_largest_minus_20_minus_right_largest_minus_20_within_repeat,100,-0.002784837998335574,0.02018627564982012,0.002018627564982012,-0.003327162169217964,-0.025918711992642684,-0.016017452443142163,0.007158279385604087,0.02551989627723418,0.02317573182874625,secondary_descriptive_not_in_primary_max_t_family
bdb2023_sack,attn_relnet,set_transformer,game_equal_set_doubleton_rate,20,60,left_largest_minus_20_minus_right_largest_minus_20_within_repeat,100,0.009378580670942537,0.16391457960418918,0.016391457960418916,0.012051055796434618,-0.19571279727571167,-0.08745245841740842,0.09622402419088591,0.22311715307125043,0.18367648260829433,secondary_descriptive_not_in_primary_max_t_family
bdb2023_sack,boosted_structure,attn_relnet,game_equal_set_doubleton_rate,20,60,left_largest_minus_20_minus_right_largest_minus_20_within_repeat,100,0.006834546266499097,0.1680372617010498,0.01680372617010498,0.007504689136461018,-0.1984683390162197,-0.12966739384123024,0.09075511822439758,0.23486154544757906,0.22042251206562782,secondary_descriptive_not_in_primary_max_t_family
bdb2023_sack,boosted_structure,relnet,game_equal_set_doubleton_rate,20,60,left_largest_minus_20_minus_right_largest_minus_20_within_repeat,100,0.006498361408286778,0.1727489046826571,0.017274890468265712,0.011028717088106543,-0.20419493613933865,-0.11801789904079829,0.09666381456317186,0.22738148062099195,0.21468171360397015,secondary_descriptive_not_in_primary_max_t_family
bdb2023_sack,boosted_structure,set_transformer,game_equal_set_doubleton_rate,20,60,left_largest_minus_20_minus_right_largest_minus_20_within_repeat,100,0.016213126937441633,0.16480099867385378,0.016480099867385377,0.03443195375426311,-0.1982842053584222,-0.09684496398111508,0.13617718051161998,0.2263975862228772,0.23302214449273506,secondary_descriptive_not_in_primary_max_t_family
bdb2023_sack,linear_structure,attn_relnet,game_equal_set_doubleton_rate,20,60,left_largest_minus_20_minus_right_largest_minus_20_within_repeat,100,-0.013955902200846335,0.15115255949121026,0.015115255949121026,-0.0173838941903513,-0.17861641128495104,-0.09052397104850393,0.08893302528246014,0.14700134454826352,0.17945699633096407,secondary_descriptive_not_in_primary_max_t_family
bdb2023_sack,linear_structure,boosted_structure,game_equal_set_doubleton_rate,20,60,left_largest_minus_20_minus_right_largest_minus_20_within_repeat,100,-0.02079044846734543,0.15027924756953462,0.015027924756953462,-0.02806719479144887,-0.1929672648018007,-0.11419808261768255,0.08013410153724107,0.19006825371462424,0.19433218415492362,secondary_descriptive_not_in_primary_max_t_family
bdb2023_sack,linear_structure,relnet,game_equal_set_doubleton_rate,20,60,left_largest_minus_20_minus_right_largest_minus_20_within_repeat,100,-0.014292087059058654,0.15330172575140652,0.015330172575140652,-0.014678156337523562,-0.20065424057737663,-0.09900127629973934,0.09521178591332935,0.14679232699451844,0.1942130622130687,secondary_descriptive_not_in_primary_max_t_family
bdb2023_sack,linear_structure,set_transformer,game_equal_set_doubleton_rate,20,60,left_largest_minus_20_minus_right_largest_minus_20_within_repeat,100,-0.0045773215299038,0.13322021965661646,0.013322021965661646,-0.013732333090779536,-0.1546273609032206,-0.08986110502447012,0.06261367905109952,0.16391970057213565,0.15247478407556964,secondary_descriptive_not_in_primary_max_t_family
bdb2023_sack,relnet,attn_relnet,game_equal_set_doubleton_rate,20,60,left_largest_minus_20_minus_right_largest_minus_20_within_repeat,100,0.0003361848582123189,0.025276636307872302,0.00252766363078723,-0.0012790134322612223,-0.017735097951036942,-0.006715728832886514,0.004443183716775517,0.013496147120765148,0.011158912549662031,secondary_descriptive_not_in_primary_max_t_family
bdb2023_sack,relnet,set_transformer,game_equal_set_doubleton_rate,20,60,left_largest_minus_20_minus_right_largest_minus_20_within_repeat,100,0.009714765529154856,0.16545003012683798,0.016545003012683798,0.01071109840638379,-0.21009716492278455,-0.08419678367237035,0.09342923022466956,0.22880707003455727,0.1776260138970399,secondary_descriptive_not_in_primary_max_t_family
bdb2023_sack,attn_relnet,set_transformer,game_equal_set_empty_rate,20,60,left_largest_minus_20_minus_right_largest_minus_20_within_repeat,100,0.0,0.0,0.0,0.0,0.0,0.0,0.0,0.0,0.0,secondary_descriptive_not_in_primary_max_t_family
bdb2023_sack,boosted_structure,attn_relnet,game_equal_set_empty_rate,20,60,left_largest_minus_20_minus_right_largest_minus_20_within_repeat,100,0.0,0.0,0.0,0.0,0.0,0.0,0.0,0.0,0.0,secondary_descriptive_not_in_primary_max_t_family
bdb2023_sack,boosted_structure,relnet,game_equal_set_empty_rate,20,60,left_largest_minus_20_minus_right_largest_minus_20_within_repeat,100,0.0,0.0,0.0,0.0,0.0,0.0,0.0,0.0,0.0,secondary_descriptive_not_in_primary_max_t_family
bdb2023_sack,boosted_structure,set_transformer,game_equal_set_empty_rate,20,60,left_largest_minus_20_minus_right_largest_minus_20_within_repeat,100,0.0,0.0,0.0,0.0,0.0,0.0,0.0,0.0,0.0,secondary_descriptive_not_in_primary_max_t_family
bdb2023_sack,linear_structure,attn_relnet,game_equal_set_empty_rate,20,60,left_largest_minus_20_minus_right_largest_minus_20_within_repeat,100,0.0,0.0,0.0,0.0,0.0,0.0,0.0,0.0,0.0,secondary_descriptive_not_in_primary_max_t_family
bdb2023_sack,linear_structure,boosted_structure,game_equal_set_empty_rate,20,60,left_largest_minus_20_minus_right_largest_minus_20_within_repeat,100,0.0,0.0,0.0,0.0,0.0,0.0,0.0,0.0,0.0,secondary_descriptive_not_in_primary_max_t_family
bdb2023_sack,linear_structure,relnet,game_equal_set_empty_rate,20,60,left_largest_minus_20_minus_right_largest_minus_20_within_repeat,100,0.0,0.0,0.0,0.0,0.0,0.0,0.0,0.0,0.0,secondary_descriptive_not_in_primary_max_t_family
bdb2023_sack,linear_structure,set_transformer,game_equal_set_empty_rate,20,60,left_largest_minus_20_minus_right_largest_minus_20_within_repeat,100,0.0,0.0,0.0,0.0,0.0,0.0,0.0,0.0,0.0,secondary_descriptive_not_in_primary_max_t_family
bdb2023_sack,relnet,attn_relnet,game_equal_set_empty_rate,20,60,left_largest_minus_20_minus_right_largest_minus_20_within_repeat,100,0.0,0.0,0.0,0.0,0.0,0.0,0.0,0.0,0.0,secondary_descriptive_not_in_primary_max_t_family
bdb2023_sack,relnet,set_transformer,game_equal_set_empty_rate,20,60,left_largest_minus_20_minus_right_largest_minus_20_within_repeat,100,0.0,0.0,0.0,0.0,0.0,0.0,0.0,0.0,0.0,secondary_descriptive_not_in_primary_max_t_family
bdb2023_sack,attn_relnet,set_transformer,game_equal_set_singleton_rate,20,60,left_largest_minus_20_minus_right_largest_minus_20_within_repeat,100,-0.00937858067094252,0.16391457960418912,0.016391457960418913,-0.012051055796434763,-0.22311715307125027,-0.0962240241908856,0.08745245841740831,0.19571279727571153,0.18367648260829392,secondary_descriptive_not_in_primary_max_t_family
bdb2023_sack,boosted_structure,attn_relnet,game_equal_set_singleton_rate,20,60,left_largest_minus_20_minus_right_largest_minus_20_within_repeat,100,-0.006834546266499061,0.1680372617010497,0.01680372617010497,-0.007504689136460893,-0.2348615454475792,-0.09075511822439739,0.1296673938412303,0.19846833901621944,0.22042251206562768,secondary_descriptive_not_in_primary_max_t_family
bdb2023_sack,boosted_structure,relnet,game_equal_set_singleton_rate,20,60,left_largest_minus_20_minus_right_largest_minus_20_within_repeat,100,-0.006498361408286731,0.17274890468265708,0.01727489046826571,-0.01102871708810646,-0.2273814806209917,-0.0966638145631717,0.1180178990407982,0.20419493613933898,0.2146817136039699,secondary_descriptive_not_in_primary_max_t_family
bdb2023_sack,boosted_structure,set_transformer,game_equal_set_singleton_rate,20,60,left_largest_minus_20_minus_right_largest_minus_20_within_repeat,100,-0.01621312693744158,0.16480099867385378,0.016480099867385377,-0.03443195375426299,-0.22639758622287742,-0.1361771805116199,0.09684496398111506,0.19828420535842253,0.23302214449273495,secondary_descriptive_not_in_primary_max_t_family
bdb2023_sack,linear_structure,attn_relnet,game_equal_set_singleton_rate,20,60,left_largest_minus_20_minus_right_largest_minus_20_within_repeat,100,0.01395590220084633,0.15115255949121023,0.015115255949121022,0.017383894190351315,-0.14700134454826358,-0.08893302528246007,0.09052397104850435,0.17861641128495126,0.1794569963309644,secondary_descriptive_not_in_primary_max_t_family
bdb2023_sack,linear_structure,boosted_structure,game_equal_set_singleton_rate,20,60,left_largest_minus_20_minus_right_largest_minus_20_within_repeat,100,0.02079044846734539,0.15027924756953465,0.015027924756953465,0.028067194791448893,-0.19006825371462416,-0.0801341015372412,0.11419808261768243,0.19296726480180068,0.19433218415492362,secondary_descriptive_not_in_primary_max_t_family
bdb2023_sack,linear_structure,relnet,game_equal_set_singleton_rate,20,60,left_largest_minus_20_minus_right_largest_minus_20_within_repeat,100,0.014292087059058661,0.1533017257514065,0.01533017257514065,0.014678156337523313,-0.14679232699451816,-0.0952117859133291,0.09900127629973976,0.20065424057737674,0.19421306221306886,secondary_descriptive_not_in_primary_max_t_family
bdb2023_sack,linear_structure,set_transformer,game_equal_set_singleton_rate,20,60,left_largest_minus_20_minus_right_largest_minus_20_within_repeat,100,0.004577321529903811,0.13322021965661643,0.013322021965661643,0.013732333090779644,-0.16391970057213562,-0.06261367905109957,0.08986110502447042,0.1546273609032208,0.15247478407557,secondary_descriptive_not_in_primary_max_t_family
bdb2023_sack,relnet,attn_relnet,game_equal_set_singleton_rate,20,60,left_largest_minus_20_minus_right_largest_minus_20_within_repeat,100,-0.000336184858212335,0.025276636307872292,0.002527663630787229,0.0012790134322612015,-0.013496147120765255,-0.004443183716775573,0.006715728832886465,0.017735097951036862,0.011158912549662038,secondary_descriptive_not_in_primary_max_t_family
bdb2023_sack,relnet,set_transformer,game_equal_set_singleton_rate,20,60,left_largest_minus_20_minus_right_largest_minus_20_within_repeat,100,-0.009714765529154854,0.1654500301268379,0.01654500301268379,-0.010711098406383776,-0.22880707003455708,-0.09342923022466999,0.08419678367237028,0.2100971649227845,0.17762601389704027,secondary_descriptive_not_in_primary_max_t_family
bdb2023_sack,attn_relnet,set_transformer,label0_set_coverage,20,60,left_largest_minus_20_minus_right_largest_minus_20_within_repeat,100,0.018982738625356644,0.11221606322742991,0.01122160632274299,0.008215634936415361,-0.11446220930232551,-0.04422152470135904,0.07907965406234879,0.17641675178753838,0.12330117876370783,secondary_descriptive_not_in_primary_max_t_family
bdb2023_sack,boosted_structure,attn_relnet,label0_set_coverage,20,60,left_largest_minus_20_minus_right_largest_minus_20_within_repeat,100,-0.007213852670630937,0.12457560889012474,0.012457560889012474,-0.007563842513132579,-0.14929712824274635,-0.08630517603783497,0.07661178816039094,0.1520249668090297,0.1629169641982259,secondary_descriptive_not_in_primary_max_t_family
bdb2023_sack,boosted_structure,relnet,label0_set_coverage,20,60,left_largest_minus_20_minus_right_largest_minus_20_within_repeat,100,-0.007761761549116698,0.12505887758641027,0.012505887758641027,-0.008818018736296618,-0.15039028310154537,-0.08691317473113672,0.08087868759752428,0.15303552821460828,0.167791862328661,secondary_descriptive_not_in_primary_max_t_family
bdb2023_sack,boosted_structure,set_transformer,label0_set_coverage,20,60,left_largest_minus_20_minus_right_largest_minus_20_within_repeat,100,0.011768885954725708,0.11141463104215002,0.011141463104215002,0.0044716704881350156,-0.11433455748742374,-0.07751396964969512,0.09313327841321764,0.1541662584500834,0.17064724806291276,secondary_descriptive_not_in_primary_max_t_family
bdb2023_sack,linear_structure,attn_relnet,label0_set_coverage,20,60,left_largest_minus_20_minus_right_largest_minus_20_within_repeat,100,-0.010552876774702038,0.10783614438279866,0.010783614438279866,-0.005674502446381957,-0.14226940371283966,-0.08381564749003423,0.06255392511303765,0.1113594184287374,0.14636957260307187,secondary_descriptive_not_in_primary_max_t_family
bdb2023_sack,linear_structure,boosted_structure,label0_set_coverage,20,60,left_largest_minus_20_minus_right_largest_minus_20_within_repeat,100,-0.0033390241040711023,0.10680556608474795,0.010680556608474796,0.0004216056408405944,-0.11907358615648748,-0.06426847297907134,0.07253818899861403,0.12010984023729379,0.13680666197768537,secondary_descriptive_not_in_primary_max_t_family
bdb2023_sack,linear_structure,relnet,label0_set_coverage,20,60,left_largest_minus_20_minus_right_largest_minus_20_within_repeat,100,-0.0111007856531878,0.108774475118851,0.010877447511885099,-0.007733572383960885,-0.15440800418323258,-0.08284888257694001,0.06114490032724473,0.11775047936530285,0.14399378290418474,secondary_descriptive_not_in_primary_max_t_family
bdb2023_sack,linear_structure,set_transformer,label0_set_coverage,20,60,left_largest_minus_20_minus_right_largest_minus_20_within_repeat,100,0.008429861850654601,0.10438939057550861,0.010438939057550861,0.0032654560722158443,-0.10772810112385797,-0.060083437419639285,0.0582254334740005,0.12792079924708627,0.11830887089363978,secondary_descriptive_not_in_primary_max_t_family
bdb2023_sack,relnet,attn_relnet,label0_set_coverage,20,60,left_largest_minus_20_minus_right_largest_minus_20_within_repeat,100,0.0005479088784857611,0.012952483430786312,0.0012952483430786312,0.0,-0.009919925552629749,-0.002410982971486786,0.002899083070912606,0.006452945171533993,0.005310066042399392,secondary_descriptive_not_in_primary_max_t_family
bdb2023_sack,relnet,set_transformer,label0_set_coverage,20,60,left_largest_minus_20_minus_right_largest_minus_20_within_repeat,100,0.0195306475038424,0.11086235086446156,0.011086235086446156,0.011191859086880418,-0.11690642022361997,-0.04349131482185867,0.07970097409637553,0.17699639087504268,0.1231922889182342,secondary_descriptive_not_in_primary_max_t_family
bdb2023_sack,attn_relnet,set_transformer,label1_set_coverage,20,60,left_largest_minus_20_minus_right_largest_minus_20_within_repeat,100,0.004400114403701863,0.11264763492903303,0.011264763492903302,0.0050000000000000044,-0.1335922330097087,-0.06385193753614807,0.06062499999999996,0.1380357142857143,0.12447693753614802,secondary_descriptive_not_in_primary_max_t_family
bdb2023_sack,boosted_structure,attn_relnet,label1_set_coverage,20,60,left_largest_minus_20_minus_right_largest_minus_20_within_repeat,100,-0.00348819536817242,0.099683832539063,0.0099683832539063,-0.0047619047619048005,-0.12159069235170705,-0.07111702127659561,0.07566747572815541,0.11708385481852306,0.14678449700475102,secondary_descriptive_not_in_primary_max_t_family
bdb2023_sack,boosted_structure,relnet,label1_set_coverage,20,60,left_largest_minus_20_minus_right_largest_minus_20_within_repeat,100,-0.004133371792536821,0.10252334385891722,0.010252334385891721,-5.551115123125783e-17,-0.12279069767441862,-0.08188265635074143,0.06917881902940479,0.1198535936113577,0.15106147538014622,secondary_descriptive_not_in_primary_max_t_family
bdb2023_sack,boosted_structure,set_transformer,label1_set_coverage,20,60,left_largest_minus_20_minus_right_largest_minus_20_within_repeat,100,0.0009119190355294416,0.11514254173748417,0.011514254173748417,-5.551115123125783e-17,-0.1359926470588235,-0.0801642178046672,0.06400137268359651,0.137972709551657,0.14416559048826372,secondary_descriptive_not_in_primary_max_t_family
bdb2023_sack,linear_structure,attn_relnet,label1_set_coverage,20,60,left_largest_minus_20_minus_right_largest_minus_20_within_repeat,100,-0.0133546585568624,0.09142963062798228,0.009142963062798227,-0.010870849580527087,-0.11756404689535388,-0.06349745331069617,0.04673766058147394,0.10022727272727283,0.11023511389217011,secondary_descriptive_not_in_primary_max_t_family
bdb2023_sack,linear_structure,boosted_structure,label1_set_coverage,20,60,left_largest_minus_20_minus_right_largest_minus_20_within_repeat,100,-0.009866463188689978,0.10556072322072353,0.010556072322072353,-0.005494505494505586,-0.14431306306306305,-0.0692979735318445,0.06546504369538073,0.13796771826852525,0.13476301722722522,secondary_descriptive_not_in_primary_max_t_family
bdb2023_sack,linear_structure,relnet,label1_set_coverage,20,60,left_largest_minus_20_minus_right_largest_minus_20_within_repeat,100,-0.013999834981226797,0.09348939180385128,0.009348939180385128,-0.01887464387464388,-0.12142278773857722,-0.06524102935846324,0.04926470588235296,0.09617021276595746,0.1145057352408162,secondary_descriptive_not_in_primary_max_t_family
bdb2023_sack,linear_structure,set_transformer,label1_set_coverage,20,60,left_largest_minus_20_minus_right_largest_minus_20_within_repeat,100,-0.008954544153160535,0.0897190750010317,0.00897190750010317,-0.010643115942028991,-0.09976367718303211,-0.04893104486600425,0.03482546864899805,0.09820788530465965,0.0837565135150023,secondary_descriptive_not_in_primary_max_t_family
bdb2023_sack,relnet,attn_relnet,label1_set_coverage,20,60,left_largest_minus_20_minus_right_largest_minus_20_within_repeat,100,0.000645176424364401,0.018449964628248636,0.0018449964628248637,0.0,-0.013015873015872967,-0.00943653026041194,0.0,0.020309477756286297,0.00943653026041194,secondary_descriptive_not_in_primary_max_t_family
bdb2023_sack,relnet,set_transformer,label1_set_coverage,20,60,left_largest_minus_20_minus_right_largest_minus_20_within_repeat,100,0.005045290828066263,0.11424022017289644,0.011424022017289644,5.551115123125783e-17,-0.1335922330097087,-0.05267848540321807,0.05922965116279069,0.13835674157303374,0.11190813656600876,secondary_descriptive_not_in_primary_max_t_family
bdb2023_sack,attn_relnet,set_transformer,mean_entropy,20,60,left_largest_minus_20_minus_right_largest_minus_20_within_repeat,100,0.00017436706591716588,0.0066936563633409095,0.000669365636334091,-0.0004271121212475748,-0.007864630599881683,-0.004253295014900876,0.004361121753906162,0.007722198891227433,0.008614416768807039,secondary_descriptive_not_in_primary_max_t_family
bdb2023_sack,boosted_structure,attn_relnet,mean_entropy,20,60,left_largest_minus_20_minus_right_largest_minus_20_within_repeat,100,0.0004112448459959586,0.0075409466411197595,0.000754094664111976,0.0005857520031477964,-0.008621891794575278,-0.004732174171666131,0.005540192384587174,0.009851449614226675,0.010272366556253305,secondary_descriptive_not_in_primary_max_t_family
bdb2023_sack,boosted_structure,relnet,mean_entropy,20,60,left_largest_minus_20_minus_right_largest_minus_20_within_repeat,100,0.0003878718028514433,0.007293529241254822,0.0007293529241254821,0.0010133668206523672,-0.008650181086159114,-0.005702676829954435,0.006738183559921944,0.009542568627568289,0.01244086038987638,secondary_descriptive_not_in_primary_max_t_family
bdb2023_sack,boosted_structure,set_transformer,mean_entropy,20,60,left_largest_minus_20_minus_right_largest_minus_20_within_repeat,100,0.0005856119119131245,0.0076991317459887965,0.0007699131745988796,0.00043980126357748284,-0.009655120171506371,-0.00515454034033732,0.0060481512895461526,0.009569475263937931,0.011202691629883473,secondary_descriptive_not_in_primary_max_t_family
bdb2023_sack,linear_structure,attn_relnet,mean_entropy,20,60,left_largest_minus_20_minus_right_largest_minus_20_within_repeat,100,-0.0008970703726901602,0.006857859811001816,0.0006857859811001816,-0.001277451065323995,-0.008223149531147672,-0.005596332471815714,0.00385378939634011,0.008392953084020681,0.009450121868155824,secondary_descriptive_not_in_primary_max_t_family
bdb2023_sack,linear_structure,boosted_structure,mean_entropy,20,60,left_largest_minus_20_minus_right_largest_minus_20_within_repeat,100,-0.001308315218686119,0.007030032355449832,0.0007030032355449833,-0.0012637567361803853,-0.010504444546801347,-0.006408942708805536,0.003131183883760248,0.008252311187017684,0.009540126592565784,secondary_descriptive_not_in_primary_max_t_family
bdb2023_sack,linear_structure,relnet,mean_entropy,20,60,left_largest_minus_20_minus_right_largest_minus_20_within_repeat,100,-0.0009204434158346756,0.006968728662339588,0.0006968728662339588,-0.0005977598773266868,-0.008414316168393807,-0.006147761749285552,0.003344048617817605,0.00855639551940773,0.009491810367103157,secondary_descriptive_not_in_primary_max_t_family
bdb2023_sack,linear_structure,set_transformer,mean_entropy,20,60,left_largest_minus_20_minus_right_largest_minus_20_within_repeat,100,-0.0007227033067729944,0.00714713937144122,0.000714713937144122,-0.0009109757877083374,-0.009403962049075908,-0.004516690822199215,0.0030097085573558974,0.008665555438308603,0.007526399379555113,secondary_descriptive_not_in_primary_max_t_family
bdb2023_sack,relnet,attn_relnet,mean_entropy,20,60,left_largest_minus_20_minus_right_largest_minus_20_within_repeat,100,2.3373043144515326e-05,0.0022290557426468665,0.00022290557426468666,0.000205919607775773,-0.002224337367166207,-0.0012260948593458831,0.0009668684047413473,0.00216281354232054,0.0021929632640872304,secondary_descriptive_not_in_primary_max_t_family
bdb2023_sack,relnet,set_transformer,mean_entropy,20,60,left_largest_minus_20_minus_right_largest_minus_20_within_repeat,100,0.00019774010906168122,0.0066676502866613065,0.0006667650286661306,-0.00019191401964080423,-0.007363981163954725,-0.0039939047594839405,0.004434242766234976,0.007999949103699354,0.008428147525718917,secondary_descriptive_not_in_primary_max_t_family
bdb2023_sack,attn_relnet,set_transformer,mean_va_imprecision,20,60,left_largest_minus_20_minus_right_largest_minus_20_within_repeat,100,-0.00036061175763424185,0.0024740384159714908,0.00024740384159714906,-0.0005244365940201717,-0.0033591914710042864,-0.001895524647303824,0.0011056971238819953,0.0026399086843523225,0.0030012217711858193,secondary_descriptive_not_in_primary_max_t_family
bdb2023_sack,boosted_structure,attn_relnet,mean_va_imprecision,20,60,left_largest_minus_20_minus_right_largest_minus_20_within_repeat,100,2.1111191962973646e-05,0.002593988472236364,0.0002593988472236364,-2.216468600300123e-05,-0.0027701061285437933,-0.001860214340864289,0.0017935513630088396,0.003149410515246025,0.003653765703873129,secondary_descriptive_not_in_primary_max_t_family
bdb2023_sack,boosted_structure,relnet,mean_va_imprecision,20,60,left_largest_minus_20_minus_right_largest_minus_20_within_repeat,100,2.139970323060516e-05,0.002560317188861765,0.0002560317188861765,-9.157760902018088e-05,-0.0025202718625843396,-0.0014590301499507372,0.001739512184772919,0.003712383835126144,0.0031985423347236563,secondary_descriptive_not_in_primary_max_t_family
bdb2023_sack,boosted_structure,set_transformer,mean_va_imprecision,20,60,left_largest_minus_20_minus_right_largest_minus_20_within_repeat,100,-0.00033950056567126825,0.002885136250500327,0.0002885136250500327,-0.0007161156262809557,-0.003957077939878123,-0.002131326673651766,0.0012214953586051015,0.004203315430124082,0.0033528220322568674,secondary_descriptive_not_in_primary_max_t_family
bdb2023_sack,linear_structure,attn_relnet,mean_va_imprecision,20,60,left_largest_minus_20_minus_right_largest_minus_20_within_repeat,100,0.00044132525989037816,0.002701513029141288,0.0002701513029141288,0.00024426829675966,-0.0029009341557738946,-0.001150822923765195,0.0023444347281595273,0.0036874818406970157,0.0034952576519247224,secondary_descriptive_not_in_primary_max_t_family
bdb2023_sack,linear_structure,boosted_structure,mean_va_imprecision,20,60,left_largest_minus_20_minus_right_largest_minus_20_within_repeat,100,0.00042021406792740456,0.0028677720040385032,0.0002867772004038503,0.00031991929818529644,-0.0029251020540106594,-0.0016875772346801334,0.0021770290238576637,0.004276266018161729,0.003864606258537797,secondary_descriptive_not_in_primary_max_t_family
bdb2023_sack,linear_structure,relnet,mean_va_imprecision,20,60,left_largest_minus_20_minus_right_largest_minus_20_within_repeat,100,0.0004416137711580097,0.002787416541155877,0.0002787416541155877,0.0004951416807232214,-0.002824029955074683,-0.0014623406099155605,0.002428111421215554,0.003481853269600338,0.003890452031131114,secondary_descriptive_not_in_primary_max_t_family
bdb2023_sack,linear_structure,set_transformer,mean_va_imprecision,20,60,left_largest_minus_20_minus_right_largest_minus_20_within_repeat,100,8.071350225613647e-05,0.0026752683619423595,0.00026752683619423595,-3.045759080569279e-05,-0.0029863399401011885,-0.0018797081965448842,0.0018436084486439382,0.003191503868215929,0.0037233166451888225,secondary_descriptive_not_in_primary_max_t_family
bdb2023_sack,relnet,attn_relnet,mean_va_imprecision,20,60,left_largest_minus_20_minus_right_largest_minus_20_within_repeat,100,-2.885112676314543e-07,0.0009264285604246229,9.26428560424623e-05,1.4746234547316408e-06,-0.0011640957776217521,-0.0005121772684884775,0.00040822178196993114,0.0009953018282735625,0.0009203990504584086,secondary_descriptive_not_in_primary_max_t_family
bdb2023_sack,relnet,set_transformer,mean_va_imprecision,20,60,left_largest_minus_20_minus_right_largest_minus_20_within_repeat,100,-0.0003609002689018733,0.0025759371217229116,0.00025759371217229116,-0.00040936726692648254,-0.0032390403207976522,-0.0022078241818601586,0.0011217978718862222,0.0027310999730531162,0.0033296220537463806,secondary_descriptive_not_in_primary_max_t_family
bdb2023_sack,attn_relnet,set_transformer,p90_va_imprecision,20,60,left_largest_minus_20_minus_right_largest_minus_20_within_repeat,100,-0.00043516707567798274,0.010052956862344701,0.00100529568623447,-0.0011650114915040194,-0.011033136486397753,-0.006578379533827507,0.005619978876539108,0.012431571783369361,0.012198358410366615,secondary_descriptive_not_in_primary_max_t_family
bdb2023_sack,boosted_structure,attn_relnet,p90_va_imprecision,20,60,left_largest_minus_20_minus_right_largest_minus_20_within_repeat,100,-0.00038887960248742504,0.009308439727544493,0.0009308439727544494,-0.0004330516108626715,-0.013481265588056235,-0.005659610711025654,0.005247714212543146,0.011994570106149382,0.0109073249235688,secondary_descriptive_not_in_primary_max_t_family
bdb2023_sack,boosted_structure,relnet,p90_va_imprecision,20,60,left_largest_minus_20_minus_right_largest_minus_20_within_repeat,100,-0.0001179455304585645,0.009916187430042547,0.0009916187430042546,-0.00021099823842426688,-0.013803187556199992,-0.006237210147974919,0.006681755394707675,0.012155612976177135,0.012918965542682594,secondary_descriptive_not_in_primary_max_t_family
bdb2023_sack,boosted_structure,set_transformer,p90_va_imprecision,20,60,left_largest_minus_20_minus_right_largest_minus_20_within_repeat,100,-0.0008240466781654077,0.010418998406839216,0.0010418998406839216,-0.0007476425991802295,-0.013870095359529442,-0.007947269004463759,0.006872103666867359,0.012104066300223322,0.014819372671331118,secondary_descriptive_not_in_primary_max_t_family
bdb2023_sack,linear_structure,attn_relnet,p90_va_imprecision,20,60,left_largest_minus_20_minus_right_largest_minus_20_within_repeat,100,-0.00032146806535167166,0.00933721188295438,0.0009337211882954379,0.0006814656760219355,-0.011580580340054346,-0.006710876608620256,0.005628882584949902,0.010979948455195286,0.012339759193570159,secondary_descriptive_not_in_primary_max_t_family
bdb2023_sack,linear_structure,boosted_structure,p90_va_imprecision,20,60,left_largest_minus_20_minus_right_largest_minus_20_within_repeat,100,6.741153713575339e-05,0.009668946685732756,0.0009668946685732757,0.0005266793009382695,-0.013051528229595932,-0.0068173648574876245,0.007798167149582145,0.011881449731821215,0.014615532007069769,secondary_descriptive_not_in_primary_max_t_family
bdb2023_sack,linear_structure,relnet,p90_va_imprecision,20,60,left_largest_minus_20_minus_right_largest_minus_20_within_repeat,100,-5.0533993322811244e-05,0.00937880550767354,0.0009378805507673541,0.0009926380692170597,-0.01192231055929617,-0.006327169260402582,0.0071065736300385506,0.011415943510287699,0.013433742890441133,secondary_descriptive_not_in_primary_max_t_family
bdb2023_sack,linear_structure,set_transformer,p90_va_imprecision,20,60,left_largest_minus_20_minus_right_largest_minus_20_within_repeat,100,-0.0007566351410296544,0.009254524427812999,0.0009254524427812999,-0.002295871339210824,-0.010296303883037672,-0.0073394294699325145,0.0048980141061234364,0.011586360971505456,0.01223744357605595,secondary_descriptive_not_in_primary_max_t_family
bdb2023_sack,relnet,attn_relnet,p90_va_imprecision,20,60,left_largest_minus_20_minus_right_largest_minus_20_within_repeat,100,-0.00027093407202886043,0.004619318233075044,0.0004619318233075044,-0.0003112672056603191,-0.005754091243697246,-0.0026544185291585472,0.0017457778792280233,0.0045126711633312775,0.0044001964083865705,secondary_descriptive_not_in_primary_max_t_family
bdb2023_sack,relnet,set_transformer,p90_va_imprecision,20,60,left_largest_minus_20_minus_right_largest_minus_20_within_repeat,100,-0.0007061011477068433,0.009445271981623564,0.0009445271981623563,8.68191011434696e-05,-0.011609470817890002,-0.007453804081780014,0.004423784789674227,0.010730131080315636,0.01187758887145424,secondary_descriptive_not_in_primary_max_t_family
bdb2023_sack,attn_relnet,set_transformer,primary_loss,20,60,left_largest_minus_20_minus_right_largest_minus_20_within_repeat,100,0.000736233411812457,0.005773068808985386,0.0005773068808985386,0.00035338892280503686,-0.0011614468325123653,-0.0004446647647903222,0.0008825336130180231,0.00161317302989195,0.0013271983778083453,secondary_descriptive_not_in_primary_max_t_family
bdb2023_sack,boosted_structure,attn_relnet,primary_loss,20,60,left_largest_minus_20_minus_right_largest_minus_20_within_repeat,100,-0.00041323335496440075,0.003854475252697208,0.0003854475252697208,-0.0008364754413206256,-0.00211682798538934,-0.0015790479235898488,-0.0001273509951355955,0.0007423858889214835,0.0014516969284542533,secondary_descriptive_not_in_primary_max_t_family
bdb2023_sack,boosted_structure,relnet,primary_loss,20,60,left_largest_minus_20_minus_right_largest_minus_20_within_repeat,100,-0.0007665448349225748,0.0013847817919534712,0.00013847817919534713,-0.0008694187547361974,-0.002078657771506243,-0.0015983767540173246,-0.0001261444149735242,0.0006806669503788029,0.0014722323390438004,secondary_descriptive_not_in_primary_max_t_family
bdb2023_sack,boosted_structure,set_transformer,primary_loss,20,60,left_largest_minus_20_minus_right_largest_minus_20_within_repeat,100,0.0003230000568480562,0.005390015360337093,0.0005390015360337093,-0.0007543277330682371,-0.002069154414531738,-0.0013710817025424787,0.00015092967795726775,0.0013702368279202525,0.0015220113804997465,secondary_descriptive_not_in_primary_max_t_family
bdb2023_sack,linear_structure,attn_relnet,primary_loss,20,60,left_largest_minus_20_minus_right_largest_minus_20_within_repeat,100,0.0005118879343130563,0.003846220189230006,0.0003846220189230006,-1.7282889307891625e-05,-0.001159677020014703,-0.0005636355445302783,0.0007796050682583738,0.0012332236620980286,0.0013432406127886522,secondary_descriptive_not_in_primary_max_t_family
bdb2023_sack,linear_structure,boosted_structure,primary_loss,20,60,left_largest_minus_20_minus_right_largest_minus_20_within_repeat,100,0.0009251212892774571,0.0010885003120679295,0.00010885003120679294,0.0009859740078951677,-0.00040604673094824797,0.0002990549899944822,0.00161135031427574,0.0021118997182224715,0.0013122953242812579,secondary_descriptive_not_in_primary_max_t_family
bdb2023_sack,linear_structure,relnet,primary_loss,20,60,left_largest_minus_20_minus_right_largest_minus_20_within_repeat,100,0.00015857645435488218,0.0013469326571404134,0.00013469326571404134,-2.7186133885657993e-05,-0.001205909873771551,-0.0005809818899159252,0.0007640098301156511,0.0012150994733176792,0.0013449917200315763,secondary_descriptive_not_in_primary_max_t_family
bdb2023_sack,linear_structure,set_transformer,primary_loss,20,60,left_largest_minus_20_minus_right_largest_minus_20_within_repeat,100,0.0012481213461255133,0.0053599093688385365,0.0005359909368838537,0.0003201498822686666,-0.0009627310454768598,-0.00041221313456355976,0.0008274654908542074,0.002287001760714288,0.0012396786254177672,secondary_descriptive_not_in_primary_max_t_family
bdb2023_sack,relnet,attn_relnet,primary_loss,20,60,left_largest_minus_20_minus_right_largest_minus_20_within_repeat,100,0.00035331147995817415,0.0036847321874580925,0.00036847321874580925,-8.282984767932211e-07,-3.160093178838086e-05,-1.0204467866620215e-05,8.141015529518347e-06,4.0930169691412515e-05,1.8345483396138562e-05,secondary_descriptive_not_in_primary_max_t_family
bdb2023_sack,relnet,set_transformer,primary_loss,20,60,left_largest_minus_20_minus_right_largest_minus_20_within_repeat,100,0.001089544891770631,0.004955551542793676,0.0004955551542793677,0.0003540120672504317,-0.0010555164097105455,-0.0004473781169454707,0.0008779349731050535,0.0016880981813304902,0.0013253130900505242,secondary_descriptive_not_in_primary_max_t_family
bdb2023_sack,attn_relnet,set_transformer,rms_reliability,20,60,left_largest_minus_20_minus_right_largest_minus_20_within_repeat,100,-0.0014750492754437015,0.011109911600129866,0.0011109911600129866,-0.0018679640426372815,-0.01595077194626003,-0.008779242737564627,0.004947681626444886,0.014030793403610341,0.013726924364009513,secondary_descriptive_not_in_primary_max_t_family
bdb2023_sack,boosted_structure,attn_relnet,rms_reliability,20,60,left_largest_minus_20_minus_right_largest_minus_20_within_repeat,100,-0.0003823295336535084,0.012091807096298757,0.0012091807096298757,-0.00033933952358223586,-0.01690336597043089,-0.006987507739918347,0.008855164271769543,0.012561502277532003,0.01584267201168789,secondary_descriptive_not_in_primary_max_t_family
bdb2023_sack,boosted_structure,relnet,rms_reliability,20,60,left_largest_minus_20_minus_right_largest_minus_20_within_repeat,100,-0.0003391354976430866,0.012436461677162117,0.0012436461677162117,-0.0005133935308994754,-0.015065858220450415,-0.0075672270415495894,0.0077098173860634936,0.015085367536390257,0.015277044427613084,secondary_descriptive_not_in_primary_max_t_family
bdb2023_sack,boosted_structure,set_transformer,rms_reliability,20,60,left_largest_minus_20_minus_right_largest_minus_20_within_repeat,100,-0.00185737880909721,0.011795864950505476,0.0011795864950505477,-0.0009246457101567147,-0.01432122137057325,-0.010184385259183233,0.003758245042784259,0.013726523959528468,0.013942630301967492,secondary_descriptive_not_in_primary_max_t_family
bdb2023_sack,linear_structure,attn_relnet,rms_reliability,20,60,left_largest_minus_20_minus_right_largest_minus_20_within_repeat,100,0.00034605968379592566,0.011228147988871371,0.0011228147988871372,-0.0006371890013060367,-0.013249691801303986,-0.005850263513519983,0.00791367647751404,0.014712963270580828,0.013763939991034023,secondary_descriptive_not_in_primary_max_t_family
bdb2023_sack,linear_structure,boosted_structure,rms_reliability,20,60,left_largest_minus_20_minus_right_largest_minus_20_within_repeat,100,0.000728389217449434,0.011651278341714767,0.0011651278341714766,0.0009056402066421115,-0.015054577697424036,-0.0053899787537756375,0.007419023275311439,0.015563577194311505,0.012809002029087076,secondary_descriptive_not_in_primary_max_t_family
bdb2023_sack,linear_structure,relnet,rms_reliability,20,60,left_largest_minus_20_minus_right_largest_minus_20_within_repeat,100,0.0003892537198063474,0.011472119492759308,0.0011472119492759308,0.00039351409403563277,-0.014135426768212644,-0.007215329360881861,0.007727024837019647,0.015153822930224983,0.014942354197901509,secondary_descriptive_not_in_primary_max_t_family
bdb2023_sack,linear_structure,set_transformer,rms_reliability,20,60,left_largest_minus_20_minus_right_largest_minus_20_within_repeat,100,-0.0011289895916477765,0.010867225966474858,0.0010867225966474858,-0.0026120382929644,-0.014222412276565984,-0.008311930234304432,0.006029930595093522,0.010822458125320115,0.014341860829397955,secondary_descriptive_not_in_primary_max_t_family
bdb2023_sack,relnet,attn_relnet,rms_reliability,20,60,left_largest_minus_20_minus_right_largest_minus_20_within_repeat,100,-4.3194036010421967e-05,0.003326315718035884,0.0003326315718035884,9.519897375179741e-05,-0.003259615679240274,-0.0013461974996902414,0.001397033897788517,0.0033585935667953632,0.0027432313974787583,secondary_descriptive_not_in_primary_max_t_family
bdb2023_sack,relnet,set_transformer,rms_reliability,20,60,left_largest_minus_20_minus_right_largest_minus_20_within_repeat,100,-0.001518243311454123,0.011309939643256961,0.0011309939643256962,-0.0027828358230502677,-0.016675324808530543,-0.009074443678812796,0.005555585513985557,0.015900416056415605,0.014630029192798353,secondary_descriptive_not_in_primary_max_t_family
bdb2023_sack,attn_relnet,set_transformer,set_doubleton_rate,20,60,left_largest_minus_20_minus_right_largest_minus_20_within_repeat,100,0.009707035416639212,0.16383928071015397,0.016383928071015397,0.013814306210288951,-0.19912477268029813,-0.08680908790379877,0.09864224423988313,0.22797731489702647,0.1854513321436819,secondary_descriptive_not_in_primary_max_t_family
bdb2023_sack,boosted_structure,attn_relnet,set_doubleton_rate,20,60,left_largest_minus_20_minus_right_largest_minus_20_within_repeat,100,0.006836478735407971,0.16796575230363436,0.016796575230363438,0.011076901128222516,-0.19889509784585713,-0.12428891746339982,0.0944856162505267,0.23892856305260443,0.21877453371392652,secondary_descriptive_not_in_primary_max_t_family
bdb2023_sack,boosted_structure,relnet,set_doubleton_rate,20,60,left_largest_minus_20_minus_right_largest_minus_20_within_repeat,100,0.006496695748446896,0.17262004034221046,0.017262004034221047,0.01163823573182532,-0.2034832870725801,-0.11605299804324562,0.09672180630130808,0.2239040415115727,0.2127748043445537,secondary_descriptive_not_in_primary_max_t_family
bdb2023_sack,boosted_structure,set_transformer,set_doubleton_rate,20,60,left_largest_minus_20_minus_right_largest_minus_20_within_repeat,100,0.01654351415204718,0.164482062688128,0.016448206268812802,0.03496180012710942,-0.19162032504859952,-0.09943682811366084,0.1421807629213359,0.22252050268169227,0.24161759103499675,secondary_descriptive_not_in_primary_max_t_family
bdb2023_sack,linear_structure,attn_relnet,set_doubleton_rate,20,60,left_largest_minus_20_minus_right_largest_minus_20_within_repeat,100,-0.014936428278839635,0.15142253362660904,0.015142253362660904,-0.021902576452946743,-0.17971903129964106,-0.08803951750801156,0.08481105904220948,0.14792480277351117,0.17285057655022104,secondary_descriptive_not_in_primary_max_t_family
bdb2023_sack,linear_structure,boosted_structure,set_doubleton_rate,20,60,left_largest_minus_20_minus_right_largest_minus_20_within_repeat,100,-0.0217729070142476,0.1508516438332084,0.01508516438332084,-0.031260592880861915,-0.19625398187699836,-0.11714174844498015,0.07911112261773207,0.1891126061305537,0.19625287106271222,secondary_descriptive_not_in_primary_max_t_family
bdb2023_sack,linear_structure,relnet,set_doubleton_rate,20,60,left_largest_minus_20_minus_right_largest_minus_20_within_repeat,100,-0.015276211265800707,0.15348189617564625,0.015348189617564626,-0.02120960254741827,-0.2054548639595297,-0.09956675705824769,0.08580982488584193,0.14822351785834917,0.18537658194408962,secondary_descriptive_not_in_primary_max_t_family
bdb2023_sack,linear_structure,set_transformer,set_doubleton_rate,20,60,left_largest_minus_20_minus_right_largest_minus_20_within_repeat,100,-0.005229392862200417,0.13332878048160046,0.013332878048160047,-0.01651042828035154,-0.15252937917359224,-0.0928032053337357,0.06247260834690849,0.15931312343694146,0.1552758136806442,secondary_descriptive_not_in_primary_max_t_family
bdb2023_sack,relnet,attn_relnet,set_doubleton_rate,20,60,left_largest_minus_20_minus_right_largest_minus_20_within_repeat,100,0.00033978298696107245,0.025436227036128082,0.0025436227036128084,-0.001376650938927082,-0.017987452073893354,-0.006791991479498327,0.004231900529337501,0.013589467558641481,0.011023892008835828,secondary_descriptive_not_in_primary_max_t_family
bdb2023_sack,relnet,set_transformer,set_doubleton_rate,20,60,left_largest_minus_20_minus_right_largest_minus_20_within_repeat,100,0.010046818403600286,0.16527431903603168,0.016527431903603167,0.012848552703967897,-0.21117666707815644,-0.08471263060994705,0.0947393924336617,0.23249496981891352,0.17945202304360874,secondary_descriptive_not_in_primary_max_t_family
bdb2023_sack,attn_relnet,set_transformer,set_empty_rate,20,60,left_largest_minus_20_minus_right_largest_minus_20_within_repeat,100,0.0,0.0,0.0,0.0,0.0,0.0,0.0,0.0,0.0,secondary_descriptive_not_in_primary_max_t_family
bdb2023_sack,boosted_structure,attn_relnet,set_empty_rate,20,60,left_largest_minus_20_minus_right_largest_minus_20_within_repeat,100,0.0,0.0,0.0,0.0,0.0,0.0,0.0,0.0,0.0,secondary_descriptive_not_in_primary_max_t_family
bdb2023_sack,boosted_structure,relnet,set_empty_rate,20,60,left_largest_minus_20_minus_right_largest_minus_20_within_repeat,100,0.0,0.0,0.0,0.0,0.0,0.0,0.0,0.0,0.0,secondary_descriptive_not_in_primary_max_t_family
bdb2023_sack,boosted_structure,set_transformer,set_empty_rate,20,60,left_largest_minus_20_minus_right_largest_minus_20_within_repeat,100,0.0,0.0,0.0,0.0,0.0,0.0,0.0,0.0,0.0,secondary_descriptive_not_in_primary_max_t_family
bdb2023_sack,linear_structure,attn_relnet,set_empty_rate,20,60,left_largest_minus_20_minus_right_largest_minus_20_within_repeat,100,0.0,0.0,0.0,0.0,0.0,0.0,0.0,0.0,0.0,secondary_descriptive_not_in_primary_max_t_family
bdb2023_sack,linear_structure,boosted_structure,set_empty_rate,20,60,left_largest_minus_20_minus_right_largest_minus_20_within_repeat,100,0.0,0.0,0.0,0.0,0.0,0.0,0.0,0.0,0.0,secondary_descriptive_not_in_primary_max_t_family
bdb2023_sack,linear_structure,relnet,set_empty_rate,20,60,left_largest_minus_20_minus_right_largest_minus_20_within_repeat,100,0.0,0.0,0.0,0.0,0.0,0.0,0.0,0.0,0.0,secondary_descriptive_not_in_primary_max_t_family
bdb2023_sack,linear_structure,set_transformer,set_empty_rate,20,60,left_largest_minus_20_minus_right_largest_minus_20_within_repeat,100,0.0,0.0,0.0,0.0,0.0,0.0,0.0,0.0,0.0,secondary_descriptive_not_in_primary_max_t_family
bdb2023_sack,relnet,attn_relnet,set_empty_rate,20,60,left_largest_minus_20_minus_right_largest_minus_20_within_repeat,100,0.0,0.0,0.0,0.0,0.0,0.0,0.0,0.0,0.0,secondary_descriptive_not_in_primary_max_t_family
bdb2023_sack,relnet,set_transformer,set_empty_rate,20,60,left_largest_minus_20_minus_right_largest_minus_20_within_repeat,100,0.0,0.0,0.0,0.0,0.0,0.0,0.0,0.0,0.0,secondary_descriptive_not_in_primary_max_t_family
bdb2023_sack,attn_relnet,set_transformer,set_singleton_rate,20,60,left_largest_minus_20_minus_right_largest_minus_20_within_repeat,100,-0.009707035416639212,0.16383928071015397,0.016383928071015397,-0.013814306210288986,-0.22797731489702636,-0.0986422442398832,0.08680908790379879,0.19912477268029838,0.18545133214368198,secondary_descriptive_not_in_primary_max_t_family
bdb2023_sack,boosted_structure,attn_relnet,set_singleton_rate,20,60,left_largest_minus_20_minus_right_largest_minus_20_within_repeat,100,-0.006836478735407963,0.16796575230363436,0.016796575230363438,-0.011076901128222544,-0.23892856305260446,-0.0944856162505267,0.12428891746339985,0.19889509784585718,0.21877453371392655,secondary_descriptive_not_in_primary_max_t_family
bdb2023_sack,boosted_structure,relnet,set_singleton_rate,20,60,left_largest_minus_20_minus_right_largest_minus_20_within_repeat,100,-0.00649669574844689,0.17262004034221048,0.017262004034221047,-0.011638235731825292,-0.22390404151157262,-0.0967218063013081,0.1160529980432456,0.20348328707258026,0.2127748043445537,secondary_descriptive_not_in_primary_max_t_family
bdb2023_sack,boosted_structure,set_transformer,set_singleton_rate,20,60,left_largest_minus_20_minus_right_largest_minus_20_within_repeat,100,-0.01654351415204718,0.164482062688128,0.016448206268812802,-0.034961800127109435,-0.22252050268169216,-0.14218076292133586,0.09943682811366089,0.1916203250485996,0.24161759103499675,secondary_descriptive_not_in_primary_max_t_family
bdb2023_sack,linear_structure,attn_relnet,set_singleton_rate,20,60,left_largest_minus_20_minus_right_largest_minus_20_within_repeat,100,0.014936428278839635,0.15142253362660904,0.015142253362660904,0.02190257645294677,-0.1479248027735111,-0.08481105904220945,0.08803951750801148,0.1797190312996414,0.17285057655022093,secondary_descriptive_not_in_primary_max_t_family
bdb2023_sack,linear_structure,boosted_structure,set_singleton_rate,20,60,left_largest_minus_20_minus_right_largest_minus_20_within_repeat,100,0.021772907014247594,0.1508516438332084,0.01508516438332084,0.03126059288086187,-0.18911260613055367,-0.07911112261773205,0.11714174844498015,0.19625398187699838,0.19625287106271222,secondary_descriptive_not_in_primary_max_t_family
bdb2023_sack,linear_structure,relnet,set_singleton_rate,20,60,left_largest_minus_20_minus_right_largest_minus_20_within_repeat,100,0.015276211265800713,0.15348189617564625,0.015348189617564626,0.02120960254741816,-0.14822351785834906,-0.08580982488584188,0.09956675705824763,0.20545486395952978,0.1853765819440895,secondary_descriptive_not_in_primary_max_t_family
bdb2023_sack,linear_structure,set_transformer,set_singleton_rate,20,60,left_largest_minus_20_minus_right_largest_minus_20_within_repeat,100,0.005229392862200421,0.13332878048160046,0.013332878048160047,0.01651042828035161,-0.15931312343694137,-0.06247260834690857,0.0928032053337357,0.15252937917359233,0.15527581368064428,secondary_descriptive_not_in_primary_max_t_family
bdb2023_sack,relnet,attn_relnet,set_singleton_rate,20,60,left_largest_minus_20_minus_right_largest_minus_20_within_repeat,100,-0.00033978298696107564,0.025436227036128085,0.0025436227036128084,0.001376650938927089,-0.013589467558641476,-0.004231900529337581,0.006791991479498327,0.01798745207389335,0.011023892008835908,secondary_descriptive_not_in_primary_max_t_family
bdb2023_sack,relnet,set_transformer,set_singleton_rate,20,60,left_largest_minus_20_minus_right_largest_minus_20_within_repeat,100,-0.010046818403600288,0.1652743190360317,0.01652743190360317,-0.012848552703967883,-0.2324949698189135,-0.09473939243366175,0.08471263060994708,0.21117666707815652,0.17945202304360883,secondary_descriptive_not_in_primary_max_t_family
bdb2023_sack,attn_relnet,set_transformer,skill,20,60,left_largest_minus_20_minus_right_largest_minus_20_within_repeat,100,-0.012604187742805799,0.09659648952909639,0.009659648952909638,-0.005403489419538221,-0.025946488236864785,-0.014718058462628747,0.007294794204446203,0.017848722582412713,0.02201285266707495,secondary_descriptive_not_in_primary_max_t_family
bdb2023_sack,boosted_structure,attn_relnet,skill,20,60,left_largest_minus_20_minus_right_largest_minus_20_within_repeat,100,0.006488497405924387,0.061906625096799735,0.006190662509679973,0.013852314742185068,-0.011619678786523646,0.0020423654675685854,0.025085230520572488,0.03261819154286173,0.023042865053003903,secondary_descriptive_not_in_primary_max_t_family
bdb2023_sack,boosted_structure,relnet,skill,20,60,left_largest_minus_20_minus_right_largest_minus_20_within_repeat,100,0.012141582261630922,0.02230772138150056,0.002230772138150056,0.014295828845411973,-0.011036011761654797,0.002027636794051907,0.025310738452848786,0.032241989322766354,0.02328310165879688,secondary_descriptive_not_in_primary_max_t_family
bdb2023_sack,boosted_structure,set_transformer,skill,20,60,left_largest_minus_20_minus_right_largest_minus_20_within_repeat,100,-0.006115690336881412,0.09121855235833878,0.009121855235833878,0.0111809705945769,-0.022752337083958036,-0.0027268809772620084,0.02243348801206821,0.03332809428931469,0.025160368989330217,secondary_descriptive_not_in_primary_max_t_family
bdb2023_sack,linear_structure,attn_relnet,skill,20,60,left_largest_minus_20_minus_right_largest_minus_20_within_repeat,100,-0.008251459416218921,0.06193048197430853,0.006193048197430853,0.00027145501876274514,-0.02185312132756494,-0.01300720285500459,0.00960564437759831,0.019575722338981662,0.0226128472326029,secondary_descriptive_not_in_primary_max_t_family
bdb2023_sack,linear_structure,boosted_structure,skill,20,60,left_largest_minus_20_minus_right_largest_minus_20_within_repeat,100,-0.014739956822143307,0.01785070953802389,0.0017850709538023888,-0.015693769589409656,-0.033534072907351,-0.02462965887364965,-0.005278260691172015,0.006995743899641182,0.019351398182477636,secondary_descriptive_not_in_primary_max_t_family
bdb2023_sack,linear_structure,relnet,skill,20,60,left_largest_minus_20_minus_right_largest_minus_20_within_repeat,100,-0.0025983745605123888,0.022196557629920628,0.002219655762992063,0.00046553445321873,-0.0210080804048731,-0.013030122111718417,0.009486860045618634,0.01950508115933319,0.02251698215733705,secondary_descriptive_not_in_primary_max_t_family
bdb2023_sack,linear_structure,set_transformer,skill,20,60,left_largest_minus_20_minus_right_largest_minus_20_within_repeat,100,-0.02085564715902472,0.09082228558678146,0.009082228558678147,-0.005164402255324441,-0.03618864465794476,-0.01405376934106653,0.007087566095374392,0.01616789366016479,0.021141335436440922,secondary_descriptive_not_in_primary_max_t_family
bdb2023_sack,relnet,attn_relnet,skill,20,60,left_largest_minus_20_minus_right_largest_minus_20_within_repeat,100,-0.005653084855706533,0.05917340600493809,0.005917340600493809,1.3284522087264605e-05,-0.0006252964373841484,-0.00012906880230914575,0.00017139794716269918,0.0005152559942870561,0.00030046674947184493,secondary_descriptive_not_in_primary_max_t_family
bdb2023_sack,relnet,set_transformer,skill,20,60,left_largest_minus_20_minus_right_largest_minus_20_within_repeat,100,-0.01825727259851233,0.08409847606386413,0.008409847606386413,-0.005586452579124712,-0.02818888913389036,-0.014735013137006397,0.0073392852430614886,0.016641825487316984,0.022074298380067886,secondary_descriptive_not_in_primary_max_t_family
