repeat,model,n_train,metric,contrast,value
1,lightgbm_multiclass,20,crps,tuned - fixed,0.0
1,lightgbm_multiclass,20,coverage,tuned - fixed,0.0
1,lightgbm_multiclass,20,mean_width,tuned - fixed,0.0
1,lightgbm_multiclass,20,mean_width_inclusive,tuned - fixed,0.0
1,lightgbm_multiclass,20,mean_q,tuned - fixed,0.0
1,lightgbm_multiclass,20,crps_game_equal,tuned - fixed,0.0
1,lightgbm_multiclass,20,coverage_game_equal,tuned - fixed,0.0
1,lightgbm_multiclass,20,mean_width_game_equal,tuned - fixed,0.0
1,lightgbm_multiclass,20,mean_width_inclusive_game_equal,tuned - fixed,0.0
1,ridge_sgd_l2,20,crps,tuned - fixed,-3.19824468966029e-06
1,ridge_sgd_l2,20,coverage,tuned - fixed,-0.011452202958485702
1,ridge_sgd_l2,20,mean_width,tuned - fixed,-2.685382535390488
1,ridge_sgd_l2,20,mean_width_inclusive,tuned - fixed,-2.685382535390488
1,ridge_sgd_l2,20,mean_q,tuned - fixed,0.31891204071894386
1,ridge_sgd_l2,20,crps_game_equal,tuned - fixed,1.1667094320788954e-05
1,ridge_sgd_l2,20,coverage_game_equal,tuned - fixed,-0.010972997643636129
1,ridge_sgd_l2,20,mean_width_game_equal,tuned - fixed,-2.6521701667448383
1,ridge_sgd_l2,20,mean_width_inclusive_game_equal,tuned - fixed,-2.6521701667448383
1,set_transformer,20,crps,tuned - fixed,-2.8633737923269495e-05
1,set_transformer,20,coverage,tuned - fixed,-0.0033402258628917325
1,set_transformer,20,mean_width,tuned - fixed,0.07316685223477037
1,set_transformer,20,mean_width_inclusive,tuned - fixed,0.07316685223477215
1,set_transformer,20,mean_q,tuned - fixed,-0.20216319389215842
1,set_transformer,20,crps_game_equal,tuned - fixed,-3.178203316932075e-05
1,set_transformer,20,coverage_game_equal,tuned - fixed,-0.0028706155126877464
1,set_transformer,20,mean_width_game_equal,tuned - fixed,0.08078136739936959
1,set_transformer,20,mean_width_inclusive_game_equal,tuned - fixed,0.08078136739937136
1,zoo_cnn,20,crps,tuned - fixed,-2.8874201420819173e-05
1,zoo_cnn,20,coverage,tuned - fixed,0.008907268967711102
1,zoo_cnn,20,mean_width,tuned - fixed,1.8465086686814054
1,zoo_cnn,20,mean_width_inclusive,tuned - fixed,1.8465086686814054
1,zoo_cnn,20,mean_q,tuned - fixed,-0.032288850007952785
1,zoo_cnn,20,crps_game_equal,tuned - fixed,-3.7571685728605975e-05
1,zoo_cnn,20,coverage_game_equal,tuned - fixed,0.009016901497521657
1,zoo_cnn,20,mean_width_game_equal,tuned - fixed,1.8634099633815566
1,zoo_cnn,20,mean_width_inclusive_game_equal,tuned - fixed,1.8634099633815566
1,lightgbm_multiclass,160,crps,tuned - fixed,0.0
1,lightgbm_multiclass,160,coverage,tuned - fixed,0.0
1,lightgbm_multiclass,160,mean_width,tuned - fixed,0.0
1,lightgbm_multiclass,160,mean_width_inclusive,tuned - fixed,0.0
1,lightgbm_multiclass,160,mean_q,tuned - fixed,0.0
1,lightgbm_multiclass,160,crps_game_equal,tuned - fixed,0.0
1,lightgbm_multiclass,160,coverage_game_equal,tuned - fixed,0.0
1,lightgbm_multiclass,160,mean_width_game_equal,tuned - fixed,0.0
1,lightgbm_multiclass,160,mean_width_inclusive_game_equal,tuned - fixed,0.0
1,ridge_sgd_l2,160,crps,tuned - fixed,-0.0003155074595634997
1,ridge_sgd_l2,160,coverage,tuned - fixed,-0.009543502465404807
1,ridge_sgd_l2,160,mean_width,tuned - fixed,-2.8377604580881197
1,ridge_sgd_l2,160,mean_width_inclusive,tuned - fixed,-2.8377604580881197
1,ridge_sgd_l2,160,mean_q,tuned - fixed,-0.09018609829807539
1,ridge_sgd_l2,160,crps_game_equal,tuned - fixed,-0.0003100600588430598
1,ridge_sgd_l2,160,coverage_game_equal,tuned - fixed,-0.009517539890578242
1,ridge_sgd_l2,160,mean_width_game_equal,tuned - fixed,-2.813541219834459
1,ridge_sgd_l2,160,mean_width_inclusive_game_equal,tuned - fixed,-2.813541219834459
1,set_transformer,160,crps,tuned - fixed,-0.00021042729382161028
1,set_transformer,160,coverage,tuned - fixed,0.0012724669953873002
1,set_transformer,160,mean_width,tuned - fixed,-0.22363607443931954
1,set_transformer,160,mean_width_inclusive,tuned - fixed,-0.22363607443931954
1,set_transformer,160,mean_q,tuned - fixed,-0.23190710990933672
1,set_transformer,160,crps_game_equal,tuned - fixed,-0.0002059135618033281
1,set_transformer,160,coverage_game_equal,tuned - fixed,0.0006376597047446086
1,set_transformer,160,mean_width_game_equal,tuned - fixed,-0.22424010142047024
1,set_transformer,160,mean_width_inclusive_game_equal,tuned - fixed,-0.22424010142046846
1,zoo_cnn,160,crps,tuned - fixed,-4.271203390970868e-10
1,zoo_cnn,160,coverage,tuned - fixed,0.0
1,zoo_cnn,160,mean_width,tuned - fixed,0.0
1,zoo_cnn,160,mean_width_inclusive,tuned - fixed,0.0
1,zoo_cnn,160,mean_q,tuned - fixed,0.0
1,zoo_cnn,160,crps_game_equal,tuned - fixed,-6.50973604882088e-10
1,zoo_cnn,160,coverage_game_equal,tuned - fixed,0.0
1,zoo_cnn,160,mean_width_game_equal,tuned - fixed,0.0
1,zoo_cnn,160,mean_width_inclusive_game_equal,tuned - fixed,0.0
1,lightgbm_multiclass,360,crps,tuned - fixed,0.0
1,lightgbm_multiclass,360,coverage,tuned - fixed,0.0
1,lightgbm_multiclass,360,mean_width,tuned - fixed,0.0
1,lightgbm_multiclass,360,mean_width_inclusive,tuned - fixed,0.0
1,lightgbm_multiclass,360,mean_q,tuned - fixed,0.0
1,lightgbm_multiclass,360,crps_game_equal,tuned - fixed,0.0
1,lightgbm_multiclass,360,coverage_game_equal,tuned - fixed,0.0
1,lightgbm_multiclass,360,mean_width_game_equal,tuned - fixed,0.0
1,lightgbm_multiclass,360,mean_width_inclusive_game_equal,tuned - fixed,0.0
1,ridge_sgd_l2,360,crps,tuned - fixed,-0.0003093951163934197
1,ridge_sgd_l2,360,coverage,tuned - fixed,-0.010020677588675087
1,ridge_sgd_l2,360,mean_width,tuned - fixed,-2.884682678543026
1,ridge_sgd_l2,360,mean_width_inclusive,tuned - fixed,-2.884682678543026
1,ridge_sgd_l2,360,mean_q,tuned - fixed,-0.05582948942261806
1,ridge_sgd_l2,360,crps_game_equal,tuned - fixed,-0.00030530411133098886
1,ridge_sgd_l2,360,coverage_game_equal,tuned - fixed,-0.010037232264100138
1,ridge_sgd_l2,360,mean_width_game_equal,tuned - fixed,-2.8597601629463583
1,ridge_sgd_l2,360,mean_width_inclusive_game_equal,tuned - fixed,-2.8597601629463583
1,set_transformer,360,crps,tuned - fixed,-0.00011735723218260496
1,set_transformer,360,coverage,tuned - fixed,0.010975027835215534
1,set_transformer,360,mean_width,tuned - fixed,0.968665500238588
1,set_transformer,360,mean_width_inclusive,tuned - fixed,0.9686655002385862
1,set_transformer,360,mean_q,tuned - fixed,-0.13376809289009067
1,set_transformer,360,crps_game_equal,tuned - fixed,-0.00011733799317823618
1,set_transformer,360,coverage_game_equal,tuned - fixed,0.010335804119573244
1,set_transformer,360,mean_width_game_equal,tuned - fixed,0.9572499943108834
1,set_transformer,360,mean_width_inclusive_game_equal,tuned - fixed,0.9572499943108834
1,zoo_cnn,360,crps,tuned - fixed,8.500508821146502e-10
1,zoo_cnn,360,coverage,tuned - fixed,0.0
1,zoo_cnn,360,mean_width,tuned - fixed,0.0
1,zoo_cnn,360,mean_width_inclusive,tuned - fixed,0.0
1,zoo_cnn,360,mean_q,tuned - fixed,0.0
1,zoo_cnn,360,crps_game_equal,tuned - fixed,7.8870205678927e-10
1,zoo_cnn,360,coverage_game_equal,tuned - fixed,0.0
1,zoo_cnn,360,mean_width_game_equal,tuned - fixed,0.0
1,zoo_cnn,360,mean_width_inclusive_game_equal,tuned - fixed,0.0
2,lightgbm_multiclass,20,crps,tuned - fixed,0.0
2,lightgbm_multiclass,20,coverage,tuned - fixed,0.0
2,lightgbm_multiclass,20,mean_width,tuned - fixed,0.0
2,lightgbm_multiclass,20,mean_width_inclusive,tuned - fixed,0.0
2,lightgbm_multiclass,20,mean_q,tuned - fixed,0.0
2,lightgbm_multiclass,20,crps_game_equal,tuned - fixed,0.0
2,lightgbm_multiclass,20,coverage_game_equal,tuned - fixed,0.0
2,lightgbm_multiclass,20,mean_width_game_equal,tuned - fixed,0.0
2,lightgbm_multiclass,20,mean_width_inclusive_game_equal,tuned - fixed,0.0
2,ridge_sgd_l2,20,crps,tuned - fixed,-6.335529980943874e-05
2,ridge_sgd_l2,20,coverage,tuned - fixed,-0.01822580645161287
2,ridge_sgd_l2,20,mean_width,tuned - fixed,-3.9395161290322562
2,ridge_sgd_l2,20,mean_width_inclusive,tuned - fixed,-3.9395161290322562
2,ridge_sgd_l2,20,mean_q,tuned - fixed,0.15419354838709676
2,ridge_sgd_l2,20,crps_game_equal,tuned - fixed,-6.628081306585439e-05
2,ridge_sgd_l2,20,coverage_game_equal,tuned - fixed,-0.017599295049984143
2,ridge_sgd_l2,20,mean_width_game_equal,tuned - fixed,-3.8947082296190096
2,ridge_sgd_l2,20,mean_width_inclusive_game_equal,tuned - fixed,-3.8947082296190096
2,set_transformer,20,crps,tuned - fixed,4.053390661833134e-08
2,set_transformer,20,coverage,tuned - fixed,0.0
2,set_transformer,20,mean_width,tuned - fixed,-0.0006451612903219939
2,set_transformer,20,mean_width_inclusive,tuned - fixed,-0.0006451612903219939
2,set_transformer,20,mean_q,tuned - fixed,-0.0001612903225806095
2,set_transformer,20,crps_game_equal,tuned - fixed,4.195245245121326e-08
2,set_transformer,20,coverage_game_equal,tuned - fixed,0.0
2,set_transformer,20,mean_width_game_equal,tuned - fixed,-0.0005079699820171868
2,set_transformer,20,mean_width_inclusive_game_equal,tuned - fixed,-0.0005079699820171868
2,zoo_cnn,20,crps,tuned - fixed,-1.417315244334194e-09
2,zoo_cnn,20,coverage,tuned - fixed,0.0
2,zoo_cnn,20,mean_width,tuned - fixed,0.00032258064516099694
2,zoo_cnn,20,mean_width_inclusive,tuned - fixed,0.00032258064516099694
2,zoo_cnn,20,mean_q,tuned - fixed,0.0
2,zoo_cnn,20,crps_game_equal,tuned - fixed,-1.1025571046430205e-09
2,zoo_cnn,20,coverage_game_equal,tuned - fixed,0.0
2,zoo_cnn,20,mean_width_game_equal,tuned - fixed,0.0003245722858551403
2,zoo_cnn,20,mean_width_inclusive_game_equal,tuned - fixed,0.0003245722858551403
2,lightgbm_multiclass,160,crps,tuned - fixed,0.0
2,lightgbm_multiclass,160,coverage,tuned - fixed,0.0
2,lightgbm_multiclass,160,mean_width,tuned - fixed,0.0
2,lightgbm_multiclass,160,mean_width_inclusive,tuned - fixed,0.0
2,lightgbm_multiclass,160,mean_q,tuned - fixed,0.0
2,lightgbm_multiclass,160,crps_game_equal,tuned - fixed,0.0
2,lightgbm_multiclass,160,coverage_game_equal,tuned - fixed,0.0
2,lightgbm_multiclass,160,mean_width_game_equal,tuned - fixed,0.0
2,lightgbm_multiclass,160,mean_width_inclusive_game_equal,tuned - fixed,0.0
2,ridge_sgd_l2,160,crps,tuned - fixed,-0.00031294774457799567
2,ridge_sgd_l2,160,coverage,tuned - fixed,-0.013548387096774195
2,ridge_sgd_l2,160,mean_width,tuned - fixed,-3.1350000000000016
2,ridge_sgd_l2,160,mean_width_inclusive,tuned - fixed,-3.1350000000000016
2,ridge_sgd_l2,160,mean_q,tuned - fixed,-0.16241935483870967
2,ridge_sgd_l2,160,crps_game_equal,tuned - fixed,-0.0003125858852739208
2,ridge_sgd_l2,160,coverage_game_equal,tuned - fixed,-0.013577238922588553
2,ridge_sgd_l2,160,mean_width_game_equal,tuned - fixed,-3.103699962269104
2,ridge_sgd_l2,160,mean_width_inclusive_game_equal,tuned - fixed,-3.103699962269104
2,set_transformer,160,crps,tuned - fixed,9.995576562881262e-06
2,set_transformer,160,coverage,tuned - fixed,0.005967741935483883
2,set_transformer,160,mean_width,tuned - fixed,-0.03016129032257986
2,set_transformer,160,mean_width_inclusive,tuned - fixed,-0.03016129032257986
2,set_transformer,160,mean_q,tuned - fixed,0.009677419354838707
2,set_transformer,160,crps_game_equal,tuned - fixed,2.072447751774731e-05
2,set_transformer,160,coverage_game_equal,tuned - fixed,0.005650543122599716
2,set_transformer,160,mean_width_game_equal,tuned - fixed,-0.023027398415006672
2,set_transformer,160,mean_width_inclusive_game_equal,tuned - fixed,-0.023027398415006672
2,zoo_cnn,160,crps,tuned - fixed,-4.596156199671367e-05
2,zoo_cnn,160,coverage,tuned - fixed,0.001612903225806539
2,zoo_cnn,160,mean_width,tuned - fixed,0.36725806451612897
2,zoo_cnn,160,mean_width_inclusive,tuned - fixed,0.36725806451612897
2,zoo_cnn,160,mean_q,tuned - fixed,-0.8317741935483871
2,zoo_cnn,160,crps_game_equal,tuned - fixed,-4.673702261579968e-05
2,zoo_cnn,160,coverage_game_equal,tuned - fixed,0.0012728734162373856
2,zoo_cnn,160,mean_width_game_equal,tuned - fixed,0.3465434260514879
2,zoo_cnn,160,mean_width_inclusive_game_equal,tuned - fixed,0.34654342605148614
2,lightgbm_multiclass,360,crps,tuned - fixed,0.0
2,lightgbm_multiclass,360,coverage,tuned - fixed,0.0
2,lightgbm_multiclass,360,mean_width,tuned - fixed,0.0
2,lightgbm_multiclass,360,mean_width_inclusive,tuned - fixed,0.0
2,lightgbm_multiclass,360,mean_q,tuned - fixed,0.0
2,lightgbm_multiclass,360,crps_game_equal,tuned - fixed,0.0
2,lightgbm_multiclass,360,coverage_game_equal,tuned - fixed,0.0
2,lightgbm_multiclass,360,mean_width_game_equal,tuned - fixed,0.0
2,lightgbm_multiclass,360,mean_width_inclusive_game_equal,tuned - fixed,0.0
2,ridge_sgd_l2,360,crps,tuned - fixed,-0.00032169741602292024
2,ridge_sgd_l2,360,coverage,tuned - fixed,-0.013709677419354804
2,ridge_sgd_l2,360,mean_width,tuned - fixed,-3.0606451612903207
2,ridge_sgd_l2,360,mean_width_inclusive,tuned - fixed,-3.0606451612903207
2,ridge_sgd_l2,360,mean_q,tuned - fixed,-0.1467741935483871
2,ridge_sgd_l2,360,crps_game_equal,tuned - fixed,-0.00032064879584980596
2,ridge_sgd_l2,360,coverage_game_equal,tuned - fixed,-0.01371564639491385
2,ridge_sgd_l2,360,mean_width_game_equal,tuned - fixed,-3.0306660276040702
2,ridge_sgd_l2,360,mean_width_inclusive_game_equal,tuned - fixed,-3.0306660276040738
2,set_transformer,360,crps,tuned - fixed,-9.096994472318314e-05
2,set_transformer,360,coverage,tuned - fixed,0.012741935483870925
2,set_transformer,360,mean_width,tuned - fixed,0.7719354838709691
2,set_transformer,360,mean_width_inclusive,tuned - fixed,0.7719354838709691
2,set_transformer,360,mean_q,tuned - fixed,-0.020483870967741936
2,set_transformer,360,crps_game_equal,tuned - fixed,-8.474559472932026e-05
2,set_transformer,360,coverage_game_equal,tuned - fixed,0.01280406788189159
2,set_transformer,360,mean_width_game_equal,tuned - fixed,0.7695682681875002
2,set_transformer,360,mean_width_inclusive_game_equal,tuned - fixed,0.7695682681874985
2,zoo_cnn,360,crps,tuned - fixed,8.6893829170296e-05
2,zoo_cnn,360,coverage,tuned - fixed,0.0020967741935484785
2,zoo_cnn,360,mean_width,tuned - fixed,-0.2001612903225798
2,zoo_cnn,360,mean_width_inclusive,tuned - fixed,-0.2001612903225798
2,zoo_cnn,360,mean_q,tuned - fixed,-0.2651612903225807
2,zoo_cnn,360,crps_game_equal,tuned - fixed,8.745855873607163e-05
2,zoo_cnn,360,coverage_game_equal,tuned - fixed,0.002112213250294981
2,zoo_cnn,360,mean_width_game_equal,tuned - fixed,-0.20866520984653647
2,zoo_cnn,360,mean_width_inclusive_game_equal,tuned - fixed,-0.20866520984653825
3,lightgbm_multiclass,20,crps,tuned - fixed,0.0
3,lightgbm_multiclass,20,coverage,tuned - fixed,0.0
3,lightgbm_multiclass,20,mean_width,tuned - fixed,0.0
3,lightgbm_multiclass,20,mean_width_inclusive,tuned - fixed,0.0
3,lightgbm_multiclass,20,mean_q,tuned - fixed,0.0
3,lightgbm_multiclass,20,crps_game_equal,tuned - fixed,0.0
3,lightgbm_multiclass,20,coverage_game_equal,tuned - fixed,0.0
3,lightgbm_multiclass,20,mean_width_game_equal,tuned - fixed,0.0
3,lightgbm_multiclass,20,mean_width_inclusive_game_equal,tuned - fixed,0.0
3,ridge_sgd_l2,20,crps,tuned - fixed,-8.300188819451194e-05
3,ridge_sgd_l2,20,coverage,tuned - fixed,-0.0053562733322513045
3,ridge_sgd_l2,20,mean_width,tuned - fixed,-2.5695503976627165
3,ridge_sgd_l2,20,mean_width_inclusive,tuned - fixed,-2.5695503976627165
3,ridge_sgd_l2,20,mean_q,tuned - fixed,-0.05437428988800519
3,ridge_sgd_l2,20,crps_game_equal,tuned - fixed,-7.852787020539917e-05
3,ridge_sgd_l2,20,coverage_game_equal,tuned - fixed,-0.005322255901105799
3,ridge_sgd_l2,20,mean_width_game_equal,tuned - fixed,-2.5459440790336814
3,ridge_sgd_l2,20,mean_width_inclusive_game_equal,tuned - fixed,-2.5459440790336814
3,set_transformer,20,crps,tuned - fixed,1.704276705871699e-08
3,set_transformer,20,coverage,tuned - fixed,0.0
3,set_transformer,20,mean_width,tuned - fixed,-0.0012984905047908057
3,set_transformer,20,mean_width_inclusive,tuned - fixed,-0.0012984905047908057
3,set_transformer,20,mean_q,tuned - fixed,-0.0003246226261970353
3,set_transformer,20,crps_game_equal,tuned - fixed,1.2095303415088354e-08
3,set_transformer,20,coverage_game_equal,tuned - fixed,0.0
3,set_transformer,20,mean_width_game_equal,tuned - fixed,-0.0012337980676342397
3,set_transformer,20,mean_width_inclusive_game_equal,tuned - fixed,-0.0012337980676342397
3,zoo_cnn,20,crps,tuned - fixed,-0.0007779582979634686
3,zoo_cnn,20,coverage,tuned - fixed,-0.007304009089433516
3,zoo_cnn,20,mean_width,tuned - fixed,-2.9855542931342285
3,zoo_cnn,20,mean_width_inclusive,tuned - fixed,-2.9855542931342285
3,zoo_cnn,20,mean_q,tuned - fixed,-0.7607531244927772
3,zoo_cnn,20,crps_game_equal,tuned - fixed,-0.0007719750326209383
3,zoo_cnn,20,coverage_game_equal,tuned - fixed,-0.008306932148173352
3,zoo_cnn,20,mean_width_game_equal,tuned - fixed,-2.9842935526676904
3,zoo_cnn,20,mean_width_inclusive_game_equal,tuned - fixed,-2.9842935526676904
3,lightgbm_multiclass,160,crps,tuned - fixed,0.0
3,lightgbm_multiclass,160,coverage,tuned - fixed,0.0
3,lightgbm_multiclass,160,mean_width,tuned - fixed,0.0
3,lightgbm_multiclass,160,mean_width_inclusive,tuned - fixed,0.0
3,lightgbm_multiclass,160,mean_q,tuned - fixed,0.0
3,lightgbm_multiclass,160,crps_game_equal,tuned - fixed,0.0
3,lightgbm_multiclass,160,coverage_game_equal,tuned - fixed,0.0
3,lightgbm_multiclass,160,mean_width_game_equal,tuned - fixed,0.0
3,lightgbm_multiclass,160,mean_width_inclusive_game_equal,tuned - fixed,0.0
3,ridge_sgd_l2,160,crps,tuned - fixed,-0.00032488928945362434
3,ridge_sgd_l2,160,coverage,tuned - fixed,-0.012497971108586192
3,ridge_sgd_l2,160,mean_width,tuned - fixed,-3.0968998539198154
3,ridge_sgd_l2,160,mean_width_inclusive,tuned - fixed,-3.0968998539198154
3,ridge_sgd_l2,160,mean_q,tuned - fixed,-0.09884758967700052
3,ridge_sgd_l2,160,crps_game_equal,tuned - fixed,-0.000320416626869581
3,ridge_sgd_l2,160,coverage_game_equal,tuned - fixed,-0.012574220693938987
3,ridge_sgd_l2,160,mean_width_game_equal,tuned - fixed,-3.0750447809961727
3,ridge_sgd_l2,160,mean_width_inclusive_game_equal,tuned - fixed,-3.0750447809961727
3,set_transformer,160,crps,tuned - fixed,1.2901009399657326e-08
3,set_transformer,160,coverage,tuned - fixed,0.00048693393929555295
3,set_transformer,160,mean_width,tuned - fixed,0.011199480603798051
3,set_transformer,160,mean_width_inclusive,tuned - fixed,0.011199480603799827
3,set_transformer,160,mean_q,tuned - fixed,0.005356273332251263
3,set_transformer,160,crps_game_equal,tuned - fixed,2.0712875145947884e-08
3,set_transformer,160,coverage_game_equal,tuned - fixed,0.0004426442116810536
3,set_transformer,160,mean_width_game_equal,tuned - fixed,0.01108407446925419
3,set_transformer,160,mean_width_inclusive_game_equal,tuned - fixed,0.011084074469248861
3,zoo_cnn,160,crps,tuned - fixed,-2.4005630504253528e-09
3,zoo_cnn,160,coverage,tuned - fixed,0.0
3,zoo_cnn,160,mean_width,tuned - fixed,0.0
3,zoo_cnn,160,mean_width_inclusive,tuned - fixed,0.0
3,zoo_cnn,160,mean_q,tuned - fixed,0.0
3,zoo_cnn,160,crps_game_equal,tuned - fixed,-2.0503716259556715e-09
3,zoo_cnn,160,coverage_game_equal,tuned - fixed,0.0
3,zoo_cnn,160,mean_width_game_equal,tuned - fixed,0.0
3,zoo_cnn,160,mean_width_inclusive_game_equal,tuned - fixed,0.0
3,lightgbm_multiclass,360,crps,tuned - fixed,0.0
3,lightgbm_multiclass,360,coverage,tuned - fixed,0.0
3,lightgbm_multiclass,360,mean_width,tuned - fixed,0.0
3,lightgbm_multiclass,360,mean_width_inclusive,tuned - fixed,0.0
3,lightgbm_multiclass,360,mean_q,tuned - fixed,0.0
3,lightgbm_multiclass,360,crps_game_equal,tuned - fixed,0.0
3,lightgbm_multiclass,360,coverage_game_equal,tuned - fixed,0.0
3,lightgbm_multiclass,360,mean_width_game_equal,tuned - fixed,0.0
3,lightgbm_multiclass,360,mean_width_inclusive_game_equal,tuned - fixed,0.0
3,ridge_sgd_l2,360,crps,tuned - fixed,-0.0003423444954533724
3,ridge_sgd_l2,360,coverage,tuned - fixed,-0.006654763837039446
3,ridge_sgd_l2,360,mean_width,tuned - fixed,-2.8295731212465505
3,ridge_sgd_l2,360,mean_width_inclusive,tuned - fixed,-2.8295731212465505
3,ridge_sgd_l2,360,mean_q,tuned - fixed,-0.12351890926797598
3,ridge_sgd_l2,360,crps_game_equal,tuned - fixed,-0.0003388342241244374
3,ridge_sgd_l2,360,coverage_game_equal,tuned - fixed,-0.0065588365030182505
3,ridge_sgd_l2,360,mean_width_game_equal,tuned - fixed,-2.8080314178805743
3,ridge_sgd_l2,360,mean_width_inclusive_game_equal,tuned - fixed,-2.8080314178805743
3,set_transformer,360,crps,tuned - fixed,-3.558153549323116e-05
3,set_transformer,360,coverage,tuned - fixed,-0.0017854244440838052
3,set_transformer,360,mean_width,tuned - fixed,-0.2934588540821288
3,set_transformer,360,mean_width_inclusive,tuned - fixed,-0.2934588540821288
3,set_transformer,360,mean_q,tuned - fixed,0.0
3,set_transformer,360,crps_game_equal,tuned - fixed,-3.727436418186035e-05
3,set_transformer,360,coverage_game_equal,tuned - fixed,-0.001834063104509065
3,set_transformer,360,mean_width_game_equal,tuned - fixed,-0.28453065790705523
3,set_transformer,360,mean_width_inclusive_game_equal,tuned - fixed,-0.28453065790705523
3,zoo_cnn,360,crps,tuned - fixed,1.959849903893085e-10
3,zoo_cnn,360,coverage,tuned - fixed,0.0
3,zoo_cnn,360,mean_width,tuned - fixed,0.0
3,zoo_cnn,360,mean_width_inclusive,tuned - fixed,0.0
3,zoo_cnn,360,mean_q,tuned - fixed,0.0
3,zoo_cnn,360,crps_game_equal,tuned - fixed,-5.804420520616471e-10
3,zoo_cnn,360,coverage_game_equal,tuned - fixed,0.0
3,zoo_cnn,360,mean_width_game_equal,tuned - fixed,0.0
3,zoo_cnn,360,mean_width_inclusive_game_equal,tuned - fixed,0.0
4,lightgbm_multiclass,20,crps,tuned - fixed,0.0
4,lightgbm_multiclass,20,coverage,tuned - fixed,0.0
4,lightgbm_multiclass,20,mean_width,tuned - fixed,0.0
4,lightgbm_multiclass,20,mean_width_inclusive,tuned - fixed,0.0
4,lightgbm_multiclass,20,mean_q,tuned - fixed,0.0
4,lightgbm_multiclass,20,crps_game_equal,tuned - fixed,0.0
4,lightgbm_multiclass,20,coverage_game_equal,tuned - fixed,0.0
4,lightgbm_multiclass,20,mean_width_game_equal,tuned - fixed,0.0
4,lightgbm_multiclass,20,mean_width_inclusive_game_equal,tuned - fixed,0.0
4,ridge_sgd_l2,20,crps,tuned - fixed,-0.0002135948278170815
4,ridge_sgd_l2,20,coverage,tuned - fixed,-0.014655030462703778
4,ridge_sgd_l2,20,mean_width,tuned - fixed,-3.5017289642680716
4,ridge_sgd_l2,20,mean_width_inclusive,tuned - fixed,-3.5017289642680716
4,ridge_sgd_l2,20,mean_q,tuned - fixed,-0.13403589659147044
4,ridge_sgd_l2,20,crps_game_equal,tuned - fixed,-0.0001957019080764174
4,ridge_sgd_l2,20,coverage_game_equal,tuned - fixed,-0.014894796557931467
4,ridge_sgd_l2,20,mean_width_game_equal,tuned - fixed,-3.4563651463447336
4,ridge_sgd_l2,20,mean_width_inclusive_game_equal,tuned - fixed,-3.4563651463447336
4,set_transformer,20,crps,tuned - fixed,7.02378151487236e-05
4,set_transformer,20,coverage,tuned - fixed,-0.0021406224271365293
4,set_transformer,20,mean_width,tuned - fixed,-0.22311872221307638
4,set_transformer,20,mean_width_inclusive,tuned - fixed,-0.22311872221307638
4,set_transformer,20,mean_q,tuned - fixed,-0.0008233163181294253
4,set_transformer,20,crps_game_equal,tuned - fixed,8.200000872377565e-05
4,set_transformer,20,coverage_game_equal,tuned - fixed,-0.0027793473807019575
4,set_transformer,20,mean_width_game_equal,tuned - fixed,-0.21113747934960259
4,set_transformer,20,mean_width_inclusive_game_equal,tuned - fixed,-0.21113747934960259
4,zoo_cnn,20,crps,tuned - fixed,-0.00012728868480670757
4,zoo_cnn,20,coverage,tuned - fixed,0.0209122344804874
4,zoo_cnn,20,mean_width,tuned - fixed,7.608595422361269
4,zoo_cnn,20,mean_width_inclusive,tuned - fixed,7.608595422361269
4,zoo_cnn,20,mean_q,tuned - fixed,0.7021241561007738
4,zoo_cnn,20,crps_game_equal,tuned - fixed,-0.00010611558806400065
4,zoo_cnn,20,coverage_game_equal,tuned - fixed,0.021060261257888957
4,zoo_cnn,20,mean_width_game_equal,tuned - fixed,7.638247867787133
4,zoo_cnn,20,mean_width_inclusive_game_equal,tuned - fixed,7.638247867787133
4,lightgbm_multiclass,160,crps,tuned - fixed,0.0
4,lightgbm_multiclass,160,coverage,tuned - fixed,0.0
4,lightgbm_multiclass,160,mean_width,tuned - fixed,0.0
4,lightgbm_multiclass,160,mean_width_inclusive,tuned - fixed,0.0
4,lightgbm_multiclass,160,mean_q,tuned - fixed,0.0
4,lightgbm_multiclass,160,crps_game_equal,tuned - fixed,0.0
4,lightgbm_multiclass,160,coverage_game_equal,tuned - fixed,0.0
4,lightgbm_multiclass,160,mean_width_game_equal,tuned - fixed,0.0
4,lightgbm_multiclass,160,mean_width_inclusive_game_equal,tuned - fixed,0.0
4,ridge_sgd_l2,160,crps,tuned - fixed,-0.0003266186076226977
4,ridge_sgd_l2,160,coverage,tuned - fixed,-0.011691091717437763
4,ridge_sgd_l2,160,mean_width,tuned - fixed,-3.2573686810472573
4,ridge_sgd_l2,160,mean_width_inclusive,tuned - fixed,-3.2573686810472573
4,ridge_sgd_l2,160,mean_q,tuned - fixed,0.011855754981063726
4,ridge_sgd_l2,160,crps_game_equal,tuned - fixed,-0.00032416549757693924
4,ridge_sgd_l2,160,coverage_game_equal,tuned - fixed,-0.012116622827846868
4,ridge_sgd_l2,160,mean_width_game_equal,tuned - fixed,-3.2183713578211446
4,ridge_sgd_l2,160,mean_width_inclusive_game_equal,tuned - fixed,-3.2183713578211446
4,set_transformer,160,crps,tuned - fixed,-0.00019712836689193998
4,set_transformer,160,coverage,tuned - fixed,0.002799275481640051
4,set_transformer,160,mean_width,tuned - fixed,-0.6130413304791702
4,set_transformer,160,mean_width_inclusive,tuned - fixed,-0.6130413304791702
4,set_transformer,160,mean_q,tuned - fixed,-0.3586365881771777
4,set_transformer,160,crps_game_equal,tuned - fixed,-0.00020855620889967223
4,set_transformer,160,coverage_game_equal,tuned - fixed,0.0022467717356404737
4,set_transformer,160,mean_width_game_equal,tuned - fixed,-0.6084185987996094
4,set_transformer,160,mean_width_inclusive_game_equal,tuned - fixed,-0.6084185987996129
4,zoo_cnn,160,crps,tuned - fixed,3.657890223357496e-10
4,zoo_cnn,160,coverage,tuned - fixed,0.0
4,zoo_cnn,160,mean_width,tuned - fixed,0.0
4,zoo_cnn,160,mean_width_inclusive,tuned - fixed,0.0
4,zoo_cnn,160,mean_q,tuned - fixed,0.0
4,zoo_cnn,160,crps_game_equal,tuned - fixed,4.720501784599707e-10
4,zoo_cnn,160,coverage_game_equal,tuned - fixed,0.0
4,zoo_cnn,160,mean_width_game_equal,tuned - fixed,0.0
4,zoo_cnn,160,mean_width_inclusive_game_equal,tuned - fixed,0.0
4,lightgbm_multiclass,360,crps,tuned - fixed,0.0
4,lightgbm_multiclass,360,coverage,tuned - fixed,0.0
4,lightgbm_multiclass,360,mean_width,tuned - fixed,0.0
4,lightgbm_multiclass,360,mean_width_inclusive,tuned - fixed,0.0
4,lightgbm_multiclass,360,mean_q,tuned - fixed,0.0
4,lightgbm_multiclass,360,crps_game_equal,tuned - fixed,0.0
4,lightgbm_multiclass,360,coverage_game_equal,tuned - fixed,0.0
4,lightgbm_multiclass,360,mean_width_game_equal,tuned - fixed,0.0
4,lightgbm_multiclass,360,mean_width_inclusive_game_equal,tuned - fixed,0.0
4,ridge_sgd_l2,360,crps,tuned - fixed,-0.0003377500542724437
4,ridge_sgd_l2,360,coverage,tuned - fixed,-0.009221142763049528
4,ridge_sgd_l2,360,mean_width,tuned - fixed,-3.1258027334101754
4,ridge_sgd_l2,360,mean_width_inclusive,tuned - fixed,-3.1258027334101754
4,ridge_sgd_l2,360,mean_q,tuned - fixed,-0.1337065700642187
4,ridge_sgd_l2,360,crps_game_equal,tuned - fixed,-0.00033510823441336435
4,ridge_sgd_l2,360,coverage_game_equal,tuned - fixed,-0.0096969875720615
4,ridge_sgd_l2,360,mean_width_game_equal,tuned - fixed,-3.08479700604644
4,ridge_sgd_l2,360,mean_width_inclusive_game_equal,tuned - fixed,-3.08479700604644
4,set_transformer,360,crps,tuned - fixed,0.00013457621498331844
4,set_transformer,360,coverage,tuned - fixed,-0.014161040671826108
4,set_transformer,360,mean_width,tuned - fixed,-1.33212580273341
4,set_transformer,360,mean_width_inclusive,tuned - fixed,-1.33212580273341
4,set_transformer,360,mean_q,tuned - fixed,0.07870904001317307
4,set_transformer,360,crps_game_equal,tuned - fixed,0.00015024033153236867
4,set_transformer,360,coverage_game_equal,tuned - fixed,-0.014569303039614234
4,set_transformer,360,mean_width_game_equal,tuned - fixed,-1.3443606489859956
4,set_transformer,360,mean_width_inclusive_game_equal,tuned - fixed,-1.3443606489859938
4,zoo_cnn,360,crps,tuned - fixed,-0.0007769473776238801
4,zoo_cnn,360,coverage,tuned - fixed,-0.006915857072287146
4,zoo_cnn,360,mean_width,tuned - fixed,-0.7363741149349572
4,zoo_cnn,360,mean_width_inclusive,tuned - fixed,-0.7363741149349572
4,zoo_cnn,360,mean_q,tuned - fixed,0.6115593611065371
4,zoo_cnn,360,crps_game_equal,tuned - fixed,-0.0007630079673730857
4,zoo_cnn,360,coverage_game_equal,tuned - fixed,-0.006983348469038586
4,zoo_cnn,360,mean_width_game_equal,tuned - fixed,-0.7198756063309428
4,zoo_cnn,360,mean_width_inclusive_game_equal,tuned - fixed,-0.7198756063309428
5,lightgbm_multiclass,20,crps,tuned - fixed,0.0
5,lightgbm_multiclass,20,coverage,tuned - fixed,0.0
5,lightgbm_multiclass,20,mean_width,tuned - fixed,0.0
5,lightgbm_multiclass,20,mean_width_inclusive,tuned - fixed,0.0
5,lightgbm_multiclass,20,mean_q,tuned - fixed,0.0
5,lightgbm_multiclass,20,crps_game_equal,tuned - fixed,0.0
5,lightgbm_multiclass,20,coverage_game_equal,tuned - fixed,0.0
5,lightgbm_multiclass,20,mean_width_game_equal,tuned - fixed,0.0
5,lightgbm_multiclass,20,mean_width_inclusive_game_equal,tuned - fixed,0.0
5,ridge_sgd_l2,20,crps,tuned - fixed,-0.00019432453084960652
5,ridge_sgd_l2,20,coverage,tuned - fixed,-0.008540122462133426
5,ridge_sgd_l2,20,mean_width,tuned - fixed,-2.5488237189816303
5,ridge_sgd_l2,20,mean_width_inclusive,tuned - fixed,-2.5488237189816303
5,ridge_sgd_l2,20,mean_q,tuned - fixed,0.15887850467289721
5,ridge_sgd_l2,20,crps_game_equal,tuned - fixed,-0.00019015155658686986
5,ridge_sgd_l2,20,coverage_game_equal,tuned - fixed,-0.00819719359886062
5,ridge_sgd_l2,20,mean_width_game_equal,tuned - fixed,-2.528895706973593
5,ridge_sgd_l2,20,mean_width_inclusive_game_equal,tuned - fixed,-2.528895706973593
5,set_transformer,20,crps,tuned - fixed,1.6911416796626388e-07
5,set_transformer,20,coverage,tuned - fixed,0.0
5,set_transformer,20,mean_width,tuned - fixed,0.0009668063164660623
5,set_transformer,20,mean_width_inclusive,tuned - fixed,0.0009668063164660623
5,set_transformer,20,mean_q,tuned - fixed,0.0
5,set_transformer,20,crps_game_equal,tuned - fixed,1.7667238621545123e-07
5,set_transformer,20,coverage_game_equal,tuned - fixed,0.0
5,set_transformer,20,mean_width_game_equal,tuned - fixed,0.0009628080458874422
5,set_transformer,20,mean_width_inclusive_game_equal,tuned - fixed,0.0009628080458874422
5,zoo_cnn,20,crps,tuned - fixed,-0.0026014103068212058
5,zoo_cnn,20,coverage,tuned - fixed,-0.06574282951981958
5,zoo_cnn,20,mean_width,tuned - fixed,-25.18272639381244
5,zoo_cnn,20,mean_width_inclusive,tuned - fixed,-25.18272639381244
5,zoo_cnn,20,mean_q,tuned - fixed,2.1973896229455367
5,zoo_cnn,20,crps_game_equal,tuned - fixed,-0.0026326592689130505
5,zoo_cnn,20,coverage_game_equal,tuned - fixed,-0.06575042896572836
5,zoo_cnn,20,mean_width_game_equal,tuned - fixed,-25.172860628894277
5,zoo_cnn,20,mean_width_inclusive_game_equal,tuned - fixed,-25.172860628894277
5,lightgbm_multiclass,160,crps,tuned - fixed,0.0
5,lightgbm_multiclass,160,coverage,tuned - fixed,0.0
5,lightgbm_multiclass,160,mean_width,tuned - fixed,0.0
5,lightgbm_multiclass,160,mean_width_inclusive,tuned - fixed,0.0
5,lightgbm_multiclass,160,mean_q,tuned - fixed,0.0
5,lightgbm_multiclass,160,crps_game_equal,tuned - fixed,0.0
5,lightgbm_multiclass,160,coverage_game_equal,tuned - fixed,0.0
5,lightgbm_multiclass,160,mean_width_game_equal,tuned - fixed,0.0
5,lightgbm_multiclass,160,mean_width_inclusive_game_equal,tuned - fixed,0.0
5,ridge_sgd_l2,160,crps,tuned - fixed,-0.0002973056047860887
5,ridge_sgd_l2,160,coverage,tuned - fixed,-0.007573316145665476
5,ridge_sgd_l2,160,mean_width,tuned - fixed,-2.5982919755075713
5,ridge_sgd_l2,160,mean_width_inclusive,tuned - fixed,-2.5982919755075713
5,ridge_sgd_l2,160,mean_q,tuned - fixed,-0.09941991621011924
5,ridge_sgd_l2,160,crps_game_equal,tuned - fixed,-0.0002964582574673715
5,ridge_sgd_l2,160,coverage_game_equal,tuned - fixed,-0.007691104492143497
5,ridge_sgd_l2,160,mean_width_game_equal,tuned - fixed,-2.5794302246977345
5,ridge_sgd_l2,160,mean_width_inclusive_game_equal,tuned - fixed,-2.5794302246977345
5,set_transformer,160,crps,tuned - fixed,-0.00013570465670398324
5,set_transformer,160,coverage,tuned - fixed,0.0
5,set_transformer,160,mean_width,tuned - fixed,-0.31195617144698673
5,set_transformer,160,mean_width_inclusive,tuned - fixed,-0.31195617144698673
5,set_transformer,160,mean_q,tuned - fixed,0.16500161134386077
5,set_transformer,160,crps_game_equal,tuned - fixed,-0.00013920343302476976
5,set_transformer,160,coverage_game_equal,tuned - fixed,-0.00021182300300204293
5,set_transformer,160,mean_width_game_equal,tuned - fixed,-0.30743102837298864
5,set_transformer,160,mean_width_inclusive_game_equal,tuned - fixed,-0.30743102837298864
5,zoo_cnn,160,crps,tuned - fixed,5.138811685206912e-10
5,zoo_cnn,160,coverage,tuned - fixed,0.0
5,zoo_cnn,160,mean_width,tuned - fixed,-0.0003222687721553541
5,zoo_cnn,160,mean_width_inclusive,tuned - fixed,-0.0003222687721553541
5,zoo_cnn,160,mean_q,tuned - fixed,-0.00016113438607799624
5,zoo_cnn,160,crps_game_equal,tuned - fixed,5.807175209454618e-10
5,zoo_cnn,160,coverage_game_equal,tuned - fixed,0.0
5,zoo_cnn,160,mean_width_game_equal,tuned - fixed,-0.00029792939073480795
5,zoo_cnn,160,mean_width_inclusive_game_equal,tuned - fixed,-0.00029792939073480795
5,lightgbm_multiclass,360,crps,tuned - fixed,0.0
5,lightgbm_multiclass,360,coverage,tuned - fixed,0.0
5,lightgbm_multiclass,360,mean_width,tuned - fixed,0.0
5,lightgbm_multiclass,360,mean_width_inclusive,tuned - fixed,0.0
5,lightgbm_multiclass,360,mean_q,tuned - fixed,0.0
5,lightgbm_multiclass,360,crps_game_equal,tuned - fixed,0.0
5,lightgbm_multiclass,360,coverage_game_equal,tuned - fixed,0.0
5,lightgbm_multiclass,360,mean_width_game_equal,tuned - fixed,0.0
5,lightgbm_multiclass,360,mean_width_inclusive_game_equal,tuned - fixed,0.0
5,ridge_sgd_l2,360,crps,tuned - fixed,-0.00031634161713182604
5,ridge_sgd_l2,360,coverage,tuned - fixed,-0.008378988076055416
5,ridge_sgd_l2,360,mean_width,tuned - fixed,-2.782468578794713
5,ridge_sgd_l2,360,mean_width_inclusive,tuned - fixed,-2.782468578794713
5,ridge_sgd_l2,360,mean_q,tuned - fixed,-0.09603609410248148
5,ridge_sgd_l2,360,crps_game_equal,tuned - fixed,-0.0003150329571007908
5,ridge_sgd_l2,360,coverage_game_equal,tuned - fixed,-0.008523632994589025
5,ridge_sgd_l2,360,mean_width_game_equal,tuned - fixed,-2.765051207077004
5,ridge_sgd_l2,360,mean_width_inclusive_game_equal,tuned - fixed,-2.765051207077004
5,set_transformer,360,crps,tuned - fixed,-0.00018851257228935138
5,set_transformer,360,coverage,tuned - fixed,0.0022558814050919196
5,set_transformer,360,mean_width,tuned - fixed,0.15114405414115417
5,set_transformer,360,mean_width_inclusive,tuned - fixed,0.15114405414115417
5,set_transformer,360,mean_q,tuned - fixed,-0.12294553657750565
5,set_transformer,360,crps_game_equal,tuned - fixed,-0.00017837330823589417
5,set_transformer,360,coverage_game_equal,tuned - fixed,0.001884528203745739
5,set_transformer,360,mean_width_game_equal,tuned - fixed,0.1424303645179794
5,set_transformer,360,mean_width_inclusive_game_equal,tuned - fixed,0.1424303645179794
5,zoo_cnn,360,crps,tuned - fixed,-1.1450949771729668e-09
5,zoo_cnn,360,coverage,tuned - fixed,0.0
5,zoo_cnn,360,mean_width,tuned - fixed,0.0
5,zoo_cnn,360,mean_width_inclusive,tuned - fixed,0.0
5,zoo_cnn,360,mean_q,tuned - fixed,0.0
5,zoo_cnn,360,crps_game_equal,tuned - fixed,-1.0022498629636e-09
5,zoo_cnn,360,coverage_game_equal,tuned - fixed,0.0
5,zoo_cnn,360,mean_width_game_equal,tuned - fixed,0.0
5,zoo_cnn,360,mean_width_inclusive_game_equal,tuned - fixed,0.0
6,lightgbm_multiclass,20,crps,tuned - fixed,0.0
6,lightgbm_multiclass,20,coverage,tuned - fixed,0.0
6,lightgbm_multiclass,20,mean_width,tuned - fixed,0.0
6,lightgbm_multiclass,20,mean_width_inclusive,tuned - fixed,0.0
6,lightgbm_multiclass,20,mean_q,tuned - fixed,0.0
6,lightgbm_multiclass,20,crps_game_equal,tuned - fixed,0.0
6,lightgbm_multiclass,20,coverage_game_equal,tuned - fixed,0.0
6,lightgbm_multiclass,20,mean_width_game_equal,tuned - fixed,0.0
6,lightgbm_multiclass,20,mean_width_inclusive_game_equal,tuned - fixed,0.0
6,ridge_sgd_l2,20,crps,tuned - fixed,-4.485109125616782e-06
6,ridge_sgd_l2,20,coverage,tuned - fixed,-0.012400065263501348
6,ridge_sgd_l2,20,mean_width,tuned - fixed,-3.2356012400065275
6,ridge_sgd_l2,20,mean_width_inclusive,tuned - fixed,-3.2356012400065275
6,ridge_sgd_l2,20,mean_q,tuned - fixed,0.2191222059063468
6,ridge_sgd_l2,20,crps_game_equal,tuned - fixed,1.8603082424881873e-06
6,ridge_sgd_l2,20,coverage_game_equal,tuned - fixed,-0.012286103532983872
6,ridge_sgd_l2,20,mean_width_game_equal,tuned - fixed,-3.2105402886076746
6,ridge_sgd_l2,20,mean_width_inclusive_game_equal,tuned - fixed,-3.2105402886076746
6,set_transformer,20,crps,tuned - fixed,-0.0009424035108234058
6,set_transformer,20,coverage,tuned - fixed,0.007505302659487678
6,set_transformer,20,mean_width,tuned - fixed,-1.022679066731932
6,set_transformer,20,mean_width_inclusive,tuned - fixed,-1.022679066731932
6,set_transformer,20,mean_q,tuned - fixed,-0.3075542502855278
6,set_transformer,20,crps_game_equal,tuned - fixed,-0.0009546389535605073
6,set_transformer,20,coverage_game_equal,tuned - fixed,0.007632315844083415
6,set_transformer,20,mean_width_game_equal,tuned - fixed,-1.0478660786605971
6,set_transformer,20,mean_width_inclusive_game_equal,tuned - fixed,-1.0478660786605971
6,zoo_cnn,20,crps,tuned - fixed,6.197098320501887e-05
6,zoo_cnn,20,coverage,tuned - fixed,0.0003263175069342372
6,zoo_cnn,20,mean_width,tuned - fixed,0.7477565671398274
6,zoo_cnn,20,mean_width_inclusive,tuned - fixed,0.7477565671398274
6,zoo_cnn,20,mean_q,tuned - fixed,-1.3886441507586884
6,zoo_cnn,20,crps_game_equal,tuned - fixed,7.838239363149035e-05
6,zoo_cnn,20,coverage_game_equal,tuned - fixed,0.0004727612156023575
6,zoo_cnn,20,mean_width_game_equal,tuned - fixed,0.7607686122907396
6,zoo_cnn,20,mean_width_inclusive_game_equal,tuned - fixed,0.7607686122907396
6,lightgbm_multiclass,160,crps,tuned - fixed,0.0
6,lightgbm_multiclass,160,coverage,tuned - fixed,0.0
6,lightgbm_multiclass,160,mean_width,tuned - fixed,0.0
6,lightgbm_multiclass,160,mean_width_inclusive,tuned - fixed,0.0
6,lightgbm_multiclass,160,mean_q,tuned - fixed,0.0
6,lightgbm_multiclass,160,crps_game_equal,tuned - fixed,0.0
6,lightgbm_multiclass,160,coverage_game_equal,tuned - fixed,0.0
6,lightgbm_multiclass,160,mean_width_game_equal,tuned - fixed,0.0
6,lightgbm_multiclass,160,mean_width_inclusive_game_equal,tuned - fixed,0.0
6,ridge_sgd_l2,160,crps,tuned - fixed,-0.00026080443824143436
6,ridge_sgd_l2,160,coverage,tuned - fixed,-0.007831620166421915
6,ridge_sgd_l2,160,mean_width,tuned - fixed,-2.821014847446566
6,ridge_sgd_l2,160,mean_width_inclusive,tuned - fixed,-2.821014847446566
6,ridge_sgd_l2,160,mean_q,tuned - fixed,-0.005547397617882199
6,ridge_sgd_l2,160,crps_game_equal,tuned - fixed,-0.00025519743756974994
6,ridge_sgd_l2,160,coverage_game_equal,tuned - fixed,-0.007928986497004908
6,ridge_sgd_l2,160,mean_width_game_equal,tuned - fixed,-2.801294290067066
6,ridge_sgd_l2,160,mean_width_inclusive_game_equal,tuned - fixed,-2.801294290067066
6,set_transformer,160,crps,tuned - fixed,0.00010410064621837155
6,set_transformer,160,coverage,tuned - fixed,0.0026105400554738978
6,set_transformer,160,mean_width,tuned - fixed,0.38113884809919973
6,set_transformer,160,mean_width_inclusive,tuned - fixed,0.38113884809919973
6,set_transformer,160,mean_q,tuned - fixed,-0.24326970141948118
6,set_transformer,160,crps_game_equal,tuned - fixed,9.983487000005294e-05
6,set_transformer,160,coverage_game_equal,tuned - fixed,0.0024434959054052685
6,set_transformer,160,mean_width_game_equal,tuned - fixed,0.3769022243927367
6,set_transformer,160,mean_width_inclusive_game_equal,tuned - fixed,0.3769022243927367
6,zoo_cnn,160,crps,tuned - fixed,-3.630196887885462e-09
6,zoo_cnn,160,coverage,tuned - fixed,0.0
6,zoo_cnn,160,mean_width,tuned - fixed,0.0001631587534660639
6,zoo_cnn,160,mean_width_inclusive,tuned - fixed,0.0001631587534660639
6,zoo_cnn,160,mean_q,tuned - fixed,0.0
6,zoo_cnn,160,crps_game_equal,tuned - fixed,-3.381613686986862e-09
6,zoo_cnn,160,coverage_game_equal,tuned - fixed,0.0
6,zoo_cnn,160,mean_width_game_equal,tuned - fixed,0.00015867978419592532
6,zoo_cnn,160,mean_width_inclusive_game_equal,tuned - fixed,0.0001586797841923726
6,lightgbm_multiclass,360,crps,tuned - fixed,0.0
6,lightgbm_multiclass,360,coverage,tuned - fixed,0.0
6,lightgbm_multiclass,360,mean_width,tuned - fixed,0.0
6,lightgbm_multiclass,360,mean_width_inclusive,tuned - fixed,0.0
6,lightgbm_multiclass,360,mean_q,tuned - fixed,0.0
6,lightgbm_multiclass,360,crps_game_equal,tuned - fixed,0.0
6,lightgbm_multiclass,360,coverage_game_equal,tuned - fixed,0.0
6,lightgbm_multiclass,360,mean_width_game_equal,tuned - fixed,0.0
6,lightgbm_multiclass,360,mean_width_inclusive_game_equal,tuned - fixed,0.0
6,ridge_sgd_l2,360,crps,tuned - fixed,-0.0002820619492521319
6,ridge_sgd_l2,360,coverage,tuned - fixed,-0.009300048947626038
6,ridge_sgd_l2,360,mean_width,tuned - fixed,-2.6167400881057254
6,ridge_sgd_l2,360,mean_width_inclusive,tuned - fixed,-2.6167400881057254
6,ridge_sgd_l2,360,mean_q,tuned - fixed,-0.12628487518355358
6,ridge_sgd_l2,360,crps_game_equal,tuned - fixed,-0.0002799336218585087
6,ridge_sgd_l2,360,coverage_game_equal,tuned - fixed,-0.00951953607851308
6,ridge_sgd_l2,360,mean_width_game_equal,tuned - fixed,-2.603190733293527
6,ridge_sgd_l2,360,mean_width_inclusive_game_equal,tuned - fixed,-2.603190733293527
6,set_transformer,360,crps,tuned - fixed,-3.587048385655066e-05
6,set_transformer,360,coverage,tuned - fixed,0.003915810083210958
6,set_transformer,360,mean_width,tuned - fixed,-0.055147658671886646
6,set_transformer,360,mean_width_inclusive,tuned - fixed,-0.055147658671886646
6,set_transformer,360,mean_q,tuned - fixed,0.018763256648719195
6,set_transformer,360,crps_game_equal,tuned - fixed,-3.850529729360584e-05
6,set_transformer,360,coverage_game_equal,tuned - fixed,0.003586257700541662
6,set_transformer,360,mean_width_game_equal,tuned - fixed,-0.06544899469404442
6,set_transformer,360,mean_width_inclusive_game_equal,tuned - fixed,-0.06544899469404797
6,zoo_cnn,360,crps,tuned - fixed,-0.00018567462452824535
6,zoo_cnn,360,coverage,tuned - fixed,0.015826399086311005
6,zoo_cnn,360,mean_width,tuned - fixed,0.15255343449176095
6,zoo_cnn,360,mean_width_inclusive,tuned - fixed,0.15255343449176095
6,zoo_cnn,360,mean_q,tuned - fixed,-0.41067058247674987
6,zoo_cnn,360,crps_game_equal,tuned - fixed,-0.0001792132673450325
6,zoo_cnn,360,coverage_game_equal,tuned - fixed,0.01624086542395531
6,zoo_cnn,360,mean_width_game_equal,tuned - fixed,0.18351336763306847
6,zoo_cnn,360,mean_width_inclusive_game_equal,tuned - fixed,0.18351336763307202
7,lightgbm_multiclass,20,crps,tuned - fixed,0.0
7,lightgbm_multiclass,20,coverage,tuned - fixed,0.0
7,lightgbm_multiclass,20,mean_width,tuned - fixed,0.0
7,lightgbm_multiclass,20,mean_width_inclusive,tuned - fixed,0.0
7,lightgbm_multiclass,20,mean_q,tuned - fixed,0.0
7,lightgbm_multiclass,20,crps_game_equal,tuned - fixed,0.0
7,lightgbm_multiclass,20,coverage_game_equal,tuned - fixed,0.0
7,lightgbm_multiclass,20,mean_width_game_equal,tuned - fixed,0.0
7,lightgbm_multiclass,20,mean_width_inclusive_game_equal,tuned - fixed,0.0
7,ridge_sgd_l2,20,crps,tuned - fixed,-0.00021952354597748296
7,ridge_sgd_l2,20,coverage,tuned - fixed,-0.015124698310538975
7,ridge_sgd_l2,20,mean_width,tuned - fixed,-2.8839903459372493
7,ridge_sgd_l2,20,mean_width_inclusive,tuned - fixed,-2.8839903459372493
7,ridge_sgd_l2,20,mean_q,tuned - fixed,0.09879324215607399
7,ridge_sgd_l2,20,crps_game_equal,tuned - fixed,-0.0002154074542114262
7,ridge_sgd_l2,20,coverage_game_equal,tuned - fixed,-0.015270866018292417
7,ridge_sgd_l2,20,mean_width_game_equal,tuned - fixed,-2.854602345250232
7,ridge_sgd_l2,20,mean_width_inclusive_game_equal,tuned - fixed,-2.854602345250232
7,set_transformer,20,crps,tuned - fixed,-6.61969655053607e-05
7,set_transformer,20,coverage,tuned - fixed,0.0027353177795654826
7,set_transformer,20,mean_width,tuned - fixed,0.4288012872083655
7,set_transformer,20,mean_width_inclusive,tuned - fixed,0.4288012872083655
7,set_transformer,20,mean_q,tuned - fixed,0.07835880933226065
7,set_transformer,20,crps_game_equal,tuned - fixed,-5.6909961215004246e-05
7,set_transformer,20,coverage_game_equal,tuned - fixed,0.0026016989857973183
7,set_transformer,20,mean_width_game_equal,tuned - fixed,0.4204874394069549
7,set_transformer,20,mean_width_inclusive_game_equal,tuned - fixed,0.4204874394069549
7,zoo_cnn,20,crps,tuned - fixed,-0.0004300059923491445
7,zoo_cnn,20,coverage,tuned - fixed,-0.005631536604987941
7,zoo_cnn,20,mean_width,tuned - fixed,-0.006275140788414291
7,zoo_cnn,20,mean_width_inclusive,tuned - fixed,-0.006275140788414291
7,zoo_cnn,20,mean_q,tuned - fixed,-0.23491552695092466
7,zoo_cnn,20,crps_game_equal,tuned - fixed,-0.0004414562415609377
7,zoo_cnn,20,coverage_game_equal,tuned - fixed,-0.005899083828942442
7,zoo_cnn,20,mean_width_game_equal,tuned - fixed,-0.01056115868182772
7,zoo_cnn,20,mean_width_inclusive_game_equal,tuned - fixed,-0.01056115868182772
7,lightgbm_multiclass,160,crps,tuned - fixed,0.0
7,lightgbm_multiclass,160,coverage,tuned - fixed,0.0
7,lightgbm_multiclass,160,mean_width,tuned - fixed,0.0
7,lightgbm_multiclass,160,mean_width_inclusive,tuned - fixed,0.0
7,lightgbm_multiclass,160,mean_q,tuned - fixed,0.0
7,lightgbm_multiclass,160,crps_game_equal,tuned - fixed,0.0
7,lightgbm_multiclass,160,coverage_game_equal,tuned - fixed,0.0
7,lightgbm_multiclass,160,mean_width_game_equal,tuned - fixed,0.0
7,lightgbm_multiclass,160,mean_width_inclusive_game_equal,tuned - fixed,0.0
7,ridge_sgd_l2,160,crps,tuned - fixed,-0.0003014339594041692
7,ridge_sgd_l2,160,coverage,tuned - fixed,-0.01078037007240551
7,ridge_sgd_l2,160,mean_width,tuned - fixed,-2.8271922767497983
7,ridge_sgd_l2,160,mean_width_inclusive,tuned - fixed,-2.8271922767497983
7,ridge_sgd_l2,160,mean_q,tuned - fixed,-0.10329847144006438
7,ridge_sgd_l2,160,crps_game_equal,tuned - fixed,-0.0003006761647807582
7,ridge_sgd_l2,160,coverage_game_equal,tuned - fixed,-0.010986241329586699
7,ridge_sgd_l2,160,mean_width_game_equal,tuned - fixed,-2.8070533463416147
7,ridge_sgd_l2,160,mean_width_inclusive_game_equal,tuned - fixed,-2.8070533463416147
7,set_transformer,160,crps,tuned - fixed,-7.223099319645168e-06
7,set_transformer,160,coverage,tuned - fixed,0.004022526146419958
7,set_transformer,160,mean_width,tuned - fixed,0.2133547868061143
7,set_transformer,160,mean_width_inclusive,tuned - fixed,0.2133547868061143
7,set_transformer,160,mean_q,tuned - fixed,-0.08656476267095736
7,set_transformer,160,crps_game_equal,tuned - fixed,-4.889746759524985e-06
7,set_transformer,160,coverage_game_equal,tuned - fixed,0.003851696858298115
7,set_transformer,160,mean_width_game_equal,tuned - fixed,0.2124408378295417
7,set_transformer,160,mean_width_inclusive_game_equal,tuned - fixed,0.21244083782953993
7,zoo_cnn,160,crps,tuned - fixed,-2.2755218785641684e-09
7,zoo_cnn,160,coverage,tuned - fixed,0.0
7,zoo_cnn,160,mean_width,tuned - fixed,0.0
7,zoo_cnn,160,mean_width_inclusive,tuned - fixed,0.0
7,zoo_cnn,160,mean_q,tuned - fixed,0.0
7,zoo_cnn,160,crps_game_equal,tuned - fixed,-2.1671291549479887e-09
7,zoo_cnn,160,coverage_game_equal,tuned - fixed,0.0
7,zoo_cnn,160,mean_width_game_equal,tuned - fixed,0.0
7,zoo_cnn,160,mean_width_inclusive_game_equal,tuned - fixed,0.0
7,lightgbm_multiclass,360,crps,tuned - fixed,0.0
7,lightgbm_multiclass,360,coverage,tuned - fixed,0.0
7,lightgbm_multiclass,360,mean_width,tuned - fixed,0.0
7,lightgbm_multiclass,360,mean_width_inclusive,tuned - fixed,0.0
7,lightgbm_multiclass,360,mean_q,tuned - fixed,0.0
7,lightgbm_multiclass,360,crps_game_equal,tuned - fixed,0.0
7,lightgbm_multiclass,360,coverage_game_equal,tuned - fixed,0.0
7,lightgbm_multiclass,360,mean_width_game_equal,tuned - fixed,0.0
7,lightgbm_multiclass,360,mean_width_inclusive_game_equal,tuned - fixed,0.0
7,ridge_sgd_l2,360,crps,tuned - fixed,-0.0003154116320109278
7,ridge_sgd_l2,360,coverage,tuned - fixed,-0.011584875301689501
7,ridge_sgd_l2,360,mean_width,tuned - fixed,-2.9340305711987114
7,ridge_sgd_l2,360,mean_width_inclusive,tuned - fixed,-2.9340305711987114
7,ridge_sgd_l2,360,mean_q,tuned - fixed,-0.07353177795655669
7,ridge_sgd_l2,360,crps_game_equal,tuned - fixed,-0.0003148648154124023
7,ridge_sgd_l2,360,coverage_game_equal,tuned - fixed,-0.011621668988796685
7,ridge_sgd_l2,360,mean_width_game_equal,tuned - fixed,-2.9153475439439873
7,ridge_sgd_l2,360,mean_width_inclusive_game_equal,tuned - fixed,-2.9153475439439873
7,set_transformer,360,crps,tuned - fixed,-0.00010327464544527751
7,set_transformer,360,coverage,tuned - fixed,0.00820595333869667
7,set_transformer,360,mean_width,tuned - fixed,-0.16942880128720894
7,set_transformer,360,mean_width_inclusive,tuned - fixed,-0.16942880128720894
7,set_transformer,360,mean_q,tuned - fixed,0.05358004827031376
7,set_transformer,360,crps_game_equal,tuned - fixed,-0.00010896297332378332
7,set_transformer,360,coverage_game_equal,tuned - fixed,0.008052098385611939
7,set_transformer,360,mean_width_game_equal,tuned - fixed,-0.17609163775756898
7,set_transformer,360,mean_width_inclusive_game_equal,tuned - fixed,-0.17609163775756898
7,zoo_cnn,360,crps,tuned - fixed,-3.2303771671599035e-05
7,zoo_cnn,360,coverage,tuned - fixed,0.005470635559131187
7,zoo_cnn,360,mean_width,tuned - fixed,0.3829444891391791
7,zoo_cnn,360,mean_width_inclusive,tuned - fixed,0.3829444891391791
7,zoo_cnn,360,mean_q,tuned - fixed,0.09348350764279956
7,zoo_cnn,360,crps_game_equal,tuned - fixed,-2.5389790991590597e-05
7,zoo_cnn,360,coverage_game_equal,tuned - fixed,0.0057666368599116336
7,zoo_cnn,360,mean_width_game_equal,tuned - fixed,0.3947099825966376
7,zoo_cnn,360,mean_width_inclusive_game_equal,tuned - fixed,0.3947099825966376
8,lightgbm_multiclass,20,crps,tuned - fixed,0.0
8,lightgbm_multiclass,20,coverage,tuned - fixed,0.0
8,lightgbm_multiclass,20,mean_width,tuned - fixed,0.0
8,lightgbm_multiclass,20,mean_width_inclusive,tuned - fixed,0.0
8,lightgbm_multiclass,20,mean_q,tuned - fixed,0.0
8,lightgbm_multiclass,20,crps_game_equal,tuned - fixed,0.0
8,lightgbm_multiclass,20,coverage_game_equal,tuned - fixed,0.0
8,lightgbm_multiclass,20,mean_width_game_equal,tuned - fixed,0.0
8,lightgbm_multiclass,20,mean_width_inclusive_game_equal,tuned - fixed,0.0
8,ridge_sgd_l2,20,crps,tuned - fixed,-0.00022185302293074513
8,ridge_sgd_l2,20,coverage,tuned - fixed,-0.00957395883197698
8,ridge_sgd_l2,20,mean_width,tuned - fixed,-2.7237912876974626
8,ridge_sgd_l2,20,mean_width_inclusive,tuned - fixed,-2.7237912876974626
8,ridge_sgd_l2,20,mean_q,tuned - fixed,0.06015637466092233
8,ridge_sgd_l2,20,crps_game_equal,tuned - fixed,-0.00021575179700778283
8,ridge_sgd_l2,20,coverage_game_equal,tuned - fixed,-0.009209346693770937
8,ridge_sgd_l2,20,mean_width_game_equal,tuned - fixed,-2.6948079061876484
8,ridge_sgd_l2,20,mean_width_inclusive_game_equal,tuned - fixed,-2.6948079061876484
8,set_transformer,20,crps,tuned - fixed,6.82506684371309e-06
8,set_transformer,20,coverage,tuned - fixed,0.001116961863730559
8,set_transformer,20,mean_width,tuned - fixed,0.1710547311313242
8,set_transformer,20,mean_width_inclusive,tuned - fixed,0.1710547311313242
8,set_transformer,20,mean_q,tuned - fixed,-0.10898356470400516
8,set_transformer,20,crps_game_equal,tuned - fixed,7.905688298538716e-06
8,set_transformer,20,coverage_game_equal,tuned - fixed,0.0012176590717223323
8,set_transformer,20,mean_width_game_equal,tuned - fixed,0.1723811284819341
8,set_transformer,20,mean_width_inclusive_game_equal,tuned - fixed,0.1723811284819341
8,zoo_cnn,20,crps,tuned - fixed,-9.222608389748352e-05
8,zoo_cnn,20,coverage,tuned - fixed,0.004627413435455585
8,zoo_cnn,20,mean_width,tuned - fixed,-0.047869794159884904
8,zoo_cnn,20,mean_width_inclusive,tuned - fixed,-0.04786979415988313
8,zoo_cnn,20,mean_q,tuned - fixed,-0.5181107387904897
8,zoo_cnn,20,crps_game_equal,tuned - fixed,-0.00011355222700798473
8,zoo_cnn,20,coverage_game_equal,tuned - fixed,0.004774119782973152
8,zoo_cnn,20,mean_width_game_equal,tuned - fixed,-0.07097695018308414
8,zoo_cnn,20,mean_width_inclusive_game_equal,tuned - fixed,-0.07097695018308059
8,lightgbm_multiclass,160,crps,tuned - fixed,0.0
8,lightgbm_multiclass,160,coverage,tuned - fixed,0.0
8,lightgbm_multiclass,160,mean_width,tuned - fixed,0.0
8,lightgbm_multiclass,160,mean_width_inclusive,tuned - fixed,0.0
8,lightgbm_multiclass,160,mean_q,tuned - fixed,0.0
8,lightgbm_multiclass,160,crps_game_equal,tuned - fixed,0.0
8,lightgbm_multiclass,160,coverage_game_equal,tuned - fixed,0.0
8,lightgbm_multiclass,160,mean_width_game_equal,tuned - fixed,0.0
8,lightgbm_multiclass,160,mean_width_inclusive_game_equal,tuned - fixed,0.0
8,ridge_sgd_l2,160,crps,tuned - fixed,-0.0003365730518966343
8,ridge_sgd_l2,160,coverage,tuned - fixed,-0.008456996968246422
8,ridge_sgd_l2,160,mean_width,tuned - fixed,-2.7183660443593425
8,ridge_sgd_l2,160,mean_width_inclusive,tuned - fixed,-2.7183660443593425
8,ridge_sgd_l2,160,mean_q,tuned - fixed,-0.07340035104515719
8,ridge_sgd_l2,160,crps_game_equal,tuned - fixed,-0.0003341008319561727
8,ridge_sgd_l2,160,coverage_game_equal,tuned - fixed,-0.008280258685578024
8,ridge_sgd_l2,160,mean_width_game_equal,tuned - fixed,-2.690682977851818
8,ridge_sgd_l2,160,mean_width_inclusive_game_equal,tuned - fixed,-2.690682977851818
8,set_transformer,160,crps,tuned - fixed,1.9924654839000022e-05
8,set_transformer,160,coverage,tuned - fixed,-0.0007978299026647484
8,set_transformer,160,mean_width,tuned - fixed,0.5380564863571085
8,set_transformer,160,mean_width_inclusive,tuned - fixed,0.5380564863571085
8,set_transformer,160,mean_q,tuned - fixed,-0.0786660284027445
8,set_transformer,160,crps_game_equal,tuned - fixed,2.0779708242883027e-05
8,set_transformer,160,coverage_game_equal,tuned - fixed,-0.0005925370954339426
8,set_transformer,160,mean_width_game_equal,tuned - fixed,0.5435645846413113
8,set_transformer,160,mean_width_inclusive_game_equal,tuned - fixed,0.5435645846413113
8,zoo_cnn,160,crps,tuned - fixed,-0.0002636824345976993
8,zoo_cnn,160,coverage,tuned - fixed,0.006861337162916814
8,zoo_cnn,160,mean_width,tuned - fixed,-0.004308281474388664
8,zoo_cnn,160,mean_width_inclusive,tuned - fixed,-0.004308281474390441
8,zoo_cnn,160,mean_q,tuned - fixed,0.810116483165789
8,zoo_cnn,160,crps_game_equal,tuned - fixed,-0.00026941994021891826
8,zoo_cnn,160,coverage_game_equal,tuned - fixed,0.00660960540845712
8,zoo_cnn,160,mean_width_game_equal,tuned - fixed,0.01453273673220501
8,zoo_cnn,160,mean_width_inclusive_game_equal,tuned - fixed,0.014532736732203233
8,lightgbm_multiclass,360,crps,tuned - fixed,0.0
8,lightgbm_multiclass,360,coverage,tuned - fixed,0.0
8,lightgbm_multiclass,360,mean_width,tuned - fixed,0.0
8,lightgbm_multiclass,360,mean_width_inclusive,tuned - fixed,0.0
8,lightgbm_multiclass,360,mean_q,tuned - fixed,0.0
8,lightgbm_multiclass,360,crps_game_equal,tuned - fixed,0.0
8,lightgbm_multiclass,360,coverage_game_equal,tuned - fixed,0.0
8,lightgbm_multiclass,360,mean_width_game_equal,tuned - fixed,0.0
8,lightgbm_multiclass,360,mean_width_inclusive_game_equal,tuned - fixed,0.0
8,ridge_sgd_l2,360,crps,tuned - fixed,-0.0003429396305804303
8,ridge_sgd_l2,360,coverage,tuned - fixed,-0.007020903143449719
8,ridge_sgd_l2,360,mean_width,tuned - fixed,-2.7825115685335895
8,ridge_sgd_l2,360,mean_width_inclusive,tuned - fixed,-2.7825115685335895
8,ridge_sgd_l2,360,mean_q,tuned - fixed,0.01085048667624064
8,ridge_sgd_l2,360,crps_game_equal,tuned - fixed,-0.00034107620245754297
8,ridge_sgd_l2,360,coverage_game_equal,tuned - fixed,-0.0066060073173925815
8,ridge_sgd_l2,360,mean_width_game_equal,tuned - fixed,-2.752639797989424
8,ridge_sgd_l2,360,mean_width_inclusive_game_equal,tuned - fixed,-2.752639797989424
8,set_transformer,360,crps,tuned - fixed,-0.00018477702300710545
8,set_transformer,360,coverage,tuned - fixed,0.0019147917663954184
8,set_transformer,360,mean_width,tuned - fixed,-0.4826870911121741
8,set_transformer,360,mean_width_inclusive,tuned - fixed,-0.4826870911121741
8,set_transformer,360,mean_q,tuned - fixed,-0.008456996968246366
8,set_transformer,360,crps_game_equal,tuned - fixed,-0.0001821521547830593
8,set_transformer,360,coverage_game_equal,tuned - fixed,0.0018663044968593168
8,set_transformer,360,mean_width_game_equal,tuned - fixed,-0.48180341127882365
8,set_transformer,360,mean_width_inclusive_game_equal,tuned - fixed,-0.4818034112788254
8,zoo_cnn,360,crps,tuned - fixed,-7.479981909856541e-05
8,zoo_cnn,360,coverage,tuned - fixed,-0.007340035104515752
8,zoo_cnn,360,mean_width,tuned - fixed,0.019467049625021104
8,zoo_cnn,360,mean_width_inclusive,tuned - fixed,0.019467049625021104
8,zoo_cnn,360,mean_q,tuned - fixed,-0.5856071485559278
8,zoo_cnn,360,crps_game_equal,tuned - fixed,-7.29767154666102e-05
8,zoo_cnn,360,coverage_game_equal,tuned - fixed,-0.0076439259698131146
8,zoo_cnn,360,mean_width_game_equal,tuned - fixed,0.029053196585588026
8,zoo_cnn,360,mean_width_inclusive_game_equal,tuned - fixed,0.029053196585589802
9,lightgbm_multiclass,20,crps,tuned - fixed,0.0
9,lightgbm_multiclass,20,coverage,tuned - fixed,0.0
9,lightgbm_multiclass,20,mean_width,tuned - fixed,0.0
9,lightgbm_multiclass,20,mean_width_inclusive,tuned - fixed,0.0
9,lightgbm_multiclass,20,mean_q,tuned - fixed,0.0
9,lightgbm_multiclass,20,crps_game_equal,tuned - fixed,0.0
9,lightgbm_multiclass,20,coverage_game_equal,tuned - fixed,0.0
9,lightgbm_multiclass,20,mean_width_game_equal,tuned - fixed,0.0
9,lightgbm_multiclass,20,mean_width_inclusive_game_equal,tuned - fixed,0.0
9,ridge_sgd_l2,20,crps,tuned - fixed,-0.0002925730099816882
9,ridge_sgd_l2,20,coverage,tuned - fixed,-0.005558280202713761
9,ridge_sgd_l2,20,mean_width,tuned - fixed,-2.6231812980219082
9,ridge_sgd_l2,20,mean_width_inclusive,tuned - fixed,-2.6231812980219082
9,ridge_sgd_l2,20,mean_q,tuned - fixed,0.005721759032205342
9,ridge_sgd_l2,20,crps_game_equal,tuned - fixed,-0.00029024162643270443
9,ridge_sgd_l2,20,coverage_game_equal,tuned - fixed,-0.005705667964889916
9,ridge_sgd_l2,20,mean_width_game_equal,tuned - fixed,-2.6025325968718285
9,ridge_sgd_l2,20,mean_width_inclusive_game_equal,tuned - fixed,-2.6025325968718285
9,set_transformer,20,crps,tuned - fixed,4.3030240792645696e-05
9,set_transformer,20,coverage,tuned - fixed,0.0014713094654241754
9,set_transformer,20,mean_width,tuned - fixed,-0.13863004740885998
9,set_transformer,20,mean_width_inclusive,tuned - fixed,-0.13863004740885998
9,set_transformer,20,mean_q,tuned - fixed,-0.04266797449730261
9,set_transformer,20,crps_game_equal,tuned - fixed,4.585954809143561e-05
9,set_transformer,20,coverage_game_equal,tuned - fixed,0.0015968149314965485
9,set_transformer,20,mean_width_game_equal,tuned - fixed,-0.14288894218124248
9,set_transformer,20,mean_width_inclusive_game_equal,tuned - fixed,-0.1428889421812407
9,zoo_cnn,20,crps,tuned - fixed,-0.004323483460556762
9,zoo_cnn,20,coverage,tuned - fixed,-0.06866110838646389
9,zoo_cnn,20,mean_width,tuned - fixed,-26.95210070295897
9,zoo_cnn,20,mean_width_inclusive,tuned - fixed,-26.95210070295897
9,zoo_cnn,20,mean_q,tuned - fixed,3.1937224129475235
9,zoo_cnn,20,crps_game_equal,tuned - fixed,-0.004376543366742923
9,zoo_cnn,20,coverage_game_equal,tuned - fixed,-0.06775092229914903
9,zoo_cnn,20,mean_width_game_equal,tuned - fixed,-26.932594080086066
9,zoo_cnn,20,mean_width_inclusive_game_equal,tuned - fixed,-26.932594080086066
9,lightgbm_multiclass,160,crps,tuned - fixed,0.0
9,lightgbm_multiclass,160,coverage,tuned - fixed,0.0
9,lightgbm_multiclass,160,mean_width,tuned - fixed,0.0
9,lightgbm_multiclass,160,mean_width_inclusive,tuned - fixed,0.0
9,lightgbm_multiclass,160,mean_q,tuned - fixed,0.0
9,lightgbm_multiclass,160,crps_game_equal,tuned - fixed,0.0
9,lightgbm_multiclass,160,coverage_game_equal,tuned - fixed,0.0
9,lightgbm_multiclass,160,mean_width_game_equal,tuned - fixed,0.0
9,lightgbm_multiclass,160,mean_width_inclusive_game_equal,tuned - fixed,0.0
9,ridge_sgd_l2,160,crps,tuned - fixed,-0.0003348136830959303
9,ridge_sgd_l2,160,coverage,tuned - fixed,-0.008010462645087424
9,ridge_sgd_l2,160,mean_width,tuned - fixed,-3.146640510053949
9,ridge_sgd_l2,160,mean_width_inclusive,tuned - fixed,-3.146640510053949
9,ridge_sgd_l2,160,mean_q,tuned - fixed,-0.07094981199934608
9,ridge_sgd_l2,160,crps_game_equal,tuned - fixed,-0.0003335996669898422
9,ridge_sgd_l2,160,coverage_game_equal,tuned - fixed,-0.008126009268755174
9,ridge_sgd_l2,160,mean_width_game_equal,tuned - fixed,-3.1257634788831226
9,ridge_sgd_l2,160,mean_width_inclusive_game_equal,tuned - fixed,-3.1257634788831226
9,set_transformer,160,crps,tuned - fixed,1.788732081987182e-05
9,set_transformer,160,coverage,tuned - fixed,-0.0006539153179663248
9,set_transformer,160,mean_width,tuned - fixed,0.15399705738106917
9,set_transformer,160,mean_width_inclusive,tuned - fixed,0.15399705738106917
9,set_transformer,160,mean_q,tuned - fixed,-0.003923491907797942
9,set_transformer,160,crps_game_equal,tuned - fixed,1.4295883201341161e-05
9,set_transformer,160,coverage_game_equal,tuned - fixed,-0.0007552664202739034
9,set_transformer,160,mean_width_game_equal,tuned - fixed,0.14139604765252756
9,set_transformer,160,mean_width_inclusive_game_equal,tuned - fixed,0.14139604765252933
9,zoo_cnn,160,crps,tuned - fixed,-4.3785512490041034e-09
9,zoo_cnn,160,coverage,tuned - fixed,0.0
9,zoo_cnn,160,mean_width,tuned - fixed,0.0
9,zoo_cnn,160,mean_width_inclusive,tuned - fixed,0.0
9,zoo_cnn,160,mean_q,tuned - fixed,0.0
9,zoo_cnn,160,crps_game_equal,tuned - fixed,-4.819031836772458e-09
9,zoo_cnn,160,coverage_game_equal,tuned - fixed,0.0
9,zoo_cnn,160,mean_width_game_equal,tuned - fixed,0.0
9,zoo_cnn,160,mean_width_inclusive_game_equal,tuned - fixed,0.0
9,lightgbm_multiclass,360,crps,tuned - fixed,0.0
9,lightgbm_multiclass,360,coverage,tuned - fixed,0.0
9,lightgbm_multiclass,360,mean_width,tuned - fixed,0.0
9,lightgbm_multiclass,360,mean_width_inclusive,tuned - fixed,0.0
9,lightgbm_multiclass,360,mean_q,tuned - fixed,0.0
9,lightgbm_multiclass,360,crps_game_equal,tuned - fixed,0.0
9,lightgbm_multiclass,360,coverage_game_equal,tuned - fixed,0.0
9,lightgbm_multiclass,360,mean_width_game_equal,tuned - fixed,0.0
9,lightgbm_multiclass,360,mean_width_inclusive_game_equal,tuned - fixed,0.0
9,ridge_sgd_l2,360,crps,tuned - fixed,-0.00032062894498485067
9,ridge_sgd_l2,360,coverage,tuned - fixed,-0.007520026156612736
9,ridge_sgd_l2,360,mean_width,tuned - fixed,-2.8744482589504656
9,ridge_sgd_l2,360,mean_width_inclusive,tuned - fixed,-2.8744482589504656
9,ridge_sgd_l2,360,mean_q,tuned - fixed,-0.07879679581494198
9,ridge_sgd_l2,360,crps_game_equal,tuned - fixed,-0.00031931168077139506
9,ridge_sgd_l2,360,coverage_game_equal,tuned - fixed,-0.0076848650614356195
9,ridge_sgd_l2,360,mean_width_game_equal,tuned - fixed,-2.854809339984339
9,ridge_sgd_l2,360,mean_width_inclusive_game_equal,tuned - fixed,-2.854809339984339
9,set_transformer,360,crps,tuned - fixed,-7.387628448183269e-05
9,set_transformer,360,coverage,tuned - fixed,0.007193068497629573
9,set_transformer,360,mean_width,tuned - fixed,0.34395945725028554
9,set_transformer,360,mean_width_inclusive,tuned - fixed,0.34395945725028554
9,set_transformer,360,mean_q,tuned - fixed,-0.0017982671244073892
9,set_transformer,360,crps_game_equal,tuned - fixed,-6.297622071212497e-05
9,set_transformer,360,coverage_game_equal,tuned - fixed,0.0069338223012485045
9,set_transformer,360,mean_width_game_equal,tuned - fixed,0.3463113288142754
9,set_transformer,360,mean_width_inclusive_game_equal,tuned - fixed,0.34631132881427895
9,zoo_cnn,360,crps,tuned - fixed,-0.0004365752494526684
9,zoo_cnn,360,coverage,tuned - fixed,0.0035965342488147867
9,zoo_cnn,360,mean_width,tuned - fixed,0.17672061468039857
9,zoo_cnn,360,mean_width_inclusive,tuned - fixed,0.17672061468039857
9,zoo_cnn,360,mean_q,tuned - fixed,-0.5416053621056073
9,zoo_cnn,360,crps_game_equal,tuned - fixed,-0.0004382373496912631
9,zoo_cnn,360,coverage_game_equal,tuned - fixed,0.0038589009007999886
9,zoo_cnn,360,mean_width_game_equal,tuned - fixed,0.1834036525614664
9,zoo_cnn,360,mean_width_inclusive_game_equal,tuned - fixed,0.1834036525614664
10,lightgbm_multiclass,20,crps,tuned - fixed,0.0
10,lightgbm_multiclass,20,coverage,tuned - fixed,0.0
10,lightgbm_multiclass,20,mean_width,tuned - fixed,0.0
10,lightgbm_multiclass,20,mean_width_inclusive,tuned - fixed,0.0
10,lightgbm_multiclass,20,mean_q,tuned - fixed,0.0
10,lightgbm_multiclass,20,crps_game_equal,tuned - fixed,0.0
10,lightgbm_multiclass,20,coverage_game_equal,tuned - fixed,0.0
10,lightgbm_multiclass,20,mean_width_game_equal,tuned - fixed,0.0
10,lightgbm_multiclass,20,mean_width_inclusive_game_equal,tuned - fixed,0.0
10,ridge_sgd_l2,20,crps,tuned - fixed,-0.00023780786557509037
10,ridge_sgd_l2,20,coverage,tuned - fixed,-0.007858861267040829
10,ridge_sgd_l2,20,mean_width,tuned - fixed,-2.4224538893344025
10,ridge_sgd_l2,20,mean_width_inclusive,tuned - fixed,-2.4224538893344025
10,ridge_sgd_l2,20,mean_q,tuned - fixed,-0.07730553327987166
10,ridge_sgd_l2,20,crps_game_equal,tuned - fixed,-0.0002400935055185665
10,ridge_sgd_l2,20,coverage_game_equal,tuned - fixed,-0.007876762047784425
10,ridge_sgd_l2,20,mean_width_game_equal,tuned - fixed,-2.4192895104880847
10,ridge_sgd_l2,20,mean_width_inclusive_game_equal,tuned - fixed,-2.4192895104880883
10,set_transformer,20,crps,tuned - fixed,-4.9325248155162454e-05
10,set_transformer,20,coverage,tuned - fixed,0.0003207698476342946
10,set_transformer,20,mean_width,tuned - fixed,1.087249398556537
10,set_transformer,20,mean_width_inclusive,tuned - fixed,1.087249398556537
10,set_transformer,20,mean_q,tuned - fixed,0.3576583801122694
10,set_transformer,20,crps_game_equal,tuned - fixed,-4.373817120974753e-05
10,set_transformer,20,coverage_game_equal,tuned - fixed,-0.00014388952593469284
10,set_transformer,20,mean_width_game_equal,tuned - fixed,1.0919873032586
10,set_transformer,20,mean_width_inclusive_game_equal,tuned - fixed,1.0919873032586018
10,zoo_cnn,20,crps,tuned - fixed,-6.279419494797933e-09
10,zoo_cnn,20,coverage,tuned - fixed,0.0
10,zoo_cnn,20,mean_width,tuned - fixed,0.00032076984763307337
10,zoo_cnn,20,mean_width_inclusive,tuned - fixed,0.00032076984763307337
10,zoo_cnn,20,mean_q,tuned - fixed,0.00016038492381742486
10,zoo_cnn,20,crps_game_equal,tuned - fixed,-6.771151490198024e-09
10,zoo_cnn,20,coverage_game_equal,tuned - fixed,0.0
10,zoo_cnn,20,mean_width_game_equal,tuned - fixed,0.00026068821689051447
10,zoo_cnn,20,mean_width_inclusive_game_equal,tuned - fixed,0.00026068821689051447
10,lightgbm_multiclass,160,crps,tuned - fixed,0.0
10,lightgbm_multiclass,160,coverage,tuned - fixed,0.0
10,lightgbm_multiclass,160,mean_width,tuned - fixed,0.0
10,lightgbm_multiclass,160,mean_width_inclusive,tuned - fixed,0.0
10,lightgbm_multiclass,160,mean_q,tuned - fixed,0.0
10,lightgbm_multiclass,160,crps_game_equal,tuned - fixed,0.0
10,lightgbm_multiclass,160,coverage_game_equal,tuned - fixed,0.0
10,lightgbm_multiclass,160,mean_width_game_equal,tuned - fixed,0.0
10,lightgbm_multiclass,160,mean_width_inclusive_game_equal,tuned - fixed,0.0
10,ridge_sgd_l2,160,crps,tuned - fixed,-0.0003010672903131402
10,ridge_sgd_l2,160,coverage,tuned - fixed,-0.010264635124298316
10,ridge_sgd_l2,160,mean_width,tuned - fixed,-3.080032076984761
10,ridge_sgd_l2,160,mean_width_inclusive,tuned - fixed,-3.080032076984761
10,ridge_sgd_l2,160,mean_q,tuned - fixed,-0.012991178829190042
10,ridge_sgd_l2,160,crps_game_equal,tuned - fixed,-0.00030449167440566374
10,ridge_sgd_l2,160,coverage_game_equal,tuned - fixed,-0.010213058213067061
10,ridge_sgd_l2,160,mean_width_game_equal,tuned - fixed,-3.0739558441619828
10,ridge_sgd_l2,160,mean_width_inclusive_game_equal,tuned - fixed,-3.0739558441619828
10,set_transformer,160,crps,tuned - fixed,-0.0003202359745322278
10,set_transformer,160,coverage,tuned - fixed,-0.0027265437048917818
10,set_transformer,160,mean_width,tuned - fixed,-0.6102646351242971
10,set_transformer,160,mean_width_inclusive,tuned - fixed,-0.6102646351242988
10,set_transformer,160,mean_q,tuned - fixed,-0.08789093825180433
10,set_transformer,160,crps_game_equal,tuned - fixed,-0.00031431112206381333
10,set_transformer,160,coverage_game_equal,tuned - fixed,-0.0031377185535438334
10,set_transformer,160,mean_width_game_equal,tuned - fixed,-0.5952183204015675
10,set_transformer,160,mean_width_inclusive_game_equal,tuned - fixed,-0.5952183204015675
10,zoo_cnn,160,crps,tuned - fixed,-0.0005192545332959788
10,zoo_cnn,160,coverage,tuned - fixed,0.005292702485966361
10,zoo_cnn,160,mean_width,tuned - fixed,0.4726543704891739
10,zoo_cnn,160,mean_width_inclusive,tuned - fixed,0.4726543704891739
10,zoo_cnn,160,mean_q,tuned - fixed,-0.16840417000801922
10,zoo_cnn,160,crps_game_equal,tuned - fixed,-0.0005073760783497784
10,zoo_cnn,160,coverage_game_equal,tuned - fixed,0.004777610116423636
10,zoo_cnn,160,mean_width_game_equal,tuned - fixed,0.48794591525070885
10,zoo_cnn,160,mean_width_inclusive_game_equal,tuned - fixed,0.4879459152507053
10,lightgbm_multiclass,360,crps,tuned - fixed,0.0
10,lightgbm_multiclass,360,coverage,tuned - fixed,0.0
10,lightgbm_multiclass,360,mean_width,tuned - fixed,0.0
10,lightgbm_multiclass,360,mean_width_inclusive,tuned - fixed,0.0
10,lightgbm_multiclass,360,mean_q,tuned - fixed,0.0
10,lightgbm_multiclass,360,crps_game_equal,tuned - fixed,0.0
10,lightgbm_multiclass,360,coverage_game_equal,tuned - fixed,0.0
10,lightgbm_multiclass,360,mean_width_game_equal,tuned - fixed,0.0
10,lightgbm_multiclass,360,mean_width_inclusive_game_equal,tuned - fixed,0.0
10,ridge_sgd_l2,360,crps,tuned - fixed,-0.0002741149697971599
10,ridge_sgd_l2,360,coverage,tuned - fixed,-0.006094627105052042
10,ridge_sgd_l2,360,mean_width,tuned - fixed,-2.8060946271050504
10,ridge_sgd_l2,360,mean_width_inclusive,tuned - fixed,-2.8060946271050504
10,ridge_sgd_l2,360,mean_q,tuned - fixed,-0.09013632718524461
10,ridge_sgd_l2,360,crps_game_equal,tuned - fixed,-0.00027631976267542165
10,ridge_sgd_l2,360,coverage_game_equal,tuned - fixed,-0.006082523929385908
10,ridge_sgd_l2,360,mean_width_game_equal,tuned - fixed,-2.7992436268095844
10,ridge_sgd_l2,360,mean_width_inclusive_game_equal,tuned - fixed,-2.7992436268095844
10,set_transformer,360,crps,tuned - fixed,-5.165899095646055e-05
10,set_transformer,360,coverage,tuned - fixed,0.013953488372092981
10,set_transformer,360,mean_width,tuned - fixed,0.6093023255813961
10,set_transformer,360,mean_width_inclusive,tuned - fixed,0.6093023255813961
10,set_transformer,360,mean_q,tuned - fixed,-0.008981555733761026
10,set_transformer,360,crps_game_equal,tuned - fixed,-5.0457255338519705e-05
10,set_transformer,360,coverage_game_equal,tuned - fixed,0.014438417436888229
10,set_transformer,360,mean_width_game_equal,tuned - fixed,0.6128536362840222
10,set_transformer,360,mean_width_inclusive_game_equal,tuned - fixed,0.6128536362840258
10,zoo_cnn,360,crps,tuned - fixed,-2.523465382833767e-09
10,zoo_cnn,360,coverage,tuned - fixed,0.0
10,zoo_cnn,360,mean_width,tuned - fixed,0.0
10,zoo_cnn,360,mean_width_inclusive,tuned - fixed,0.0
10,zoo_cnn,360,mean_q,tuned - fixed,0.0
10,zoo_cnn,360,crps_game_equal,tuned - fixed,-2.7269547227953828e-09
10,zoo_cnn,360,coverage_game_equal,tuned - fixed,0.0
10,zoo_cnn,360,mean_width_game_equal,tuned - fixed,0.0
10,zoo_cnn,360,mean_width_inclusive_game_equal,tuned - fixed,0.0
11,lightgbm_multiclass,20,crps,tuned - fixed,0.0
11,lightgbm_multiclass,20,coverage,tuned - fixed,0.0
11,lightgbm_multiclass,20,mean_width,tuned - fixed,0.0
11,lightgbm_multiclass,20,mean_width_inclusive,tuned - fixed,0.0
11,lightgbm_multiclass,20,mean_q,tuned - fixed,0.0
11,lightgbm_multiclass,20,crps_game_equal,tuned - fixed,0.0
11,lightgbm_multiclass,20,coverage_game_equal,tuned - fixed,0.0
11,lightgbm_multiclass,20,mean_width_game_equal,tuned - fixed,0.0
11,lightgbm_multiclass,20,mean_width_inclusive_game_equal,tuned - fixed,0.0
11,ridge_sgd_l2,20,crps,tuned - fixed,-0.00020366981890579568
11,ridge_sgd_l2,20,coverage,tuned - fixed,-0.016105884228990508
11,ridge_sgd_l2,20,mean_width,tuned - fixed,-3.2953276989315903
11,ridge_sgd_l2,20,mean_width_inclusive,tuned - fixed,-3.2953276989315903
11,ridge_sgd_l2,20,mean_q,tuned - fixed,-0.08292138414925851
11,ridge_sgd_l2,20,crps_game_equal,tuned - fixed,-0.00019927267373340447
11,ridge_sgd_l2,20,coverage_game_equal,tuned - fixed,-0.016185110802129477
11,ridge_sgd_l2,20,mean_width_game_equal,tuned - fixed,-3.2644753211250084
11,ridge_sgd_l2,20,mean_width_inclusive_game_equal,tuned - fixed,-3.2644753211250084
11,set_transformer,20,crps,tuned - fixed,-0.00020469991964240826
11,set_transformer,20,coverage,tuned - fixed,0.006219103811194393
11,set_transformer,20,mean_width,tuned - fixed,1.6144155637059505
11,set_transformer,20,mean_width_inclusive,tuned - fixed,1.6144155637059505
11,set_transformer,20,mean_q,tuned - fixed,0.0
11,set_transformer,20,crps_game_equal,tuned - fixed,-0.00020186190432351474
11,set_transformer,20,coverage_game_equal,tuned - fixed,0.006352364205602035
11,set_transformer,20,mean_width_game_equal,tuned - fixed,1.616662551218571
11,set_transformer,20,mean_width_inclusive_game_equal,tuned - fixed,1.616662551218571
11,zoo_cnn,20,crps,tuned - fixed,5.33397805091429e-11
11,zoo_cnn,20,coverage,tuned - fixed,0.0
11,zoo_cnn,20,mean_width,tuned - fixed,0.0
11,zoo_cnn,20,mean_width_inclusive,tuned - fixed,0.0
11,zoo_cnn,20,mean_q,tuned - fixed,0.0
11,zoo_cnn,20,crps_game_equal,tuned - fixed,1.470058415276032e-10
11,zoo_cnn,20,coverage_game_equal,tuned - fixed,0.0
11,zoo_cnn,20,mean_width_game_equal,tuned - fixed,0.0
11,zoo_cnn,20,mean_width_inclusive_game_equal,tuned - fixed,0.0
11,lightgbm_multiclass,160,crps,tuned - fixed,0.0
11,lightgbm_multiclass,160,coverage,tuned - fixed,0.0
11,lightgbm_multiclass,160,mean_width,tuned - fixed,0.0
11,lightgbm_multiclass,160,mean_width_inclusive,tuned - fixed,0.0
11,lightgbm_multiclass,160,mean_q,tuned - fixed,0.0
11,lightgbm_multiclass,160,crps_game_equal,tuned - fixed,0.0
11,lightgbm_multiclass,160,coverage_game_equal,tuned - fixed,0.0
11,lightgbm_multiclass,160,mean_width_game_equal,tuned - fixed,0.0
11,lightgbm_multiclass,160,mean_width_inclusive_game_equal,tuned - fixed,0.0
11,ridge_sgd_l2,160,crps,tuned - fixed,-0.0003425239568378771
11,ridge_sgd_l2,160,coverage,tuned - fixed,-0.01084356561951838
11,ridge_sgd_l2,160,mean_width,tuned - fixed,-3.087864774358156
11,ridge_sgd_l2,160,mean_width_inclusive,tuned - fixed,-3.087864774358156
11,ridge_sgd_l2,160,mean_q,tuned - fixed,-0.20331685536597036
11,ridge_sgd_l2,160,crps_game_equal,tuned - fixed,-0.0003434082301864722
11,ridge_sgd_l2,160,coverage_game_equal,tuned - fixed,-0.011184438483396786
11,ridge_sgd_l2,160,mean_width_game_equal,tuned - fixed,-3.061345136282629
11,ridge_sgd_l2,160,mean_width_inclusive_game_equal,tuned - fixed,-3.061345136282629
11,set_transformer,160,crps,tuned - fixed,-1.1789141340576292e-07
11,set_transformer,160,coverage,tuned - fixed,0.0
11,set_transformer,160,mean_width,tuned - fixed,-0.0007973210014355914
11,set_transformer,160,mean_width_inclusive,tuned - fixed,-0.0007973210014355914
11,set_transformer,160,mean_q,tuned - fixed,0.0
11,set_transformer,160,crps_game_equal,tuned - fixed,-1.268552209839069e-07
11,set_transformer,160,coverage_game_equal,tuned - fixed,0.0
11,set_transformer,160,mean_width_game_equal,tuned - fixed,-0.0007470569468690513
11,set_transformer,160,mean_width_inclusive_game_equal,tuned - fixed,-0.0007470569468654986
11,zoo_cnn,160,crps,tuned - fixed,-3.8891237729918315e-05
11,zoo_cnn,160,coverage,tuned - fixed,0.0065380322117684075
11,zoo_cnn,160,mean_width,tuned - fixed,3.0601180035082134
11,zoo_cnn,160,mean_width_inclusive,tuned - fixed,3.0601180035082134
11,zoo_cnn,160,mean_q,tuned - fixed,-0.37808961888056136
11,zoo_cnn,160,crps_game_equal,tuned - fixed,-4.899621167920622e-05
11,zoo_cnn,160,coverage_game_equal,tuned - fixed,0.0073313471973286415
11,zoo_cnn,160,mean_width_game_equal,tuned - fixed,3.0758045925227986
11,zoo_cnn,160,mean_width_inclusive_game_equal,tuned - fixed,3.0758045925227986
11,lightgbm_multiclass,360,crps,tuned - fixed,0.0
11,lightgbm_multiclass,360,coverage,tuned - fixed,0.0
11,lightgbm_multiclass,360,mean_width,tuned - fixed,0.0
11,lightgbm_multiclass,360,mean_width_inclusive,tuned - fixed,0.0
11,lightgbm_multiclass,360,mean_q,tuned - fixed,0.0
11,lightgbm_multiclass,360,crps_game_equal,tuned - fixed,0.0
11,lightgbm_multiclass,360,coverage_game_equal,tuned - fixed,0.0
11,lightgbm_multiclass,360,mean_width_game_equal,tuned - fixed,0.0
11,lightgbm_multiclass,360,mean_width_inclusive_game_equal,tuned - fixed,0.0
11,ridge_sgd_l2,360,crps,tuned - fixed,-0.0003471122298672625
11,ridge_sgd_l2,360,coverage,tuned - fixed,-0.011321958220379513
11,ridge_sgd_l2,360,mean_width,tuned - fixed,-3.2978791261361806
11,ridge_sgd_l2,360,mean_width_inclusive,tuned - fixed,-3.2978791261361806
11,ridge_sgd_l2,360,mean_q,tuned - fixed,-0.10349226598628608
11,ridge_sgd_l2,360,crps_game_equal,tuned - fixed,-0.00035083779274600914
11,ridge_sgd_l2,360,coverage_game_equal,tuned - fixed,-0.011634168703496317
11,ridge_sgd_l2,360,mean_width_game_equal,tuned - fixed,-3.2723477637879625
11,ridge_sgd_l2,360,mean_width_inclusive_game_equal,tuned - fixed,-3.2723477637879625
11,set_transformer,360,crps,tuned - fixed,-0.0002768762819194831
11,set_transformer,360,coverage,tuned - fixed,0.00127571360229628
11,set_transformer,360,mean_width,tuned - fixed,-0.5742305852336145
11,set_transformer,360,mean_width_inclusive,tuned - fixed,-0.5742305852336145
11,set_transformer,360,mean_q,tuned - fixed,-0.31254983256258967
11,set_transformer,360,crps_game_equal,tuned - fixed,-0.00029275852505165553
11,set_transformer,360,coverage_game_equal,tuned - fixed,0.0013741553566822828
11,set_transformer,360,mean_width_game_equal,tuned - fixed,-0.5769537010895771
11,set_transformer,360,mean_width_inclusive_game_equal,tuned - fixed,-0.5769537010895789
11,zoo_cnn,360,crps,tuned - fixed,5.122945141017299e-10
11,zoo_cnn,360,coverage,tuned - fixed,0.0
11,zoo_cnn,360,mean_width,tuned - fixed,0.0
11,zoo_cnn,360,mean_width_inclusive,tuned - fixed,0.0
11,zoo_cnn,360,mean_q,tuned - fixed,0.0
11,zoo_cnn,360,crps_game_equal,tuned - fixed,8.228956700079282e-10
11,zoo_cnn,360,coverage_game_equal,tuned - fixed,0.0
11,zoo_cnn,360,mean_width_game_equal,tuned - fixed,0.0
11,zoo_cnn,360,mean_width_inclusive_game_equal,tuned - fixed,0.0
12,lightgbm_multiclass,20,crps,tuned - fixed,0.0
12,lightgbm_multiclass,20,coverage,tuned - fixed,0.0
12,lightgbm_multiclass,20,mean_width,tuned - fixed,0.0
12,lightgbm_multiclass,20,mean_width_inclusive,tuned - fixed,0.0
12,lightgbm_multiclass,20,mean_q,tuned - fixed,0.0
12,lightgbm_multiclass,20,crps_game_equal,tuned - fixed,0.0
12,lightgbm_multiclass,20,coverage_game_equal,tuned - fixed,0.0
12,lightgbm_multiclass,20,mean_width_game_equal,tuned - fixed,0.0
12,lightgbm_multiclass,20,mean_width_inclusive_game_equal,tuned - fixed,0.0
12,ridge_sgd_l2,20,crps,tuned - fixed,-0.000174543440985395
12,ridge_sgd_l2,20,coverage,tuned - fixed,-0.003821656050955413
12,ridge_sgd_l2,20,mean_width,tuned - fixed,-1.877229299363055
12,ridge_sgd_l2,20,mean_width_inclusive,tuned - fixed,-1.877229299363055
12,ridge_sgd_l2,20,mean_q,tuned - fixed,-0.1644904458598726
12,ridge_sgd_l2,20,crps_game_equal,tuned - fixed,-0.0001707096614000786
12,ridge_sgd_l2,20,coverage_game_equal,tuned - fixed,-0.0033023212099291266
12,ridge_sgd_l2,20,mean_width_game_equal,tuned - fixed,-1.848901876576516
12,ridge_sgd_l2,20,mean_width_inclusive_game_equal,tuned - fixed,-1.848901876576516
12,set_transformer,20,crps,tuned - fixed,-7.063664166111205e-05
12,set_transformer,20,coverage,tuned - fixed,0.04124203821656047
12,set_transformer,20,mean_width,tuned - fixed,5.0302547770700645
12,set_transformer,20,mean_width_inclusive,tuned - fixed,5.030254777070066
12,set_transformer,20,mean_q,tuned - fixed,-0.7125796178343949
12,set_transformer,20,crps_game_equal,tuned - fixed,-6.618618924940887e-05
12,set_transformer,20,coverage_game_equal,tuned - fixed,0.04133454742784959
12,set_transformer,20,mean_width_game_equal,tuned - fixed,5.024721135942086
12,set_transformer,20,mean_width_inclusive_game_equal,tuned - fixed,5.024721135942087
12,zoo_cnn,20,crps,tuned - fixed,-0.00031962077748600576
12,zoo_cnn,20,coverage,tuned - fixed,0.0036624203821655765
12,zoo_cnn,20,mean_width,tuned - fixed,-0.32675159235668616
12,zoo_cnn,20,mean_width_inclusive,tuned - fixed,-0.32675159235668616
12,zoo_cnn,20,mean_q,tuned - fixed,0.09984076433120981
12,zoo_cnn,20,crps_game_equal,tuned - fixed,-0.00033690725685756734
12,zoo_cnn,20,coverage_game_equal,tuned - fixed,0.004294277370673449
12,zoo_cnn,20,mean_width_game_equal,tuned - fixed,-0.3482488431734261
12,zoo_cnn,20,mean_width_inclusive_game_equal,tuned - fixed,-0.3482488431734261
12,lightgbm_multiclass,160,crps,tuned - fixed,0.0
12,lightgbm_multiclass,160,coverage,tuned - fixed,0.0
12,lightgbm_multiclass,160,mean_width,tuned - fixed,0.0
12,lightgbm_multiclass,160,mean_width_inclusive,tuned - fixed,0.0
12,lightgbm_multiclass,160,mean_q,tuned - fixed,0.0
12,lightgbm_multiclass,160,crps_game_equal,tuned - fixed,0.0
12,lightgbm_multiclass,160,coverage_game_equal,tuned - fixed,0.0
12,lightgbm_multiclass,160,mean_width_game_equal,tuned - fixed,0.0
12,lightgbm_multiclass,160,mean_width_inclusive_game_equal,tuned - fixed,0.0
12,ridge_sgd_l2,160,crps,tuned - fixed,-0.0003358322468448409
12,ridge_sgd_l2,160,coverage,tuned - fixed,-0.01098726114649684
12,ridge_sgd_l2,160,mean_width,tuned - fixed,-2.9004777070063703
12,ridge_sgd_l2,160,mean_width_inclusive,tuned - fixed,-2.9004777070063703
12,ridge_sgd_l2,160,mean_q,tuned - fixed,0.04267515923566881
12,ridge_sgd_l2,160,crps_game_equal,tuned - fixed,-0.00033573732372535643
12,ridge_sgd_l2,160,coverage_game_equal,tuned - fixed,-0.010821384498787334
12,ridge_sgd_l2,160,mean_width_game_equal,tuned - fixed,-2.868967822100455
12,ridge_sgd_l2,160,mean_width_inclusive_game_equal,tuned - fixed,-2.868967822100455
12,set_transformer,160,crps,tuned - fixed,-0.00019837073431893705
12,set_transformer,160,coverage,tuned - fixed,0.002070063694267432
12,set_transformer,160,mean_width,tuned - fixed,0.40859872611464887
12,set_transformer,160,mean_width_inclusive,tuned - fixed,0.40859872611464887
12,set_transformer,160,mean_q,tuned - fixed,0.10589171974522292
12,set_transformer,160,crps_game_equal,tuned - fixed,-0.00018947548596192493
12,set_transformer,160,coverage_game_equal,tuned - fixed,0.0017696834946608897
12,set_transformer,160,mean_width_game_equal,tuned - fixed,0.40867148630222694
12,set_transformer,160,mean_width_inclusive_game_equal,tuned - fixed,0.40867148630222694
12,zoo_cnn,160,crps,tuned - fixed,-2.5172157240571646e-10
12,zoo_cnn,160,coverage,tuned - fixed,0.0
12,zoo_cnn,160,mean_width,tuned - fixed,-0.00015923566878939255
12,zoo_cnn,160,mean_width_inclusive,tuned - fixed,-0.00015923566878939255
12,zoo_cnn,160,mean_q,tuned - fixed,0.0
12,zoo_cnn,160,crps_game_equal,tuned - fixed,5.798763205722146e-10
12,zoo_cnn,160,coverage_game_equal,tuned - fixed,0.0
12,zoo_cnn,160,mean_width_game_equal,tuned - fixed,-0.00017803097738955387
12,zoo_cnn,160,mean_width_inclusive_game_equal,tuned - fixed,-0.00017803097738955387
12,lightgbm_multiclass,360,crps,tuned - fixed,0.0
12,lightgbm_multiclass,360,coverage,tuned - fixed,0.0
12,lightgbm_multiclass,360,mean_width,tuned - fixed,0.0
12,lightgbm_multiclass,360,mean_width_inclusive,tuned - fixed,0.0
12,lightgbm_multiclass,360,mean_q,tuned - fixed,0.0
12,lightgbm_multiclass,360,crps_game_equal,tuned - fixed,0.0
12,lightgbm_multiclass,360,coverage_game_equal,tuned - fixed,0.0
12,lightgbm_multiclass,360,mean_width_game_equal,tuned - fixed,0.0
12,lightgbm_multiclass,360,mean_width_inclusive_game_equal,tuned - fixed,0.0
12,ridge_sgd_l2,360,crps,tuned - fixed,-0.00033999417020580576
12,ridge_sgd_l2,360,coverage,tuned - fixed,-0.010031847133757932
12,ridge_sgd_l2,360,mean_width,tuned - fixed,-2.7727707006369435
12,ridge_sgd_l2,360,mean_width_inclusive,tuned - fixed,-2.7727707006369435
12,ridge_sgd_l2,360,mean_q,tuned - fixed,-0.021815286624203845
12,ridge_sgd_l2,360,crps_game_equal,tuned - fixed,-0.00033958038971645087
12,ridge_sgd_l2,360,coverage_game_equal,tuned - fixed,-0.010094922742532542
12,ridge_sgd_l2,360,mean_width_game_equal,tuned - fixed,-2.741695567091405
12,ridge_sgd_l2,360,mean_width_inclusive_game_equal,tuned - fixed,-2.741695567091405
12,set_transformer,360,crps,tuned - fixed,-0.00013784573886372643
12,set_transformer,360,coverage,tuned - fixed,-0.00573248407643312
12,set_transformer,360,mean_width,tuned - fixed,-1.8294585987261147
12,set_transformer,360,mean_width_inclusive,tuned - fixed,-1.8294585987261147
12,set_transformer,360,mean_q,tuned - fixed,0.07850318471337579
12,set_transformer,360,crps_game_equal,tuned - fixed,-0.00014565088849298295
12,set_transformer,360,coverage_game_equal,tuned - fixed,-0.0061681233908261746
12,set_transformer,360,mean_width_game_equal,tuned - fixed,-1.839831957014992
12,set_transformer,360,mean_width_inclusive_game_equal,tuned - fixed,-1.839831957014992
12,zoo_cnn,360,crps,tuned - fixed,2.0285891352139762e-09
12,zoo_cnn,360,coverage,tuned - fixed,0.0
12,zoo_cnn,360,mean_width,tuned - fixed,0.0
12,zoo_cnn,360,mean_width_inclusive,tuned - fixed,0.0
12,zoo_cnn,360,mean_q,tuned - fixed,0.0
12,zoo_cnn,360,crps_game_equal,tuned - fixed,1.8529136575767824e-09
12,zoo_cnn,360,coverage_game_equal,tuned - fixed,0.0
12,zoo_cnn,360,mean_width_game_equal,tuned - fixed,0.0
12,zoo_cnn,360,mean_width_inclusive_game_equal,tuned - fixed,0.0
13,lightgbm_multiclass,20,crps,tuned - fixed,0.0
13,lightgbm_multiclass,20,coverage,tuned - fixed,0.0
13,lightgbm_multiclass,20,mean_width,tuned - fixed,0.0
13,lightgbm_multiclass,20,mean_width_inclusive,tuned - fixed,0.0
13,lightgbm_multiclass,20,mean_q,tuned - fixed,0.0
13,lightgbm_multiclass,20,crps_game_equal,tuned - fixed,0.0
13,lightgbm_multiclass,20,coverage_game_equal,tuned - fixed,0.0
13,lightgbm_multiclass,20,mean_width_game_equal,tuned - fixed,0.0
13,lightgbm_multiclass,20,mean_width_inclusive_game_equal,tuned - fixed,0.0
13,ridge_sgd_l2,20,crps,tuned - fixed,-0.0003289708490739462
13,ridge_sgd_l2,20,coverage,tuned - fixed,-0.011322011322011272
13,ridge_sgd_l2,20,mean_width,tuned - fixed,-3.4716949716949728
13,ridge_sgd_l2,20,mean_width_inclusive,tuned - fixed,-3.4716949716949728
13,ridge_sgd_l2,20,mean_q,tuned - fixed,0.09873459873459872
13,ridge_sgd_l2,20,crps_game_equal,tuned - fixed,-0.00032897967509136483
13,ridge_sgd_l2,20,coverage_game_equal,tuned - fixed,-0.011665691244677201
13,ridge_sgd_l2,20,mean_width_game_equal,tuned - fixed,-3.4529510576585807
13,ridge_sgd_l2,20,mean_width_inclusive_game_equal,tuned - fixed,-3.4529510576585807
13,set_transformer,20,crps,tuned - fixed,4.4327687601359786e-05
13,set_transformer,20,coverage,tuned - fixed,0.018814518814518788
13,set_transformer,20,mean_width,tuned - fixed,2.8757908757908766
13,set_transformer,20,mean_width_inclusive,tuned - fixed,2.8757908757908766
13,set_transformer,20,mean_q,tuned - fixed,-0.4821844821844822
13,set_transformer,20,crps_game_equal,tuned - fixed,3.229622740442452e-05
13,set_transformer,20,coverage_game_equal,tuned - fixed,0.019382203026595435
13,set_transformer,20,mean_width_game_equal,tuned - fixed,2.892713631360227
13,set_transformer,20,mean_width_inclusive_game_equal,tuned - fixed,2.892713631360227
13,zoo_cnn,20,crps,tuned - fixed,-3.496640216954505e-10
13,zoo_cnn,20,coverage,tuned - fixed,0.0
13,zoo_cnn,20,mean_width,tuned - fixed,-0.0001665001665003274
13,zoo_cnn,20,mean_width_inclusive,tuned - fixed,-0.0001665001665003274
13,zoo_cnn,20,mean_q,tuned - fixed,0.0
13,zoo_cnn,20,crps_game_equal,tuned - fixed,7.60406963090654e-11
13,zoo_cnn,20,coverage_game_equal,tuned - fixed,0.0
13,zoo_cnn,20,mean_width_game_equal,tuned - fixed,-0.0001586797841923726
13,zoo_cnn,20,mean_width_inclusive_game_equal,tuned - fixed,-0.0001586797841923726
13,lightgbm_multiclass,160,crps,tuned - fixed,0.0
13,lightgbm_multiclass,160,coverage,tuned - fixed,0.0
13,lightgbm_multiclass,160,mean_width,tuned - fixed,0.0
13,lightgbm_multiclass,160,mean_width_inclusive,tuned - fixed,0.0
13,lightgbm_multiclass,160,mean_q,tuned - fixed,0.0
13,lightgbm_multiclass,160,crps_game_equal,tuned - fixed,0.0
13,lightgbm_multiclass,160,coverage_game_equal,tuned - fixed,0.0
13,lightgbm_multiclass,160,mean_width_game_equal,tuned - fixed,0.0
13,lightgbm_multiclass,160,mean_width_inclusive_game_equal,tuned - fixed,0.0
13,ridge_sgd_l2,160,crps,tuned - fixed,-0.00032240094221413183
13,ridge_sgd_l2,160,coverage,tuned - fixed,-0.0061605061605061184
13,ridge_sgd_l2,160,mean_width,tuned - fixed,-2.711288711288713
13,ridge_sgd_l2,160,mean_width_inclusive,tuned - fixed,-2.711288711288713
13,ridge_sgd_l2,160,mean_q,tuned - fixed,-0.12604062604062605
13,ridge_sgd_l2,160,crps_game_equal,tuned - fixed,-0.00031892025902681073
13,ridge_sgd_l2,160,coverage_game_equal,tuned - fixed,-0.006379933858463027
13,ridge_sgd_l2,160,mean_width_game_equal,tuned - fixed,-2.692514739563169
13,ridge_sgd_l2,160,mean_width_inclusive_game_equal,tuned - fixed,-2.692514739563169
13,set_transformer,160,crps,tuned - fixed,-0.00027990647529952534
13,set_transformer,160,coverage,tuned - fixed,0.005827505827505797
13,set_transformer,160,mean_width,tuned - fixed,0.4115884115884114
13,set_transformer,160,mean_width_inclusive,tuned - fixed,0.4115884115884114
13,set_transformer,160,mean_q,tuned - fixed,-0.15517815517815517
13,set_transformer,160,crps_game_equal,tuned - fixed,-0.000272430153289243
13,set_transformer,160,coverage_game_equal,tuned - fixed,0.0057502704171547014
13,set_transformer,160,mean_width_game_equal,tuned - fixed,0.4096244180639008
13,set_transformer,160,mean_width_inclusive_game_equal,tuned - fixed,0.40962441806390437
13,zoo_cnn,160,crps,tuned - fixed,6.867047087216749e-10
13,zoo_cnn,160,coverage,tuned - fixed,0.0
13,zoo_cnn,160,mean_width,tuned - fixed,0.0
13,zoo_cnn,160,mean_width_inclusive,tuned - fixed,0.0
13,zoo_cnn,160,mean_q,tuned - fixed,0.0
13,zoo_cnn,160,crps_game_equal,tuned - fixed,1.234542556724505e-09
13,zoo_cnn,160,coverage_game_equal,tuned - fixed,0.0
13,zoo_cnn,160,mean_width_game_equal,tuned - fixed,0.0
13,zoo_cnn,160,mean_width_inclusive_game_equal,tuned - fixed,0.0
13,lightgbm_multiclass,360,crps,tuned - fixed,0.0
13,lightgbm_multiclass,360,coverage,tuned - fixed,0.0
13,lightgbm_multiclass,360,mean_width,tuned - fixed,0.0
13,lightgbm_multiclass,360,mean_width_inclusive,tuned - fixed,0.0
13,lightgbm_multiclass,360,mean_q,tuned - fixed,0.0
13,lightgbm_multiclass,360,crps_game_equal,tuned - fixed,0.0
13,lightgbm_multiclass,360,coverage_game_equal,tuned - fixed,0.0
13,lightgbm_multiclass,360,mean_width_game_equal,tuned - fixed,0.0
13,lightgbm_multiclass,360,mean_width_inclusive_game_equal,tuned - fixed,0.0
13,ridge_sgd_l2,360,crps,tuned - fixed,-0.00032747074464696893
13,ridge_sgd_l2,360,coverage,tuned - fixed,-0.008491508491508482
13,ridge_sgd_l2,360,mean_width,tuned - fixed,-2.9778554778554778
13,ridge_sgd_l2,360,mean_width_inclusive,tuned - fixed,-2.9778554778554778
13,ridge_sgd_l2,360,mean_q,tuned - fixed,-0.04945054945054944
13,ridge_sgd_l2,360,crps_game_equal,tuned - fixed,-0.00032687769326547253
13,ridge_sgd_l2,360,coverage_game_equal,tuned - fixed,-0.008682029454133877
13,ridge_sgd_l2,360,mean_width_game_equal,tuned - fixed,-2.9600326176668936
13,ridge_sgd_l2,360,mean_width_inclusive_game_equal,tuned - fixed,-2.9600326176668936
13,set_transformer,360,crps,tuned - fixed,-6.741344351970067e-05
13,set_transformer,360,coverage,tuned - fixed,0.0048285048285048315
13,set_transformer,360,mean_width,tuned - fixed,0.6688311688311686
13,set_transformer,360,mean_width_inclusive,tuned - fixed,0.6688311688311686
13,set_transformer,360,mean_q,tuned - fixed,-0.026140526140526144
13,set_transformer,360,crps_game_equal,tuned - fixed,-6.0038586055485496e-05
13,set_transformer,360,coverage_game_equal,tuned - fixed,0.004676361967793086
13,set_transformer,360,mean_width_game_equal,tuned - fixed,0.6707625770829697
13,set_transformer,360,mean_width_inclusive_game_equal,tuned - fixed,0.6707625770829697
13,zoo_cnn,360,crps,tuned - fixed,2.4695021114823357e-09
13,zoo_cnn,360,coverage,tuned - fixed,0.0
13,zoo_cnn,360,mean_width,tuned - fixed,0.0
13,zoo_cnn,360,mean_width_inclusive,tuned - fixed,0.0
13,zoo_cnn,360,mean_q,tuned - fixed,0.0
13,zoo_cnn,360,crps_game_equal,tuned - fixed,1.7726446543270269e-09
13,zoo_cnn,360,coverage_game_equal,tuned - fixed,0.0
13,zoo_cnn,360,mean_width_game_equal,tuned - fixed,0.0
13,zoo_cnn,360,mean_width_inclusive_game_equal,tuned - fixed,0.0
14,lightgbm_multiclass,20,crps,tuned - fixed,0.0
14,lightgbm_multiclass,20,coverage,tuned - fixed,0.0
14,lightgbm_multiclass,20,mean_width,tuned - fixed,0.0
14,lightgbm_multiclass,20,mean_width_inclusive,tuned - fixed,0.0
14,lightgbm_multiclass,20,mean_q,tuned - fixed,0.0
14,lightgbm_multiclass,20,crps_game_equal,tuned - fixed,0.0
14,lightgbm_multiclass,20,coverage_game_equal,tuned - fixed,0.0
14,lightgbm_multiclass,20,mean_width_game_equal,tuned - fixed,0.0
14,lightgbm_multiclass,20,mean_width_inclusive_game_equal,tuned - fixed,0.0
14,ridge_sgd_l2,20,crps,tuned - fixed,-0.00015822671957720254
14,ridge_sgd_l2,20,coverage,tuned - fixed,-0.00849256900212314
14,ridge_sgd_l2,20,mean_width,tuned - fixed,-3.0646741793238625
14,ridge_sgd_l2,20,mean_width_inclusive,tuned - fixed,-3.0646741793238625
14,ridge_sgd_l2,20,mean_q,tuned - fixed,0.1268985791278785
14,ridge_sgd_l2,20,crps_game_equal,tuned - fixed,-0.00016361516460601175
14,ridge_sgd_l2,20,coverage_game_equal,tuned - fixed,-0.008385887973999862
14,ridge_sgd_l2,20,mean_width_game_equal,tuned - fixed,-3.0520712650670916
14,ridge_sgd_l2,20,mean_width_inclusive_game_equal,tuned - fixed,-3.0520712650670916
14,set_transformer,20,crps,tuned - fixed,-1.2391175724379977e-08
14,set_transformer,20,coverage,tuned - fixed,0.0
14,set_transformer,20,mean_width,tuned - fixed,0.00016331863465524066
14,set_transformer,20,mean_width_inclusive,tuned - fixed,0.00016331863465524066
14,set_transformer,20,mean_q,tuned - fixed,0.0
14,set_transformer,20,crps_game_equal,tuned - fixed,-1.1773985730823e-08
14,set_transformer,20,coverage_game_equal,tuned - fixed,0.0
14,set_transformer,20,mean_width_game_equal,tuned - fixed,0.00020078254213728997
14,set_transformer,20,mean_width_inclusive_game_equal,tuned - fixed,0.00020078254213728997
14,zoo_cnn,20,crps,tuned - fixed,4.425710475181033e-10
14,zoo_cnn,20,coverage,tuned - fixed,0.0
14,zoo_cnn,20,mean_width,tuned - fixed,-0.000489955903965722
14,zoo_cnn,20,mean_width_inclusive,tuned - fixed,-0.000489955903965722
14,zoo_cnn,20,mean_q,tuned - fixed,-0.00016331863465612884
14,zoo_cnn,20,crps_game_equal,tuned - fixed,3.4159248346599114e-10
14,zoo_cnn,20,coverage_game_equal,tuned - fixed,0.0
14,zoo_cnn,20,mean_width_game_equal,tuned - fixed,-0.00047603935258422325
14,zoo_cnn,20,mean_width_inclusive_game_equal,tuned - fixed,-0.00047603935258777597
14,lightgbm_multiclass,160,crps,tuned - fixed,0.0
14,lightgbm_multiclass,160,coverage,tuned - fixed,0.0
14,lightgbm_multiclass,160,mean_width,tuned - fixed,0.0
14,lightgbm_multiclass,160,mean_width_inclusive,tuned - fixed,0.0
14,lightgbm_multiclass,160,mean_q,tuned - fixed,0.0
14,lightgbm_multiclass,160,crps_game_equal,tuned - fixed,0.0
14,lightgbm_multiclass,160,coverage_game_equal,tuned - fixed,0.0
14,lightgbm_multiclass,160,mean_width_game_equal,tuned - fixed,0.0
14,lightgbm_multiclass,160,mean_width_inclusive_game_equal,tuned - fixed,0.0
14,ridge_sgd_l2,160,crps,tuned - fixed,-0.00031601891183329067
14,ridge_sgd_l2,160,coverage,tuned - fixed,-0.005389514943655027
14,ridge_sgd_l2,160,mean_width,tuned - fixed,-2.6756491915727594
14,ridge_sgd_l2,160,mean_width_inclusive,tuned - fixed,-2.6756491915727594
14,ridge_sgd_l2,160,mean_q,tuned - fixed,-0.1190592846643802
14,ridge_sgd_l2,160,crps_game_equal,tuned - fixed,-0.0003174873498673677
14,ridge_sgd_l2,160,coverage_game_equal,tuned - fixed,-0.005122929253744912
14,ridge_sgd_l2,160,mean_width_game_equal,tuned - fixed,-2.6637545202338444
14,ridge_sgd_l2,160,mean_width_inclusive_game_equal,tuned - fixed,-2.6637545202338444
14,set_transformer,160,crps,tuned - fixed,3.694897757795801e-05
14,set_transformer,160,coverage,tuned - fixed,0.005716152212967507
14,set_transformer,160,mean_width,tuned - fixed,-0.080189449616201
14,set_transformer,160,mean_width_inclusive,tuned - fixed,-0.08018944961620278
14,set_transformer,160,mean_q,tuned - fixed,-0.10648374979585173
14,set_transformer,160,crps_game_equal,tuned - fixed,2.215763832613682e-05
14,set_transformer,160,coverage_game_equal,tuned - fixed,0.006079128482187279
14,set_transformer,160,mean_width_game_equal,tuned - fixed,-0.0740372349960019
14,set_transformer,160,mean_width_inclusive_game_equal,tuned - fixed,-0.0740372349960019
14,zoo_cnn,160,crps,tuned - fixed,-0.00033121016530994474
14,zoo_cnn,160,coverage,tuned - fixed,0.007349338559529683
14,zoo_cnn,160,mean_width,tuned - fixed,0.9026620937448957
14,zoo_cnn,160,mean_width_inclusive,tuned - fixed,0.9026620937448957
14,zoo_cnn,160,mean_q,tuned - fixed,-0.2310958680385432
14,zoo_cnn,160,crps_game_equal,tuned - fixed,-0.00033735370969838023
14,zoo_cnn,160,coverage_game_equal,tuned - fixed,0.007012856056163641
14,zoo_cnn,160,mean_width_game_equal,tuned - fixed,0.896714817557891
14,zoo_cnn,160,mean_width_inclusive_game_equal,tuned - fixed,0.8967148175578892
14,lightgbm_multiclass,360,crps,tuned - fixed,0.0
14,lightgbm_multiclass,360,coverage,tuned - fixed,0.0
14,lightgbm_multiclass,360,mean_width,tuned - fixed,0.0
14,lightgbm_multiclass,360,mean_width_inclusive,tuned - fixed,0.0
14,lightgbm_multiclass,360,mean_q,tuned - fixed,0.0
14,lightgbm_multiclass,360,crps_game_equal,tuned - fixed,0.0
14,lightgbm_multiclass,360,coverage_game_equal,tuned - fixed,0.0
14,lightgbm_multiclass,360,mean_width_game_equal,tuned - fixed,0.0
14,lightgbm_multiclass,360,mean_width_inclusive_game_equal,tuned - fixed,0.0
14,ridge_sgd_l2,360,crps,tuned - fixed,-0.0003171563600782683
14,ridge_sgd_l2,360,coverage,tuned - fixed,-0.006532745386248595
14,ridge_sgd_l2,360,mean_width,tuned - fixed,-2.611301649518211
14,ridge_sgd_l2,360,mean_width_inclusive,tuned - fixed,-2.611301649518211
14,ridge_sgd_l2,360,mean_q,tuned - fixed,0.027764167891556446
14,ridge_sgd_l2,360,crps_game_equal,tuned - fixed,-0.00031633790171509656
14,ridge_sgd_l2,360,coverage_game_equal,tuned - fixed,-0.006527530141199667
14,ridge_sgd_l2,360,mean_width_game_equal,tuned - fixed,-2.6039472326199693
14,ridge_sgd_l2,360,mean_width_inclusive_game_equal,tuned - fixed,-2.6039472326199693
14,set_transformer,360,crps,tuned - fixed,-0.00014924314298790826
14,set_transformer,360,coverage,tuned - fixed,0.008819206271435509
14,set_transformer,360,mean_width,tuned - fixed,0.11824269149109945
14,set_transformer,360,mean_width_inclusive,tuned - fixed,0.11824269149109945
14,set_transformer,360,mean_q,tuned - fixed,0.0
14,set_transformer,360,crps_game_equal,tuned - fixed,-0.0001580768788344549
14,set_transformer,360,coverage_game_equal,tuned - fixed,0.0089643238169681
14,set_transformer,360,mean_width_game_equal,tuned - fixed,0.12351566231199129
14,set_transformer,360,mean_width_inclusive_game_equal,tuned - fixed,0.12351566231199129
14,zoo_cnn,360,crps,tuned - fixed,-0.00018972788573716655
14,zoo_cnn,360,coverage,tuned - fixed,0.0027764167891557445
14,zoo_cnn,360,mean_width,tuned - fixed,0.32337089661930385
14,zoo_cnn,360,mean_width_inclusive,tuned - fixed,0.32337089661930385
14,zoo_cnn,360,mean_q,tuned - fixed,0.35603462355054716
14,zoo_cnn,360,crps_game_equal,tuned - fixed,-0.00017954130552868576
14,zoo_cnn,360,coverage_game_equal,tuned - fixed,0.00271124127594613
14,zoo_cnn,360,mean_width_game_equal,tuned - fixed,0.32044174890652855
14,zoo_cnn,360,mean_width_inclusive_game_equal,tuned - fixed,0.3204417489065303
15,lightgbm_multiclass,20,crps,tuned - fixed,0.0
15,lightgbm_multiclass,20,coverage,tuned - fixed,0.0
15,lightgbm_multiclass,20,mean_width,tuned - fixed,0.0
15,lightgbm_multiclass,20,mean_width_inclusive,tuned - fixed,0.0
15,lightgbm_multiclass,20,mean_q,tuned - fixed,0.0
15,lightgbm_multiclass,20,crps_game_equal,tuned - fixed,0.0
15,lightgbm_multiclass,20,coverage_game_equal,tuned - fixed,0.0
15,lightgbm_multiclass,20,mean_width_game_equal,tuned - fixed,0.0
15,lightgbm_multiclass,20,mean_width_inclusive_game_equal,tuned - fixed,0.0
15,ridge_sgd_l2,20,crps,tuned - fixed,-0.00025681694862822457
15,ridge_sgd_l2,20,coverage,tuned - fixed,-0.018123496391339255
15,ridge_sgd_l2,20,mean_width,tuned - fixed,-3.4400962309542926
15,ridge_sgd_l2,20,mean_width_inclusive,tuned - fixed,-3.4400962309542926
15,ridge_sgd_l2,20,mean_q,tuned - fixed,0.09382518043303928
15,ridge_sgd_l2,20,crps_game_equal,tuned - fixed,-0.000253217363970994
15,ridge_sgd_l2,20,coverage_game_equal,tuned - fixed,-0.018348393478654246
15,ridge_sgd_l2,20,mean_width_game_equal,tuned - fixed,-3.4121176781935283
15,ridge_sgd_l2,20,mean_width_inclusive_game_equal,tuned - fixed,-3.4121176781935283
15,set_transformer,20,crps,tuned - fixed,-0.0004412326510474414
15,set_transformer,20,coverage,tuned - fixed,0.009462710505212524
15,set_transformer,20,mean_width,tuned - fixed,1.1648757016840428
15,set_transformer,20,mean_width_inclusive,tuned - fixed,1.1648757016840428
15,set_transformer,20,mean_q,tuned - fixed,-0.14258219727345628
15,set_transformer,20,crps_game_equal,tuned - fixed,-0.0004504450119865496
15,set_transformer,20,coverage_game_equal,tuned - fixed,0.010065215397277671
15,set_transformer,20,mean_width_game_equal,tuned - fixed,1.1723334402395125
15,set_transformer,20,mean_width_inclusive_game_equal,tuned - fixed,1.1723334402395125
15,zoo_cnn,20,crps,tuned - fixed,-0.0021784205042250024
15,zoo_cnn,20,coverage,tuned - fixed,-0.03817161186848439
15,zoo_cnn,20,mean_width,tuned - fixed,-18.304410585404973
15,zoo_cnn,20,mean_width_inclusive,tuned - fixed,-18.304410585404973
15,zoo_cnn,20,mean_q,tuned - fixed,1.147233360064154
15,zoo_cnn,20,crps_game_equal,tuned - fixed,-0.002153846351726739
15,zoo_cnn,20,coverage_game_equal,tuned - fixed,-0.0386847876165487
15,zoo_cnn,20,mean_width_game_equal,tuned - fixed,-18.32393722046638
15,zoo_cnn,20,mean_width_inclusive_game_equal,tuned - fixed,-18.32393722046638
15,lightgbm_multiclass,160,crps,tuned - fixed,0.0
15,lightgbm_multiclass,160,coverage,tuned - fixed,0.0
15,lightgbm_multiclass,160,mean_width,tuned - fixed,0.0
15,lightgbm_multiclass,160,mean_width_inclusive,tuned - fixed,0.0
15,lightgbm_multiclass,160,mean_q,tuned - fixed,0.0
15,lightgbm_multiclass,160,crps_game_equal,tuned - fixed,0.0
15,lightgbm_multiclass,160,coverage_game_equal,tuned - fixed,0.0
15,lightgbm_multiclass,160,mean_width_game_equal,tuned - fixed,0.0
15,lightgbm_multiclass,160,mean_width_inclusive_game_equal,tuned - fixed,0.0
15,ridge_sgd_l2,160,crps,tuned - fixed,-0.0003160473695539359
15,ridge_sgd_l2,160,coverage,tuned - fixed,-0.011387329591018402
15,ridge_sgd_l2,160,mean_width,tuned - fixed,-2.996792301523655
15,ridge_sgd_l2,160,mean_width_inclusive,tuned - fixed,-2.996792301523655
15,ridge_sgd_l2,160,mean_q,tuned - fixed,-0.08163592622293503
15,ridge_sgd_l2,160,crps_game_equal,tuned - fixed,-0.0003169381794387357
15,ridge_sgd_l2,160,coverage_game_equal,tuned - fixed,-0.01157864475326209
15,ridge_sgd_l2,160,mean_width_game_equal,tuned - fixed,-2.969189683027274
15,ridge_sgd_l2,160,mean_width_inclusive_game_equal,tuned - fixed,-2.969189683027274
15,set_transformer,160,crps,tuned - fixed,4.90463361942136e-05
15,set_transformer,160,coverage,tuned - fixed,0.012028869286287103
15,set_transformer,160,mean_width,tuned - fixed,0.741619887730554
15,set_transformer,160,mean_width_inclusive,tuned - fixed,0.741619887730554
15,set_transformer,160,mean_q,tuned - fixed,-0.03496391339214114
15,set_transformer,160,crps_game_equal,tuned - fixed,4.9932428613896906e-05
15,set_transformer,160,coverage_game_equal,tuned - fixed,0.012202692416865557
15,set_transformer,160,mean_width_game_equal,tuned - fixed,0.7425456152392069
15,set_transformer,160,mean_width_inclusive_game_equal,tuned - fixed,0.7425456152392105
15,zoo_cnn,160,crps,tuned - fixed,-0.00017676114215741355
15,zoo_cnn,160,coverage,tuned - fixed,0.006896551724137945
15,zoo_cnn,160,mean_width,tuned - fixed,-0.5695268644747387
15,zoo_cnn,160,mean_width_inclusive,tuned - fixed,-0.5695268644747387
15,zoo_cnn,160,mean_q,tuned - fixed,0.970168404170008
15,zoo_cnn,160,crps_game_equal,tuned - fixed,-0.00017785260866455543
15,zoo_cnn,160,coverage_game_equal,tuned - fixed,0.006426729037432688
15,zoo_cnn,160,mean_width_game_equal,tuned - fixed,-0.5818356679289831
15,zoo_cnn,160,mean_width_inclusive_game_equal,tuned - fixed,-0.5818356679289831
15,lightgbm_multiclass,360,crps,tuned - fixed,0.0
15,lightgbm_multiclass,360,coverage,tuned - fixed,0.0
15,lightgbm_multiclass,360,mean_width,tuned - fixed,0.0
15,lightgbm_multiclass,360,mean_width_inclusive,tuned - fixed,0.0
15,lightgbm_multiclass,360,mean_q,tuned - fixed,0.0
15,lightgbm_multiclass,360,crps_game_equal,tuned - fixed,0.0
15,lightgbm_multiclass,360,coverage_game_equal,tuned - fixed,0.0
15,lightgbm_multiclass,360,mean_width_game_equal,tuned - fixed,0.0
15,lightgbm_multiclass,360,mean_width_inclusive_game_equal,tuned - fixed,0.0
15,ridge_sgd_l2,360,crps,tuned - fixed,-0.00033110279583043085
15,ridge_sgd_l2,360,coverage,tuned - fixed,-0.010745789895749813
15,ridge_sgd_l2,360,mean_width,tuned - fixed,-2.978348035284686
15,ridge_sgd_l2,360,mean_width_inclusive,tuned - fixed,-2.978348035284686
15,ridge_sgd_l2,360,mean_q,tuned - fixed,-0.05052125100240576
15,ridge_sgd_l2,360,crps_game_equal,tuned - fixed,-0.00033224230117999756
15,ridge_sgd_l2,360,coverage_game_equal,tuned - fixed,-0.010778425426724025
15,ridge_sgd_l2,360,mean_width_game_equal,tuned - fixed,-2.9570945205386288
15,ridge_sgd_l2,360,mean_width_inclusive_game_equal,tuned - fixed,-2.9570945205386288
15,set_transformer,360,crps,tuned - fixed,-0.00012696937186958308
15,set_transformer,360,coverage,tuned - fixed,0.00032076984763440564
15,set_transformer,360,mean_width,tuned - fixed,-0.8112269446672009
15,set_transformer,360,mean_width_inclusive,tuned - fixed,-0.8112269446672009
15,set_transformer,360,mean_q,tuned - fixed,-0.08243785084202085
15,set_transformer,360,crps_game_equal,tuned - fixed,-0.00013017692495577438
15,set_transformer,360,coverage_game_equal,tuned - fixed,-9.057660539124601e-05
15,set_transformer,360,mean_width_game_equal,tuned - fixed,-0.81302981132208
15,set_transformer,360,mean_width_inclusive_game_equal,tuned - fixed,-0.8130298113220817
15,zoo_cnn,360,crps,tuned - fixed,3.2479049484612776e-10
15,zoo_cnn,360,coverage,tuned - fixed,0.0
15,zoo_cnn,360,mean_width,tuned - fixed,0.0
15,zoo_cnn,360,mean_width_inclusive,tuned - fixed,0.0
15,zoo_cnn,360,mean_q,tuned - fixed,0.0
15,zoo_cnn,360,crps_game_equal,tuned - fixed,3.6638692080259716e-11
15,zoo_cnn,360,coverage_game_equal,tuned - fixed,0.0
15,zoo_cnn,360,mean_width_game_equal,tuned - fixed,0.0
15,zoo_cnn,360,mean_width_inclusive_game_equal,tuned - fixed,0.0
16,lightgbm_multiclass,20,crps,tuned - fixed,0.0
16,lightgbm_multiclass,20,coverage,tuned - fixed,0.0
16,lightgbm_multiclass,20,mean_width,tuned - fixed,0.0
16,lightgbm_multiclass,20,mean_width_inclusive,tuned - fixed,0.0
16,lightgbm_multiclass,20,mean_q,tuned - fixed,0.0
16,lightgbm_multiclass,20,crps_game_equal,tuned - fixed,0.0
16,lightgbm_multiclass,20,coverage_game_equal,tuned - fixed,0.0
16,lightgbm_multiclass,20,mean_width_game_equal,tuned - fixed,0.0
16,lightgbm_multiclass,20,mean_width_inclusive_game_equal,tuned - fixed,0.0
16,ridge_sgd_l2,20,crps,tuned - fixed,-0.00014210580302135775
16,ridge_sgd_l2,20,coverage,tuned - fixed,-0.011259791122715357
16,ridge_sgd_l2,20,mean_width,tuned - fixed,-3.2206266318537864
16,ridge_sgd_l2,20,mean_width_inclusive,tuned - fixed,-3.2206266318537864
16,ridge_sgd_l2,20,mean_q,tuned - fixed,-0.05613577023498695
16,ridge_sgd_l2,20,crps_game_equal,tuned - fixed,-0.00014049823747024938
16,ridge_sgd_l2,20,coverage_game_equal,tuned - fixed,-0.010895483872267131
16,ridge_sgd_l2,20,mean_width_game_equal,tuned - fixed,-3.1728558216127887
16,ridge_sgd_l2,20,mean_width_inclusive_game_equal,tuned - fixed,-3.1728558216127887
16,set_transformer,20,crps,tuned - fixed,-0.0001393047972131703
16,set_transformer,20,coverage,tuned - fixed,0.011259791122715357
16,set_transformer,20,mean_width,tuned - fixed,1.109823759791123
16,set_transformer,20,mean_width_inclusive,tuned - fixed,1.109823759791123
16,set_transformer,20,mean_q,tuned - fixed,-0.055646214099216704
16,set_transformer,20,crps_game_equal,tuned - fixed,-0.0001351349557734468
16,set_transformer,20,coverage_game_equal,tuned - fixed,0.010706190764447898
16,set_transformer,20,mean_width_game_equal,tuned - fixed,1.0657059926256558
16,set_transformer,20,mean_width_inclusive_game_equal,tuned - fixed,1.0657059926256558
16,zoo_cnn,20,crps,tuned - fixed,-8.433146445052664e-09
16,zoo_cnn,20,coverage,tuned - fixed,0.0
16,zoo_cnn,20,mean_width,tuned - fixed,0.00032637075717900643
16,zoo_cnn,20,mean_width_inclusive,tuned - fixed,0.00032637075717900643
16,zoo_cnn,20,mean_q,tuned - fixed,0.0001631853785899473
16,zoo_cnn,20,crps_game_equal,tuned - fixed,-1.0929411493887375e-08
16,zoo_cnn,20,coverage_game_equal,tuned - fixed,0.0
16,zoo_cnn,20,mean_width_game_equal,tuned - fixed,0.00023172285946415627
16,zoo_cnn,20,mean_width_inclusive_game_equal,tuned - fixed,0.00023172285946060356
16,lightgbm_multiclass,160,crps,tuned - fixed,0.0
16,lightgbm_multiclass,160,coverage,tuned - fixed,0.0
16,lightgbm_multiclass,160,mean_width,tuned - fixed,0.0
16,lightgbm_multiclass,160,mean_width_inclusive,tuned - fixed,0.0
16,lightgbm_multiclass,160,mean_q,tuned - fixed,0.0
16,lightgbm_multiclass,160,crps_game_equal,tuned - fixed,0.0
16,lightgbm_multiclass,160,coverage_game_equal,tuned - fixed,0.0
16,lightgbm_multiclass,160,mean_width_game_equal,tuned - fixed,0.0
16,lightgbm_multiclass,160,mean_width_inclusive_game_equal,tuned - fixed,0.0
16,ridge_sgd_l2,160,crps,tuned - fixed,-0.00035409653484486277
16,ridge_sgd_l2,160,coverage,tuned - fixed,-0.011259791122715468
16,ridge_sgd_l2,160,mean_width,tuned - fixed,-3.2493472584856384
16,ridge_sgd_l2,160,mean_width_inclusive,tuned - fixed,-3.2493472584856384
16,ridge_sgd_l2,160,mean_q,tuned - fixed,-0.15159921671018278
16,ridge_sgd_l2,160,crps_game_equal,tuned - fixed,-0.000349613943012193
16,ridge_sgd_l2,160,coverage_game_equal,tuned - fixed,-0.01118305955770782
16,ridge_sgd_l2,160,mean_width_game_equal,tuned - fixed,-3.206625476137038
16,ridge_sgd_l2,160,mean_width_inclusive_game_equal,tuned - fixed,-3.206625476137038
16,set_transformer,160,crps,tuned - fixed,-0.0001273466391867456
16,set_transformer,160,coverage,tuned - fixed,0.001958224543080922
16,set_transformer,160,mean_width,tuned - fixed,0.17787206266318556
16,set_transformer,160,mean_width_inclusive,tuned - fixed,0.17787206266318556
16,set_transformer,160,mean_q,tuned - fixed,-0.385607049608355
16,set_transformer,160,crps_game_equal,tuned - fixed,-0.00012307959302785242
16,set_transformer,160,coverage_game_equal,tuned - fixed,0.0015229567820553847
16,set_transformer,160,mean_width_game_equal,tuned - fixed,0.17869005874218935
16,set_transformer,160,mean_width_inclusive_game_equal,tuned - fixed,0.17869005874218935
16,zoo_cnn,160,crps,tuned - fixed,4.580942083998174e-10
16,zoo_cnn,160,coverage,tuned - fixed,0.0
16,zoo_cnn,160,mean_width,tuned - fixed,0.0
16,zoo_cnn,160,mean_width_inclusive,tuned - fixed,0.0
16,zoo_cnn,160,mean_q,tuned - fixed,0.0
16,zoo_cnn,160,crps_game_equal,tuned - fixed,7.009051533612976e-10
16,zoo_cnn,160,coverage_game_equal,tuned - fixed,0.0
16,zoo_cnn,160,mean_width_game_equal,tuned - fixed,0.0
16,zoo_cnn,160,mean_width_inclusive_game_equal,tuned - fixed,0.0
16,lightgbm_multiclass,360,crps,tuned - fixed,0.0
16,lightgbm_multiclass,360,coverage,tuned - fixed,0.0
16,lightgbm_multiclass,360,mean_width,tuned - fixed,0.0
16,lightgbm_multiclass,360,mean_width_inclusive,tuned - fixed,0.0
16,lightgbm_multiclass,360,mean_q,tuned - fixed,0.0
16,lightgbm_multiclass,360,crps_game_equal,tuned - fixed,0.0
16,lightgbm_multiclass,360,coverage_game_equal,tuned - fixed,0.0
16,lightgbm_multiclass,360,mean_width_game_equal,tuned - fixed,0.0
16,lightgbm_multiclass,360,mean_width_inclusive_game_equal,tuned - fixed,0.0
16,ridge_sgd_l2,360,crps,tuned - fixed,-0.000329507765766051
16,ridge_sgd_l2,360,coverage,tuned - fixed,-0.013381201044386448
16,ridge_sgd_l2,360,mean_width,tuned - fixed,-2.9210182767624033
16,ridge_sgd_l2,360,mean_width_inclusive,tuned - fixed,-2.9210182767624033
16,ridge_sgd_l2,360,mean_q,tuned - fixed,-0.18031984334203657
16,ridge_sgd_l2,360,crps_game_equal,tuned - fixed,-0.00032497046409450843
16,ridge_sgd_l2,360,coverage_game_equal,tuned - fixed,-0.013104661861858768
16,ridge_sgd_l2,360,mean_width_game_equal,tuned - fixed,-2.8813935238314983
16,ridge_sgd_l2,360,mean_width_inclusive_game_equal,tuned - fixed,-2.8813935238314983
16,set_transformer,360,crps,tuned - fixed,-0.00020070026043520796
16,set_transformer,360,coverage,tuned - fixed,0.00032637075718011666
16,set_transformer,360,mean_width,tuned - fixed,0.1401762402088771
16,set_transformer,360,mean_width_inclusive,tuned - fixed,0.1401762402088771
16,set_transformer,360,mean_q,tuned - fixed,0.010280678851174934
16,set_transformer,360,crps_game_equal,tuned - fixed,-0.0001923255828146335
16,set_transformer,360,coverage_game_equal,tuned - fixed,-0.0004078604226122051
16,set_transformer,360,mean_width_game_equal,tuned - fixed,0.14455844068588242
16,set_transformer,360,mean_width_inclusive_game_equal,tuned - fixed,0.14455844068588597
16,zoo_cnn,360,crps,tuned - fixed,-2.5000969523791827e-10
16,zoo_cnn,360,coverage,tuned - fixed,0.0
16,zoo_cnn,360,mean_width,tuned - fixed,0.0
16,zoo_cnn,360,mean_width_inclusive,tuned - fixed,0.0
16,zoo_cnn,360,mean_q,tuned - fixed,0.0
16,zoo_cnn,360,crps_game_equal,tuned - fixed,-4.880372165422253e-10
16,zoo_cnn,360,coverage_game_equal,tuned - fixed,0.0
16,zoo_cnn,360,mean_width_game_equal,tuned - fixed,0.0
16,zoo_cnn,360,mean_width_inclusive_game_equal,tuned - fixed,0.0
17,lightgbm_multiclass,20,crps,tuned - fixed,0.0
17,lightgbm_multiclass,20,coverage,tuned - fixed,0.0
17,lightgbm_multiclass,20,mean_width,tuned - fixed,0.0
17,lightgbm_multiclass,20,mean_width_inclusive,tuned - fixed,0.0
17,lightgbm_multiclass,20,mean_q,tuned - fixed,0.0
17,lightgbm_multiclass,20,crps_game_equal,tuned - fixed,0.0
17,lightgbm_multiclass,20,coverage_game_equal,tuned - fixed,0.0
17,lightgbm_multiclass,20,mean_width_game_equal,tuned - fixed,0.0
17,lightgbm_multiclass,20,mean_width_inclusive_game_equal,tuned - fixed,0.0
17,ridge_sgd_l2,20,crps,tuned - fixed,-4.398614653016754e-05
17,ridge_sgd_l2,20,coverage,tuned - fixed,-0.00032388663967608533
17,ridge_sgd_l2,20,mean_width,tuned - fixed,-1.598056680161946
17,ridge_sgd_l2,20,mean_width_inclusive,tuned - fixed,-1.598056680161946
17,ridge_sgd_l2,20,mean_q,tuned - fixed,-0.00631578947368421
17,ridge_sgd_l2,20,crps_game_equal,tuned - fixed,-4.7736580132290776e-05
17,ridge_sgd_l2,20,coverage_game_equal,tuned - fixed,-0.00018425327891269383
17,ridge_sgd_l2,20,mean_width_game_equal,tuned - fixed,-1.5729539104011856
17,ridge_sgd_l2,20,mean_width_inclusive_game_equal,tuned - fixed,-1.5729539104011856
17,set_transformer,20,crps,tuned - fixed,-0.00015818916436620943
17,set_transformer,20,coverage,tuned - fixed,0.02866396761133605
17,set_transformer,20,mean_width,tuned - fixed,3.6767611336032413
17,set_transformer,20,mean_width_inclusive,tuned - fixed,3.6767611336032395
17,set_transformer,20,mean_q,tuned - fixed,-0.023157894736842106
17,set_transformer,20,crps_game_equal,tuned - fixed,-0.00015534555983312374
17,set_transformer,20,coverage_game_equal,tuned - fixed,0.029238385750704032
17,set_transformer,20,mean_width_game_equal,tuned - fixed,3.7076217583457147
17,set_transformer,20,mean_width_inclusive_game_equal,tuned - fixed,3.7076217583457165
17,zoo_cnn,20,crps,tuned - fixed,7.527278009233918e-09
17,zoo_cnn,20,coverage,tuned - fixed,0.0
17,zoo_cnn,20,mean_width,tuned - fixed,0.0006477732793523927
17,zoo_cnn,20,mean_width_inclusive,tuned - fixed,0.0006477732793541691
17,zoo_cnn,20,mean_q,tuned - fixed,0.00032388663967619635
17,zoo_cnn,20,crps_game_equal,tuned - fixed,7.231197850579574e-09
17,zoo_cnn,20,coverage_game_equal,tuned - fixed,0.0
17,zoo_cnn,20,mean_width_game_equal,tuned - fixed,0.0006601982078233704
17,zoo_cnn,20,mean_width_inclusive_game_equal,tuned - fixed,0.0006601982078251467
17,lightgbm_multiclass,160,crps,tuned - fixed,0.0
17,lightgbm_multiclass,160,coverage,tuned - fixed,0.0
17,lightgbm_multiclass,160,mean_width,tuned - fixed,0.0
17,lightgbm_multiclass,160,mean_width_inclusive,tuned - fixed,0.0
17,lightgbm_multiclass,160,mean_q,tuned - fixed,0.0
17,lightgbm_multiclass,160,crps_game_equal,tuned - fixed,0.0
17,lightgbm_multiclass,160,coverage_game_equal,tuned - fixed,0.0
17,lightgbm_multiclass,160,mean_width_game_equal,tuned - fixed,0.0
17,lightgbm_multiclass,160,mean_width_inclusive_game_equal,tuned - fixed,0.0
17,ridge_sgd_l2,160,crps,tuned - fixed,-0.0003012100343923324
17,ridge_sgd_l2,160,coverage,tuned - fixed,-0.008259109311740898
17,ridge_sgd_l2,160,mean_width,tuned - fixed,-2.6427530364372487
17,ridge_sgd_l2,160,mean_width_inclusive,tuned - fixed,-2.6427530364372487
17,ridge_sgd_l2,160,mean_q,tuned - fixed,-0.12550607287449392
17,ridge_sgd_l2,160,crps_game_equal,tuned - fixed,-0.0003039163519274971
17,ridge_sgd_l2,160,coverage_game_equal,tuned - fixed,-0.00835869928294719
17,ridge_sgd_l2,160,mean_width_game_equal,tuned - fixed,-2.6302725977184878
17,ridge_sgd_l2,160,mean_width_inclusive_game_equal,tuned - fixed,-2.6302725977184878
17,set_transformer,160,crps,tuned - fixed,-5.4018026780063705e-05
17,set_transformer,160,coverage,tuned - fixed,-0.00016194331983809818
17,set_transformer,160,mean_width,tuned - fixed,-0.5983805668016196
17,set_transformer,160,mean_width_inclusive,tuned - fixed,-0.5983805668016178
17,set_transformer,160,mean_q,tuned - fixed,-0.01700404858299595
17,set_transformer,160,crps_game_equal,tuned - fixed,-6.0752016273292464e-05
17,set_transformer,160,coverage_game_equal,tuned - fixed,-0.00035960531096179693
17,set_transformer,160,mean_width_game_equal,tuned - fixed,-0.6051385877523838
17,set_transformer,160,mean_width_inclusive_game_equal,tuned - fixed,-0.6051385877523838
17,zoo_cnn,160,crps,tuned - fixed,-4.8164658149005626e-05
17,zoo_cnn,160,coverage,tuned - fixed,0.012793522267206425
17,zoo_cnn,160,mean_width,tuned - fixed,0.7089878542510135
17,zoo_cnn,160,mean_width_inclusive,tuned - fixed,0.7089878542510135
17,zoo_cnn,160,mean_q,tuned - fixed,-0.19012145748987855
17,zoo_cnn,160,crps_game_equal,tuned - fixed,-5.540036654077228e-05
17,zoo_cnn,160,coverage_game_equal,tuned - fixed,0.012532225899471783
17,zoo_cnn,160,mean_width_game_equal,tuned - fixed,0.6973379765427605
17,zoo_cnn,160,mean_width_inclusive_game_equal,tuned - fixed,0.6973379765427623
17,lightgbm_multiclass,360,crps,tuned - fixed,0.0
17,lightgbm_multiclass,360,coverage,tuned - fixed,0.0
17,lightgbm_multiclass,360,mean_width,tuned - fixed,0.0
17,lightgbm_multiclass,360,mean_width_inclusive,tuned - fixed,0.0
17,lightgbm_multiclass,360,mean_q,tuned - fixed,0.0
17,lightgbm_multiclass,360,crps_game_equal,tuned - fixed,0.0
17,lightgbm_multiclass,360,coverage_game_equal,tuned - fixed,0.0
17,lightgbm_multiclass,360,mean_width_game_equal,tuned - fixed,0.0
17,lightgbm_multiclass,360,mean_width_inclusive_game_equal,tuned - fixed,0.0
17,ridge_sgd_l2,360,crps,tuned - fixed,-0.00031571993019744414
17,ridge_sgd_l2,360,coverage,tuned - fixed,-0.008582995951416983
17,ridge_sgd_l2,360,mean_width,tuned - fixed,-2.6665587044534433
17,ridge_sgd_l2,360,mean_width_inclusive,tuned - fixed,-2.6665587044534433
17,ridge_sgd_l2,360,mean_q,tuned - fixed,-0.10801619433198378
17,ridge_sgd_l2,360,crps_game_equal,tuned - fixed,-0.00032138104347981776
17,ridge_sgd_l2,360,coverage_game_equal,tuned - fixed,-0.008752592979960117
17,ridge_sgd_l2,360,mean_width_game_equal,tuned - fixed,-2.6520803488482763
17,ridge_sgd_l2,360,mean_width_inclusive_game_equal,tuned - fixed,-2.6520803488482763
17,set_transformer,360,crps,tuned - fixed,-7.603059398657644e-05
17,set_transformer,360,coverage,tuned - fixed,0.006801619433198347
17,set_transformer,360,mean_width,tuned - fixed,0.00032388663967708453
17,set_transformer,360,mean_width_inclusive,tuned - fixed,0.00032388663967708453
17,set_transformer,360,mean_q,tuned - fixed,-0.010040485829959506
17,set_transformer,360,crps_game_equal,tuned - fixed,-8.263485229396614e-05
17,set_transformer,360,coverage_game_equal,tuned - fixed,0.006729715968063488
17,set_transformer,360,mean_width_game_equal,tuned - fixed,0.009198368118115141
17,set_transformer,360,mean_width_inclusive_game_equal,tuned - fixed,0.009198368118115141
17,zoo_cnn,360,crps,tuned - fixed,-0.0002105495621931592
17,zoo_cnn,360,coverage,tuned - fixed,0.008421052631578885
17,zoo_cnn,360,mean_width,tuned - fixed,-0.3502834008097171
17,zoo_cnn,360,mean_width_inclusive,tuned - fixed,-0.3502834008097171
17,zoo_cnn,360,mean_q,tuned - fixed,-0.03222672064777328
17,zoo_cnn,360,crps_game_equal,tuned - fixed,-0.0002121256257071394
17,zoo_cnn,360,coverage_game_equal,tuned - fixed,0.008850259498479729
17,zoo_cnn,360,mean_width_game_equal,tuned - fixed,-0.38950694989916634
17,zoo_cnn,360,mean_width_inclusive_game_equal,tuned - fixed,-0.38950694989916634
18,lightgbm_multiclass,20,crps,tuned - fixed,0.0
18,lightgbm_multiclass,20,coverage,tuned - fixed,0.0
18,lightgbm_multiclass,20,mean_width,tuned - fixed,0.0
18,lightgbm_multiclass,20,mean_width_inclusive,tuned - fixed,0.0
18,lightgbm_multiclass,20,mean_q,tuned - fixed,0.0
18,lightgbm_multiclass,20,crps_game_equal,tuned - fixed,0.0
18,lightgbm_multiclass,20,coverage_game_equal,tuned - fixed,0.0
18,lightgbm_multiclass,20,mean_width_game_equal,tuned - fixed,0.0
18,lightgbm_multiclass,20,mean_width_inclusive_game_equal,tuned - fixed,0.0
18,ridge_sgd_l2,20,crps,tuned - fixed,-0.0001396791784553427
18,ridge_sgd_l2,20,coverage,tuned - fixed,-0.010778635778635803
18,ridge_sgd_l2,20,mean_width,tuned - fixed,-2.907175032175033
18,ridge_sgd_l2,20,mean_width_inclusive,tuned - fixed,-2.907175032175033
18,ridge_sgd_l2,20,mean_q,tuned - fixed,0.3851351351351351
18,ridge_sgd_l2,20,crps_game_equal,tuned - fixed,-0.00013894092792296996
18,ridge_sgd_l2,20,coverage_game_equal,tuned - fixed,-0.01036267819853176
18,ridge_sgd_l2,20,mean_width_game_equal,tuned - fixed,-2.883402629716791
18,ridge_sgd_l2,20,mean_width_inclusive_game_equal,tuned - fixed,-2.883402629716791
18,set_transformer,20,crps,tuned - fixed,-1.8271000296055107e-08
18,set_transformer,20,coverage,tuned - fixed,0.0
18,set_transformer,20,mean_width,tuned - fixed,-0.002252252252251452
18,set_transformer,20,mean_width_inclusive,tuned - fixed,-0.002252252252251452
18,set_transformer,20,mean_q,tuned - fixed,-0.0011261261261261285
18,set_transformer,20,crps_game_equal,tuned - fixed,-1.8989440481870234e-08
18,set_transformer,20,coverage_game_equal,tuned - fixed,0.0
18,set_transformer,20,mean_width_game_equal,tuned - fixed,-0.0023593328132083258
18,set_transformer,20,mean_width_inclusive_game_equal,tuned - fixed,-0.0023593328132065494
18,zoo_cnn,20,crps,tuned - fixed,3.4245529675902553e-09
18,zoo_cnn,20,coverage,tuned - fixed,0.0
18,zoo_cnn,20,mean_width,tuned - fixed,0.0
18,zoo_cnn,20,mean_width_inclusive,tuned - fixed,0.0
18,zoo_cnn,20,mean_q,tuned - fixed,0.0
18,zoo_cnn,20,crps_game_equal,tuned - fixed,4.199012505756716e-09
18,zoo_cnn,20,coverage_game_equal,tuned - fixed,0.0
18,zoo_cnn,20,mean_width_game_equal,tuned - fixed,0.0
18,zoo_cnn,20,mean_width_inclusive_game_equal,tuned - fixed,0.0
18,lightgbm_multiclass,160,crps,tuned - fixed,0.0
18,lightgbm_multiclass,160,coverage,tuned - fixed,0.0
18,lightgbm_multiclass,160,mean_width,tuned - fixed,0.0
18,lightgbm_multiclass,160,mean_width_inclusive,tuned - fixed,0.0
18,lightgbm_multiclass,160,mean_q,tuned - fixed,0.0
18,lightgbm_multiclass,160,crps_game_equal,tuned - fixed,0.0
18,lightgbm_multiclass,160,coverage_game_equal,tuned - fixed,0.0
18,lightgbm_multiclass,160,mean_width_game_equal,tuned - fixed,0.0
18,lightgbm_multiclass,160,mean_width_inclusive_game_equal,tuned - fixed,0.0
18,ridge_sgd_l2,160,crps,tuned - fixed,-0.00030972229211923344
18,ridge_sgd_l2,160,coverage,tuned - fixed,-0.01270913770913773
18,ridge_sgd_l2,160,mean_width,tuned - fixed,-2.9663770913770904
18,ridge_sgd_l2,160,mean_width_inclusive,tuned - fixed,-2.9663770913770904
18,ridge_sgd_l2,160,mean_q,tuned - fixed,-0.129021879021879
18,ridge_sgd_l2,160,crps_game_equal,tuned - fixed,-0.00030400332417127897
18,ridge_sgd_l2,160,coverage_game_equal,tuned - fixed,-0.012806966605822256
18,ridge_sgd_l2,160,mean_width_game_equal,tuned - fixed,-2.945309828393917
18,ridge_sgd_l2,160,mean_width_inclusive_game_equal,tuned - fixed,-2.945309828393917
18,set_transformer,160,crps,tuned - fixed,-0.0002062146788442583
18,set_transformer,160,coverage,tuned - fixed,-0.002574002574002643
18,set_transformer,160,mean_width,tuned - fixed,-0.2644787644787634
18,set_transformer,160,mean_width_inclusive,tuned - fixed,-0.2644787644787634
18,set_transformer,160,mean_q,tuned - fixed,-0.022522522522522525
18,set_transformer,160,crps_game_equal,tuned - fixed,-0.0001986895404726234
18,set_transformer,160,coverage_game_equal,tuned - fixed,-0.0023307686012185025
18,set_transformer,160,mean_width_game_equal,tuned - fixed,-0.27038830707739336
18,set_transformer,160,mean_width_inclusive_game_equal,tuned - fixed,-0.27038830707739336
18,zoo_cnn,160,crps,tuned - fixed,7.757489442483667e-11
18,zoo_cnn,160,coverage,tuned - fixed,0.0
18,zoo_cnn,160,mean_width,tuned - fixed,-0.00032175032175096874
18,zoo_cnn,160,mean_width_inclusive,tuned - fixed,-0.00032175032175096874
18,zoo_cnn,160,mean_q,tuned - fixed,-0.00016087516087516084
18,zoo_cnn,160,crps_game_equal,tuned - fixed,1.6688472131987098e-10
18,zoo_cnn,160,coverage_game_equal,tuned - fixed,0.0
18,zoo_cnn,160,mean_width_game_equal,tuned - fixed,-0.0003317850033166536
18,zoo_cnn,160,mean_width_inclusive_game_equal,tuned - fixed,-0.0003317850033166536
18,lightgbm_multiclass,360,crps,tuned - fixed,0.0
18,lightgbm_multiclass,360,coverage,tuned - fixed,0.0
18,lightgbm_multiclass,360,mean_width,tuned - fixed,0.0
18,lightgbm_multiclass,360,mean_width_inclusive,tuned - fixed,0.0
18,lightgbm_multiclass,360,mean_q,tuned - fixed,0.0
18,lightgbm_multiclass,360,crps_game_equal,tuned - fixed,0.0
18,lightgbm_multiclass,360,coverage_game_equal,tuned - fixed,0.0
18,lightgbm_multiclass,360,mean_width_game_equal,tuned - fixed,0.0
18,lightgbm_multiclass,360,mean_width_inclusive_game_equal,tuned - fixed,0.0
18,ridge_sgd_l2,360,crps,tuned - fixed,-0.00032074943302805997
18,ridge_sgd_l2,360,coverage,tuned - fixed,-0.01158301158301156
18,ridge_sgd_l2,360,mean_width,tuned - fixed,-3.073198198198199
18,ridge_sgd_l2,360,mean_width_inclusive,tuned - fixed,-3.073198198198199
18,ridge_sgd_l2,360,mean_q,tuned - fixed,-0.09620334620334617
18,ridge_sgd_l2,360,crps_game_equal,tuned - fixed,-0.0003189013877850696
18,ridge_sgd_l2,360,coverage_game_equal,tuned - fixed,-0.011497148309391858
18,ridge_sgd_l2,360,mean_width_game_equal,tuned - fixed,-3.054491955573667
18,ridge_sgd_l2,360,mean_width_inclusive_game_equal,tuned - fixed,-3.054491955573667
18,set_transformer,360,crps,tuned - fixed,-1.0877740240691075e-05
18,set_transformer,360,coverage,tuned - fixed,0.001608751608751513
18,set_transformer,360,mean_width,tuned - fixed,0.32995495495495497
18,set_transformer,360,mean_width_inclusive,tuned - fixed,0.32995495495495497
18,set_transformer,360,mean_q,tuned - fixed,0.0
18,set_transformer,360,crps_game_equal,tuned - fixed,-4.260696309880269e-06
18,set_transformer,360,coverage_game_equal,tuned - fixed,0.0013390227648079067
18,set_transformer,360,mean_width_game_equal,tuned - fixed,0.33530508106044365
18,set_transformer,360,mean_width_inclusive_game_equal,tuned - fixed,0.3353050810604472
18,zoo_cnn,360,crps,tuned - fixed,-0.000885137846490712
18,zoo_cnn,360,coverage,tuned - fixed,-0.0028957528957529455
18,zoo_cnn,360,mean_width,tuned - fixed,-0.8675997425997419
18,zoo_cnn,360,mean_width_inclusive,tuned - fixed,-0.8675997425997419
18,zoo_cnn,360,mean_q,tuned - fixed,0.3704954954954955
18,zoo_cnn,360,crps_game_equal,tuned - fixed,-0.0008587158951662253
18,zoo_cnn,360,coverage_game_equal,tuned - fixed,-0.0035298283464806346
18,zoo_cnn,360,mean_width_game_equal,tuned - fixed,-0.8642091361089275
18,zoo_cnn,360,mean_width_inclusive_game_equal,tuned - fixed,-0.8642091361089239
19,lightgbm_multiclass,20,crps,tuned - fixed,0.0
19,lightgbm_multiclass,20,coverage,tuned - fixed,0.0
19,lightgbm_multiclass,20,mean_width,tuned - fixed,0.0
19,lightgbm_multiclass,20,mean_width_inclusive,tuned - fixed,0.0
19,lightgbm_multiclass,20,mean_q,tuned - fixed,0.0
19,lightgbm_multiclass,20,crps_game_equal,tuned - fixed,0.0
19,lightgbm_multiclass,20,coverage_game_equal,tuned - fixed,0.0
19,lightgbm_multiclass,20,mean_width_game_equal,tuned - fixed,0.0
19,lightgbm_multiclass,20,mean_width_inclusive_game_equal,tuned - fixed,0.0
19,ridge_sgd_l2,20,crps,tuned - fixed,-0.00019631726780511977
19,ridge_sgd_l2,20,coverage,tuned - fixed,-0.008577439715164226
19,ridge_sgd_l2,20,mean_width,tuned - fixed,-2.7734261207315107
19,ridge_sgd_l2,20,mean_width_inclusive,tuned - fixed,-2.7734261207315107
19,ridge_sgd_l2,20,mean_q,tuned - fixed,0.08350865835895771
19,ridge_sgd_l2,20,crps_game_equal,tuned - fixed,-0.00019683345232306138
19,ridge_sgd_l2,20,coverage_game_equal,tuned - fixed,-0.00841239359973911
19,ridge_sgd_l2,20,mean_width_game_equal,tuned - fixed,-2.7697652192199627
19,ridge_sgd_l2,20,mean_width_inclusive_game_equal,tuned - fixed,-2.7697652192199627
19,set_transformer,20,crps,tuned - fixed,7.223106172885019e-05
19,set_transformer,20,coverage,tuned - fixed,0.0008091924259588934
19,set_transformer,20,mean_width,tuned - fixed,0.5395695096293913
19,set_transformer,20,mean_width_inclusive,tuned - fixed,0.5395695096293913
19,set_transformer,20,mean_q,tuned - fixed,-0.03884123644602688
19,set_transformer,20,crps_game_equal,tuned - fixed,7.543488129180785e-05
19,set_transformer,20,coverage_game_equal,tuned - fixed,0.0006357725923074042
19,set_transformer,20,mean_width_game_equal,tuned - fixed,0.5332216911826659
19,set_transformer,20,mean_width_inclusive_game_equal,tuned - fixed,0.5332216911826677
19,zoo_cnn,20,crps,tuned - fixed,4.804555361198615e-09
19,zoo_cnn,20,coverage,tuned - fixed,0.0
19,zoo_cnn,20,mean_width,tuned - fixed,0.0003236769703853781
19,zoo_cnn,20,mean_width_inclusive,tuned - fixed,0.0003236769703853781
19,zoo_cnn,20,mean_q,tuned - fixed,0.0
19,zoo_cnn,20,crps_game_equal,tuned - fixed,5.2716785069184535e-09
19,zoo_cnn,20,coverage_game_equal,tuned - fixed,0.0
19,zoo_cnn,20,mean_width_game_equal,tuned - fixed,0.00032809850327808476
19,zoo_cnn,20,mean_width_inclusive_game_equal,tuned - fixed,0.00032809850327808476
19,lightgbm_multiclass,160,crps,tuned - fixed,0.0
19,lightgbm_multiclass,160,coverage,tuned - fixed,0.0
19,lightgbm_multiclass,160,mean_width,tuned - fixed,0.0
19,lightgbm_multiclass,160,mean_width_inclusive,tuned - fixed,0.0
19,lightgbm_multiclass,160,mean_q,tuned - fixed,0.0
19,lightgbm_multiclass,160,crps_game_equal,tuned - fixed,0.0
19,lightgbm_multiclass,160,coverage_game_equal,tuned - fixed,0.0
19,lightgbm_multiclass,160,mean_width_game_equal,tuned - fixed,0.0
19,lightgbm_multiclass,160,mean_width_inclusive_game_equal,tuned - fixed,0.0
19,ridge_sgd_l2,160,crps,tuned - fixed,-0.00030106545056605115
19,ridge_sgd_l2,160,coverage,tuned - fixed,-0.007282731833630041
19,ridge_sgd_l2,160,mean_width,tuned - fixed,-2.932351513189836
19,ridge_sgd_l2,160,mean_width_inclusive,tuned - fixed,-2.932351513189836
19,ridge_sgd_l2,160,mean_q,tuned - fixed,-0.05777633921346503
19,ridge_sgd_l2,160,crps_game_equal,tuned - fixed,-0.0003019099634994724
19,ridge_sgd_l2,160,coverage_game_equal,tuned - fixed,-0.007219267444221633
19,ridge_sgd_l2,160,mean_width_game_equal,tuned - fixed,-2.9297614459057115
19,ridge_sgd_l2,160,mean_width_inclusive_game_equal,tuned - fixed,-2.9297614459057115
19,set_transformer,160,crps,tuned - fixed,1.1043538480753554e-05
19,set_transformer,160,coverage,tuned - fixed,0.0008091924259588934
19,set_transformer,160,mean_width,tuned - fixed,0.7397637158116197
19,set_transformer,160,mean_width_inclusive,tuned - fixed,0.7397637158116197
19,set_transformer,160,mean_q,tuned - fixed,-0.3154232076387765
19,set_transformer,160,crps_game_equal,tuned - fixed,1.37459984052863e-05
19,set_transformer,160,coverage_game_equal,tuned - fixed,0.0006906499075146622
19,set_transformer,160,mean_width_game_equal,tuned - fixed,0.7238439220395119
19,set_transformer,160,mean_width_inclusive_game_equal,tuned - fixed,0.7238439220395083
19,zoo_cnn,160,crps,tuned - fixed,1.8005793141206983e-09
19,zoo_cnn,160,coverage,tuned - fixed,0.0
19,zoo_cnn,160,mean_width,tuned - fixed,0.0
19,zoo_cnn,160,mean_width_inclusive,tuned - fixed,0.0
19,zoo_cnn,160,mean_q,tuned - fixed,0.0
19,zoo_cnn,160,crps_game_equal,tuned - fixed,2.0398147441980097e-09
19,zoo_cnn,160,coverage_game_equal,tuned - fixed,0.0
19,zoo_cnn,160,mean_width_game_equal,tuned - fixed,0.0
19,zoo_cnn,160,mean_width_inclusive_game_equal,tuned - fixed,0.0
19,lightgbm_multiclass,360,crps,tuned - fixed,0.0
19,lightgbm_multiclass,360,coverage,tuned - fixed,0.0
19,lightgbm_multiclass,360,mean_width,tuned - fixed,0.0
19,lightgbm_multiclass,360,mean_width_inclusive,tuned - fixed,0.0
19,lightgbm_multiclass,360,mean_q,tuned - fixed,0.0
19,lightgbm_multiclass,360,crps_game_equal,tuned - fixed,0.0
19,lightgbm_multiclass,360,coverage_game_equal,tuned - fixed,0.0
19,lightgbm_multiclass,360,mean_width_game_equal,tuned - fixed,0.0
19,lightgbm_multiclass,360,mean_width_inclusive_game_equal,tuned - fixed,0.0
19,ridge_sgd_l2,360,crps,tuned - fixed,-0.0003248353240940926
19,ridge_sgd_l2,360,coverage,tuned - fixed,-0.00938663214112323
19,ridge_sgd_l2,360,mean_width,tuned - fixed,-2.862437287586989
19,ridge_sgd_l2,360,mean_width_inclusive,tuned - fixed,-2.862437287586989
19,ridge_sgd_l2,360,mean_q,tuned - fixed,-0.03366240491989003
19,ridge_sgd_l2,360,crps_game_equal,tuned - fixed,-0.0003238532253954842
19,ridge_sgd_l2,360,coverage_game_equal,tuned - fixed,-0.009247877757701972
19,ridge_sgd_l2,360,mean_width_game_equal,tuned - fixed,-2.8569619049820076
19,ridge_sgd_l2,360,mean_width_inclusive_game_equal,tuned - fixed,-2.8569619049820076
19,set_transformer,360,crps,tuned - fixed,-0.00015684695117526917
19,set_transformer,360,coverage,tuned - fixed,0.0017802233371094767
19,set_transformer,360,mean_width,tuned - fixed,0.005178831526137628
19,set_transformer,360,mean_width_inclusive,tuned - fixed,0.005178831526137628
19,set_transformer,360,mean_q,tuned - fixed,-0.09176242110373847
19,set_transformer,360,crps_game_equal,tuned - fixed,-0.0001467502790439973
19,set_transformer,360,coverage_game_equal,tuned - fixed,0.0015697299520350816
19,set_transformer,360,mean_width_game_equal,tuned - fixed,0.004850325361305252
19,set_transformer,360,mean_width_inclusive_game_equal,tuned - fixed,0.004850325361305252
19,zoo_cnn,360,crps,tuned - fixed,-0.0006612629007428147
19,zoo_cnn,360,coverage,tuned - fixed,-0.005178831526136851
19,zoo_cnn,360,mean_width,tuned - fixed,0.09354264444084848
19,zoo_cnn,360,mean_width_inclusive,tuned - fixed,0.09354264444084848
19,zoo_cnn,360,mean_q,tuned - fixed,-0.8307169444893996
19,zoo_cnn,360,crps_game_equal,tuned - fixed,-0.0006479988072584132
19,zoo_cnn,360,coverage_game_equal,tuned - fixed,-0.005409481232879876
19,zoo_cnn,360,mean_width_game_equal,tuned - fixed,0.0882572248804312
19,zoo_cnn,360,mean_width_inclusive_game_equal,tuned - fixed,0.0882572248804312
20,lightgbm_multiclass,20,crps,tuned - fixed,0.0
20,lightgbm_multiclass,20,coverage,tuned - fixed,0.0
20,lightgbm_multiclass,20,mean_width,tuned - fixed,0.0
20,lightgbm_multiclass,20,mean_width_inclusive,tuned - fixed,0.0
20,lightgbm_multiclass,20,mean_q,tuned - fixed,0.0
20,lightgbm_multiclass,20,crps_game_equal,tuned - fixed,0.0
20,lightgbm_multiclass,20,coverage_game_equal,tuned - fixed,0.0
20,lightgbm_multiclass,20,mean_width_game_equal,tuned - fixed,0.0
20,lightgbm_multiclass,20,mean_width_inclusive_game_equal,tuned - fixed,0.0
20,ridge_sgd_l2,20,crps,tuned - fixed,-0.00022626190408720458
20,ridge_sgd_l2,20,coverage,tuned - fixed,-0.007966857871255506
20,ridge_sgd_l2,20,mean_width,tuned - fixed,-2.5581580624601656
20,ridge_sgd_l2,20,mean_width_inclusive,tuned - fixed,-2.5581580624601656
20,ridge_sgd_l2,20,mean_q,tuned - fixed,-0.18690248565965584
20,ridge_sgd_l2,20,crps_game_equal,tuned - fixed,-0.00022424394051042025
20,ridge_sgd_l2,20,coverage_game_equal,tuned - fixed,-0.007919814835395944
20,ridge_sgd_l2,20,mean_width_game_equal,tuned - fixed,-2.541980257788726
20,ridge_sgd_l2,20,mean_width_inclusive_game_equal,tuned - fixed,-2.541980257788726
20,set_transformer,20,crps,tuned - fixed,-9.436822486355058e-05
20,set_transformer,20,coverage,tuned - fixed,0.030752071383046475
20,set_transformer,20,mean_width,tuned - fixed,4.178935627788402
20,set_transformer,20,mean_width_inclusive,tuned - fixed,4.178935627788402
20,set_transformer,20,mean_q,tuned - fixed,-0.9673358827278521
20,set_transformer,20,crps_game_equal,tuned - fixed,-8.829873231984767e-05
20,set_transformer,20,coverage_game_equal,tuned - fixed,0.031173913891599403
20,set_transformer,20,mean_width_game_equal,tuned - fixed,4.204620526566982
20,set_transformer,20,mean_width_inclusive_game_equal,tuned - fixed,4.204620526566984
20,zoo_cnn,20,crps,tuned - fixed,0.0009067428321716184
20,zoo_cnn,20,coverage,tuned - fixed,-0.013065646908859141
20,zoo_cnn,20,mean_width,tuned - fixed,-0.5696303377947736
20,zoo_cnn,20,mean_width_inclusive,tuned - fixed,-0.5696303377947736
20,zoo_cnn,20,mean_q,tuned - fixed,1.2624282982791588
20,zoo_cnn,20,crps_game_equal,tuned - fixed,0.0009021533928604414
20,zoo_cnn,20,coverage_game_equal,tuned - fixed,-0.012964307375671558
20,zoo_cnn,20,mean_width_game_equal,tuned - fixed,-0.562447637961963
20,zoo_cnn,20,mean_width_inclusive_game_equal,tuned - fixed,-0.562447637961963
20,lightgbm_multiclass,160,crps,tuned - fixed,0.0
20,lightgbm_multiclass,160,coverage,tuned - fixed,0.0
20,lightgbm_multiclass,160,mean_width,tuned - fixed,0.0
20,lightgbm_multiclass,160,mean_width_inclusive,tuned - fixed,0.0
20,lightgbm_multiclass,160,mean_q,tuned - fixed,0.0
20,lightgbm_multiclass,160,crps_game_equal,tuned - fixed,0.0
20,lightgbm_multiclass,160,coverage_game_equal,tuned - fixed,0.0
20,lightgbm_multiclass,160,mean_width_game_equal,tuned - fixed,0.0
20,lightgbm_multiclass,160,mean_width_inclusive_game_equal,tuned - fixed,0.0
20,ridge_sgd_l2,160,crps,tuned - fixed,-0.0002694059775016702
20,ridge_sgd_l2,160,coverage,tuned - fixed,-0.009241555130656498
20,ridge_sgd_l2,160,mean_width,tuned - fixed,-2.640057361376673
20,ridge_sgd_l2,160,mean_width_inclusive,tuned - fixed,-2.640057361376673
20,ridge_sgd_l2,160,mean_q,tuned - fixed,0.038878266411727314
20,ridge_sgd_l2,160,crps_game_equal,tuned - fixed,-0.00027083910199487624
20,ridge_sgd_l2,160,coverage_game_equal,tuned - fixed,-0.009233791040636374
20,ridge_sgd_l2,160,mean_width_game_equal,tuned - fixed,-2.632376293187349
20,ridge_sgd_l2,160,mean_width_inclusive_game_equal,tuned - fixed,-2.632376293187349
20,set_transformer,160,crps,tuned - fixed,-4.294500171275924e-05
20,set_transformer,160,coverage,tuned - fixed,0.007966857871255506
20,set_transformer,160,mean_width,tuned - fixed,0.49537922243467314
20,set_transformer,160,mean_width_inclusive,tuned - fixed,0.49537922243467314
20,set_transformer,160,mean_q,tuned - fixed,-0.37412364563416195
20,set_transformer,160,crps_game_equal,tuned - fixed,-3.517896245486957e-05
20,set_transformer,160,coverage_game_equal,tuned - fixed,0.007566231277396973
20,set_transformer,160,mean_width_game_equal,tuned - fixed,0.49668722884551997
20,set_transformer,160,mean_width_inclusive_game_equal,tuned - fixed,0.4966872288455235
20,zoo_cnn,160,crps,tuned - fixed,-1.1582190397735337e-09
20,zoo_cnn,160,coverage,tuned - fixed,0.0
20,zoo_cnn,160,mean_width,tuned - fixed,0.0
20,zoo_cnn,160,mean_width_inclusive,tuned - fixed,0.0
20,zoo_cnn,160,mean_q,tuned - fixed,0.0
20,zoo_cnn,160,crps_game_equal,tuned - fixed,-8.317154708004093e-10
20,zoo_cnn,160,coverage_game_equal,tuned - fixed,0.0
20,zoo_cnn,160,mean_width_game_equal,tuned - fixed,0.0
20,zoo_cnn,160,mean_width_inclusive_game_equal,tuned - fixed,0.0
20,lightgbm_multiclass,360,crps,tuned - fixed,0.0
20,lightgbm_multiclass,360,coverage,tuned - fixed,0.0
20,lightgbm_multiclass,360,mean_width,tuned - fixed,0.0
20,lightgbm_multiclass,360,mean_width_inclusive,tuned - fixed,0.0
20,lightgbm_multiclass,360,mean_q,tuned - fixed,0.0
20,lightgbm_multiclass,360,crps_game_equal,tuned - fixed,0.0
20,lightgbm_multiclass,360,coverage_game_equal,tuned - fixed,0.0
20,lightgbm_multiclass,360,mean_width_game_equal,tuned - fixed,0.0
20,lightgbm_multiclass,360,mean_width_inclusive_game_equal,tuned - fixed,0.0
20,ridge_sgd_l2,360,crps,tuned - fixed,-0.00029048130795286675
20,ridge_sgd_l2,360,coverage,tuned - fixed,-0.008444869343530836
20,ridge_sgd_l2,360,mean_width,tuned - fixed,-2.7742192479286167
20,ridge_sgd_l2,360,mean_width_inclusive,tuned - fixed,-2.7742192479286167
20,ridge_sgd_l2,360,mean_q,tuned - fixed,-0.022466539196940694
20,ridge_sgd_l2,360,crps_game_equal,tuned - fixed,-0.0002916525387048081
20,ridge_sgd_l2,360,coverage_game_equal,tuned - fixed,-0.008293860146226018
20,ridge_sgd_l2,360,mean_width_game_equal,tuned - fixed,-2.7622469821868307
20,ridge_sgd_l2,360,mean_width_inclusive_game_equal,tuned - fixed,-2.7622469821868307
20,set_transformer,360,crps,tuned - fixed,-0.00010582191027743923
20,set_transformer,360,coverage,tuned - fixed,0.0031867431485022024
20,set_transformer,360,mean_width,tuned - fixed,0.3075207138304652
20,set_transformer,360,mean_width_inclusive,tuned - fixed,0.3075207138304652
20,set_transformer,360,mean_q,tuned - fixed,0.04987253027405991
20,set_transformer,360,crps_game_equal,tuned - fixed,-0.00010974166860414948
20,set_transformer,360,coverage_game_equal,tuned - fixed,0.0033391000976498164
20,set_transformer,360,mean_width_game_equal,tuned - fixed,0.2999065700949757
20,set_transformer,360,mean_width_inclusive_game_equal,tuned - fixed,0.2999065700949721
20,zoo_cnn,360,crps,tuned - fixed,-6.994982410723008e-05
20,zoo_cnn,360,coverage,tuned - fixed,-0.005417463352453744
20,zoo_cnn,360,mean_width,tuned - fixed,-0.20506692160611806
20,zoo_cnn,360,mean_width_inclusive,tuned - fixed,-0.20506692160611806
20,zoo_cnn,360,mean_q,tuned - fixed,-1.092734225621415
20,zoo_cnn,360,crps_game_equal,tuned - fixed,-7.638262166632763e-05
20,zoo_cnn,360,coverage_game_equal,tuned - fixed,-0.005623886120294075
20,zoo_cnn,360,mean_width_game_equal,tuned - fixed,-0.19077882483516184
20,zoo_cnn,360,mean_width_inclusive_game_equal,tuned - fixed,-0.19077882483516362
21,lightgbm_multiclass,20,crps,tuned - fixed,0.0
21,lightgbm_multiclass,20,coverage,tuned - fixed,0.0
21,lightgbm_multiclass,20,mean_width,tuned - fixed,0.0
21,lightgbm_multiclass,20,mean_width_inclusive,tuned - fixed,0.0
21,lightgbm_multiclass,20,mean_q,tuned - fixed,0.0
21,lightgbm_multiclass,20,crps_game_equal,tuned - fixed,0.0
21,lightgbm_multiclass,20,coverage_game_equal,tuned - fixed,0.0
21,lightgbm_multiclass,20,mean_width_game_equal,tuned - fixed,0.0
21,lightgbm_multiclass,20,mean_width_inclusive_game_equal,tuned - fixed,0.0
21,ridge_sgd_l2,20,crps,tuned - fixed,-0.0001911639310947684
21,ridge_sgd_l2,20,coverage,tuned - fixed,-0.016428106701366296
21,ridge_sgd_l2,20,mean_width,tuned - fixed,-3.298796356538709
21,ridge_sgd_l2,20,mean_width_inclusive,tuned - fixed,-3.298796356538709
21,ridge_sgd_l2,20,mean_q,tuned - fixed,0.33279115159401423
21,ridge_sgd_l2,20,crps_game_equal,tuned - fixed,-0.00019007247023134985
21,ridge_sgd_l2,20,coverage_game_equal,tuned - fixed,-0.016690179691381868
21,ridge_sgd_l2,20,mean_width_game_equal,tuned - fixed,-3.274688156543487
21,ridge_sgd_l2,20,mean_width_inclusive_game_equal,tuned - fixed,-3.274688156543487
21,set_transformer,20,crps,tuned - fixed,4.1370860503001095e-08
21,set_transformer,20,coverage,tuned - fixed,0.0
21,set_transformer,20,mean_width,tuned - fixed,-0.0013012361743651724
21,set_transformer,20,mean_width_inclusive,tuned - fixed,-0.0013012361743669487
21,set_transformer,20,mean_q,tuned - fixed,-0.00048796356538710617
21,set_transformer,20,crps_game_equal,tuned - fixed,3.917471901038194e-08
21,set_transformer,20,coverage_game_equal,tuned - fixed,0.0
21,set_transformer,20,mean_width_game_equal,tuned - fixed,-0.001276247078848769
21,set_transformer,20,mean_width_inclusive_game_equal,tuned - fixed,-0.001276247078848769
21,zoo_cnn,20,crps,tuned - fixed,-1.7412357319890326e-09
21,zoo_cnn,20,coverage,tuned - fixed,0.0
21,zoo_cnn,20,mean_width,tuned - fixed,0.0
21,zoo_cnn,20,mean_width_inclusive,tuned - fixed,0.0
21,zoo_cnn,20,mean_q,tuned - fixed,0.0
21,zoo_cnn,20,crps_game_equal,tuned - fixed,-1.8241175167577062e-09
21,zoo_cnn,20,coverage_game_equal,tuned - fixed,0.0
21,zoo_cnn,20,mean_width_game_equal,tuned - fixed,0.0
21,zoo_cnn,20,mean_width_inclusive_game_equal,tuned - fixed,0.0
21,lightgbm_multiclass,160,crps,tuned - fixed,0.0
21,lightgbm_multiclass,160,coverage,tuned - fixed,0.0
21,lightgbm_multiclass,160,mean_width,tuned - fixed,0.0
21,lightgbm_multiclass,160,mean_width_inclusive,tuned - fixed,0.0
21,lightgbm_multiclass,160,mean_q,tuned - fixed,0.0
21,lightgbm_multiclass,160,crps_game_equal,tuned - fixed,0.0
21,lightgbm_multiclass,160,coverage_game_equal,tuned - fixed,0.0
21,lightgbm_multiclass,160,mean_width_game_equal,tuned - fixed,0.0
21,lightgbm_multiclass,160,mean_width_inclusive_game_equal,tuned - fixed,0.0
21,ridge_sgd_l2,160,crps,tuned - fixed,-0.0003190506506041361
21,ridge_sgd_l2,160,coverage,tuned - fixed,-0.00894599869876389
21,ridge_sgd_l2,160,mean_width,tuned - fixed,-2.8225439167208854
21,ridge_sgd_l2,160,mean_width_inclusive,tuned - fixed,-2.8225439167208854
21,ridge_sgd_l2,160,mean_q,tuned - fixed,-0.07303188028627197
21,ridge_sgd_l2,160,crps_game_equal,tuned - fixed,-0.0003191037170102544
21,ridge_sgd_l2,160,coverage_game_equal,tuned - fixed,-0.008945871727946475
21,ridge_sgd_l2,160,mean_width_game_equal,tuned - fixed,-2.7995993977883913
21,ridge_sgd_l2,160,mean_width_inclusive_game_equal,tuned - fixed,-2.799599397788395
21,set_transformer,160,crps,tuned - fixed,-0.00040679270077237373
21,set_transformer,160,coverage,tuned - fixed,-0.00113858165256997
21,set_transformer,160,mean_width,tuned - fixed,-1.3139232270657129
21,set_transformer,160,mean_width_inclusive,tuned - fixed,-1.3139232270657129
21,set_transformer,160,mean_q,tuned - fixed,-0.02325959661678595
21,set_transformer,160,crps_game_equal,tuned - fixed,-0.00041766116870971086
21,set_transformer,160,coverage_game_equal,tuned - fixed,-0.0009886603873459077
21,set_transformer,160,mean_width_game_equal,tuned - fixed,-1.306915016008107
21,set_transformer,160,mean_width_inclusive_game_equal,tuned - fixed,-1.306915016008107
21,zoo_cnn,160,crps,tuned - fixed,-0.001441353544981587
21,zoo_cnn,160,coverage,tuned - fixed,0.01171112556929077
21,zoo_cnn,160,mean_width,tuned - fixed,0.09352635003252985
21,zoo_cnn,160,mean_width_inclusive,tuned - fixed,0.0935263500325334
21,zoo_cnn,160,mean_q,tuned - fixed,0.08897202342225119
21,zoo_cnn,160,crps_game_equal,tuned - fixed,-0.0014671850017844972
21,zoo_cnn,160,coverage_game_equal,tuned - fixed,0.011508391525846373
21,zoo_cnn,160,mean_width_game_equal,tuned - fixed,0.07897522739102136
21,zoo_cnn,160,mean_width_inclusive_game_equal,tuned - fixed,0.07897522739101959
21,lightgbm_multiclass,360,crps,tuned - fixed,0.0
21,lightgbm_multiclass,360,coverage,tuned - fixed,0.0
21,lightgbm_multiclass,360,mean_width,tuned - fixed,0.0
21,lightgbm_multiclass,360,mean_width_inclusive,tuned - fixed,0.0
21,lightgbm_multiclass,360,mean_q,tuned - fixed,0.0
21,lightgbm_multiclass,360,crps_game_equal,tuned - fixed,0.0
21,lightgbm_multiclass,360,coverage_game_equal,tuned - fixed,0.0
21,lightgbm_multiclass,360,mean_width_game_equal,tuned - fixed,0.0
21,lightgbm_multiclass,360,mean_width_inclusive_game_equal,tuned - fixed,0.0
21,ridge_sgd_l2,360,crps,tuned - fixed,-0.00031891967386405914
21,ridge_sgd_l2,360,coverage,tuned - fixed,-0.010409889394925154
21,ridge_sgd_l2,360,mean_width,tuned - fixed,-2.865484710474952
21,ridge_sgd_l2,360,mean_width_inclusive,tuned - fixed,-2.865484710474952
21,ridge_sgd_l2,360,mean_q,tuned - fixed,-0.041476903057904996
21,ridge_sgd_l2,360,crps_game_equal,tuned - fixed,-0.00031868525284243533
21,ridge_sgd_l2,360,coverage_game_equal,tuned - fixed,-0.010372599606642052
21,ridge_sgd_l2,360,mean_width_game_equal,tuned - fixed,-2.845190421121785
21,ridge_sgd_l2,360,mean_width_inclusive_game_equal,tuned - fixed,-2.845190421121785
21,set_transformer,360,crps,tuned - fixed,2.992614662418111e-05
21,set_transformer,360,coverage,tuned - fixed,-0.006018217306441143
21,set_transformer,360,mean_width,tuned - fixed,-0.8129472999349368
21,set_transformer,360,mean_width_inclusive,tuned - fixed,-0.8129472999349368
21,set_transformer,360,mean_q,tuned - fixed,0.0
21,set_transformer,360,crps_game_equal,tuned - fixed,2.966771161473647e-05
21,set_transformer,360,coverage_game_equal,tuned - fixed,-0.00632095497610996
21,set_transformer,360,mean_width_game_equal,tuned - fixed,-0.8107677304812153
21,set_transformer,360,mean_width_inclusive_game_equal,tuned - fixed,-0.8107677304812153
21,zoo_cnn,360,crps,tuned - fixed,3.1068450485893795e-09
21,zoo_cnn,360,coverage,tuned - fixed,0.0
21,zoo_cnn,360,mean_width,tuned - fixed,0.0
21,zoo_cnn,360,mean_width_inclusive,tuned - fixed,0.0
21,zoo_cnn,360,mean_q,tuned - fixed,0.0
21,zoo_cnn,360,crps_game_equal,tuned - fixed,3.1499640743004598e-09
21,zoo_cnn,360,coverage_game_equal,tuned - fixed,0.0
21,zoo_cnn,360,mean_width_game_equal,tuned - fixed,0.0
21,zoo_cnn,360,mean_width_inclusive_game_equal,tuned - fixed,0.0
22,lightgbm_multiclass,20,crps,tuned - fixed,0.0
22,lightgbm_multiclass,20,coverage,tuned - fixed,0.0
22,lightgbm_multiclass,20,mean_width,tuned - fixed,0.0
22,lightgbm_multiclass,20,mean_width_inclusive,tuned - fixed,0.0
22,lightgbm_multiclass,20,mean_q,tuned - fixed,0.0
22,lightgbm_multiclass,20,crps_game_equal,tuned - fixed,0.0
22,lightgbm_multiclass,20,coverage_game_equal,tuned - fixed,0.0
22,lightgbm_multiclass,20,mean_width_game_equal,tuned - fixed,0.0
22,lightgbm_multiclass,20,mean_width_inclusive_game_equal,tuned - fixed,0.0
22,ridge_sgd_l2,20,crps,tuned - fixed,-0.0002743118721434106
22,ridge_sgd_l2,20,coverage,tuned - fixed,-0.003831417624520994
22,ridge_sgd_l2,20,mean_width,tuned - fixed,-3.346743295019156
22,ridge_sgd_l2,20,mean_width_inclusive,tuned - fixed,-3.346743295019156
22,ridge_sgd_l2,20,mean_q,tuned - fixed,-0.1724137931034483
22,ridge_sgd_l2,20,crps_game_equal,tuned - fixed,-0.0002729843568904447
22,ridge_sgd_l2,20,coverage_game_equal,tuned - fixed,-0.0039101863419347405
22,ridge_sgd_l2,20,mean_width_game_equal,tuned - fixed,-3.332167929135913
22,ridge_sgd_l2,20,mean_width_inclusive_game_equal,tuned - fixed,-3.332167929135913
22,set_transformer,20,crps,tuned - fixed,4.415822904511174e-05
22,set_transformer,20,coverage,tuned - fixed,0.007343550446998748
22,set_transformer,20,mean_width,tuned - fixed,0.976053639846743
22,set_transformer,20,mean_width_inclusive,tuned - fixed,0.976053639846743
22,set_transformer,20,mean_q,tuned - fixed,0.08141762452107282
22,set_transformer,20,crps_game_equal,tuned - fixed,4.654739534044709e-05
22,set_transformer,20,coverage_game_equal,tuned - fixed,0.007213841007198574
22,set_transformer,20,mean_width_game_equal,tuned - fixed,0.9960550955738157
22,set_transformer,20,mean_width_inclusive_game_equal,tuned - fixed,0.9960550955738157
22,zoo_cnn,20,crps,tuned - fixed,-4.351395948426484e-09
22,zoo_cnn,20,coverage,tuned - fixed,0.0
22,zoo_cnn,20,mean_width,tuned - fixed,0.0
22,zoo_cnn,20,mean_width_inclusive,tuned - fixed,0.0
22,zoo_cnn,20,mean_q,tuned - fixed,0.0
22,zoo_cnn,20,crps_game_equal,tuned - fixed,-4.540843225736557e-09
22,zoo_cnn,20,coverage_game_equal,tuned - fixed,0.0
22,zoo_cnn,20,mean_width_game_equal,tuned - fixed,6.220968812087335e-05
22,zoo_cnn,20,mean_width_inclusive_game_equal,tuned - fixed,6.220968812087335e-05
22,lightgbm_multiclass,160,crps,tuned - fixed,0.0
22,lightgbm_multiclass,160,coverage,tuned - fixed,0.0
22,lightgbm_multiclass,160,mean_width,tuned - fixed,0.0
22,lightgbm_multiclass,160,mean_width_inclusive,tuned - fixed,0.0
22,lightgbm_multiclass,160,mean_q,tuned - fixed,0.0
22,lightgbm_multiclass,160,crps_game_equal,tuned - fixed,0.0
22,lightgbm_multiclass,160,coverage_game_equal,tuned - fixed,0.0
22,lightgbm_multiclass,160,mean_width_game_equal,tuned - fixed,0.0
22,lightgbm_multiclass,160,mean_width_inclusive_game_equal,tuned - fixed,0.0
22,ridge_sgd_l2,160,crps,tuned - fixed,-0.00033444304955115335
22,ridge_sgd_l2,160,coverage,tuned - fixed,-0.011334610472541473
22,ridge_sgd_l2,160,mean_width,tuned - fixed,-3.2876756066411232
22,ridge_sgd_l2,160,mean_width_inclusive,tuned - fixed,-3.2876756066411232
22,ridge_sgd_l2,160,mean_q,tuned - fixed,-0.0649744572158365
22,ridge_sgd_l2,160,crps_game_equal,tuned - fixed,-0.0003344974208368042
22,ridge_sgd_l2,160,coverage_game_equal,tuned - fixed,-0.011621298970550087
22,ridge_sgd_l2,160,mean_width_game_equal,tuned - fixed,-3.274211528198599
22,ridge_sgd_l2,160,mean_width_inclusive_game_equal,tuned - fixed,-3.274211528198599
22,set_transformer,160,crps,tuned - fixed,-0.0003552636731275899
22,set_transformer,160,coverage,tuned - fixed,0.003671775223499374
22,set_transformer,160,mean_width,tuned - fixed,0.17784163473818637
22,set_transformer,160,mean_width_inclusive,tuned - fixed,0.17784163473818637
22,set_transformer,160,mean_q,tuned - fixed,-0.15373563218390807
22,set_transformer,160,crps_game_equal,tuned - fixed,-0.00034883133962486726
22,set_transformer,160,coverage_game_equal,tuned - fixed,0.0037638085027205115
22,set_transformer,160,mean_width_game_equal,tuned - fixed,0.18150879770141515
22,set_transformer,160,mean_width_inclusive_game_equal,tuned - fixed,0.18150879770141337
22,zoo_cnn,160,crps,tuned - fixed,-0.00029827166062681813
22,zoo_cnn,160,coverage,tuned - fixed,0.0011174968071518965
22,zoo_cnn,160,mean_width,tuned - fixed,-0.9829182630906761
22,zoo_cnn,160,mean_width_inclusive,tuned - fixed,-0.9829182630906779
22,zoo_cnn,160,mean_q,tuned - fixed,0.36318646232439333
22,zoo_cnn,160,crps_game_equal,tuned - fixed,-0.0002953003439313106
22,zoo_cnn,160,coverage_game_equal,tuned - fixed,0.0014621607824976124
22,zoo_cnn,160,mean_width_game_equal,tuned - fixed,-0.9685403566089708
22,zoo_cnn,160,mean_width_inclusive_game_equal,tuned - fixed,-0.9685403566089725
22,lightgbm_multiclass,360,crps,tuned - fixed,0.0
22,lightgbm_multiclass,360,coverage,tuned - fixed,0.0
22,lightgbm_multiclass,360,mean_width,tuned - fixed,0.0
22,lightgbm_multiclass,360,mean_width_inclusive,tuned - fixed,0.0
22,lightgbm_multiclass,360,mean_q,tuned - fixed,0.0
22,lightgbm_multiclass,360,crps_game_equal,tuned - fixed,0.0
22,lightgbm_multiclass,360,coverage_game_equal,tuned - fixed,0.0
22,lightgbm_multiclass,360,mean_width_game_equal,tuned - fixed,0.0
22,lightgbm_multiclass,360,mean_width_inclusive_game_equal,tuned - fixed,0.0
22,ridge_sgd_l2,360,crps,tuned - fixed,-0.00033385816020903986
22,ridge_sgd_l2,360,coverage,tuned - fixed,-0.01069604086845466
22,ridge_sgd_l2,360,mean_width,tuned - fixed,-3.0035121328224754
22,ridge_sgd_l2,360,mean_width_inclusive,tuned - fixed,-3.0035121328224754
22,ridge_sgd_l2,360,mean_q,tuned - fixed,-0.11813537675606642
22,ridge_sgd_l2,360,crps_game_equal,tuned - fixed,-0.0003330619569327665
22,ridge_sgd_l2,360,coverage_game_equal,tuned - fixed,-0.010824458045596286
22,ridge_sgd_l2,360,mean_width_game_equal,tuned - fixed,-2.9876189883358535
22,ridge_sgd_l2,360,mean_width_inclusive_game_equal,tuned - fixed,-2.9876189883358535
22,set_transformer,360,crps,tuned - fixed,-0.00018908796949637478
22,set_transformer,360,coverage,tuned - fixed,0.0012771392081736277
22,set_transformer,360,mean_width,tuned - fixed,-0.32359514687100877
22,set_transformer,360,mean_width_inclusive,tuned - fixed,-0.32359514687100877
22,set_transformer,360,mean_q,tuned - fixed,0.0
22,set_transformer,360,crps_game_equal,tuned - fixed,-0.0001848310701540335
22,set_transformer,360,coverage_game_equal,tuned - fixed,0.0010942945674563553
22,set_transformer,360,mean_width_game_equal,tuned - fixed,-0.3306937248781505
22,set_transformer,360,mean_width_inclusive_game_equal,tuned - fixed,-0.33069372487814697
22,zoo_cnn,360,crps,tuned - fixed,1.7836987442620966e-10
22,zoo_cnn,360,coverage,tuned - fixed,0.0
22,zoo_cnn,360,mean_width,tuned - fixed,0.0
22,zoo_cnn,360,mean_width_inclusive,tuned - fixed,0.0
22,zoo_cnn,360,mean_q,tuned - fixed,0.0
22,zoo_cnn,360,crps_game_equal,tuned - fixed,3.5994879125922363e-10
22,zoo_cnn,360,coverage_game_equal,tuned - fixed,0.0
22,zoo_cnn,360,mean_width_game_equal,tuned - fixed,0.0
22,zoo_cnn,360,mean_width_inclusive_game_equal,tuned - fixed,0.0
23,lightgbm_multiclass,20,crps,tuned - fixed,0.0
23,lightgbm_multiclass,20,coverage,tuned - fixed,0.0
23,lightgbm_multiclass,20,mean_width,tuned - fixed,0.0
23,lightgbm_multiclass,20,mean_width_inclusive,tuned - fixed,0.0
23,lightgbm_multiclass,20,mean_q,tuned - fixed,0.0
23,lightgbm_multiclass,20,crps_game_equal,tuned - fixed,0.0
23,lightgbm_multiclass,20,coverage_game_equal,tuned - fixed,0.0
23,lightgbm_multiclass,20,mean_width_game_equal,tuned - fixed,0.0
23,lightgbm_multiclass,20,mean_width_inclusive_game_equal,tuned - fixed,0.0
23,ridge_sgd_l2,20,crps,tuned - fixed,2.511218442155169e-06
23,ridge_sgd_l2,20,coverage,tuned - fixed,-0.00858716785482827
23,ridge_sgd_l2,20,mean_width,tuned - fixed,-2.9291963707064177
23,ridge_sgd_l2,20,mean_width_inclusive,tuned - fixed,-2.9291963707064177
23,ridge_sgd_l2,20,mean_q,tuned - fixed,-0.13966299416720673
23,ridge_sgd_l2,20,crps_game_equal,tuned - fixed,-4.490087898536763e-06
23,ridge_sgd_l2,20,coverage_game_equal,tuned - fixed,-0.008303386867607787
23,ridge_sgd_l2,20,mean_width_game_equal,tuned - fixed,-2.905331864473702
23,ridge_sgd_l2,20,mean_width_inclusive_game_equal,tuned - fixed,-2.9053318644737054
23,set_transformer,20,crps,tuned - fixed,-2.30246988663467e-05
23,set_transformer,20,coverage,tuned - fixed,0.011341542449773145
23,set_transformer,20,mean_width,tuned - fixed,0.4432922877511327
23,set_transformer,20,mean_width_inclusive,tuned - fixed,0.4432922877511345
23,set_transformer,20,mean_q,tuned - fixed,-0.06302657161373948
23,set_transformer,20,crps_game_equal,tuned - fixed,-2.400285589514682e-05
23,set_transformer,20,coverage_game_equal,tuned - fixed,0.011192935934215664
23,set_transformer,20,mean_width_game_equal,tuned - fixed,0.44307508778723026
23,set_transformer,20,mean_width_inclusive_game_equal,tuned - fixed,0.4430750877872285
23,zoo_cnn,20,crps,tuned - fixed,1.4456260355455441e-09
23,zoo_cnn,20,coverage,tuned - fixed,0.0
23,zoo_cnn,20,mean_width,tuned - fixed,0.0
23,zoo_cnn,20,mean_width_inclusive,tuned - fixed,0.0
23,zoo_cnn,20,mean_q,tuned - fixed,0.0
23,zoo_cnn,20,crps_game_equal,tuned - fixed,2.8938593014948832e-09
23,zoo_cnn,20,coverage_game_equal,tuned - fixed,0.0
23,zoo_cnn,20,mean_width_game_equal,tuned - fixed,0.0
23,zoo_cnn,20,mean_width_inclusive_game_equal,tuned - fixed,0.0
23,lightgbm_multiclass,160,crps,tuned - fixed,0.0
23,lightgbm_multiclass,160,coverage,tuned - fixed,0.0
23,lightgbm_multiclass,160,mean_width,tuned - fixed,0.0
23,lightgbm_multiclass,160,mean_width_inclusive,tuned - fixed,0.0
23,lightgbm_multiclass,160,mean_q,tuned - fixed,0.0
23,lightgbm_multiclass,160,crps_game_equal,tuned - fixed,0.0
23,lightgbm_multiclass,160,coverage_game_equal,tuned - fixed,0.0
23,lightgbm_multiclass,160,mean_width_game_equal,tuned - fixed,0.0
23,lightgbm_multiclass,160,mean_width_inclusive_game_equal,tuned - fixed,0.0
23,ridge_sgd_l2,160,crps,tuned - fixed,-0.0003138185407104612
23,ridge_sgd_l2,160,coverage,tuned - fixed,-0.01393389500972142
23,ridge_sgd_l2,160,mean_width,tuned - fixed,-3.0085871678548273
23,ridge_sgd_l2,160,mean_width_inclusive,tuned - fixed,-3.0085871678548273
23,ridge_sgd_l2,160,mean_q,tuned - fixed,-0.0024303305249513962
23,ridge_sgd_l2,160,crps_game_equal,tuned - fixed,-0.0003103820997171214
23,ridge_sgd_l2,160,coverage_game_equal,tuned - fixed,-0.013608719788644752
23,ridge_sgd_l2,160,mean_width_game_equal,tuned - fixed,-2.9894621313216625
23,ridge_sgd_l2,160,mean_width_inclusive_game_equal,tuned - fixed,-2.9894621313216625
23,set_transformer,160,crps,tuned - fixed,0.00010320740160749131
23,set_transformer,160,coverage,tuned - fixed,-0.008749189889824982
23,set_transformer,160,mean_width,tuned - fixed,-0.7200259235255988
23,set_transformer,160,mean_width_inclusive,tuned - fixed,-0.7200259235256006
23,set_transformer,160,mean_q,tuned - fixed,0.0
23,set_transformer,160,crps_game_equal,tuned - fixed,9.666683192405962e-05
23,set_transformer,160,coverage_game_equal,tuned - fixed,-0.008584560792086249
23,set_transformer,160,mean_width_game_equal,tuned - fixed,-0.7140423197215835
23,set_transformer,160,mean_width_inclusive_game_equal,tuned - fixed,-0.7140423197215853
23,zoo_cnn,160,crps,tuned - fixed,-0.000330318858463529
23,zoo_cnn,160,coverage,tuned - fixed,-0.0187945560596241
23,zoo_cnn,160,mean_width,tuned - fixed,-2.683246921581336
23,zoo_cnn,160,mean_width_inclusive,tuned - fixed,-2.683246921581336
23,zoo_cnn,160,mean_q,tuned - fixed,0.9833117303953338
23,zoo_cnn,160,crps_game_equal,tuned - fixed,-0.00034470147196838906
23,zoo_cnn,160,coverage_game_equal,tuned - fixed,-0.01815200143165685
23,zoo_cnn,160,mean_width_game_equal,tuned - fixed,-2.679142762637513
23,zoo_cnn,160,mean_width_inclusive_game_equal,tuned - fixed,-2.6791427626375146
23,lightgbm_multiclass,360,crps,tuned - fixed,0.0
23,lightgbm_multiclass,360,coverage,tuned - fixed,0.0
23,lightgbm_multiclass,360,mean_width,tuned - fixed,0.0
23,lightgbm_multiclass,360,mean_width_inclusive,tuned - fixed,0.0
23,lightgbm_multiclass,360,mean_q,tuned - fixed,0.0
23,lightgbm_multiclass,360,crps_game_equal,tuned - fixed,0.0
23,lightgbm_multiclass,360,coverage_game_equal,tuned - fixed,0.0
23,lightgbm_multiclass,360,mean_width_game_equal,tuned - fixed,0.0
23,lightgbm_multiclass,360,mean_width_inclusive_game_equal,tuned - fixed,0.0
23,ridge_sgd_l2,360,crps,tuned - fixed,-0.00030579542863487866
23,ridge_sgd_l2,360,coverage,tuned - fixed,-0.009883344134802408
23,ridge_sgd_l2,360,mean_width,tuned - fixed,-2.918178872326635
23,ridge_sgd_l2,360,mean_width_inclusive,tuned - fixed,-2.918178872326635
23,ridge_sgd_l2,360,mean_q,tuned - fixed,-0.0508749189889825
23,ridge_sgd_l2,360,crps_game_equal,tuned - fixed,-0.0003040530378208353
23,ridge_sgd_l2,360,coverage_game_equal,tuned - fixed,-0.009462630138774797
23,ridge_sgd_l2,360,mean_width_game_equal,tuned - fixed,-2.8962893900547364
23,ridge_sgd_l2,360,mean_width_inclusive_game_equal,tuned - fixed,-2.8962893900547364
23,set_transformer,360,crps,tuned - fixed,-0.00011616194555661222
23,set_transformer,360,coverage,tuned - fixed,0.0011341542449773145
23,set_transformer,360,mean_width,tuned - fixed,-0.5808489954633824
23,set_transformer,360,mean_width_inclusive,tuned - fixed,-0.5808489954633806
23,set_transformer,360,mean_q,tuned - fixed,0.04147764095917045
23,set_transformer,360,crps_game_equal,tuned - fixed,-0.000122401327965857
23,set_transformer,360,coverage_game_equal,tuned - fixed,0.0009912510178305967
23,set_transformer,360,mean_width_game_equal,tuned - fixed,-0.5835649583254199
23,set_transformer,360,mean_width_inclusive_game_equal,tuned - fixed,-0.5835649583254217
23,zoo_cnn,360,crps,tuned - fixed,-3.9259051044793214e-10
23,zoo_cnn,360,coverage,tuned - fixed,0.0
23,zoo_cnn,360,mean_width,tuned - fixed,0.0
23,zoo_cnn,360,mean_width_inclusive,tuned - fixed,0.0
23,zoo_cnn,360,mean_q,tuned - fixed,0.0
23,zoo_cnn,360,crps_game_equal,tuned - fixed,-5.263829146867627e-10
23,zoo_cnn,360,coverage_game_equal,tuned - fixed,0.0
23,zoo_cnn,360,mean_width_game_equal,tuned - fixed,0.0
23,zoo_cnn,360,mean_width_inclusive_game_equal,tuned - fixed,0.0
24,lightgbm_multiclass,20,crps,tuned - fixed,0.0
24,lightgbm_multiclass,20,coverage,tuned - fixed,0.0
24,lightgbm_multiclass,20,mean_width,tuned - fixed,0.0
24,lightgbm_multiclass,20,mean_width_inclusive,tuned - fixed,0.0
24,lightgbm_multiclass,20,mean_q,tuned - fixed,0.0
24,lightgbm_multiclass,20,crps_game_equal,tuned - fixed,0.0
24,lightgbm_multiclass,20,coverage_game_equal,tuned - fixed,0.0
24,lightgbm_multiclass,20,mean_width_game_equal,tuned - fixed,0.0
24,lightgbm_multiclass,20,mean_width_inclusive_game_equal,tuned - fixed,0.0
24,ridge_sgd_l2,20,crps,tuned - fixed,-0.0002970482614126843
24,ridge_sgd_l2,20,coverage,tuned - fixed,-0.013202933985330123
24,ridge_sgd_l2,20,mean_width,tuned - fixed,-3.2285248573757137
24,ridge_sgd_l2,20,mean_width_inclusive,tuned - fixed,-3.2285248573757137
24,ridge_sgd_l2,20,mean_q,tuned - fixed,-0.16316218418907902
24,ridge_sgd_l2,20,crps_game_equal,tuned - fixed,-0.0002978872947468122
24,ridge_sgd_l2,20,coverage_game_equal,tuned - fixed,-0.01363710457013767
24,ridge_sgd_l2,20,mean_width_game_equal,tuned - fixed,-3.197631667098946
24,ridge_sgd_l2,20,mean_width_inclusive_game_equal,tuned - fixed,-3.197631667098946
24,set_transformer,20,crps,tuned - fixed,-1.688810525003054e-05
24,set_transformer,20,coverage,tuned - fixed,0.005215973920130401
24,set_transformer,20,mean_width,tuned - fixed,0.6132029339853311
24,set_transformer,20,mean_width_inclusive,tuned - fixed,0.6132029339853311
24,set_transformer,20,mean_q,tuned - fixed,-0.00032599837000814997
24,set_transformer,20,crps_game_equal,tuned - fixed,-1.7907387671078565e-05
24,set_transformer,20,coverage_game_equal,tuned - fixed,0.005011100443429006
24,set_transformer,20,mean_width_game_equal,tuned - fixed,0.6121204289514388
24,set_transformer,20,mean_width_inclusive_game_equal,tuned - fixed,0.6121204289514388
24,zoo_cnn,20,crps,tuned - fixed,4.8574634634573205e-05
24,zoo_cnn,20,coverage,tuned - fixed,0.0275468622656887
24,zoo_cnn,20,mean_width,tuned - fixed,7.814506927465363
24,zoo_cnn,20,mean_width_inclusive,tuned - fixed,7.814506927465363
24,zoo_cnn,20,mean_q,tuned - fixed,-2.609290953545232
24,zoo_cnn,20,crps_game_equal,tuned - fixed,6.905924876043218e-05
24,zoo_cnn,20,coverage_game_equal,tuned - fixed,0.027813506122419063
24,zoo_cnn,20,mean_width_game_equal,tuned - fixed,7.884509386008432
24,zoo_cnn,20,mean_width_inclusive_game_equal,tuned - fixed,7.884509386008432
24,lightgbm_multiclass,160,crps,tuned - fixed,0.0
24,lightgbm_multiclass,160,coverage,tuned - fixed,0.0
24,lightgbm_multiclass,160,mean_width,tuned - fixed,0.0
24,lightgbm_multiclass,160,mean_width_inclusive,tuned - fixed,0.0
24,lightgbm_multiclass,160,mean_q,tuned - fixed,0.0
24,lightgbm_multiclass,160,crps_game_equal,tuned - fixed,0.0
24,lightgbm_multiclass,160,coverage_game_equal,tuned - fixed,0.0
24,lightgbm_multiclass,160,mean_width_game_equal,tuned - fixed,0.0
24,lightgbm_multiclass,160,mean_width_inclusive_game_equal,tuned - fixed,0.0
24,ridge_sgd_l2,160,crps,tuned - fixed,-0.0003124342711039469
24,ridge_sgd_l2,160,coverage,tuned - fixed,-0.010757946210268932
24,ridge_sgd_l2,160,mean_width,tuned - fixed,-2.9995110024449865
24,ridge_sgd_l2,160,mean_width_inclusive,tuned - fixed,-2.9995110024449865
24,ridge_sgd_l2,160,mean_q,tuned - fixed,-0.10627546862265691
24,ridge_sgd_l2,160,crps_game_equal,tuned - fixed,-0.00031479558411163025
24,ridge_sgd_l2,160,coverage_game_equal,tuned - fixed,-0.010500303275579936
24,ridge_sgd_l2,160,mean_width_game_equal,tuned - fixed,-2.973604467045785
24,ridge_sgd_l2,160,mean_width_inclusive_game_equal,tuned - fixed,-2.973604467045785
24,set_transformer,160,crps,tuned - fixed,-5.386173943166747e-06
24,set_transformer,160,coverage,tuned - fixed,0.008312958435207851
24,set_transformer,160,mean_width,tuned - fixed,0.09470252648736732
24,set_transformer,160,mean_width_inclusive,tuned - fixed,0.09470252648736732
24,set_transformer,160,mean_q,tuned - fixed,-0.07970660146699267
24,set_transformer,160,crps_game_equal,tuned - fixed,3.6868437260154097e-06
24,set_transformer,160,coverage_game_equal,tuned - fixed,0.007961896735948826
24,set_transformer,160,mean_width_game_equal,tuned - fixed,0.0977757890960973
24,set_transformer,160,mean_width_inclusive_game_equal,tuned - fixed,0.09777578909609907
24,zoo_cnn,160,crps,tuned - fixed,1.8011931200018205e-09
24,zoo_cnn,160,coverage,tuned - fixed,0.0
24,zoo_cnn,160,mean_width,tuned - fixed,0.0
24,zoo_cnn,160,mean_width_inclusive,tuned - fixed,0.0
24,zoo_cnn,160,mean_q,tuned - fixed,0.0
24,zoo_cnn,160,crps_game_equal,tuned - fixed,2.1295306681240467e-09
24,zoo_cnn,160,coverage_game_equal,tuned - fixed,0.0
24,zoo_cnn,160,mean_width_game_equal,tuned - fixed,0.0
24,zoo_cnn,160,mean_width_inclusive_game_equal,tuned - fixed,0.0
24,lightgbm_multiclass,360,crps,tuned - fixed,0.0
24,lightgbm_multiclass,360,coverage,tuned - fixed,0.0
24,lightgbm_multiclass,360,mean_width,tuned - fixed,0.0
24,lightgbm_multiclass,360,mean_width_inclusive,tuned - fixed,0.0
24,lightgbm_multiclass,360,mean_q,tuned - fixed,0.0
24,lightgbm_multiclass,360,crps_game_equal,tuned - fixed,0.0
24,lightgbm_multiclass,360,coverage_game_equal,tuned - fixed,0.0
24,lightgbm_multiclass,360,mean_width_game_equal,tuned - fixed,0.0
24,lightgbm_multiclass,360,mean_width_inclusive_game_equal,tuned - fixed,0.0
24,ridge_sgd_l2,360,crps,tuned - fixed,-0.00033476966168677347
24,ridge_sgd_l2,360,coverage,tuned - fixed,-0.012876935615321994
24,ridge_sgd_l2,360,mean_width,tuned - fixed,-2.919478402607986
24,ridge_sgd_l2,360,mean_width_inclusive,tuned - fixed,-2.919478402607986
24,ridge_sgd_l2,360,mean_q,tuned - fixed,-0.1634881825590872
24,ridge_sgd_l2,360,crps_game_equal,tuned - fixed,-0.0003343131854345281
24,ridge_sgd_l2,360,coverage_game_equal,tuned - fixed,-0.013004632808946925
24,ridge_sgd_l2,360,mean_width_game_equal,tuned - fixed,-2.8939231376989696
24,ridge_sgd_l2,360,mean_width_inclusive_game_equal,tuned - fixed,-2.8939231376989696
24,set_transformer,360,crps,tuned - fixed,-5.167988102493769e-05
24,set_transformer,360,coverage,tuned - fixed,0.0027709861450693207
24,set_transformer,360,mean_width,tuned - fixed,-0.09372453137734382
24,set_transformer,360,mean_width_inclusive,tuned - fixed,-0.09372453137734382
24,set_transformer,360,mean_q,tuned - fixed,-0.038304808475957616
24,set_transformer,360,crps_game_equal,tuned - fixed,-5.474907596926884e-05
24,set_transformer,360,coverage_game_equal,tuned - fixed,0.002841858689758281
24,set_transformer,360,mean_width_game_equal,tuned - fixed,-0.09544419012636851
24,set_transformer,360,mean_width_inclusive_game_equal,tuned - fixed,-0.09544419012637029
24,zoo_cnn,360,crps,tuned - fixed,-8.102230015377687e-10
24,zoo_cnn,360,coverage,tuned - fixed,0.0
24,zoo_cnn,360,mean_width,tuned - fixed,0.00016299918500450872
24,zoo_cnn,360,mean_width_inclusive,tuned - fixed,0.00016299918500450872
24,zoo_cnn,360,mean_q,tuned - fixed,0.0
24,zoo_cnn,360,crps_game_equal,tuned - fixed,-7.152879174382454e-10
24,zoo_cnn,360,coverage_game_equal,tuned - fixed,0.0
24,zoo_cnn,360,mean_width_game_equal,tuned - fixed,0.00015867978419414897
24,zoo_cnn,360,mean_width_inclusive_game_equal,tuned - fixed,0.00015867978419414897
25,lightgbm_multiclass,20,crps,tuned - fixed,0.0
25,lightgbm_multiclass,20,coverage,tuned - fixed,0.0
25,lightgbm_multiclass,20,mean_width,tuned - fixed,0.0
25,lightgbm_multiclass,20,mean_width_inclusive,tuned - fixed,0.0
25,lightgbm_multiclass,20,mean_q,tuned - fixed,0.0
25,lightgbm_multiclass,20,crps_game_equal,tuned - fixed,0.0
25,lightgbm_multiclass,20,coverage_game_equal,tuned - fixed,0.0
25,lightgbm_multiclass,20,mean_width_game_equal,tuned - fixed,0.0
25,lightgbm_multiclass,20,mean_width_inclusive_game_equal,tuned - fixed,0.0
25,ridge_sgd_l2,20,crps,tuned - fixed,-3.890388015585604e-05
25,ridge_sgd_l2,20,coverage,tuned - fixed,-0.00846239821171968
25,ridge_sgd_l2,20,mean_width,tuned - fixed,-3.3273191761136864
25,ridge_sgd_l2,20,mean_width_inclusive,tuned - fixed,-3.3273191761136864
25,ridge_sgd_l2,20,mean_q,tuned - fixed,-0.06386715631486511
25,ridge_sgd_l2,20,crps_game_equal,tuned - fixed,-2.979927416726924e-05
25,ridge_sgd_l2,20,coverage_game_equal,tuned - fixed,-0.008568666036737782
25,ridge_sgd_l2,20,mean_width_game_equal,tuned - fixed,-3.3050793621838537
25,ridge_sgd_l2,20,mean_width_inclusive_game_equal,tuned - fixed,-3.30507936218385
25,set_transformer,20,crps,tuned - fixed,1.1079346083631147e-07
25,set_transformer,20,coverage,tuned - fixed,0.0
25,set_transformer,20,mean_width,tuned - fixed,0.0014370110170851547
25,set_transformer,20,mean_width_inclusive,tuned - fixed,0.0014370110170851547
25,set_transformer,20,mean_q,tuned - fixed,0.00015966789078716848
25,set_transformer,20,crps_game_equal,tuned - fixed,1.0706136703737823e-07
25,set_transformer,20,coverage_game_equal,tuned - fixed,0.0
25,set_transformer,20,mean_width_game_equal,tuned - fixed,0.0014554192257101306
25,set_transformer,20,mean_width_inclusive_game_equal,tuned - fixed,0.0014554192257101306
25,zoo_cnn,20,crps,tuned - fixed,-0.0002597745871120421
25,zoo_cnn,20,coverage,tuned - fixed,-0.0043110330512533546
25,zoo_cnn,20,mean_width,tuned - fixed,-0.8285166852945878
25,zoo_cnn,20,mean_width_inclusive,tuned - fixed,-0.8285166852945878
25,zoo_cnn,20,mean_q,tuned - fixed,-1.0908510298578957
25,zoo_cnn,20,crps_game_equal,tuned - fixed,-0.00024101735806429138
25,zoo_cnn,20,coverage_game_equal,tuned - fixed,-0.003995713231170539
25,zoo_cnn,20,mean_width_game_equal,tuned - fixed,-0.7829482642784775
25,zoo_cnn,20,mean_width_inclusive_game_equal,tuned - fixed,-0.7829482642784811
25,lightgbm_multiclass,160,crps,tuned - fixed,0.0
25,lightgbm_multiclass,160,coverage,tuned - fixed,0.0
25,lightgbm_multiclass,160,mean_width,tuned - fixed,0.0
25,lightgbm_multiclass,160,mean_width_inclusive,tuned - fixed,0.0
25,lightgbm_multiclass,160,mean_q,tuned - fixed,0.0
25,lightgbm_multiclass,160,crps_game_equal,tuned - fixed,0.0
25,lightgbm_multiclass,160,coverage_game_equal,tuned - fixed,0.0
25,lightgbm_multiclass,160,mean_width_game_equal,tuned - fixed,0.0
25,lightgbm_multiclass,160,mean_width_inclusive_game_equal,tuned - fixed,0.0
25,ridge_sgd_l2,160,crps,tuned - fixed,-0.00032027417909128754
25,ridge_sgd_l2,160,coverage,tuned - fixed,-0.012933099153760175
25,ridge_sgd_l2,160,mean_width,tuned - fixed,-3.3313108733833623
25,ridge_sgd_l2,160,mean_width_inclusive,tuned - fixed,-3.3313108733833623
25,ridge_sgd_l2,160,mean_q,tuned - fixed,0.03640427909947308
25,ridge_sgd_l2,160,crps_game_equal,tuned - fixed,-0.0003191292898526484
25,ridge_sgd_l2,160,coverage_game_equal,tuned - fixed,-0.013411373504524482
25,ridge_sgd_l2,160,mean_width_game_equal,tuned - fixed,-3.310793264513226
25,ridge_sgd_l2,160,mean_width_inclusive_game_equal,tuned - fixed,-3.310793264513226
25,set_transformer,160,crps,tuned - fixed,0.00012063511016889746
25,set_transformer,160,coverage,tuned - fixed,-0.002235350471020303
25,set_transformer,160,mean_width,tuned - fixed,-0.43429666294108316
25,set_transformer,160,mean_width_inclusive,tuned - fixed,-0.43429666294108316
25,set_transformer,160,mean_q,tuned - fixed,-0.1807440523710681
25,set_transformer,160,crps_game_equal,tuned - fixed,0.00012199433135560642
25,set_transformer,160,coverage_game_equal,tuned - fixed,-0.0029863329259584015
25,set_transformer,160,mean_width_game_equal,tuned - fixed,-0.4367251041222868
25,set_transformer,160,mean_width_inclusive_game_equal,tuned - fixed,-0.43672510412228505
25,zoo_cnn,160,crps,tuned - fixed,3.0389314623763264e-09
25,zoo_cnn,160,coverage,tuned - fixed,0.0
25,zoo_cnn,160,mean_width,tuned - fixed,0.0
25,zoo_cnn,160,mean_width_inclusive,tuned - fixed,0.0
25,zoo_cnn,160,mean_q,tuned - fixed,0.0
25,zoo_cnn,160,crps_game_equal,tuned - fixed,3.078782392224033e-09
25,zoo_cnn,160,coverage_game_equal,tuned - fixed,0.0
25,zoo_cnn,160,mean_width_game_equal,tuned - fixed,0.0
25,zoo_cnn,160,mean_width_inclusive_game_equal,tuned - fixed,0.0
25,lightgbm_multiclass,360,crps,tuned - fixed,0.0
25,lightgbm_multiclass,360,coverage,tuned - fixed,0.0
25,lightgbm_multiclass,360,mean_width,tuned - fixed,0.0
25,lightgbm_multiclass,360,mean_width_inclusive,tuned - fixed,0.0
25,lightgbm_multiclass,360,mean_q,tuned - fixed,0.0
25,lightgbm_multiclass,360,crps_game_equal,tuned - fixed,0.0
25,lightgbm_multiclass,360,coverage_game_equal,tuned - fixed,0.0
25,lightgbm_multiclass,360,mean_width_game_equal,tuned - fixed,0.0
25,lightgbm_multiclass,360,mean_width_inclusive_game_equal,tuned - fixed,0.0
25,ridge_sgd_l2,360,crps,tuned - fixed,-0.00032554199680820926
25,ridge_sgd_l2,360,coverage,tuned - fixed,-0.010059077119591309
25,ridge_sgd_l2,360,mean_width,tuned - fixed,-3.05572409388472
25,ridge_sgd_l2,360,mean_width_inclusive,tuned - fixed,-3.05572409388472
25,ridge_sgd_l2,360,mean_q,tuned - fixed,-0.08638032891585501
25,ridge_sgd_l2,360,crps_game_equal,tuned - fixed,-0.000324576617673239
25,ridge_sgd_l2,360,coverage_game_equal,tuned - fixed,-0.010335416401898279
25,ridge_sgd_l2,360,mean_width_game_equal,tuned - fixed,-3.034746694950911
25,ridge_sgd_l2,360,mean_width_inclusive_game_equal,tuned - fixed,-3.034746694950911
25,set_transformer,360,crps,tuned - fixed,1.7981382171006893e-05
25,set_transformer,360,coverage,tuned - fixed,0.008143062430145287
25,set_transformer,360,mean_width,tuned - fixed,-0.12310394379690237
25,set_transformer,360,mean_width_inclusive,tuned - fixed,-0.12310394379690237
25,set_transformer,360,mean_q,tuned - fixed,-0.16206290914897015
25,set_transformer,360,crps_game_equal,tuned - fixed,1.272132346768172e-05
25,set_transformer,360,coverage_game_equal,tuned - fixed,0.007911070095444672
25,set_transformer,360,mean_width_game_equal,tuned - fixed,-0.1246727233095637
25,set_transformer,360,mean_width_inclusive_game_equal,tuned - fixed,-0.12467272330956014
25,zoo_cnn,360,crps,tuned - fixed,2.107298955125736e-09
25,zoo_cnn,360,coverage,tuned - fixed,0.0
25,zoo_cnn,360,mean_width,tuned - fixed,0.0
25,zoo_cnn,360,mean_width_inclusive,tuned - fixed,0.0
25,zoo_cnn,360,mean_q,tuned - fixed,0.0
25,zoo_cnn,360,crps_game_equal,tuned - fixed,2.1114339079225664e-09
25,zoo_cnn,360,coverage_game_equal,tuned - fixed,0.0
25,zoo_cnn,360,mean_width_game_equal,tuned - fixed,0.0
25,zoo_cnn,360,mean_width_inclusive_game_equal,tuned - fixed,0.0
26,lightgbm_multiclass,20,crps,tuned - fixed,0.0
26,lightgbm_multiclass,20,coverage,tuned - fixed,0.0
26,lightgbm_multiclass,20,mean_width,tuned - fixed,0.0
26,lightgbm_multiclass,20,mean_width_inclusive,tuned - fixed,0.0
26,lightgbm_multiclass,20,mean_q,tuned - fixed,0.0
26,lightgbm_multiclass,20,crps_game_equal,tuned - fixed,0.0
26,lightgbm_multiclass,20,coverage_game_equal,tuned - fixed,0.0
26,lightgbm_multiclass,20,mean_width_game_equal,tuned - fixed,0.0
26,lightgbm_multiclass,20,mean_width_inclusive_game_equal,tuned - fixed,0.0
26,ridge_sgd_l2,20,crps,tuned - fixed,-0.0002835440157277682
26,ridge_sgd_l2,20,coverage,tuned - fixed,-0.004723896400065097
26,ridge_sgd_l2,20,mean_width,tuned - fixed,-2.2295162078514394
26,ridge_sgd_l2,20,mean_width_inclusive,tuned - fixed,-2.2295162078514394
26,ridge_sgd_l2,20,mean_q,tuned - fixed,-0.1638703371884672
26,ridge_sgd_l2,20,crps_game_equal,tuned - fixed,-0.00028123693779299325
26,ridge_sgd_l2,20,coverage_game_equal,tuned - fixed,-0.004213196624473614
26,ridge_sgd_l2,20,mean_width_game_equal,tuned - fixed,-2.209957239425165
26,ridge_sgd_l2,20,mean_width_inclusive_game_equal,tuned - fixed,-2.209957239425165
26,set_transformer,20,crps,tuned - fixed,-0.00048776371999083995
26,set_transformer,20,coverage,tuned - fixed,0.026551555627952528
26,set_transformer,20,mean_width,tuned - fixed,2.777813976217626
26,set_transformer,20,mean_width_inclusive,tuned - fixed,2.777813976217626
26,set_transformer,20,mean_q,tuned - fixed,-0.7861215181625671
26,set_transformer,20,crps_game_equal,tuned - fixed,-0.0004953247530656447
26,set_transformer,20,coverage_game_equal,tuned - fixed,0.026672606634667084
26,set_transformer,20,mean_width_game_equal,tuned - fixed,2.779266034052661
26,set_transformer,20,mean_width_inclusive_game_equal,tuned - fixed,2.779266034052661
26,zoo_cnn,20,crps,tuned - fixed,-0.00037601247219683047
26,zoo_cnn,20,coverage,tuned - fixed,0.02361948200032571
26,zoo_cnn,20,mean_width,tuned - fixed,4.844437204756474
26,zoo_cnn,20,mean_width_inclusive,tuned - fixed,4.844437204756474
26,zoo_cnn,20,mean_q,tuned - fixed,-1.2734973122658415
26,zoo_cnn,20,crps_game_equal,tuned - fixed,-0.0003983242260220763
26,zoo_cnn,20,coverage_game_equal,tuned - fixed,0.024468424598650396
26,zoo_cnn,20,mean_width_game_equal,tuned - fixed,4.846024978028844
26,zoo_cnn,20,mean_width_inclusive_game_equal,tuned - fixed,4.846024978028844
26,lightgbm_multiclass,160,crps,tuned - fixed,0.0
26,lightgbm_multiclass,160,coverage,tuned - fixed,0.0
26,lightgbm_multiclass,160,mean_width,tuned - fixed,0.0
26,lightgbm_multiclass,160,mean_width_inclusive,tuned - fixed,0.0
26,lightgbm_multiclass,160,mean_q,tuned - fixed,0.0
26,lightgbm_multiclass,160,crps_game_equal,tuned - fixed,0.0
26,lightgbm_multiclass,160,coverage_game_equal,tuned - fixed,0.0
26,lightgbm_multiclass,160,mean_width_game_equal,tuned - fixed,0.0
26,lightgbm_multiclass,160,mean_width_inclusive_game_equal,tuned - fixed,0.0
26,ridge_sgd_l2,160,crps,tuned - fixed,-0.00029779713935645935
26,ridge_sgd_l2,160,coverage,tuned - fixed,-0.010262257696693311
26,ridge_sgd_l2,160,mean_width,tuned - fixed,-2.8757126567844935
26,ridge_sgd_l2,160,mean_width_inclusive,tuned - fixed,-2.8757126567844935
26,ridge_sgd_l2,160,mean_q,tuned - fixed,-0.0625509040560352
26,ridge_sgd_l2,160,crps_game_equal,tuned - fixed,-0.00030058753716844834
26,ridge_sgd_l2,160,coverage_game_equal,tuned - fixed,-0.00996946761057993
26,ridge_sgd_l2,160,mean_width_game_equal,tuned - fixed,-2.8545680759400014
26,ridge_sgd_l2,160,mean_width_inclusive_game_equal,tuned - fixed,-2.8545680759400014
26,set_transformer,160,crps,tuned - fixed,1.1685156800734717e-05
26,set_transformer,160,coverage,tuned - fixed,0.003583645544877001
26,set_transformer,160,mean_width,tuned - fixed,0.09350057012542834
26,set_transformer,160,mean_width_inclusive,tuned - fixed,0.09350057012542834
26,set_transformer,160,mean_q,tuned - fixed,-0.2521583319758919
26,set_transformer,160,crps_game_equal,tuned - fixed,5.754881008398355e-06
26,set_transformer,160,coverage_game_equal,tuned - fixed,0.0036015800383588648
26,set_transformer,160,mean_width_game_equal,tuned - fixed,0.09117368569171269
26,set_transformer,160,mean_width_inclusive_game_equal,tuned - fixed,0.09117368569171092
26,zoo_cnn,160,crps,tuned - fixed,3.706902805544754e-10
26,zoo_cnn,160,coverage,tuned - fixed,0.0
26,zoo_cnn,160,mean_width,tuned - fixed,0.0
26,zoo_cnn,160,mean_width_inclusive,tuned - fixed,0.0
26,zoo_cnn,160,mean_q,tuned - fixed,0.0
26,zoo_cnn,160,crps_game_equal,tuned - fixed,-1.0808716768839766e-10
26,zoo_cnn,160,coverage_game_equal,tuned - fixed,0.0
26,zoo_cnn,160,mean_width_game_equal,tuned - fixed,0.0
26,zoo_cnn,160,mean_width_inclusive_game_equal,tuned - fixed,0.0
26,lightgbm_multiclass,360,crps,tuned - fixed,0.0
26,lightgbm_multiclass,360,coverage,tuned - fixed,0.0
26,lightgbm_multiclass,360,mean_width,tuned - fixed,0.0
26,lightgbm_multiclass,360,mean_width_inclusive,tuned - fixed,0.0
26,lightgbm_multiclass,360,mean_q,tuned - fixed,0.0
26,lightgbm_multiclass,360,crps_game_equal,tuned - fixed,0.0
26,lightgbm_multiclass,360,coverage_game_equal,tuned - fixed,0.0
26,lightgbm_multiclass,360,mean_width_game_equal,tuned - fixed,0.0
26,lightgbm_multiclass,360,mean_width_inclusive_game_equal,tuned - fixed,0.0
26,ridge_sgd_l2,360,crps,tuned - fixed,-0.0003182555719330408
26,ridge_sgd_l2,360,coverage,tuned - fixed,-0.007981755986317007
26,ridge_sgd_l2,360,mean_width,tuned - fixed,-2.6417983384916113
26,ridge_sgd_l2,360,mean_width_inclusive,tuned - fixed,-2.6417983384916113
26,ridge_sgd_l2,360,mean_q,tuned - fixed,-0.05391757615246784
26,ridge_sgd_l2,360,crps_game_equal,tuned - fixed,-0.0003168068855917607
26,ridge_sgd_l2,360,coverage_game_equal,tuned - fixed,-0.00784388186692686
26,ridge_sgd_l2,360,mean_width_game_equal,tuned - fixed,-2.6197616210571155
26,ridge_sgd_l2,360,mean_width_inclusive_game_equal,tuned - fixed,-2.6197616210571155
26,set_transformer,360,crps,tuned - fixed,1.7517014842122203e-08
26,set_transformer,360,coverage,tuned - fixed,0.0
26,set_transformer,360,mean_width,tuned - fixed,-0.0017918227724393887
26,set_transformer,360,mean_width_inclusive,tuned - fixed,-0.0017918227724393887
26,set_transformer,360,mean_q,tuned - fixed,-0.00016289297931260105
26,set_transformer,360,crps_game_equal,tuned - fixed,-1.6380754270378661e-09
26,set_transformer,360,coverage_game_equal,tuned - fixed,0.0
26,set_transformer,360,mean_width_game_equal,tuned - fixed,-0.001753786824842507
26,set_transformer,360,mean_width_inclusive_game_equal,tuned - fixed,-0.001753786824842507
26,zoo_cnn,360,crps,tuned - fixed,8.021569086053004e-10
26,zoo_cnn,360,coverage,tuned - fixed,0.0
26,zoo_cnn,360,mean_width,tuned - fixed,0.0
26,zoo_cnn,360,mean_width_inclusive,tuned - fixed,0.0
26,zoo_cnn,360,mean_q,tuned - fixed,0.0
26,zoo_cnn,360,crps_game_equal,tuned - fixed,8.428207923238951e-10
26,zoo_cnn,360,coverage_game_equal,tuned - fixed,0.0
26,zoo_cnn,360,mean_width_game_equal,tuned - fixed,0.0
26,zoo_cnn,360,mean_width_inclusive_game_equal,tuned - fixed,0.0
27,lightgbm_multiclass,20,crps,tuned - fixed,0.0
27,lightgbm_multiclass,20,coverage,tuned - fixed,0.0
27,lightgbm_multiclass,20,mean_width,tuned - fixed,0.0
27,lightgbm_multiclass,20,mean_width_inclusive,tuned - fixed,0.0
27,lightgbm_multiclass,20,mean_q,tuned - fixed,0.0
27,lightgbm_multiclass,20,crps_game_equal,tuned - fixed,0.0
27,lightgbm_multiclass,20,coverage_game_equal,tuned - fixed,0.0
27,lightgbm_multiclass,20,mean_width_game_equal,tuned - fixed,0.0
27,lightgbm_multiclass,20,mean_width_inclusive_game_equal,tuned - fixed,0.0
27,ridge_sgd_l2,20,crps,tuned - fixed,-0.00024209177342304766
27,ridge_sgd_l2,20,coverage,tuned - fixed,-0.015467274503419115
27,ridge_sgd_l2,20,mean_width,tuned - fixed,-2.3008791924454606
27,ridge_sgd_l2,20,mean_width_inclusive,tuned - fixed,-2.3008791924454606
27,ridge_sgd_l2,20,mean_q,tuned - fixed,-0.31830022793878215
27,ridge_sgd_l2,20,crps_game_equal,tuned - fixed,-0.00024233739551456947
27,ridge_sgd_l2,20,coverage_game_equal,tuned - fixed,-0.015255433047217104
27,ridge_sgd_l2,20,mean_width_game_equal,tuned - fixed,-2.273073060183865
27,ridge_sgd_l2,20,mean_width_inclusive_game_equal,tuned - fixed,-2.2730730601838616
27,set_transformer,20,crps,tuned - fixed,-0.00014746971760841443
27,set_transformer,20,coverage,tuned - fixed,0.0017909475740801595
27,set_transformer,20,mean_width,tuned - fixed,0.4288505372842728
27,set_transformer,20,mean_width_inclusive,tuned - fixed,0.4288505372842728
27,set_transformer,20,mean_q,tuned - fixed,0.0561706284597851
27,set_transformer,20,crps_game_equal,tuned - fixed,-0.00014646988212892002
27,set_transformer,20,coverage_game_equal,tuned - fixed,0.001878684916587825
27,set_transformer,20,mean_width_game_equal,tuned - fixed,0.40956703973385444
27,set_transformer,20,mean_width_inclusive_game_equal,tuned - fixed,0.40956703973385444
27,zoo_cnn,20,crps,tuned - fixed,-0.00027652050172321044
27,zoo_cnn,20,coverage,tuned - fixed,-0.003744708563985677
27,zoo_cnn,20,mean_width,tuned - fixed,-3.6641159231520675
27,zoo_cnn,20,mean_width_inclusive,tuned - fixed,-3.6641159231520675
27,zoo_cnn,20,mean_q,tuned - fixed,1.1312276131553243
27,zoo_cnn,20,crps_game_equal,tuned - fixed,-0.00029294998224987934
27,zoo_cnn,20,coverage_game_equal,tuned - fixed,-0.003017299127447415
27,zoo_cnn,20,mean_width_game_equal,tuned - fixed,-3.6825241517100764
27,zoo_cnn,20,mean_width_inclusive_game_equal,tuned - fixed,-3.6825241517100764
27,lightgbm_multiclass,160,crps,tuned - fixed,0.0
27,lightgbm_multiclass,160,coverage,tuned - fixed,0.0
27,lightgbm_multiclass,160,mean_width,tuned - fixed,0.0
27,lightgbm_multiclass,160,mean_width_inclusive,tuned - fixed,0.0
27,lightgbm_multiclass,160,mean_q,tuned - fixed,0.0
27,lightgbm_multiclass,160,crps_game_equal,tuned - fixed,0.0
27,lightgbm_multiclass,160,coverage_game_equal,tuned - fixed,0.0
27,lightgbm_multiclass,160,mean_width_game_equal,tuned - fixed,0.0
27,lightgbm_multiclass,160,mean_width_inclusive_game_equal,tuned - fixed,0.0
27,ridge_sgd_l2,160,crps,tuned - fixed,-0.0003153215684962747
27,ridge_sgd_l2,160,coverage,tuned - fixed,-0.011234125691957031
27,ridge_sgd_l2,160,mean_width,tuned - fixed,-3.0947574080104197
27,ridge_sgd_l2,160,mean_width_inclusive,tuned - fixed,-3.0947574080104197
27,ridge_sgd_l2,160,mean_q,tuned - fixed,-0.021002930641484868
27,ridge_sgd_l2,160,crps_game_equal,tuned - fixed,-0.00031500700417048423
27,ridge_sgd_l2,160,coverage_game_equal,tuned - fixed,-0.011151870554644505
27,ridge_sgd_l2,160,mean_width_game_equal,tuned - fixed,-3.0739108858717756
27,ridge_sgd_l2,160,mean_width_inclusive_game_equal,tuned - fixed,-3.0739108858717756
27,set_transformer,160,crps,tuned - fixed,-0.0001026003604324803
27,set_transformer,160,coverage,tuned - fixed,0.0021165744057310976
27,set_transformer,160,mean_width,tuned - fixed,-0.9861608596548344
27,set_transformer,160,mean_width_inclusive,tuned - fixed,-0.9861608596548344
27,set_transformer,160,mean_q,tuned - fixed,0.01514164767176815
27,set_transformer,160,crps_game_equal,tuned - fixed,-0.00011710103107268749
27,set_transformer,160,coverage_game_equal,tuned - fixed,0.001785691692594682
27,set_transformer,160,mean_width_game_equal,tuned - fixed,-0.9900895559140039
27,set_transformer,160,mean_width_inclusive_game_equal,tuned - fixed,-0.9900895559140022
27,zoo_cnn,160,crps,tuned - fixed,-0.0005652202845197896
27,zoo_cnn,160,coverage,tuned - fixed,0.004070335395636615
27,zoo_cnn,160,mean_width,tuned - fixed,0.06398567241940611
27,zoo_cnn,160,mean_width_inclusive,tuned - fixed,0.06398567241940611
27,zoo_cnn,160,mean_q,tuned - fixed,-0.7531748616085966
27,zoo_cnn,160,crps_game_equal,tuned - fixed,-0.000569623905318466
27,zoo_cnn,160,coverage_game_equal,tuned - fixed,0.004579725199844842
27,zoo_cnn,160,mean_width_game_equal,tuned - fixed,0.06006688357969381
27,zoo_cnn,160,mean_width_inclusive_game_equal,tuned - fixed,0.06006688357969381
27,lightgbm_multiclass,360,crps,tuned - fixed,0.0
27,lightgbm_multiclass,360,coverage,tuned - fixed,0.0
27,lightgbm_multiclass,360,mean_width,tuned - fixed,0.0
27,lightgbm_multiclass,360,mean_width_inclusive,tuned - fixed,0.0
27,lightgbm_multiclass,360,mean_q,tuned - fixed,0.0
27,lightgbm_multiclass,360,crps_game_equal,tuned - fixed,0.0
27,lightgbm_multiclass,360,coverage_game_equal,tuned - fixed,0.0
27,lightgbm_multiclass,360,mean_width_game_equal,tuned - fixed,0.0
27,lightgbm_multiclass,360,mean_width_inclusive_game_equal,tuned - fixed,0.0
27,ridge_sgd_l2,360,crps,tuned - fixed,-0.000327243817314294
27,ridge_sgd_l2,360,coverage,tuned - fixed,-0.010257245197004217
27,ridge_sgd_l2,360,mean_width,tuned - fixed,-2.95913383262781
27,ridge_sgd_l2,360,mean_width_inclusive,tuned - fixed,-2.95913383262781
27,ridge_sgd_l2,360,mean_q,tuned - fixed,-0.04249430153044609
27,ridge_sgd_l2,360,crps_game_equal,tuned - fixed,-0.00032624873534664936
27,ridge_sgd_l2,360,coverage_game_equal,tuned - fixed,-0.010295486398284037
27,ridge_sgd_l2,360,mean_width_game_equal,tuned - fixed,-2.942176834569551
27,ridge_sgd_l2,360,mean_width_inclusive_game_equal,tuned - fixed,-2.942176834569551
27,set_transformer,360,crps,tuned - fixed,2.449168067636051e-06
27,set_transformer,360,coverage,tuned - fixed,0.008954737870400464
27,set_transformer,360,mean_width,tuned - fixed,0.4109410615434701
27,set_transformer,360,mean_width_inclusive,tuned - fixed,0.4109410615434701
27,set_transformer,360,mean_q,tuned - fixed,0.24096385542168675
27,set_transformer,360,crps_game_equal,tuned - fixed,7.677852385304038e-06
27,set_transformer,360,coverage_game_equal,tuned - fixed,0.008608996704857597
27,set_transformer,360,mean_width_game_equal,tuned - fixed,0.40557516620775047
27,set_transformer,360,mean_width_inclusive_game_equal,tuned - fixed,0.40557516620775047
27,zoo_cnn,360,crps,tuned - fixed,-0.0007666507802633008
27,zoo_cnn,360,coverage,tuned - fixed,0.007815043959622181
27,zoo_cnn,360,mean_width,tuned - fixed,-0.7074242917616402
27,zoo_cnn,360,mean_width_inclusive,tuned - fixed,-0.7074242917616402
27,zoo_cnn,360,mean_q,tuned - fixed,-0.43715402149137095
27,zoo_cnn,360,crps_game_equal,tuned - fixed,-0.0007716253472740253
27,zoo_cnn,360,coverage_game_equal,tuned - fixed,0.0068914871012807355
27,zoo_cnn,360,mean_width_game_equal,tuned - fixed,-0.707692105031958
27,zoo_cnn,360,mean_width_inclusive_game_equal,tuned - fixed,-0.707692105031958
28,lightgbm_multiclass,20,crps,tuned - fixed,0.0
28,lightgbm_multiclass,20,coverage,tuned - fixed,0.0
28,lightgbm_multiclass,20,mean_width,tuned - fixed,0.0
28,lightgbm_multiclass,20,mean_width_inclusive,tuned - fixed,0.0
28,lightgbm_multiclass,20,mean_q,tuned - fixed,0.0
28,lightgbm_multiclass,20,crps_game_equal,tuned - fixed,0.0
28,lightgbm_multiclass,20,coverage_game_equal,tuned - fixed,0.0
28,lightgbm_multiclass,20,mean_width_game_equal,tuned - fixed,0.0
28,lightgbm_multiclass,20,mean_width_inclusive_game_equal,tuned - fixed,0.0
28,ridge_sgd_l2,20,crps,tuned - fixed,-0.00026330138846134346
28,ridge_sgd_l2,20,coverage,tuned - fixed,-0.014872292272874232
28,ridge_sgd_l2,20,mean_width,tuned - fixed,-4.2528289686388625
28,ridge_sgd_l2,20,mean_width_inclusive,tuned - fixed,-4.2528289686388625
28,ridge_sgd_l2,20,mean_q,tuned - fixed,0.26188166828322024
28,ridge_sgd_l2,20,crps_game_equal,tuned - fixed,-0.0002646543971216251
28,ridge_sgd_l2,20,coverage_game_equal,tuned - fixed,-0.014865084787940575
28,ridge_sgd_l2,20,mean_width_game_equal,tuned - fixed,-4.2384543096797955
28,ridge_sgd_l2,20,mean_width_inclusive_game_equal,tuned - fixed,-4.2384543096797955
28,set_transformer,20,crps,tuned - fixed,-0.0005791499343475726
28,set_transformer,20,coverage,tuned - fixed,0.03200775945683798
28,set_transformer,20,mean_width,tuned - fixed,4.6238279987067585
28,set_transformer,20,mean_width_inclusive,tuned - fixed,4.6238279987067585
28,set_transformer,20,mean_q,tuned - fixed,-1.5491432266408018
28,set_transformer,20,crps_game_equal,tuned - fixed,-0.0005945356316648838
28,set_transformer,20,coverage_game_equal,tuned - fixed,0.03245040760242912
28,set_transformer,20,mean_width_game_equal,tuned - fixed,4.593995269285585
28,set_transformer,20,mean_width_inclusive_game_equal,tuned - fixed,4.593995269285585
28,zoo_cnn,20,crps,tuned - fixed,-0.0004741541209316684
28,zoo_cnn,20,coverage,tuned - fixed,-0.00016165535079215587
28,zoo_cnn,20,mean_width,tuned - fixed,1.687196896217264
28,zoo_cnn,20,mean_width_inclusive,tuned - fixed,1.6871968962172659
28,zoo_cnn,20,mean_q,tuned - fixed,-0.507759456838021
28,zoo_cnn,20,crps_game_equal,tuned - fixed,-0.000464269141494722
28,zoo_cnn,20,coverage_game_equal,tuned - fixed,-0.0002815202121009275
28,zoo_cnn,20,mean_width_game_equal,tuned - fixed,1.6724549220256808
28,zoo_cnn,20,mean_width_inclusive_game_equal,tuned - fixed,1.6724549220256861
28,lightgbm_multiclass,160,crps,tuned - fixed,0.0
28,lightgbm_multiclass,160,coverage,tuned - fixed,0.0
28,lightgbm_multiclass,160,mean_width,tuned - fixed,0.0
28,lightgbm_multiclass,160,mean_width_inclusive,tuned - fixed,0.0
28,lightgbm_multiclass,160,mean_q,tuned - fixed,0.0
28,lightgbm_multiclass,160,crps_game_equal,tuned - fixed,0.0
28,lightgbm_multiclass,160,coverage_game_equal,tuned - fixed,0.0
28,lightgbm_multiclass,160,mean_width_game_equal,tuned - fixed,0.0
28,lightgbm_multiclass,160,mean_width_inclusive_game_equal,tuned - fixed,0.0
28,ridge_sgd_l2,160,crps,tuned - fixed,-0.0003203506676496496
28,ridge_sgd_l2,160,coverage,tuned - fixed,-0.009214354995150331
28,ridge_sgd_l2,160,mean_width,tuned - fixed,-2.8528936307791817
28,ridge_sgd_l2,160,mean_width_inclusive,tuned - fixed,-2.8528936307791817
28,ridge_sgd_l2,160,mean_q,tuned - fixed,0.0014548981571290143
28,ridge_sgd_l2,160,crps_game_equal,tuned - fixed,-0.0003210324205341602
28,ridge_sgd_l2,160,coverage_game_equal,tuned - fixed,-0.009252766147039515
28,ridge_sgd_l2,160,mean_width_game_equal,tuned - fixed,-2.850997992587711
28,ridge_sgd_l2,160,mean_width_inclusive_game_equal,tuned - fixed,-2.850997992587711
28,set_transformer,160,crps,tuned - fixed,8.820136664642979e-05
28,set_transformer,160,coverage,tuned - fixed,-0.004041383769802787
28,set_transformer,160,mean_width,tuned - fixed,-0.569188490139025
28,set_transformer,160,mean_width_inclusive,tuned - fixed,-0.569188490139025
28,set_transformer,160,mean_q,tuned - fixed,0.13870029097963144
28,set_transformer,160,crps_game_equal,tuned - fixed,8.758035364377081e-05
28,set_transformer,160,coverage_game_equal,tuned - fixed,-0.0039448090861422536
28,set_transformer,160,mean_width_game_equal,tuned - fixed,-0.5757340800571509
28,set_transformer,160,mean_width_inclusive_game_equal,tuned - fixed,-0.5757340800571491
28,zoo_cnn,160,crps,tuned - fixed,9.308125589746474e-10
28,zoo_cnn,160,coverage,tuned - fixed,0.0
28,zoo_cnn,160,mean_width,tuned - fixed,0.0
28,zoo_cnn,160,mean_width_inclusive,tuned - fixed,0.0
28,zoo_cnn,160,mean_q,tuned - fixed,0.0
28,zoo_cnn,160,crps_game_equal,tuned - fixed,1.420848041652767e-09
28,zoo_cnn,160,coverage_game_equal,tuned - fixed,0.0
28,zoo_cnn,160,mean_width_game_equal,tuned - fixed,0.0
28,zoo_cnn,160,mean_width_inclusive_game_equal,tuned - fixed,0.0
28,lightgbm_multiclass,360,crps,tuned - fixed,0.0
28,lightgbm_multiclass,360,coverage,tuned - fixed,0.0
28,lightgbm_multiclass,360,mean_width,tuned - fixed,0.0
28,lightgbm_multiclass,360,mean_width_inclusive,tuned - fixed,0.0
28,lightgbm_multiclass,360,mean_q,tuned - fixed,0.0
28,lightgbm_multiclass,360,crps_game_equal,tuned - fixed,0.0
28,lightgbm_multiclass,360,coverage_game_equal,tuned - fixed,0.0
28,lightgbm_multiclass,360,mean_width_game_equal,tuned - fixed,0.0
28,lightgbm_multiclass,360,mean_width_inclusive_game_equal,tuned - fixed,0.0
28,ridge_sgd_l2,360,crps,tuned - fixed,-0.00030691178506829335
28,ridge_sgd_l2,360,coverage,tuned - fixed,-0.011154219204655647
28,ridge_sgd_l2,360,mean_width,tuned - fixed,-2.818946007112835
28,ridge_sgd_l2,360,mean_width_inclusive,tuned - fixed,-2.818946007112835
28,ridge_sgd_l2,360,mean_q,tuned - fixed,-0.08971871968962172
28,ridge_sgd_l2,360,crps_game_equal,tuned - fixed,-0.0003087794188973113
28,ridge_sgd_l2,360,coverage_game_equal,tuned - fixed,-0.011370876819396525
28,ridge_sgd_l2,360,mean_width_game_equal,tuned - fixed,-2.8188554119216604
28,ridge_sgd_l2,360,mean_width_inclusive_game_equal,tuned - fixed,-2.8188554119216604
28,set_transformer,360,crps,tuned - fixed,-0.00014786350397950204
28,set_transformer,360,coverage,tuned - fixed,-0.009699321047526688
28,set_transformer,360,mean_width,tuned - fixed,-0.8866795990947303
28,set_transformer,360,mean_width_inclusive,tuned - fixed,-0.8866795990947285
28,set_transformer,360,mean_q,tuned - fixed,0.030552861299709022
28,set_transformer,360,crps_game_equal,tuned - fixed,-0.00015139751829387586
28,set_transformer,360,coverage_game_equal,tuned - fixed,-0.009155513196528409
28,set_transformer,360,mean_width_game_equal,tuned - fixed,-0.8737329679514048
28,set_transformer,360,mean_width_inclusive_game_equal,tuned - fixed,-0.8737329679514048
28,zoo_cnn,360,crps,tuned - fixed,-0.0008744934973388616
28,zoo_cnn,360,coverage,tuned - fixed,0.0050113158745555
28,zoo_cnn,360,mean_width,tuned - fixed,-1.2460394439055928
28,zoo_cnn,360,mean_width_inclusive,tuned - fixed,-1.246039443905591
28,zoo_cnn,360,mean_q,tuned - fixed,-0.38538635628839313
28,zoo_cnn,360,crps_game_equal,tuned - fixed,-0.000886969252591175
28,zoo_cnn,360,coverage_game_equal,tuned - fixed,0.005545777404766583
28,zoo_cnn,360,mean_width_game_equal,tuned - fixed,-1.2345226601780013
28,zoo_cnn,360,mean_width_inclusive_game_equal,tuned - fixed,-1.2345226601780048
29,lightgbm_multiclass,20,crps,tuned - fixed,0.0
29,lightgbm_multiclass,20,coverage,tuned - fixed,0.0
29,lightgbm_multiclass,20,mean_width,tuned - fixed,0.0
29,lightgbm_multiclass,20,mean_width_inclusive,tuned - fixed,0.0
29,lightgbm_multiclass,20,mean_q,tuned - fixed,0.0
29,lightgbm_multiclass,20,crps_game_equal,tuned - fixed,0.0
29,lightgbm_multiclass,20,coverage_game_equal,tuned - fixed,0.0
29,lightgbm_multiclass,20,mean_width_game_equal,tuned - fixed,0.0
29,lightgbm_multiclass,20,mean_width_inclusive_game_equal,tuned - fixed,0.0
29,ridge_sgd_l2,20,crps,tuned - fixed,-5.3981297521321636e-05
29,ridge_sgd_l2,20,coverage,tuned - fixed,-0.018284789644012922
29,ridge_sgd_l2,20,mean_width,tuned - fixed,-3.331553398058251
29,ridge_sgd_l2,20,mean_width_inclusive,tuned - fixed,-3.331553398058251
29,ridge_sgd_l2,20,mean_q,tuned - fixed,-0.08042071197411005
29,ridge_sgd_l2,20,crps_game_equal,tuned - fixed,-4.152478919099145e-05
29,ridge_sgd_l2,20,coverage_game_equal,tuned - fixed,-0.018415566587674514
29,ridge_sgd_l2,20,mean_width_game_equal,tuned - fixed,-3.322433467261682
29,ridge_sgd_l2,20,mean_width_inclusive_game_equal,tuned - fixed,-3.322433467261682
29,set_transformer,20,crps,tuned - fixed,7.690788812499127e-05
29,set_transformer,20,coverage,tuned - fixed,0.018122977346278324
29,set_transformer,20,mean_width,tuned - fixed,4.868770226537219
29,set_transformer,20,mean_width_inclusive,tuned - fixed,4.868770226537219
29,set_transformer,20,mean_q,tuned - fixed,-0.7254045307443365
29,set_transformer,20,crps_game_equal,tuned - fixed,8.961072967100629e-05
29,set_transformer,20,coverage_game_equal,tuned - fixed,0.018536830284181405
29,set_transformer,20,mean_width_game_equal,tuned - fixed,4.86045376398619
29,set_transformer,20,mean_width_inclusive_game_equal,tuned - fixed,4.86045376398619
29,zoo_cnn,20,crps,tuned - fixed,8.968330713482464e-09
29,zoo_cnn,20,coverage,tuned - fixed,0.0
29,zoo_cnn,20,mean_width,tuned - fixed,0.0
29,zoo_cnn,20,mean_width_inclusive,tuned - fixed,0.0
29,zoo_cnn,20,mean_q,tuned - fixed,0.0
29,zoo_cnn,20,crps_game_equal,tuned - fixed,7.555026118599706e-09
29,zoo_cnn,20,coverage_game_equal,tuned - fixed,0.0
29,zoo_cnn,20,mean_width_game_equal,tuned - fixed,0.0
29,zoo_cnn,20,mean_width_inclusive_game_equal,tuned - fixed,0.0
29,lightgbm_multiclass,160,crps,tuned - fixed,0.0
29,lightgbm_multiclass,160,coverage,tuned - fixed,0.0
29,lightgbm_multiclass,160,mean_width,tuned - fixed,0.0
29,lightgbm_multiclass,160,mean_width_inclusive,tuned - fixed,0.0
29,lightgbm_multiclass,160,mean_q,tuned - fixed,0.0
29,lightgbm_multiclass,160,crps_game_equal,tuned - fixed,0.0
29,lightgbm_multiclass,160,coverage_game_equal,tuned - fixed,0.0
29,lightgbm_multiclass,160,mean_width_game_equal,tuned - fixed,0.0
29,lightgbm_multiclass,160,mean_width_inclusive_game_equal,tuned - fixed,0.0
29,ridge_sgd_l2,160,crps,tuned - fixed,-0.0003321197704078925
29,ridge_sgd_l2,160,coverage,tuned - fixed,-0.008576051779935256
29,ridge_sgd_l2,160,mean_width,tuned - fixed,-2.779449838187702
29,ridge_sgd_l2,160,mean_width_inclusive,tuned - fixed,-2.779449838187702
29,ridge_sgd_l2,160,mean_q,tuned - fixed,0.045792880258899715
29,ridge_sgd_l2,160,crps_game_equal,tuned - fixed,-0.00032872109760657617
29,ridge_sgd_l2,160,coverage_game_equal,tuned - fixed,-0.00864273089428147
29,ridge_sgd_l2,160,mean_width_game_equal,tuned - fixed,-2.7671889003211803
29,ridge_sgd_l2,160,mean_width_inclusive_game_equal,tuned - fixed,-2.7671889003211803
29,set_transformer,160,crps,tuned - fixed,5.7116814350962816e-05
29,set_transformer,160,coverage,tuned - fixed,0.0045307443365695255
29,set_transformer,160,mean_width,tuned - fixed,0.631229773462783
29,set_transformer,160,mean_width_inclusive,tuned - fixed,0.631229773462783
29,set_transformer,160,mean_q,tuned - fixed,0.0401294498381877
29,set_transformer,160,crps_game_equal,tuned - fixed,6.190234241926391e-05
29,set_transformer,160,coverage_game_equal,tuned - fixed,0.0045209488573456635
29,set_transformer,160,mean_width_game_equal,tuned - fixed,0.6330886026466107
29,set_transformer,160,mean_width_inclusive_game_equal,tuned - fixed,0.6330886026466089
29,zoo_cnn,160,crps,tuned - fixed,2.254322166439504e-09
29,zoo_cnn,160,coverage,tuned - fixed,0.0
29,zoo_cnn,160,mean_width,tuned - fixed,-0.00032362459547030653
29,zoo_cnn,160,mean_width_inclusive,tuned - fixed,-0.00032362459547030653
29,zoo_cnn,160,mean_q,tuned - fixed,-0.00016181229773470918
29,zoo_cnn,160,crps_game_equal,tuned - fixed,2.1437649641575796e-09
29,zoo_cnn,160,coverage_game_equal,tuned - fixed,0.0
29,zoo_cnn,160,mean_width_game_equal,tuned - fixed,-0.0003560619547808841
29,zoo_cnn,160,mean_width_inclusive_game_equal,tuned - fixed,-0.0003560619547808841
29,lightgbm_multiclass,360,crps,tuned - fixed,0.0
29,lightgbm_multiclass,360,coverage,tuned - fixed,0.0
29,lightgbm_multiclass,360,mean_width,tuned - fixed,0.0
29,lightgbm_multiclass,360,mean_width_inclusive,tuned - fixed,0.0
29,lightgbm_multiclass,360,mean_q,tuned - fixed,0.0
29,lightgbm_multiclass,360,crps_game_equal,tuned - fixed,0.0
29,lightgbm_multiclass,360,coverage_game_equal,tuned - fixed,0.0
29,lightgbm_multiclass,360,mean_width_game_equal,tuned - fixed,0.0
29,lightgbm_multiclass,360,mean_width_inclusive_game_equal,tuned - fixed,0.0
29,ridge_sgd_l2,360,crps,tuned - fixed,-0.00033436946982636113
29,ridge_sgd_l2,360,coverage,tuned - fixed,-0.01132686084142387
29,ridge_sgd_l2,360,mean_width,tuned - fixed,-3.041100323624594
29,ridge_sgd_l2,360,mean_width_inclusive,tuned - fixed,-3.041100323624594
29,ridge_sgd_l2,360,mean_q,tuned - fixed,-0.11003236245954695
29,ridge_sgd_l2,360,crps_game_equal,tuned - fixed,-0.00033328998168280326
29,ridge_sgd_l2,360,coverage_game_equal,tuned - fixed,-0.011271361172530248
29,ridge_sgd_l2,360,mean_width_game_equal,tuned - fixed,-3.031060554497163
29,ridge_sgd_l2,360,mean_width_inclusive_game_equal,tuned - fixed,-3.031060554497163
29,set_transformer,360,crps,tuned - fixed,-0.00018155832498160072
29,set_transformer,360,coverage,tuned - fixed,-0.0045307443365696365
29,set_transformer,360,mean_width,tuned - fixed,-0.07249190938511418
29,set_transformer,360,mean_width_inclusive,tuned - fixed,-0.07249190938511418
29,set_transformer,360,mean_q,tuned - fixed,0.02491909385113269
29,set_transformer,360,crps_game_equal,tuned - fixed,-0.0001694787650481297
29,set_transformer,360,coverage_game_equal,tuned - fixed,-0.0048405011800227715
29,set_transformer,360,mean_width_game_equal,tuned - fixed,-0.07328403924923954
29,set_transformer,360,mean_width_inclusive_game_equal,tuned - fixed,-0.07328403924924132
29,zoo_cnn,360,crps,tuned - fixed,3.0332731933840895e-09
29,zoo_cnn,360,coverage,tuned - fixed,0.0
29,zoo_cnn,360,mean_width,tuned - fixed,0.0
29,zoo_cnn,360,mean_width_inclusive,tuned - fixed,0.0
29,zoo_cnn,360,mean_q,tuned - fixed,0.0
29,zoo_cnn,360,crps_game_equal,tuned - fixed,2.858631465221806e-09
29,zoo_cnn,360,coverage_game_equal,tuned - fixed,0.0
29,zoo_cnn,360,mean_width_game_equal,tuned - fixed,0.0
29,zoo_cnn,360,mean_width_inclusive_game_equal,tuned - fixed,0.0
30,lightgbm_multiclass,20,crps,tuned - fixed,0.0
30,lightgbm_multiclass,20,coverage,tuned - fixed,0.0
30,lightgbm_multiclass,20,mean_width,tuned - fixed,0.0
30,lightgbm_multiclass,20,mean_width_inclusive,tuned - fixed,0.0
30,lightgbm_multiclass,20,mean_q,tuned - fixed,0.0
30,lightgbm_multiclass,20,crps_game_equal,tuned - fixed,0.0
30,lightgbm_multiclass,20,coverage_game_equal,tuned - fixed,0.0
30,lightgbm_multiclass,20,mean_width_game_equal,tuned - fixed,0.0
30,lightgbm_multiclass,20,mean_width_inclusive_game_equal,tuned - fixed,0.0
30,ridge_sgd_l2,20,crps,tuned - fixed,-0.0002406825397429993
30,ridge_sgd_l2,20,coverage,tuned - fixed,-0.01146131805157602
30,ridge_sgd_l2,20,mean_width,tuned - fixed,-3.3553008595988523
30,ridge_sgd_l2,20,mean_width_inclusive,tuned - fixed,-3.3553008595988523
30,ridge_sgd_l2,20,mean_q,tuned - fixed,0.06319643425660615
30,ridge_sgd_l2,20,crps_game_equal,tuned - fixed,-0.0002400159429141284
30,ridge_sgd_l2,20,coverage_game_equal,tuned - fixed,-0.011360513183627297
30,ridge_sgd_l2,20,mean_width_game_equal,tuned - fixed,-3.310508862127495
30,ridge_sgd_l2,20,mean_width_inclusive_game_equal,tuned - fixed,-3.3105088621274987
30,set_transformer,20,crps,tuned - fixed,-0.00022045496065025393
30,set_transformer,20,coverage,tuned - fixed,0.0023877745940782402
30,set_transformer,20,mean_width,tuned - fixed,-0.1486787647246075
30,set_transformer,20,mean_width_inclusive,tuned - fixed,-0.1486787647246075
30,set_transformer,20,mean_q,tuned - fixed,0.04170646290990131
30,set_transformer,20,crps_game_equal,tuned - fixed,-0.00023006712382539138
30,set_transformer,20,coverage_game_equal,tuned - fixed,0.0020884151493716363
30,set_transformer,20,mean_width_game_equal,tuned - fixed,-0.14948200543660306
30,set_transformer,20,mean_width_inclusive_game_equal,tuned - fixed,-0.14948200543660306
30,zoo_cnn,20,crps,tuned - fixed,-8.909076993626752e-05
30,zoo_cnn,20,coverage,tuned - fixed,-0.014008277618592802
30,zoo_cnn,20,mean_width,tuned - fixed,1.4126074498567327
30,zoo_cnn,20,mean_width_inclusive,tuned - fixed,1.4126074498567327
30,zoo_cnn,20,mean_q,tuned - fixed,0.3758357211079275
30,zoo_cnn,20,crps_game_equal,tuned - fixed,-0.00012799573686209792
30,zoo_cnn,20,coverage_game_equal,tuned - fixed,-0.013622571078627077
30,zoo_cnn,20,mean_width_game_equal,tuned - fixed,1.44051013317058
30,zoo_cnn,20,mean_width_inclusive_game_equal,tuned - fixed,1.44051013317058
30,lightgbm_multiclass,160,crps,tuned - fixed,0.0
30,lightgbm_multiclass,160,coverage,tuned - fixed,0.0
30,lightgbm_multiclass,160,mean_width,tuned - fixed,0.0
30,lightgbm_multiclass,160,mean_width_inclusive,tuned - fixed,0.0
30,lightgbm_multiclass,160,mean_q,tuned - fixed,0.0
30,lightgbm_multiclass,160,crps_game_equal,tuned - fixed,0.0
30,lightgbm_multiclass,160,coverage_game_equal,tuned - fixed,0.0
30,lightgbm_multiclass,160,mean_width_game_equal,tuned - fixed,0.0
30,lightgbm_multiclass,160,mean_width_inclusive_game_equal,tuned - fixed,0.0
30,ridge_sgd_l2,160,crps,tuned - fixed,-0.0003363166888386629
30,ridge_sgd_l2,160,coverage,tuned - fixed,-0.008595988538682042
30,ridge_sgd_l2,160,mean_width,tuned - fixed,-2.9027379815345427
30,ridge_sgd_l2,160,mean_width_inclusive,tuned - fixed,-2.9027379815345427
30,ridge_sgd_l2,160,mean_q,tuned - fixed,-0.040592168099331416
30,ridge_sgd_l2,160,crps_game_equal,tuned - fixed,-0.00033486529667477866
30,ridge_sgd_l2,160,coverage_game_equal,tuned - fixed,-0.00853936273417133
30,ridge_sgd_l2,160,mean_width_game_equal,tuned - fixed,-2.8650067991266965
30,ridge_sgd_l2,160,mean_width_inclusive_game_equal,tuned - fixed,-2.8650067991266965
30,set_transformer,160,crps,tuned - fixed,-5.6837233843302915e-05
30,set_transformer,160,coverage,tuned - fixed,0.0007959248646928208
30,set_transformer,160,mean_width,tuned - fixed,-0.0550780006367404
30,set_transformer,160,mean_width_inclusive,tuned - fixed,-0.0550780006367404
30,set_transformer,160,mean_q,tuned - fixed,0.09169054441260746
30,set_transformer,160,crps_game_equal,tuned - fixed,-5.220754260412512e-05
30,set_transformer,160,coverage_game_equal,tuned - fixed,0.0010079499799808822
30,set_transformer,160,mean_width_game_equal,tuned - fixed,-0.05820742184483407
30,set_transformer,160,mean_width_inclusive_game_equal,tuned - fixed,-0.05820742184483585
30,zoo_cnn,160,crps,tuned - fixed,-3.278360681882586e-09
30,zoo_cnn,160,coverage,tuned - fixed,0.0
30,zoo_cnn,160,mean_width,tuned - fixed,0.0
30,zoo_cnn,160,mean_width_inclusive,tuned - fixed,0.0
30,zoo_cnn,160,mean_q,tuned - fixed,0.0
30,zoo_cnn,160,crps_game_equal,tuned - fixed,-3.052316047483239e-09
30,zoo_cnn,160,coverage_game_equal,tuned - fixed,0.0
30,zoo_cnn,160,mean_width_game_equal,tuned - fixed,0.0
30,zoo_cnn,160,mean_width_inclusive_game_equal,tuned - fixed,0.0
30,lightgbm_multiclass,360,crps,tuned - fixed,0.0
30,lightgbm_multiclass,360,coverage,tuned - fixed,0.0
30,lightgbm_multiclass,360,mean_width,tuned - fixed,0.0
30,lightgbm_multiclass,360,mean_width_inclusive,tuned - fixed,0.0
30,lightgbm_multiclass,360,mean_q,tuned - fixed,0.0
30,lightgbm_multiclass,360,crps_game_equal,tuned - fixed,0.0
30,lightgbm_multiclass,360,coverage_game_equal,tuned - fixed,0.0
30,lightgbm_multiclass,360,mean_width_game_equal,tuned - fixed,0.0
30,lightgbm_multiclass,360,mean_width_inclusive_game_equal,tuned - fixed,0.0
30,ridge_sgd_l2,360,crps,tuned - fixed,-0.00034711119700583416
30,ridge_sgd_l2,360,coverage,tuned - fixed,-0.009073543457497557
30,ridge_sgd_l2,360,mean_width,tuned - fixed,-3.1271887933779077
30,ridge_sgd_l2,360,mean_width_inclusive,tuned - fixed,-3.1271887933779077
30,ridge_sgd_l2,360,mean_q,tuned - fixed,-0.03645335880292899
30,ridge_sgd_l2,360,crps_game_equal,tuned - fixed,-0.00034507306003317417
30,ridge_sgd_l2,360,coverage_game_equal,tuned - fixed,-0.009214323485805975
30,ridge_sgd_l2,360,mean_width_game_equal,tuned - fixed,-3.0858087829757395
30,ridge_sgd_l2,360,mean_width_inclusive_game_equal,tuned - fixed,-3.085808782975743
30,set_transformer,360,crps,tuned - fixed,-0.00018650337250582585
30,set_transformer,360,coverage,tuned - fixed,-0.006049028971665038
30,set_transformer,360,mean_width,tuned - fixed,-1.2760267430754535
30,set_transformer,360,mean_width_inclusive,tuned - fixed,-1.2760267430754535
30,set_transformer,360,mean_q,tuned - fixed,0.012098057943330149
30,set_transformer,360,crps_game_equal,tuned - fixed,-0.00018707820129290967
30,set_transformer,360,coverage_game_equal,tuned - fixed,-0.006513027168213781
30,set_transformer,360,mean_width_game_equal,tuned - fixed,-1.2710411315271273
30,set_transformer,360,mean_width_inclusive_game_equal,tuned - fixed,-1.2710411315271273
30,zoo_cnn,360,crps,tuned - fixed,-0.00028886075719113634
30,zoo_cnn,360,coverage,tuned - fixed,-0.0009551098376313627
30,zoo_cnn,360,mean_width,tuned - fixed,-1.3724928366762175
30,zoo_cnn,360,mean_width_inclusive,tuned - fixed,-1.3724928366762175
30,zoo_cnn,360,mean_q,tuned - fixed,0.008436803565743403
30,zoo_cnn,360,crps_game_equal,tuned - fixed,-0.0002895434708245718
30,zoo_cnn,360,coverage_game_equal,tuned - fixed,-0.0014073244793649797
30,zoo_cnn,360,mean_width_game_equal,tuned - fixed,-1.3742271776229575
30,zoo_cnn,360,mean_width_inclusive_game_equal,tuned - fixed,-1.3742271776229575
31,lightgbm_multiclass,20,crps,tuned - fixed,0.0
31,lightgbm_multiclass,20,coverage,tuned - fixed,0.0
31,lightgbm_multiclass,20,mean_width,tuned - fixed,0.0
31,lightgbm_multiclass,20,mean_width_inclusive,tuned - fixed,0.0
31,lightgbm_multiclass,20,mean_q,tuned - fixed,0.0
31,lightgbm_multiclass,20,crps_game_equal,tuned - fixed,0.0
31,lightgbm_multiclass,20,coverage_game_equal,tuned - fixed,0.0
31,lightgbm_multiclass,20,mean_width_game_equal,tuned - fixed,0.0
31,lightgbm_multiclass,20,mean_width_inclusive_game_equal,tuned - fixed,0.0
31,ridge_sgd_l2,20,crps,tuned - fixed,-0.00016807639084000583
31,ridge_sgd_l2,20,coverage,tuned - fixed,-0.012331838565022402
31,ridge_sgd_l2,20,mean_width,tuned - fixed,-3.3781229980781546
31,ridge_sgd_l2,20,mean_width_inclusive,tuned - fixed,-3.3781229980781546
31,ridge_sgd_l2,20,mean_q,tuned - fixed,-0.04708520179372194
31,ridge_sgd_l2,20,crps_game_equal,tuned - fixed,-0.00015476476064634273
31,ridge_sgd_l2,20,coverage_game_equal,tuned - fixed,-0.012016287960359362
31,ridge_sgd_l2,20,mean_width_game_equal,tuned - fixed,-3.3365266145841552
31,ridge_sgd_l2,20,mean_width_inclusive_game_equal,tuned - fixed,-3.3365266145841552
31,set_transformer,20,crps,tuned - fixed,-4.309542465941174e-08
31,set_transformer,20,coverage,tuned - fixed,0.0
31,set_transformer,20,mean_width,tuned - fixed,-0.001121076233182805
31,set_transformer,20,mean_width_inclusive,tuned - fixed,-0.001121076233182805
31,set_transformer,20,mean_q,tuned - fixed,-0.00032030749519534885
31,set_transformer,20,crps_game_equal,tuned - fixed,-4.790959461098421e-08
31,set_transformer,20,coverage_game_equal,tuned - fixed,0.0
31,set_transformer,20,mean_width_game_equal,tuned - fixed,-0.0012893882655493627
31,set_transformer,20,mean_width_inclusive_game_equal,tuned - fixed,-0.001289388265551139
31,zoo_cnn,20,crps,tuned - fixed,-0.0011598853317749212
31,zoo_cnn,20,coverage,tuned - fixed,-0.0011210762331838042
31,zoo_cnn,20,mean_width,tuned - fixed,-2.7029147982062796
31,zoo_cnn,20,mean_width_inclusive,tuned - fixed,-2.7029147982062796
31,zoo_cnn,20,mean_q,tuned - fixed,-0.011691223574631593
31,zoo_cnn,20,crps_game_equal,tuned - fixed,-0.0011761394372440878
31,zoo_cnn,20,coverage_game_equal,tuned - fixed,-0.000793155835782211
31,zoo_cnn,20,mean_width_game_equal,tuned - fixed,-2.724050795939469
31,zoo_cnn,20,mean_width_inclusive_game_equal,tuned - fixed,-2.724050795939469
31,lightgbm_multiclass,160,crps,tuned - fixed,0.0
31,lightgbm_multiclass,160,coverage,tuned - fixed,0.0
31,lightgbm_multiclass,160,mean_width,tuned - fixed,0.0
31,lightgbm_multiclass,160,mean_width_inclusive,tuned - fixed,0.0
31,lightgbm_multiclass,160,mean_q,tuned - fixed,0.0
31,lightgbm_multiclass,160,crps_game_equal,tuned - fixed,0.0
31,lightgbm_multiclass,160,coverage_game_equal,tuned - fixed,0.0
31,lightgbm_multiclass,160,mean_width_game_equal,tuned - fixed,0.0
31,lightgbm_multiclass,160,mean_width_inclusive_game_equal,tuned - fixed,0.0
31,ridge_sgd_l2,160,crps,tuned - fixed,-0.00029864475991006785
31,ridge_sgd_l2,160,coverage,tuned - fixed,-0.011691223574631704
31,ridge_sgd_l2,160,mean_width,tuned - fixed,-2.9729340166559908
31,ridge_sgd_l2,160,mean_width_inclusive,tuned - fixed,-2.9729340166559908
31,ridge_sgd_l2,160,mean_q,tuned - fixed,-0.10890454836643176
31,ridge_sgd_l2,160,crps_game_equal,tuned - fixed,-0.0002981732881366661
31,ridge_sgd_l2,160,coverage_game_equal,tuned - fixed,-0.011808208448112811
31,ridge_sgd_l2,160,mean_width_game_equal,tuned - fixed,-2.939635359226685
31,ridge_sgd_l2,160,mean_width_inclusive_game_equal,tuned - fixed,-2.939635359226685
31,set_transformer,160,crps,tuned - fixed,-0.00014052097801365258
31,set_transformer,160,coverage,tuned - fixed,0.004324151185137737
31,set_transformer,160,mean_width,tuned - fixed,0.039878283151827176
31,set_transformer,160,mean_width_inclusive,tuned - fixed,0.039878283151827176
31,set_transformer,160,mean_q,tuned - fixed,0.05877642536835363
31,set_transformer,160,crps_game_equal,tuned - fixed,-0.00015056962236935888
31,set_transformer,160,coverage_game_equal,tuned - fixed,0.004529574960954519
31,set_transformer,160,mean_width_game_equal,tuned - fixed,0.03657346624798308
31,set_transformer,160,mean_width_inclusive_game_equal,tuned - fixed,0.0365734662479813
31,zoo_cnn,160,crps,tuned - fixed,3.8680980215801894e-05
31,zoo_cnn,160,coverage,tuned - fixed,0.00992953235105698
31,zoo_cnn,160,mean_width,tuned - fixed,1.105861627162076
31,zoo_cnn,160,mean_width_inclusive,tuned - fixed,1.1058616271620778
31,zoo_cnn,160,mean_q,tuned - fixed,0.14237668161434974
31,zoo_cnn,160,crps_game_equal,tuned - fixed,4.2468954455983365e-05
31,zoo_cnn,160,coverage_game_equal,tuned - fixed,0.010379057991762308
31,zoo_cnn,160,mean_width_game_equal,tuned - fixed,1.1307396067786968
31,zoo_cnn,160,mean_width_inclusive_game_equal,tuned - fixed,1.1307396067786968
31,lightgbm_multiclass,360,crps,tuned - fixed,0.0
31,lightgbm_multiclass,360,coverage,tuned - fixed,0.0
31,lightgbm_multiclass,360,mean_width,tuned - fixed,0.0
31,lightgbm_multiclass,360,mean_width_inclusive,tuned - fixed,0.0
31,lightgbm_multiclass,360,mean_q,tuned - fixed,0.0
31,lightgbm_multiclass,360,crps_game_equal,tuned - fixed,0.0
31,lightgbm_multiclass,360,coverage_game_equal,tuned - fixed,0.0
31,lightgbm_multiclass,360,mean_width_game_equal,tuned - fixed,0.0
31,lightgbm_multiclass,360,mean_width_inclusive_game_equal,tuned - fixed,0.0
31,ridge_sgd_l2,360,crps,tuned - fixed,-0.0003349316084266703
31,ridge_sgd_l2,360,coverage,tuned - fixed,-0.010890454836643193
31,ridge_sgd_l2,360,mean_width,tuned - fixed,-3.078475336322871
31,ridge_sgd_l2,360,mean_width_inclusive,tuned - fixed,-3.078475336322871
31,ridge_sgd_l2,360,mean_q,tuned - fixed,-0.12796284433055732
31,ridge_sgd_l2,360,crps_game_equal,tuned - fixed,-0.00033244207165224887
31,ridge_sgd_l2,360,coverage_game_equal,tuned - fixed,-0.010956493362541675
31,ridge_sgd_l2,360,mean_width_game_equal,tuned - fixed,-3.0476825746435026
31,ridge_sgd_l2,360,mean_width_inclusive_game_equal,tuned - fixed,-3.0476825746435026
31,set_transformer,360,crps,tuned - fixed,-0.00014194826166232834
31,set_transformer,360,coverage,tuned - fixed,0.006726457399103158
31,set_transformer,360,mean_width,tuned - fixed,-0.3110185778347212
31,set_transformer,360,mean_width_inclusive,tuned - fixed,-0.3110185778347212
31,set_transformer,360,mean_q,tuned - fixed,-0.061659192825112105
31,set_transformer,360,crps_game_equal,tuned - fixed,-0.0001498009973292646
31,set_transformer,360,coverage_game_equal,tuned - fixed,0.006543213386564939
31,set_transformer,360,mean_width_game_equal,tuned - fixed,-0.317263310127343
31,set_transformer,360,mean_width_inclusive_game_equal,tuned - fixed,-0.31726331012733944
31,zoo_cnn,360,crps,tuned - fixed,0.00013050114520000468
31,zoo_cnn,360,coverage,tuned - fixed,0.0022421524663677195
31,zoo_cnn,360,mean_width,tuned - fixed,0.1473414477898789
31,zoo_cnn,360,mean_width_inclusive,tuned - fixed,0.14734144778987712
31,zoo_cnn,360,mean_q,tuned - fixed,-0.0046444586803331194
31,zoo_cnn,360,crps_game_equal,tuned - fixed,0.00010180868266853813
31,zoo_cnn,360,coverage_game_equal,tuned - fixed,0.0038225592017336885
31,zoo_cnn,360,mean_width_game_equal,tuned - fixed,0.17131662772228218
31,zoo_cnn,360,mean_width_inclusive_game_equal,tuned - fixed,0.17131662772228395
32,lightgbm_multiclass,20,crps,tuned - fixed,0.0
32,lightgbm_multiclass,20,coverage,tuned - fixed,0.0
32,lightgbm_multiclass,20,mean_width,tuned - fixed,0.0
32,lightgbm_multiclass,20,mean_width_inclusive,tuned - fixed,0.0
32,lightgbm_multiclass,20,mean_q,tuned - fixed,0.0
32,lightgbm_multiclass,20,crps_game_equal,tuned - fixed,0.0
32,lightgbm_multiclass,20,coverage_game_equal,tuned - fixed,0.0
32,lightgbm_multiclass,20,mean_width_game_equal,tuned - fixed,0.0
32,lightgbm_multiclass,20,mean_width_inclusive_game_equal,tuned - fixed,0.0
32,ridge_sgd_l2,20,crps,tuned - fixed,-0.00020382048245417075
32,ridge_sgd_l2,20,coverage,tuned - fixed,-0.009151414309484185
32,ridge_sgd_l2,20,mean_width,tuned - fixed,-2.444425956738769
32,ridge_sgd_l2,20,mean_width_inclusive,tuned - fixed,-2.444425956738769
32,ridge_sgd_l2,20,mean_q,tuned - fixed,-0.09550748752079868
32,ridge_sgd_l2,20,crps_game_equal,tuned - fixed,-0.00019988936984056786
32,ridge_sgd_l2,20,coverage_game_equal,tuned - fixed,-0.009484262842926694
32,ridge_sgd_l2,20,mean_width_game_equal,tuned - fixed,-2.4118835410037214
32,ridge_sgd_l2,20,mean_width_inclusive_game_equal,tuned - fixed,-2.4118835410037214
32,set_transformer,20,crps,tuned - fixed,-0.0002730968124106149
32,set_transformer,20,coverage,tuned - fixed,0.04242928452579031
32,set_transformer,20,mean_width,tuned - fixed,5.099833610648918
32,set_transformer,20,mean_width_inclusive,tuned - fixed,5.099833610648918
32,set_transformer,20,mean_q,tuned - fixed,-0.28668885191347754
32,set_transformer,20,crps_game_equal,tuned - fixed,-0.0002726870686347808
32,set_transformer,20,coverage_game_equal,tuned - fixed,0.042282564345318185
32,set_transformer,20,mean_width_game_equal,tuned - fixed,5.107082331652659
32,set_transformer,20,mean_width_inclusive_game_equal,tuned - fixed,5.107082331652659
32,zoo_cnn,20,crps,tuned - fixed,6.064795259747013e-09
32,zoo_cnn,20,coverage,tuned - fixed,0.0
32,zoo_cnn,20,mean_width,tuned - fixed,0.00016638935108304054
32,zoo_cnn,20,mean_width_inclusive,tuned - fixed,0.00016638935108304054
32,zoo_cnn,20,mean_q,tuned - fixed,0.0
32,zoo_cnn,20,crps_game_equal,tuned - fixed,6.048665148611354e-09
32,zoo_cnn,20,coverage_game_equal,tuned - fixed,0.0
32,zoo_cnn,20,mean_width_game_equal,tuned - fixed,0.0001489646953700685
32,zoo_cnn,20,mean_width_inclusive_game_equal,tuned - fixed,0.0001489646953700685
32,lightgbm_multiclass,160,crps,tuned - fixed,0.0
32,lightgbm_multiclass,160,coverage,tuned - fixed,0.0
32,lightgbm_multiclass,160,mean_width,tuned - fixed,0.0
32,lightgbm_multiclass,160,mean_width_inclusive,tuned - fixed,0.0
32,lightgbm_multiclass,160,mean_q,tuned - fixed,0.0
32,lightgbm_multiclass,160,crps_game_equal,tuned - fixed,0.0
32,lightgbm_multiclass,160,coverage_game_equal,tuned - fixed,0.0
32,lightgbm_multiclass,160,mean_width_game_equal,tuned - fixed,0.0
32,lightgbm_multiclass,160,mean_width_inclusive_game_equal,tuned - fixed,0.0
32,ridge_sgd_l2,160,crps,tuned - fixed,-0.00027997056520321154
32,ridge_sgd_l2,160,coverage,tuned - fixed,-0.008153078202994934
32,ridge_sgd_l2,160,mean_width,tuned - fixed,-2.6058236272878545
32,ridge_sgd_l2,160,mean_width_inclusive,tuned - fixed,-2.6058236272878545
32,ridge_sgd_l2,160,mean_q,tuned - fixed,0.014975041597337757
32,ridge_sgd_l2,160,crps_game_equal,tuned - fixed,-0.0002800993249802014
32,ridge_sgd_l2,160,coverage_game_equal,tuned - fixed,-0.00801916065729702
32,ridge_sgd_l2,160,mean_width_game_equal,tuned - fixed,-2.5734310677801595
32,ridge_sgd_l2,160,mean_width_inclusive_game_equal,tuned - fixed,-2.5734310677801595
32,set_transformer,160,crps,tuned - fixed,3.439237860662636e-06
32,set_transformer,160,coverage,tuned - fixed,-0.0014975041597338201
32,set_transformer,160,mean_width,tuned - fixed,-0.2908485856905152
32,set_transformer,160,mean_width_inclusive,tuned - fixed,-0.2908485856905152
32,set_transformer,160,mean_q,tuned - fixed,-0.2951747088186356
32,set_transformer,160,crps_game_equal,tuned - fixed,-1.4226974221704172e-05
32,set_transformer,160,coverage_game_equal,tuned - fixed,-0.0010918845190681647
32,set_transformer,160,mean_width_game_equal,tuned - fixed,-0.28897517769291703
32,set_transformer,160,mean_width_inclusive_game_equal,tuned - fixed,-0.2889751776929188
32,zoo_cnn,160,crps,tuned - fixed,-0.00022355558312047927
32,zoo_cnn,160,coverage,tuned - fixed,0.0053244592346090025
32,zoo_cnn,160,mean_width,tuned - fixed,0.7341098169717153
32,zoo_cnn,160,mean_width_inclusive,tuned - fixed,0.7341098169717135
32,zoo_cnn,160,mean_q,tuned - fixed,-0.3044925124792013
32,zoo_cnn,160,crps_game_equal,tuned - fixed,-0.00019833611798779176
32,zoo_cnn,160,coverage_game_equal,tuned - fixed,0.005461245313248431
32,zoo_cnn,160,mean_width_game_equal,tuned - fixed,0.7619486365153492
32,zoo_cnn,160,mean_width_inclusive_game_equal,tuned - fixed,0.7619486365153456
32,lightgbm_multiclass,360,crps,tuned - fixed,0.0
32,lightgbm_multiclass,360,coverage,tuned - fixed,0.0
32,lightgbm_multiclass,360,mean_width,tuned - fixed,0.0
32,lightgbm_multiclass,360,mean_width_inclusive,tuned - fixed,0.0
32,lightgbm_multiclass,360,mean_q,tuned - fixed,0.0
32,lightgbm_multiclass,360,crps_game_equal,tuned - fixed,0.0
32,lightgbm_multiclass,360,coverage_game_equal,tuned - fixed,0.0
32,lightgbm_multiclass,360,mean_width_game_equal,tuned - fixed,0.0
32,lightgbm_multiclass,360,mean_width_inclusive_game_equal,tuned - fixed,0.0
32,ridge_sgd_l2,360,crps,tuned - fixed,-0.00030868602133792694
32,ridge_sgd_l2,360,coverage,tuned - fixed,-0.008818635607321101
32,ridge_sgd_l2,360,mean_width,tuned - fixed,-2.8475873544093204
32,ridge_sgd_l2,360,mean_width_inclusive,tuned - fixed,-2.8475873544093204
32,ridge_sgd_l2,360,mean_q,tuned - fixed,-0.12928452579034938
32,ridge_sgd_l2,360,crps_game_equal,tuned - fixed,-0.0003078721659592956
32,ridge_sgd_l2,360,coverage_game_equal,tuned - fixed,-0.008903355977698868
32,ridge_sgd_l2,360,mean_width_game_equal,tuned - fixed,-2.8100657239965408
32,ridge_sgd_l2,360,mean_width_inclusive_game_equal,tuned - fixed,-2.8100657239965443
32,set_transformer,360,crps,tuned - fixed,-8.797246606895986e-05
32,set_transformer,360,coverage,tuned - fixed,0.004991680532445919
32,set_transformer,360,mean_width,tuned - fixed,0.3627287853577368
32,set_transformer,360,mean_width_inclusive,tuned - fixed,0.3627287853577368
32,set_transformer,360,mean_q,tuned - fixed,-0.06156405990016639
32,set_transformer,360,crps_game_equal,tuned - fixed,-9.437328108781451e-05
32,set_transformer,360,coverage_game_equal,tuned - fixed,0.005207887665122479
32,set_transformer,360,mean_width_game_equal,tuned - fixed,0.3628326300895033
32,set_transformer,360,mean_width_inclusive_game_equal,tuned - fixed,0.3628326300895033
32,zoo_cnn,360,crps,tuned - fixed,-0.000741776597438893
32,zoo_cnn,360,coverage,tuned - fixed,0.014475873544093076
32,zoo_cnn,360,mean_width,tuned - fixed,1.1838602329450918
32,zoo_cnn,360,mean_width_inclusive,tuned - fixed,1.1838602329450918
32,zoo_cnn,360,mean_q,tuned - fixed,0.673377703826955
32,zoo_cnn,360,crps_game_equal,tuned - fixed,-0.0007122644711291832
32,zoo_cnn,360,coverage_game_equal,tuned - fixed,0.014361332274918759
32,zoo_cnn,360,mean_width_game_equal,tuned - fixed,1.2039472813000849
32,zoo_cnn,360,mean_width_inclusive_game_equal,tuned - fixed,1.2039472813000867
33,lightgbm_multiclass,20,crps,tuned - fixed,0.0
33,lightgbm_multiclass,20,coverage,tuned - fixed,0.0
33,lightgbm_multiclass,20,mean_width,tuned - fixed,0.0
33,lightgbm_multiclass,20,mean_width_inclusive,tuned - fixed,0.0
33,lightgbm_multiclass,20,mean_q,tuned - fixed,0.0
33,lightgbm_multiclass,20,crps_game_equal,tuned - fixed,0.0
33,lightgbm_multiclass,20,coverage_game_equal,tuned - fixed,0.0
33,lightgbm_multiclass,20,mean_width_game_equal,tuned - fixed,0.0
33,lightgbm_multiclass,20,mean_width_inclusive_game_equal,tuned - fixed,0.0
33,ridge_sgd_l2,20,crps,tuned - fixed,-0.00019704837979022186
33,ridge_sgd_l2,20,coverage,tuned - fixed,-0.007937793617365907
33,ridge_sgd_l2,20,mean_width,tuned - fixed,-2.7738538797991232
33,ridge_sgd_l2,20,mean_width_inclusive,tuned - fixed,-2.7738538797991232
33,ridge_sgd_l2,20,mean_q,tuned - fixed,-0.24655758950267292
33,ridge_sgd_l2,20,crps_game_equal,tuned - fixed,-0.00018743674583459463
33,ridge_sgd_l2,20,coverage_game_equal,tuned - fixed,-0.007690097426295783
33,ridge_sgd_l2,20,mean_width_game_equal,tuned - fixed,-2.7373759126673924
33,ridge_sgd_l2,20,mean_width_inclusive_game_equal,tuned - fixed,-2.7373759126673924
33,set_transformer,20,crps,tuned - fixed,5.10878210898541e-08
33,set_transformer,20,coverage,tuned - fixed,0.0
33,set_transformer,20,mean_width,tuned - fixed,0.003239915762190293
33,set_transformer,20,mean_width_inclusive,tuned - fixed,0.003239915762190293
33,set_transformer,20,mean_q,tuned - fixed,0.0012959663048760506
33,set_transformer,20,crps_game_equal,tuned - fixed,5.31571554308885e-08
33,set_transformer,20,coverage_game_equal,tuned - fixed,0.0
33,set_transformer,20,mean_width_game_equal,tuned - fixed,0.0030474184755107103
33,set_transformer,20,mean_width_inclusive_game_equal,tuned - fixed,0.0030474184755071576
33,zoo_cnn,20,crps,tuned - fixed,-0.0007244590556348043
33,zoo_cnn,20,coverage,tuned - fixed,-0.0048598736432853284
33,zoo_cnn,20,mean_width,tuned - fixed,1.1681516280576716
33,zoo_cnn,20,mean_width_inclusive,tuned - fixed,1.1681516280576716
33,zoo_cnn,20,mean_q,tuned - fixed,-2.531022193422971
33,zoo_cnn,20,crps_game_equal,tuned - fixed,-0.0007287461352720234
33,zoo_cnn,20,coverage_game_equal,tuned - fixed,-0.00619679378125193
33,zoo_cnn,20,mean_width_game_equal,tuned - fixed,1.1462069146032583
33,zoo_cnn,20,mean_width_inclusive_game_equal,tuned - fixed,1.1462069146032583
33,lightgbm_multiclass,160,crps,tuned - fixed,0.0
33,lightgbm_multiclass,160,coverage,tuned - fixed,0.0
33,lightgbm_multiclass,160,mean_width,tuned - fixed,0.0
33,lightgbm_multiclass,160,mean_width_inclusive,tuned - fixed,0.0
33,lightgbm_multiclass,160,mean_q,tuned - fixed,0.0
33,lightgbm_multiclass,160,crps_game_equal,tuned - fixed,0.0
33,lightgbm_multiclass,160,coverage_game_equal,tuned - fixed,0.0
33,lightgbm_multiclass,160,mean_width_game_equal,tuned - fixed,0.0
33,lightgbm_multiclass,160,mean_width_inclusive_game_equal,tuned - fixed,0.0
33,ridge_sgd_l2,160,crps,tuned - fixed,-0.0003062178970147638
33,ridge_sgd_l2,160,coverage,tuned - fixed,-0.011987688320103662
33,ridge_sgd_l2,160,mean_width,tuned - fixed,-3.1440142556293544
33,ridge_sgd_l2,160,mean_width_inclusive,tuned - fixed,-3.1440142556293544
33,ridge_sgd_l2,160,mean_q,tuned - fixed,-0.11615098007451807
33,ridge_sgd_l2,160,crps_game_equal,tuned - fixed,-0.00030180307699624424
33,ridge_sgd_l2,160,coverage_game_equal,tuned - fixed,-0.011820489869437178
33,ridge_sgd_l2,160,mean_width_game_equal,tuned - fixed,-3.1125869363921055
33,ridge_sgd_l2,160,mean_width_inclusive_game_equal,tuned - fixed,-3.1125869363921055
33,set_transformer,160,crps,tuned - fixed,-7.085981301559185e-05
33,set_transformer,160,coverage,tuned - fixed,0.005183865219504313
33,set_transformer,160,mean_width,tuned - fixed,-0.0157135914466231
33,set_transformer,160,mean_width_inclusive,tuned - fixed,-0.015713591446619546
33,set_transformer,160,mean_q,tuned - fixed,0.0
33,set_transformer,160,crps_game_equal,tuned - fixed,-7.267508430289574e-05
33,set_transformer,160,coverage_game_equal,tuned - fixed,0.004996032858573196
33,set_transformer,160,mean_width_game_equal,tuned - fixed,-0.013706577097337913
33,set_transformer,160,mean_width_inclusive_game_equal,tuned - fixed,-0.013706577097337913
33,zoo_cnn,160,crps,tuned - fixed,-1.9916515606871465e-09
33,zoo_cnn,160,coverage,tuned - fixed,0.0
33,zoo_cnn,160,mean_width,tuned - fixed,0.0
33,zoo_cnn,160,mean_width_inclusive,tuned - fixed,0.0
33,zoo_cnn,160,mean_q,tuned - fixed,0.0
33,zoo_cnn,160,crps_game_equal,tuned - fixed,-2.0660238363862105e-09
33,zoo_cnn,160,coverage_game_equal,tuned - fixed,0.0
33,zoo_cnn,160,mean_width_game_equal,tuned - fixed,0.0
33,zoo_cnn,160,mean_width_inclusive_game_equal,tuned - fixed,0.0
33,lightgbm_multiclass,360,crps,tuned - fixed,0.0
33,lightgbm_multiclass,360,coverage,tuned - fixed,0.0
33,lightgbm_multiclass,360,mean_width,tuned - fixed,0.0
33,lightgbm_multiclass,360,mean_width_inclusive,tuned - fixed,0.0
33,lightgbm_multiclass,360,mean_q,tuned - fixed,0.0
33,lightgbm_multiclass,360,crps_game_equal,tuned - fixed,0.0
33,lightgbm_multiclass,360,coverage_game_equal,tuned - fixed,0.0
33,lightgbm_multiclass,360,mean_width_game_equal,tuned - fixed,0.0
33,lightgbm_multiclass,360,mean_width_inclusive_game_equal,tuned - fixed,0.0
33,ridge_sgd_l2,360,crps,tuned - fixed,-0.0003249545813476893
33,ridge_sgd_l2,360,coverage,tuned - fixed,-0.009233759922241958
33,ridge_sgd_l2,360,mean_width,tuned - fixed,-3.058642475295642
33,ridge_sgd_l2,360,mean_width_inclusive,tuned - fixed,-3.058642475295642
33,ridge_sgd_l2,360,mean_q,tuned - fixed,-0.21140450348290946
33,ridge_sgd_l2,360,crps_game_equal,tuned - fixed,-0.0003213456752860066
33,ridge_sgd_l2,360,coverage_game_equal,tuned - fixed,-0.00931673332566274
33,ridge_sgd_l2,360,mean_width_game_equal,tuned - fixed,-3.0289216919975885
33,ridge_sgd_l2,360,mean_width_inclusive_game_equal,tuned - fixed,-3.0289216919975885
33,set_transformer,360,crps,tuned - fixed,1.071232853842169e-06
33,set_transformer,360,coverage,tuned - fixed,0.002105945245423624
33,set_transformer,360,mean_width,tuned - fixed,-0.18807710999513993
33,set_transformer,360,mean_width_inclusive,tuned - fixed,-0.18807710999513993
33,set_transformer,360,mean_q,tuned - fixed,-0.00566985258383282
33,set_transformer,360,crps_game_equal,tuned - fixed,-2.5347023907777017e-06
33,set_transformer,360,coverage_game_equal,tuned - fixed,0.002225838225793253
33,set_transformer,360,mean_width_game_equal,tuned - fixed,-0.19471196047271455
33,set_transformer,360,mean_width_inclusive_game_equal,tuned - fixed,-0.19471196047271455
33,zoo_cnn,360,crps,tuned - fixed,-2.213560584829466e-10
33,zoo_cnn,360,coverage,tuned - fixed,0.0
33,zoo_cnn,360,mean_width,tuned - fixed,0.0
33,zoo_cnn,360,mean_width_inclusive,tuned - fixed,0.0
33,zoo_cnn,360,mean_q,tuned - fixed,0.0
33,zoo_cnn,360,crps_game_equal,tuned - fixed,-9.753034491133405e-11
33,zoo_cnn,360,coverage_game_equal,tuned - fixed,0.0
33,zoo_cnn,360,mean_width_game_equal,tuned - fixed,0.0
33,zoo_cnn,360,mean_width_inclusive_game_equal,tuned - fixed,0.0
34,lightgbm_multiclass,20,crps,tuned - fixed,0.0
34,lightgbm_multiclass,20,coverage,tuned - fixed,0.0
34,lightgbm_multiclass,20,mean_width,tuned - fixed,0.0
34,lightgbm_multiclass,20,mean_width_inclusive,tuned - fixed,0.0
34,lightgbm_multiclass,20,mean_q,tuned - fixed,0.0
34,lightgbm_multiclass,20,crps_game_equal,tuned - fixed,0.0
34,lightgbm_multiclass,20,coverage_game_equal,tuned - fixed,0.0
34,lightgbm_multiclass,20,mean_width_game_equal,tuned - fixed,0.0
34,lightgbm_multiclass,20,mean_width_inclusive_game_equal,tuned - fixed,0.0
34,ridge_sgd_l2,20,crps,tuned - fixed,-0.00019009755338456405
34,ridge_sgd_l2,20,coverage,tuned - fixed,-0.004547669319473813
34,ridge_sgd_l2,20,mean_width,tuned - fixed,-2.397271398408318
34,ridge_sgd_l2,20,mean_width_inclusive,tuned - fixed,-2.397271398408318
34,ridge_sgd_l2,20,mean_q,tuned - fixed,-0.15072275458827353
34,ridge_sgd_l2,20,crps_game_equal,tuned - fixed,-0.00018390587870327664
34,ridge_sgd_l2,20,coverage_game_equal,tuned - fixed,-0.004630562343156508
34,ridge_sgd_l2,20,mean_width_game_equal,tuned - fixed,-2.357284238475067
34,ridge_sgd_l2,20,mean_width_inclusive_game_equal,tuned - fixed,-2.357284238475067
34,set_transformer,20,crps,tuned - fixed,5.101711823309041e-08
34,set_transformer,20,coverage,tuned - fixed,0.0
34,set_transformer,20,mean_width,tuned - fixed,0.0006496670456392906
34,set_transformer,20,mean_width_inclusive,tuned - fixed,0.0006496670456392906
34,set_transformer,20,mean_q,tuned - fixed,-0.000162416761409781
34,set_transformer,20,crps_game_equal,tuned - fixed,4.888386668198963e-08
34,set_transformer,20,coverage_game_equal,tuned - fixed,0.0
34,set_transformer,20,mean_width_game_equal,tuned - fixed,0.000549885802740846
34,set_transformer,20,mean_width_inclusive_game_equal,tuned - fixed,0.0005498858027443987
34,zoo_cnn,20,crps,tuned - fixed,-0.0004333121266081475
34,zoo_cnn,20,coverage,tuned - fixed,-0.0034107519896053873
34,zoo_cnn,20,mean_width,tuned - fixed,-0.2824427480916043
34,zoo_cnn,20,mean_width_inclusive,tuned - fixed,-0.2824427480916043
34,zoo_cnn,20,mean_q,tuned - fixed,-0.6006171836933571
34,zoo_cnn,20,crps_game_equal,tuned - fixed,-0.0004499697487668781
34,zoo_cnn,20,coverage_game_equal,tuned - fixed,-0.002837517521610766
34,zoo_cnn,20,mean_width_game_equal,tuned - fixed,-0.25129223531793343
34,zoo_cnn,20,mean_width_inclusive_game_equal,tuned - fixed,-0.2512922353179299
34,lightgbm_multiclass,160,crps,tuned - fixed,0.0
34,lightgbm_multiclass,160,coverage,tuned - fixed,0.0
34,lightgbm_multiclass,160,mean_width,tuned - fixed,0.0
34,lightgbm_multiclass,160,mean_width_inclusive,tuned - fixed,0.0
34,lightgbm_multiclass,160,mean_q,tuned - fixed,0.0
34,lightgbm_multiclass,160,crps_game_equal,tuned - fixed,0.0
34,lightgbm_multiclass,160,coverage_game_equal,tuned - fixed,0.0
34,lightgbm_multiclass,160,mean_width_game_equal,tuned - fixed,0.0
34,lightgbm_multiclass,160,mean_width_inclusive_game_equal,tuned - fixed,0.0
34,ridge_sgd_l2,160,crps,tuned - fixed,-0.0003490550721730844
34,ridge_sgd_l2,160,coverage,tuned - fixed,-0.01169400682150401
34,ridge_sgd_l2,160,mean_width,tuned - fixed,-2.981809322722107
34,ridge_sgd_l2,160,mean_width_inclusive,tuned - fixed,-2.981809322722107
34,ridge_sgd_l2,160,mean_q,tuned - fixed,-0.027935682962481723
34,ridge_sgd_l2,160,crps_game_equal,tuned - fixed,-0.0003438238185054232
34,ridge_sgd_l2,160,coverage_game_equal,tuned - fixed,-0.0117300766813484
34,ridge_sgd_l2,160,mean_width_game_equal,tuned - fixed,-2.9362948888133076
34,ridge_sgd_l2,160,mean_width_inclusive_game_equal,tuned - fixed,-2.9362948888133076
34,set_transformer,160,crps,tuned - fixed,-1.682506473689102e-05
34,set_transformer,160,coverage,tuned - fixed,-0.0011369173298684254
34,set_transformer,160,mean_width,tuned - fixed,-0.08039629689783823
34,set_transformer,160,mean_width_inclusive,tuned - fixed,-0.08039629689783823
34,set_transformer,160,mean_q,tuned - fixed,0.06106870229007634
34,set_transformer,160,crps_game_equal,tuned - fixed,-2.322931299130783e-05
34,set_transformer,160,coverage_game_equal,tuned - fixed,-0.0008401599732417164
34,set_transformer,160,mean_width_game_equal,tuned - fixed,-0.07908481750684082
34,set_transformer,160,mean_width_inclusive_game_equal,tuned - fixed,-0.07908481750684082
34,zoo_cnn,160,crps,tuned - fixed,2.475497258569437e-09
34,zoo_cnn,160,coverage,tuned - fixed,0.0
34,zoo_cnn,160,mean_width,tuned - fixed,0.00016241676140893446
34,zoo_cnn,160,mean_width_inclusive,tuned - fixed,0.00016241676140893446
34,zoo_cnn,160,mean_q,tuned - fixed,0.0
34,zoo_cnn,160,crps_game_equal,tuned - fixed,2.3610192134704278e-09
34,zoo_cnn,160,coverage_game_equal,tuned - fixed,0.0
34,zoo_cnn,160,mean_width_game_equal,tuned - fixed,0.00014598540145982497
34,zoo_cnn,160,mean_width_inclusive_game_equal,tuned - fixed,0.00014598540145982497
34,lightgbm_multiclass,360,crps,tuned - fixed,0.0
34,lightgbm_multiclass,360,coverage,tuned - fixed,0.0
34,lightgbm_multiclass,360,mean_width,tuned - fixed,0.0
34,lightgbm_multiclass,360,mean_width_inclusive,tuned - fixed,0.0
34,lightgbm_multiclass,360,mean_q,tuned - fixed,0.0
34,lightgbm_multiclass,360,crps_game_equal,tuned - fixed,0.0
34,lightgbm_multiclass,360,coverage_game_equal,tuned - fixed,0.0
34,lightgbm_multiclass,360,mean_width_game_equal,tuned - fixed,0.0
34,lightgbm_multiclass,360,mean_width_inclusive_game_equal,tuned - fixed,0.0
34,ridge_sgd_l2,360,crps,tuned - fixed,-0.00033454984725053184
34,ridge_sgd_l2,360,coverage,tuned - fixed,-0.010719506253045297
34,ridge_sgd_l2,360,mean_width,tuned - fixed,-2.9298359590709744
34,ridge_sgd_l2,360,mean_width_inclusive,tuned - fixed,-2.9298359590709744
34,ridge_sgd_l2,360,mean_q,tuned - fixed,-0.0061718369335715395
34,ridge_sgd_l2,360,crps_game_equal,tuned - fixed,-0.0003300139639747929
34,ridge_sgd_l2,360,coverage_game_equal,tuned - fixed,-0.010931058564637719
34,ridge_sgd_l2,360,mean_width_game_equal,tuned - fixed,-2.8938542036834427
34,ridge_sgd_l2,360,mean_width_inclusive_game_equal,tuned - fixed,-2.893854203683439
34,set_transformer,360,crps,tuned - fixed,-4.850165578628579e-05
34,set_transformer,360,coverage,tuned - fixed,-0.0029235017053760304
34,set_transformer,360,mean_width,tuned - fixed,-0.4318661685885985
34,set_transformer,360,mean_width_inclusive,tuned - fixed,-0.4318661685885985
34,set_transformer,360,mean_q,tuned - fixed,-0.029235017053759943
34,set_transformer,360,crps_game_equal,tuned - fixed,-5.2525976453408896e-05
34,set_transformer,360,coverage_game_equal,tuned - fixed,-0.0031259021552209054
34,set_transformer,360,mean_width_game_equal,tuned - fixed,-0.4331284918124183
34,set_transformer,360,mean_width_inclusive_game_equal,tuned - fixed,-0.4331284918124201
34,zoo_cnn,360,crps,tuned - fixed,-0.0001334809441495364
34,zoo_cnn,360,coverage,tuned - fixed,0.0024362514211466735
34,zoo_cnn,360,mean_width,tuned - fixed,-0.10995614747441884
34,zoo_cnn,360,mean_width_inclusive,tuned - fixed,-0.10995614747441884
34,zoo_cnn,360,mean_q,tuned - fixed,1.1633912619782363
34,zoo_cnn,360,crps_game_equal,tuned - fixed,-0.0001195321204528043
34,zoo_cnn,360,coverage_game_equal,tuned - fixed,0.002112368842913215
34,zoo_cnn,360,mean_width_game_equal,tuned - fixed,-0.12480643228192889
34,zoo_cnn,360,mean_width_inclusive_game_equal,tuned - fixed,-0.12480643228192889
35,lightgbm_multiclass,20,crps,tuned - fixed,0.0
35,lightgbm_multiclass,20,coverage,tuned - fixed,0.0
35,lightgbm_multiclass,20,mean_width,tuned - fixed,0.0
35,lightgbm_multiclass,20,mean_width_inclusive,tuned - fixed,0.0
35,lightgbm_multiclass,20,mean_q,tuned - fixed,0.0
35,lightgbm_multiclass,20,crps_game_equal,tuned - fixed,0.0
35,lightgbm_multiclass,20,coverage_game_equal,tuned - fixed,0.0
35,lightgbm_multiclass,20,mean_width_game_equal,tuned - fixed,0.0
35,lightgbm_multiclass,20,mean_width_inclusive_game_equal,tuned - fixed,0.0
35,ridge_sgd_l2,20,crps,tuned - fixed,-8.802192016687041e-05
35,ridge_sgd_l2,20,coverage,tuned - fixed,-0.012953367875647714
35,ridge_sgd_l2,20,mean_width,tuned - fixed,-3.4940090673575135
35,ridge_sgd_l2,20,mean_width_inclusive,tuned - fixed,-3.4940090673575135
35,ridge_sgd_l2,20,mean_q,tuned - fixed,0.4120790155440416
35,ridge_sgd_l2,20,crps_game_equal,tuned - fixed,-8.535486442828866e-05
35,ridge_sgd_l2,20,coverage_game_equal,tuned - fixed,-0.01244777883176773
35,ridge_sgd_l2,20,mean_width_game_equal,tuned - fixed,-3.4659357468585412
35,ridge_sgd_l2,20,mean_width_inclusive_game_equal,tuned - fixed,-3.4659357468585412
35,set_transformer,20,crps,tuned - fixed,-0.00010276099939437837
35,set_transformer,20,coverage,tuned - fixed,0.0004857512953367893
35,set_transformer,20,mean_width,tuned - fixed,1.1364961139896366
35,set_transformer,20,mean_width_inclusive,tuned - fixed,1.1364961139896366
35,set_transformer,20,mean_q,tuned - fixed,0.0
35,set_transformer,20,crps_game_equal,tuned - fixed,-0.00010974060678978735
35,set_transformer,20,coverage_game_equal,tuned - fixed,0.000763792951075537
35,set_transformer,20,mean_width_game_equal,tuned - fixed,1.156534128043024
35,set_transformer,20,mean_width_inclusive_game_equal,tuned - fixed,1.156534128043024
35,zoo_cnn,20,crps,tuned - fixed,-0.0002827641282783927
35,zoo_cnn,20,coverage,tuned - fixed,-0.032869170984455964
35,zoo_cnn,20,mean_width,tuned - fixed,-16.236560880829014
35,zoo_cnn,20,mean_width_inclusive,tuned - fixed,-16.236560880829014
35,zoo_cnn,20,mean_q,tuned - fixed,0.3035945595854921
35,zoo_cnn,20,crps_game_equal,tuned - fixed,-0.0003065422352539378
35,zoo_cnn,20,coverage_game_equal,tuned - fixed,-0.03212482279587692
35,zoo_cnn,20,mean_width_game_equal,tuned - fixed,-16.076478862998567
35,zoo_cnn,20,mean_width_inclusive_game_equal,tuned - fixed,-16.076478862998574
35,lightgbm_multiclass,160,crps,tuned - fixed,0.0
35,lightgbm_multiclass,160,coverage,tuned - fixed,0.0
35,lightgbm_multiclass,160,mean_width,tuned - fixed,0.0
35,lightgbm_multiclass,160,mean_width_inclusive,tuned - fixed,0.0
35,lightgbm_multiclass,160,mean_q,tuned - fixed,0.0
35,lightgbm_multiclass,160,crps_game_equal,tuned - fixed,0.0
35,lightgbm_multiclass,160,coverage_game_equal,tuned - fixed,0.0
35,lightgbm_multiclass,160,mean_width_game_equal,tuned - fixed,0.0
35,lightgbm_multiclass,160,mean_width_inclusive_game_equal,tuned - fixed,0.0
35,ridge_sgd_l2,160,crps,tuned - fixed,-0.00032500057539470474
35,ridge_sgd_l2,160,coverage,tuned - fixed,-0.014734455958549275
35,ridge_sgd_l2,160,mean_width,tuned - fixed,-2.7624676165803095
35,ridge_sgd_l2,160,mean_width_inclusive,tuned - fixed,-2.7624676165803095
35,ridge_sgd_l2,160,mean_q,tuned - fixed,-0.020401554404145095
35,ridge_sgd_l2,160,crps_game_equal,tuned - fixed,-0.00032199503215962245
35,ridge_sgd_l2,160,coverage_game_equal,tuned - fixed,-0.014667877964194442
35,ridge_sgd_l2,160,mean_width_game_equal,tuned - fixed,-2.7438334270649136
35,ridge_sgd_l2,160,mean_width_inclusive_game_equal,tuned - fixed,-2.7438334270649136
35,set_transformer,160,crps,tuned - fixed,-0.00012625985276512944
35,set_transformer,160,coverage,tuned - fixed,0.010200777202072464
35,set_transformer,160,mean_width,tuned - fixed,0.8363018134715023
35,set_transformer,160,mean_width_inclusive,tuned - fixed,0.8363018134715023
35,set_transformer,160,mean_q,tuned - fixed,-0.18199481865284978
35,set_transformer,160,crps_game_equal,tuned - fixed,-0.00012364680198550908
35,set_transformer,160,coverage_game_equal,tuned - fixed,0.010424252156087666
35,set_transformer,160,mean_width_game_equal,tuned - fixed,0.8362619367383548
35,set_transformer,160,mean_width_inclusive_game_equal,tuned - fixed,0.8362619367383566
35,zoo_cnn,160,crps,tuned - fixed,-9.024950543834453e-10
35,zoo_cnn,160,coverage,tuned - fixed,0.0
35,zoo_cnn,160,mean_width,tuned - fixed,0.0
35,zoo_cnn,160,mean_width_inclusive,tuned - fixed,0.0
35,zoo_cnn,160,mean_q,tuned - fixed,0.0
35,zoo_cnn,160,crps_game_equal,tuned - fixed,-8.185106880470583e-10
35,zoo_cnn,160,coverage_game_equal,tuned - fixed,0.0
35,zoo_cnn,160,mean_width_game_equal,tuned - fixed,0.0
35,zoo_cnn,160,mean_width_inclusive_game_equal,tuned - fixed,0.0
35,lightgbm_multiclass,360,crps,tuned - fixed,0.0
35,lightgbm_multiclass,360,coverage,tuned - fixed,0.0
35,lightgbm_multiclass,360,mean_width,tuned - fixed,0.0
35,lightgbm_multiclass,360,mean_width_inclusive,tuned - fixed,0.0
35,lightgbm_multiclass,360,mean_q,tuned - fixed,0.0
35,lightgbm_multiclass,360,crps_game_equal,tuned - fixed,0.0
35,lightgbm_multiclass,360,coverage_game_equal,tuned - fixed,0.0
35,lightgbm_multiclass,360,mean_width_game_equal,tuned - fixed,0.0
35,lightgbm_multiclass,360,mean_width_inclusive_game_equal,tuned - fixed,0.0
35,ridge_sgd_l2,360,crps,tuned - fixed,-0.00032132088489693865
35,ridge_sgd_l2,360,coverage,tuned - fixed,-0.012143782383419732
35,ridge_sgd_l2,360,mean_width,tuned - fixed,-2.782707253886013
35,ridge_sgd_l2,360,mean_width_inclusive,tuned - fixed,-2.782707253886013
35,ridge_sgd_l2,360,mean_q,tuned - fixed,-0.0825777202072539
35,ridge_sgd_l2,360,crps_game_equal,tuned - fixed,-0.0003210899929718819
35,ridge_sgd_l2,360,coverage_game_equal,tuned - fixed,-0.012205893382560395
35,ridge_sgd_l2,360,mean_width_game_equal,tuned - fixed,-2.763980331333798
35,ridge_sgd_l2,360,mean_width_inclusive_game_equal,tuned - fixed,-2.763980331333798
35,set_transformer,360,crps,tuned - fixed,1.3738551606665844e-05
35,set_transformer,360,coverage,tuned - fixed,0.00226683937823835
35,set_transformer,360,mean_width,tuned - fixed,-0.647344559585493
35,set_transformer,360,mean_width_inclusive,tuned - fixed,-0.6473445595854947
35,set_transformer,360,mean_q,tuned - fixed,-0.009067357512953369
35,set_transformer,360,crps_game_equal,tuned - fixed,6.678037941939066e-06
35,set_transformer,360,coverage_game_equal,tuned - fixed,0.0023976080264772603
35,set_transformer,360,mean_width_game_equal,tuned - fixed,-0.653686108935144
35,set_transformer,360,mean_width_inclusive_game_equal,tuned - fixed,-0.653686108935144
35,zoo_cnn,360,crps,tuned - fixed,1.5114856415088251e-10
35,zoo_cnn,360,coverage,tuned - fixed,0.0
35,zoo_cnn,360,mean_width,tuned - fixed,-0.0001619170984454854
35,zoo_cnn,360,mean_width_inclusive,tuned - fixed,-0.0001619170984454854
35,zoo_cnn,360,mean_q,tuned - fixed,0.0
35,zoo_cnn,360,crps_game_equal,tuned - fixed,1.2692538686742694e-10
35,zoo_cnn,360,coverage_game_equal,tuned - fixed,0.0
35,zoo_cnn,360,mean_width_game_equal,tuned - fixed,-0.00020855057351276685
35,zoo_cnn,360,mean_width_inclusive_game_equal,tuned - fixed,-0.0002085505735109905
36,lightgbm_multiclass,20,crps,tuned - fixed,0.0
36,lightgbm_multiclass,20,coverage,tuned - fixed,0.0
36,lightgbm_multiclass,20,mean_width,tuned - fixed,0.0
36,lightgbm_multiclass,20,mean_width_inclusive,tuned - fixed,0.0
36,lightgbm_multiclass,20,mean_q,tuned - fixed,0.0
36,lightgbm_multiclass,20,crps_game_equal,tuned - fixed,0.0
36,lightgbm_multiclass,20,coverage_game_equal,tuned - fixed,0.0
36,lightgbm_multiclass,20,mean_width_game_equal,tuned - fixed,0.0
36,lightgbm_multiclass,20,mean_width_inclusive_game_equal,tuned - fixed,0.0
36,ridge_sgd_l2,20,crps,tuned - fixed,-0.0002639225725574335
36,ridge_sgd_l2,20,coverage,tuned - fixed,-0.009963040334243889
36,ridge_sgd_l2,20,mean_width,tuned - fixed,-3.696930740800255
36,ridge_sgd_l2,20,mean_width_inclusive,tuned - fixed,-3.696930740800255
36,ridge_sgd_l2,20,mean_q,tuned - fixed,-0.016712196689699504
36,ridge_sgd_l2,20,crps_game_equal,tuned - fixed,-0.000271418733307242
36,ridge_sgd_l2,20,coverage_game_equal,tuned - fixed,-0.009754376496884598
36,ridge_sgd_l2,20,mean_width_game_equal,tuned - fixed,-3.6869605595371233
36,ridge_sgd_l2,20,mean_width_inclusive_game_equal,tuned - fixed,-3.6869605595371233
36,set_transformer,20,crps,tuned - fixed,0.0001599791107307364
36,set_transformer,20,coverage,tuned - fixed,0.0036959665756065574
36,set_transformer,20,mean_width,tuned - fixed,1.2024746906636672
36,set_transformer,20,mean_width_inclusive,tuned - fixed,1.2024746906636672
36,set_transformer,20,mean_q,tuned - fixed,-0.028121484814398218
36,set_transformer,20,crps_game_equal,tuned - fixed,0.000157555461606302
36,set_transformer,20,coverage_game_equal,tuned - fixed,0.003814899947146233
36,set_transformer,20,mean_width_game_equal,tuned - fixed,1.2132926368100776
36,set_transformer,20,mean_width_inclusive_game_equal,tuned - fixed,1.2132926368100776
36,zoo_cnn,20,crps,tuned - fixed,-0.0008304618202434402
36,zoo_cnn,20,coverage,tuned - fixed,-0.0022497187851517886
36,zoo_cnn,20,mean_width,tuned - fixed,-0.8661417322834666
36,zoo_cnn,20,mean_width_inclusive,tuned - fixed,-0.8661417322834666
36,zoo_cnn,20,mean_q,tuned - fixed,0.9734854571749958
36,zoo_cnn,20,crps_game_equal,tuned - fixed,-0.0008418065453309163
36,zoo_cnn,20,coverage_game_equal,tuned - fixed,-0.001563181875640307
36,zoo_cnn,20,mean_width_game_equal,tuned - fixed,-0.8283482107178806
36,zoo_cnn,20,mean_width_inclusive_game_equal,tuned - fixed,-0.8283482107178806
36,lightgbm_multiclass,160,crps,tuned - fixed,0.0
36,lightgbm_multiclass,160,coverage,tuned - fixed,0.0
36,lightgbm_multiclass,160,mean_width,tuned - fixed,0.0
36,lightgbm_multiclass,160,mean_width_inclusive,tuned - fixed,0.0
36,lightgbm_multiclass,160,mean_q,tuned - fixed,0.0
36,lightgbm_multiclass,160,crps_game_equal,tuned - fixed,0.0
36,lightgbm_multiclass,160,coverage_game_equal,tuned - fixed,0.0
36,lightgbm_multiclass,160,mean_width_game_equal,tuned - fixed,0.0
36,lightgbm_multiclass,160,mean_width_inclusive_game_equal,tuned - fixed,0.0
36,ridge_sgd_l2,160,crps,tuned - fixed,-0.0003190341325599363
36,ridge_sgd_l2,160,coverage,tuned - fixed,-0.012212759119395789
36,ridge_sgd_l2,160,mean_width,tuned - fixed,-2.922063313514382
36,ridge_sgd_l2,160,mean_width_inclusive,tuned - fixed,-2.922063313514382
36,ridge_sgd_l2,160,mean_q,tuned - fixed,0.000803470994697103
36,ridge_sgd_l2,160,crps_game_equal,tuned - fixed,-0.00031910407372787684
36,ridge_sgd_l2,160,coverage_game_equal,tuned - fixed,-0.012510597561818715
36,ridge_sgd_l2,160,mean_width_game_equal,tuned - fixed,-2.9132339418665403
36,ridge_sgd_l2,160,mean_width_inclusive_game_equal,tuned - fixed,-2.9132339418665403
36,set_transformer,160,crps,tuned - fixed,-9.782638923673016e-05
36,set_transformer,160,coverage,tuned - fixed,0.008356098344849738
36,set_transformer,160,mean_width,tuned - fixed,0.2612887674754951
36,set_transformer,160,mean_width_inclusive,tuned - fixed,0.2612887674754951
36,set_transformer,160,mean_q,tuned - fixed,-0.1838341635866945
36,set_transformer,160,crps_game_equal,tuned - fixed,-9.054838781128241e-05
36,set_transformer,160,coverage_game_equal,tuned - fixed,0.007820791298095875
36,set_transformer,160,mean_width_game_equal,tuned - fixed,0.27198862500516974
36,set_transformer,160,mean_width_inclusive_game_equal,tuned - fixed,0.2719886250051715
36,zoo_cnn,160,crps,tuned - fixed,-0.00025923877373132224
36,zoo_cnn,160,coverage,tuned - fixed,0.008998875140607487
36,zoo_cnn,160,mean_width,tuned - fixed,1.094166800578499
36,zoo_cnn,160,mean_width_inclusive,tuned - fixed,1.094166800578499
36,zoo_cnn,160,mean_q,tuned - fixed,-0.8351277518881568
36,zoo_cnn,160,crps_game_equal,tuned - fixed,-0.00029408634616994583
36,zoo_cnn,160,coverage_game_equal,tuned - fixed,0.009138474823709886
36,zoo_cnn,160,mean_width_game_equal,tuned - fixed,1.101309588857454
36,zoo_cnn,160,mean_width_inclusive_game_equal,tuned - fixed,1.101309588857454
36,lightgbm_multiclass,360,crps,tuned - fixed,0.0
36,lightgbm_multiclass,360,coverage,tuned - fixed,0.0
36,lightgbm_multiclass,360,mean_width,tuned - fixed,0.0
36,lightgbm_multiclass,360,mean_width_inclusive,tuned - fixed,0.0
36,lightgbm_multiclass,360,mean_q,tuned - fixed,0.0
36,lightgbm_multiclass,360,crps_game_equal,tuned - fixed,0.0
36,lightgbm_multiclass,360,coverage_game_equal,tuned - fixed,0.0
36,lightgbm_multiclass,360,mean_width_game_equal,tuned - fixed,0.0
36,lightgbm_multiclass,360,mean_width_inclusive_game_equal,tuned - fixed,0.0
36,ridge_sgd_l2,360,crps,tuned - fixed,-0.0003524215262474869
36,ridge_sgd_l2,360,coverage,tuned - fixed,-0.010927205527880401
36,ridge_sgd_l2,360,mean_width,tuned - fixed,-2.8335208098987614
36,ridge_sgd_l2,360,mean_width_inclusive,tuned - fixed,-2.8335208098987614
36,ridge_sgd_l2,360,mean_q,tuned - fixed,-0.06700948095773743
36,ridge_sgd_l2,360,crps_game_equal,tuned - fixed,-0.00035641408282698767
36,ridge_sgd_l2,360,coverage_game_equal,tuned - fixed,-0.01116255719130188
36,ridge_sgd_l2,360,mean_width_game_equal,tuned - fixed,-2.825835906043352
36,ridge_sgd_l2,360,mean_width_inclusive_game_equal,tuned - fixed,-2.825835906043352
36,set_transformer,360,crps,tuned - fixed,-0.00018628758695080593
36,set_transformer,360,coverage,tuned - fixed,-0.017997750281214864
36,set_transformer,360,mean_width,tuned - fixed,-1.546681664791901
36,set_transformer,360,mean_width_inclusive,tuned - fixed,-1.546681664791901
36,set_transformer,360,mean_q,tuned - fixed,0.0
36,set_transformer,360,crps_game_equal,tuned - fixed,-0.000189679591651443
36,set_transformer,360,coverage_game_equal,tuned - fixed,-0.01845834140167335
36,set_transformer,360,mean_width_game_equal,tuned - fixed,-1.5525372215274853
36,set_transformer,360,mean_width_inclusive_game_equal,tuned - fixed,-1.5525372215274853
36,zoo_cnn,360,crps,tuned - fixed,-1.810036877325505e-10
36,zoo_cnn,360,coverage,tuned - fixed,0.0
36,zoo_cnn,360,mean_width,tuned - fixed,0.0
36,zoo_cnn,360,mean_width_inclusive,tuned - fixed,0.0
36,zoo_cnn,360,mean_q,tuned - fixed,0.0
36,zoo_cnn,360,crps_game_equal,tuned - fixed,-1.6056821497412166e-10
36,zoo_cnn,360,coverage_game_equal,tuned - fixed,0.0
36,zoo_cnn,360,mean_width_game_equal,tuned - fixed,0.0
36,zoo_cnn,360,mean_width_inclusive_game_equal,tuned - fixed,0.0
37,lightgbm_multiclass,20,crps,tuned - fixed,0.0
37,lightgbm_multiclass,20,coverage,tuned - fixed,0.0
37,lightgbm_multiclass,20,mean_width,tuned - fixed,0.0
37,lightgbm_multiclass,20,mean_width_inclusive,tuned - fixed,0.0
37,lightgbm_multiclass,20,mean_q,tuned - fixed,0.0
37,lightgbm_multiclass,20,crps_game_equal,tuned - fixed,0.0
37,lightgbm_multiclass,20,coverage_game_equal,tuned - fixed,0.0
37,lightgbm_multiclass,20,mean_width_game_equal,tuned - fixed,0.0
37,lightgbm_multiclass,20,mean_width_inclusive_game_equal,tuned - fixed,0.0
37,ridge_sgd_l2,20,crps,tuned - fixed,-0.00011725319271922545
37,ridge_sgd_l2,20,coverage,tuned - fixed,-0.009540750323415281
37,ridge_sgd_l2,20,mean_width,tuned - fixed,-3.138906856403622
37,ridge_sgd_l2,20,mean_width_inclusive,tuned - fixed,-3.138906856403622
37,ridge_sgd_l2,20,mean_q,tuned - fixed,0.28104786545924965
37,ridge_sgd_l2,20,crps_game_equal,tuned - fixed,-0.00010776763868054415
37,ridge_sgd_l2,20,coverage_game_equal,tuned - fixed,-0.009520707697456388
37,ridge_sgd_l2,20,mean_width_game_equal,tuned - fixed,-3.0979339292338466
37,ridge_sgd_l2,20,mean_width_inclusive_game_equal,tuned - fixed,-3.0979339292338466
37,set_transformer,20,crps,tuned - fixed,-0.0004349324364847935
37,set_transformer,20,coverage,tuned - fixed,-0.014715394566623519
37,set_transformer,20,mean_width,tuned - fixed,-3.8287516170763265
37,set_transformer,20,mean_width_inclusive,tuned - fixed,-3.8287516170763265
37,set_transformer,20,mean_q,tuned - fixed,0.24708926261319533
37,set_transformer,20,crps_game_equal,tuned - fixed,-0.00044961159029348156
37,set_transformer,20,coverage_game_equal,tuned - fixed,-0.014860877564259689
37,set_transformer,20,mean_width_game_equal,tuned - fixed,-3.8272185839343145
37,set_transformer,20,mean_width_inclusive_game_equal,tuned - fixed,-3.8272185839343127
37,zoo_cnn,20,crps,tuned - fixed,2.4003345613227145e-09
37,zoo_cnn,20,coverage,tuned - fixed,-0.0001617076326002609
37,zoo_cnn,20,mean_width,tuned - fixed,-0.00016170763260170418
37,zoo_cnn,20,mean_width_inclusive,tuned - fixed,-0.00016170763259992782
37,zoo_cnn,20,mean_q,tuned - fixed,0.0
37,zoo_cnn,20,crps_game_equal,tuned - fixed,1.4122097120178312e-09
37,zoo_cnn,20,coverage_game_equal,tuned - fixed,-0.00014037057832672062
37,zoo_cnn,20,mean_width_game_equal,tuned - fixed,-0.0001403705783271647
37,zoo_cnn,20,mean_width_inclusive_game_equal,tuned - fixed,-0.00014037057832894106
37,lightgbm_multiclass,160,crps,tuned - fixed,0.0
37,lightgbm_multiclass,160,coverage,tuned - fixed,0.0
37,lightgbm_multiclass,160,mean_width,tuned - fixed,0.0
37,lightgbm_multiclass,160,mean_width_inclusive,tuned - fixed,0.0
37,lightgbm_multiclass,160,mean_q,tuned - fixed,0.0
37,lightgbm_multiclass,160,crps_game_equal,tuned - fixed,0.0
37,lightgbm_multiclass,160,coverage_game_equal,tuned - fixed,0.0
37,lightgbm_multiclass,160,mean_width_game_equal,tuned - fixed,0.0
37,lightgbm_multiclass,160,mean_width_inclusive_game_equal,tuned - fixed,0.0
37,ridge_sgd_l2,160,crps,tuned - fixed,-0.0003347397251502182
37,ridge_sgd_l2,160,coverage,tuned - fixed,-0.011157826649417779
37,ridge_sgd_l2,160,mean_width,tuned - fixed,-2.7941461836998727
37,ridge_sgd_l2,160,mean_width_inclusive,tuned - fixed,-2.7941461836998727
37,ridge_sgd_l2,160,mean_q,tuned - fixed,-0.14909443725743854
37,ridge_sgd_l2,160,crps_game_equal,tuned - fixed,-0.0003303307624738204
37,ridge_sgd_l2,160,coverage_game_equal,tuned - fixed,-0.011285138581108911
37,ridge_sgd_l2,160,mean_width_game_equal,tuned - fixed,-2.763726681667549
37,ridge_sgd_l2,160,mean_width_inclusive_game_equal,tuned - fixed,-2.763726681667549
37,set_transformer,160,crps,tuned - fixed,-0.00010118936175154344
37,set_transformer,160,coverage,tuned - fixed,0.002749029754204324
37,set_transformer,160,mean_width,tuned - fixed,0.006468305304009547
37,set_transformer,160,mean_width_inclusive,tuned - fixed,0.006468305304009547
37,set_transformer,160,mean_q,tuned - fixed,-0.27425614489003886
37,set_transformer,160,crps_game_equal,tuned - fixed,-0.00010191669826334522
37,set_transformer,160,coverage_game_equal,tuned - fixed,0.0024790655721780297
37,set_transformer,160,mean_width_game_equal,tuned - fixed,0.000991568534992382
37,set_transformer,160,mean_width_inclusive_game_equal,tuned - fixed,0.000991568534992382
37,zoo_cnn,160,crps,tuned - fixed,0.0004423769274665597
37,zoo_cnn,160,coverage,tuned - fixed,-0.004851228978007716
37,zoo_cnn,160,mean_width,tuned - fixed,0.90071151358344
37,zoo_cnn,160,mean_width_inclusive,tuned - fixed,0.9007115135834383
37,zoo_cnn,160,mean_q,tuned - fixed,0.7913971539456662
37,zoo_cnn,160,crps_game_equal,tuned - fixed,0.0004579399564459668
37,zoo_cnn,160,coverage_game_equal,tuned - fixed,-0.005918014970522356
37,zoo_cnn,160,mean_width_game_equal,tuned - fixed,0.8944646124139961
37,zoo_cnn,160,mean_width_inclusive_game_equal,tuned - fixed,0.8944646124139979
37,lightgbm_multiclass,360,crps,tuned - fixed,0.0
37,lightgbm_multiclass,360,coverage,tuned - fixed,0.0
37,lightgbm_multiclass,360,mean_width,tuned - fixed,0.0
37,lightgbm_multiclass,360,mean_width_inclusive,tuned - fixed,0.0
37,lightgbm_multiclass,360,mean_q,tuned - fixed,0.0
37,lightgbm_multiclass,360,crps_game_equal,tuned - fixed,0.0
37,lightgbm_multiclass,360,coverage_game_equal,tuned - fixed,0.0
37,lightgbm_multiclass,360,mean_width_game_equal,tuned - fixed,0.0
37,lightgbm_multiclass,360,mean_width_inclusive_game_equal,tuned - fixed,0.0
37,ridge_sgd_l2,360,crps,tuned - fixed,-0.0003308194350413289
37,ridge_sgd_l2,360,coverage,tuned - fixed,-0.010996119016817518
37,ridge_sgd_l2,360,mean_width,tuned - fixed,-2.8893919793014256
37,ridge_sgd_l2,360,mean_width_inclusive,tuned - fixed,-2.8893919793014256
37,ridge_sgd_l2,360,mean_q,tuned - fixed,-0.04721862871927557
37,ridge_sgd_l2,360,crps_game_equal,tuned - fixed,-0.0003272141725400579
37,ridge_sgd_l2,360,coverage_game_equal,tuned - fixed,-0.011014099325407978
37,ridge_sgd_l2,360,mean_width_game_equal,tuned - fixed,-2.862364198751795
37,ridge_sgd_l2,360,mean_width_inclusive_game_equal,tuned - fixed,-2.862364198751795
37,set_transformer,360,crps,tuned - fixed,6.142745940599867e-06
37,set_transformer,360,coverage,tuned - fixed,-0.0016170763260026089
37,set_transformer,360,mean_width,tuned - fixed,-0.7506468305303997
37,set_transformer,360,mean_width_inclusive,tuned - fixed,-0.7506468305303997
37,set_transformer,360,mean_q,tuned - fixed,0.06031694695989652
37,set_transformer,360,crps_game_equal,tuned - fixed,-3.164522619735627e-06
37,set_transformer,360,coverage_game_equal,tuned - fixed,-0.0011480247755712991
37,set_transformer,360,mean_width_game_equal,tuned - fixed,-0.7567425924516584
37,set_transformer,360,mean_width_inclusive_game_equal,tuned - fixed,-0.7567425924516566
37,zoo_cnn,360,crps,tuned - fixed,-6.389465437120316e-05
37,zoo_cnn,360,coverage,tuned - fixed,0.001293661060802087
37,zoo_cnn,360,mean_width,tuned - fixed,0.7550129366106066
37,zoo_cnn,360,mean_width_inclusive,tuned - fixed,0.7550129366106066
37,zoo_cnn,360,mean_q,tuned - fixed,0.20035575679172055
37,zoo_cnn,360,crps_game_equal,tuned - fixed,-5.550961793235852e-05
37,zoo_cnn,360,coverage_game_equal,tuned - fixed,0.0011075833119886802
37,zoo_cnn,360,mean_width_game_equal,tuned - fixed,0.7586268975021806
37,zoo_cnn,360,mean_width_inclusive_game_equal,tuned - fixed,0.7586268975021841
38,lightgbm_multiclass,20,crps,tuned - fixed,0.0
38,lightgbm_multiclass,20,coverage,tuned - fixed,0.0
38,lightgbm_multiclass,20,mean_width,tuned - fixed,0.0
38,lightgbm_multiclass,20,mean_width_inclusive,tuned - fixed,0.0
38,lightgbm_multiclass,20,mean_q,tuned - fixed,0.0
38,lightgbm_multiclass,20,crps_game_equal,tuned - fixed,0.0
38,lightgbm_multiclass,20,coverage_game_equal,tuned - fixed,0.0
38,lightgbm_multiclass,20,mean_width_game_equal,tuned - fixed,0.0
38,lightgbm_multiclass,20,mean_width_inclusive_game_equal,tuned - fixed,0.0
38,ridge_sgd_l2,20,crps,tuned - fixed,-0.00021219400422155948
38,ridge_sgd_l2,20,coverage,tuned - fixed,-0.007475743597900375
38,ridge_sgd_l2,20,mean_width,tuned - fixed,-2.320661682837599
38,ridge_sgd_l2,20,mean_width_inclusive,tuned - fixed,-2.320661682837599
38,ridge_sgd_l2,20,mean_q,tuned - fixed,-0.2078892953714013
38,ridge_sgd_l2,20,crps_game_equal,tuned - fixed,-0.00021009907778282016
38,ridge_sgd_l2,20,coverage_game_equal,tuned - fixed,-0.007348852408732953
38,ridge_sgd_l2,20,mean_width_game_equal,tuned - fixed,-2.302360364171797
38,ridge_sgd_l2,20,mean_width_inclusive_game_equal,tuned - fixed,-2.302360364171797
38,set_transformer,20,crps,tuned - fixed,-2.2013887422903805e-06
38,set_transformer,20,coverage,tuned - fixed,0.0028630507396213423
38,set_transformer,20,mean_width,tuned - fixed,-0.005248926355971406
38,set_transformer,20,mean_width_inclusive,tuned - fixed,-0.005248926355971406
38,set_transformer,20,mean_q,tuned - fixed,-0.16414824240496262
38,set_transformer,20,crps_game_equal,tuned - fixed,-1.7367807800591079e-06
38,set_transformer,20,coverage_game_equal,tuned - fixed,0.0025802584573524356
38,set_transformer,20,mean_width_game_equal,tuned - fixed,-0.006228851892576159
38,set_transformer,20,mean_width_inclusive_game_equal,tuned - fixed,-0.006228851892576159
38,zoo_cnn,20,crps,tuned - fixed,-0.001567944502650605
38,zoo_cnn,20,coverage,tuned - fixed,0.006998568474630207
38,zoo_cnn,20,mean_width,tuned - fixed,-0.47622077302369803
38,zoo_cnn,20,mean_width_inclusive,tuned - fixed,-0.47622077302369803
38,zoo_cnn,20,mean_q,tuned - fixed,-1.0984571337680928
38,zoo_cnn,20,crps_game_equal,tuned - fixed,-0.0015912577687544945
38,zoo_cnn,20,coverage_game_equal,tuned - fixed,0.006892116577166707
38,zoo_cnn,20,mean_width_game_equal,tuned - fixed,-0.4728997413185745
38,zoo_cnn,20,mean_width_inclusive_game_equal,tuned - fixed,-0.47289974131857093
38,lightgbm_multiclass,160,crps,tuned - fixed,0.0
38,lightgbm_multiclass,160,coverage,tuned - fixed,0.0
38,lightgbm_multiclass,160,mean_width,tuned - fixed,0.0
38,lightgbm_multiclass,160,mean_width_inclusive,tuned - fixed,0.0
38,lightgbm_multiclass,160,mean_q,tuned - fixed,0.0
38,lightgbm_multiclass,160,crps_game_equal,tuned - fixed,0.0
38,lightgbm_multiclass,160,coverage_game_equal,tuned - fixed,0.0
38,lightgbm_multiclass,160,mean_width_game_equal,tuned - fixed,0.0
38,lightgbm_multiclass,160,mean_width_inclusive_game_equal,tuned - fixed,0.0
38,ridge_sgd_l2,160,crps,tuned - fixed,-0.00028898003415914024
38,ridge_sgd_l2,160,coverage,tuned - fixed,-0.015110545570224287
38,ridge_sgd_l2,160,mean_width,tuned - fixed,-2.8609829807539384
38,ridge_sgd_l2,160,mean_width_inclusive,tuned - fixed,-2.8609829807539384
38,ridge_sgd_l2,160,mean_q,tuned - fixed,-0.06919039287418483
38,ridge_sgd_l2,160,crps_game_equal,tuned - fixed,-0.00028626719426814475
38,ridge_sgd_l2,160,coverage_game_equal,tuned - fixed,-0.015060845948447144
38,ridge_sgd_l2,160,mean_width_game_equal,tuned - fixed,-2.848919963843791
38,ridge_sgd_l2,160,mean_width_inclusive_game_equal,tuned - fixed,-2.848919963843791
38,set_transformer,160,crps,tuned - fixed,2.3868716727062922e-08
38,set_transformer,160,coverage,tuned - fixed,0.0
38,set_transformer,160,mean_width,tuned - fixed,-0.00015905837442353743
38,set_transformer,160,mean_width_inclusive,tuned - fixed,-0.00015905837442176107
38,set_transformer,160,mean_q,tuned - fixed,0.0
38,set_transformer,160,crps_game_equal,tuned - fixed,1.7621324977304398e-08
38,set_transformer,160,coverage_game_equal,tuned - fixed,0.0
38,set_transformer,160,mean_width_game_equal,tuned - fixed,6.345263437346205e-05
38,set_transformer,160,mean_width_inclusive_game_equal,tuned - fixed,6.34526343752384e-05
38,zoo_cnn,160,crps,tuned - fixed,-0.0005053661478358097
38,zoo_cnn,160,coverage,tuned - fixed,0.01240655320502615
38,zoo_cnn,160,mean_width,tuned - fixed,1.7525051693971694
38,zoo_cnn,160,mean_width_inclusive,tuned - fixed,1.7525051693971676
38,zoo_cnn,160,mean_q,tuned - fixed,-0.9316048989979323
38,zoo_cnn,160,crps_game_equal,tuned - fixed,-0.00047618052608502763
38,zoo_cnn,160,coverage_game_equal,tuned - fixed,0.012689237923273144
38,zoo_cnn,160,mean_width_game_equal,tuned - fixed,1.7659430616686134
38,zoo_cnn,160,mean_width_inclusive_game_equal,tuned - fixed,1.7659430616686187
38,lightgbm_multiclass,360,crps,tuned - fixed,0.0
38,lightgbm_multiclass,360,coverage,tuned - fixed,0.0
38,lightgbm_multiclass,360,mean_width,tuned - fixed,0.0
38,lightgbm_multiclass,360,mean_width_inclusive,tuned - fixed,0.0
38,lightgbm_multiclass,360,mean_q,tuned - fixed,0.0
38,lightgbm_multiclass,360,crps_game_equal,tuned - fixed,0.0
38,lightgbm_multiclass,360,coverage_game_equal,tuned - fixed,0.0
38,lightgbm_multiclass,360,mean_width_game_equal,tuned - fixed,0.0
38,lightgbm_multiclass,360,mean_width_inclusive_game_equal,tuned - fixed,0.0
38,ridge_sgd_l2,360,crps,tuned - fixed,-0.00028313863207355544
38,ridge_sgd_l2,360,coverage,tuned - fixed,-0.012724669953873113
38,ridge_sgd_l2,360,mean_width,tuned - fixed,-2.86114203912836
38,ridge_sgd_l2,360,mean_width_inclusive,tuned - fixed,-2.86114203912836
38,ridge_sgd_l2,360,mean_q,tuned - fixed,-0.1402894862414506
38,ridge_sgd_l2,360,crps_game_equal,tuned - fixed,-0.00028130579561177864
38,ridge_sgd_l2,360,coverage_game_equal,tuned - fixed,-0.012964700317828814
38,ridge_sgd_l2,360,mean_width_game_equal,tuned - fixed,-2.8501575365340877
38,ridge_sgd_l2,360,mean_width_inclusive_game_equal,tuned - fixed,-2.8501575365340877
38,set_transformer,360,crps,tuned - fixed,0.0001779438082801857
38,set_transformer,360,coverage,tuned - fixed,0.0004771751232701682
38,set_transformer,360,mean_width,tuned - fixed,0.24638142198186763
38,set_transformer,360,mean_width_inclusive,tuned - fixed,0.24638142198186763
38,set_transformer,360,mean_q,tuned - fixed,-0.0949578495307778
38,set_transformer,360,crps_game_equal,tuned - fixed,0.00017152469537029535
38,set_transformer,360,coverage_game_equal,tuned - fixed,4.525742921990261e-05
38,set_transformer,360,mean_width_game_equal,tuned - fixed,0.239999131773736
38,set_transformer,360,mean_width_inclusive_game_equal,tuned - fixed,0.239999131773736
38,zoo_cnn,360,crps,tuned - fixed,-2.0511150451707483e-09
38,zoo_cnn,360,coverage,tuned - fixed,0.0
38,zoo_cnn,360,mean_width,tuned - fixed,0.0
38,zoo_cnn,360,mean_width_inclusive,tuned - fixed,0.0
38,zoo_cnn,360,mean_q,tuned - fixed,0.0
38,zoo_cnn,360,crps_game_equal,tuned - fixed,-1.7216795680091712e-09
38,zoo_cnn,360,coverage_game_equal,tuned - fixed,0.0
38,zoo_cnn,360,mean_width_game_equal,tuned - fixed,0.0
38,zoo_cnn,360,mean_width_inclusive_game_equal,tuned - fixed,0.0
39,lightgbm_multiclass,20,crps,tuned - fixed,0.0
39,lightgbm_multiclass,20,coverage,tuned - fixed,0.0
39,lightgbm_multiclass,20,mean_width,tuned - fixed,0.0
39,lightgbm_multiclass,20,mean_width_inclusive,tuned - fixed,0.0
39,lightgbm_multiclass,20,mean_q,tuned - fixed,0.0
39,lightgbm_multiclass,20,crps_game_equal,tuned - fixed,0.0
39,lightgbm_multiclass,20,coverage_game_equal,tuned - fixed,0.0
39,lightgbm_multiclass,20,mean_width_game_equal,tuned - fixed,0.0
39,lightgbm_multiclass,20,mean_width_inclusive_game_equal,tuned - fixed,0.0
39,ridge_sgd_l2,20,crps,tuned - fixed,0.0
39,ridge_sgd_l2,20,coverage,tuned - fixed,0.0
39,ridge_sgd_l2,20,mean_width,tuned - fixed,0.0
39,ridge_sgd_l2,20,mean_width_inclusive,tuned - fixed,0.0
39,ridge_sgd_l2,20,mean_q,tuned - fixed,0.0
39,ridge_sgd_l2,20,crps_game_equal,tuned - fixed,0.0
39,ridge_sgd_l2,20,coverage_game_equal,tuned - fixed,0.0
39,ridge_sgd_l2,20,mean_width_game_equal,tuned - fixed,0.0
39,ridge_sgd_l2,20,mean_width_inclusive_game_equal,tuned - fixed,0.0
39,set_transformer,20,crps,tuned - fixed,-7.72297749068035e-08
39,set_transformer,20,coverage,tuned - fixed,-0.00016441959881619006
39,set_transformer,20,mean_width,tuned - fixed,-0.002301874383427105
39,set_transformer,20,mean_width_inclusive,tuned - fixed,-0.002301874383427105
39,set_transformer,20,mean_q,tuned - fixed,-0.0008220979940809503
39,set_transformer,20,crps_game_equal,tuned - fixed,-8.035160231449623e-08
39,set_transformer,20,coverage_game_equal,tuned - fixed,-0.0001377220768489229
39,set_transformer,20,mean_width_game_equal,tuned - fixed,-0.0023579114814626934
39,set_transformer,20,mean_width_inclusive_game_equal,tuned - fixed,-0.0023579114814644697
39,zoo_cnn,20,crps,tuned - fixed,-0.0009277098882471725
39,zoo_cnn,20,coverage,tuned - fixed,-0.006741203551463348
39,zoo_cnn,20,mean_width,tuned - fixed,1.0840184149950645
39,zoo_cnn,20,mean_width_inclusive,tuned - fixed,1.0840184149950645
39,zoo_cnn,20,mean_q,tuned - fixed,-0.31338375534363716
39,zoo_cnn,20,crps_game_equal,tuned - fixed,-0.0009220768513030844
39,zoo_cnn,20,coverage_game_equal,tuned - fixed,-0.007763766570917929
39,zoo_cnn,20,mean_width_game_equal,tuned - fixed,1.0403509039971617
39,zoo_cnn,20,mean_width_inclusive_game_equal,tuned - fixed,1.0403509039971617
39,lightgbm_multiclass,160,crps,tuned - fixed,0.0
39,lightgbm_multiclass,160,coverage,tuned - fixed,0.0
39,lightgbm_multiclass,160,mean_width,tuned - fixed,0.0
39,lightgbm_multiclass,160,mean_width_inclusive,tuned - fixed,0.0
39,lightgbm_multiclass,160,mean_q,tuned - fixed,0.0
39,lightgbm_multiclass,160,crps_game_equal,tuned - fixed,0.0
39,lightgbm_multiclass,160,coverage_game_equal,tuned - fixed,0.0
39,lightgbm_multiclass,160,mean_width_game_equal,tuned - fixed,0.0
39,lightgbm_multiclass,160,mean_width_inclusive_game_equal,tuned - fixed,0.0
39,ridge_sgd_l2,160,crps,tuned - fixed,-0.00030047691229949033
39,ridge_sgd_l2,160,coverage,tuned - fixed,-0.010029595527786928
39,ridge_sgd_l2,160,mean_width,tuned - fixed,-3.1134495231831636
39,ridge_sgd_l2,160,mean_width_inclusive,tuned - fixed,-3.1134495231831636
39,ridge_sgd_l2,160,mean_q,tuned - fixed,-0.051792173627096316
39,ridge_sgd_l2,160,crps_game_equal,tuned - fixed,-0.0002991478471317619
39,ridge_sgd_l2,160,coverage_game_equal,tuned - fixed,-0.010051081652840632
39,ridge_sgd_l2,160,mean_width_game_equal,tuned - fixed,-3.076793630210833
39,ridge_sgd_l2,160,mean_width_inclusive_game_equal,tuned - fixed,-3.0767936302108367
39,set_transformer,160,crps,tuned - fixed,-9.447008175560156e-08
39,set_transformer,160,coverage,tuned - fixed,0.0
39,set_transformer,160,mean_width,tuned - fixed,0.00016441959881596802
39,set_transformer,160,mean_width_inclusive,tuned - fixed,0.00016441959881596802
39,set_transformer,160,mean_q,tuned - fixed,0.00016441959881619006
39,set_transformer,160,crps_game_equal,tuned - fixed,-8.189077019445101e-08
39,set_transformer,160,coverage_game_equal,tuned - fixed,0.0
39,set_transformer,160,mean_width_game_equal,tuned - fixed,5.4180889062394044e-05
39,set_transformer,160,mean_width_inclusive_game_equal,tuned - fixed,5.418088906061769e-05
39,zoo_cnn,160,crps,tuned - fixed,1.6973987285173742e-09
39,zoo_cnn,160,coverage,tuned - fixed,0.0
39,zoo_cnn,160,mean_width,tuned - fixed,0.0
39,zoo_cnn,160,mean_width_inclusive,tuned - fixed,0.0
39,zoo_cnn,160,mean_q,tuned - fixed,0.0
39,zoo_cnn,160,crps_game_equal,tuned - fixed,1.6300775156768976e-09
39,zoo_cnn,160,coverage_game_equal,tuned - fixed,0.0
39,zoo_cnn,160,mean_width_game_equal,tuned - fixed,0.0
39,zoo_cnn,160,mean_width_inclusive_game_equal,tuned - fixed,0.0
39,lightgbm_multiclass,360,crps,tuned - fixed,0.0
39,lightgbm_multiclass,360,coverage,tuned - fixed,0.0
39,lightgbm_multiclass,360,mean_width,tuned - fixed,0.0
39,lightgbm_multiclass,360,mean_width_inclusive,tuned - fixed,0.0
39,lightgbm_multiclass,360,mean_q,tuned - fixed,0.0
39,lightgbm_multiclass,360,crps_game_equal,tuned - fixed,0.0
39,lightgbm_multiclass,360,coverage_game_equal,tuned - fixed,0.0
39,lightgbm_multiclass,360,mean_width_game_equal,tuned - fixed,0.0
39,lightgbm_multiclass,360,mean_width_inclusive_game_equal,tuned - fixed,0.0
39,ridge_sgd_l2,360,crps,tuned - fixed,-0.00033118645716788755
39,ridge_sgd_l2,360,coverage,tuned - fixed,-0.012660309108845857
39,ridge_sgd_l2,360,mean_width,tuned - fixed,-3.0485037816507727
39,ridge_sgd_l2,360,mean_width_inclusive,tuned - fixed,-3.0485037816507727
39,ridge_sgd_l2,360,mean_q,tuned - fixed,-0.10687273923051627
39,ridge_sgd_l2,360,crps_game_equal,tuned - fixed,-0.00032741223454862446
39,ridge_sgd_l2,360,coverage_game_equal,tuned - fixed,-0.012831160049342927
39,ridge_sgd_l2,360,mean_width_game_equal,tuned - fixed,-3.0183292325836177
39,ridge_sgd_l2,360,mean_width_inclusive_game_equal,tuned - fixed,-3.0183292325836177
39,set_transformer,360,crps,tuned - fixed,-0.00011453035454630014
39,set_transformer,360,coverage,tuned - fixed,0.014468924695823726
39,set_transformer,360,mean_width,tuned - fixed,0.15471884248602308
39,set_transformer,360,mean_width_inclusive,tuned - fixed,0.15471884248602308
39,set_transformer,360,mean_q,tuned - fixed,-0.04488655047681683
39,set_transformer,360,crps_game_equal,tuned - fixed,-0.0001107549331274757
39,set_transformer,360,coverage_game_equal,tuned - fixed,0.014383805400681293
39,set_transformer,360,mean_width_game_equal,tuned - fixed,0.16468631257555266
39,set_transformer,360,mean_width_inclusive_game_equal,tuned - fixed,0.16468631257555622
39,zoo_cnn,360,crps,tuned - fixed,-4.837124468332066e-10
39,zoo_cnn,360,coverage,tuned - fixed,0.0
39,zoo_cnn,360,mean_width,tuned - fixed,0.0
39,zoo_cnn,360,mean_width_inclusive,tuned - fixed,0.0
39,zoo_cnn,360,mean_q,tuned - fixed,0.0
39,zoo_cnn,360,crps_game_equal,tuned - fixed,-5.306126371618092e-10
39,zoo_cnn,360,coverage_game_equal,tuned - fixed,0.0
39,zoo_cnn,360,mean_width_game_equal,tuned - fixed,0.0
39,zoo_cnn,360,mean_width_inclusive_game_equal,tuned - fixed,0.0
40,lightgbm_multiclass,20,crps,tuned - fixed,0.0
40,lightgbm_multiclass,20,coverage,tuned - fixed,0.0
40,lightgbm_multiclass,20,mean_width,tuned - fixed,0.0
40,lightgbm_multiclass,20,mean_width_inclusive,tuned - fixed,0.0
40,lightgbm_multiclass,20,mean_q,tuned - fixed,0.0
40,lightgbm_multiclass,20,crps_game_equal,tuned - fixed,0.0
40,lightgbm_multiclass,20,coverage_game_equal,tuned - fixed,0.0
40,lightgbm_multiclass,20,mean_width_game_equal,tuned - fixed,0.0
40,lightgbm_multiclass,20,mean_width_inclusive_game_equal,tuned - fixed,0.0
40,ridge_sgd_l2,20,crps,tuned - fixed,-0.00011656957006117227
40,ridge_sgd_l2,20,coverage,tuned - fixed,-0.016385384237260325
40,ridge_sgd_l2,20,mean_width,tuned - fixed,-3.4320825823365553
40,ridge_sgd_l2,20,mean_width_inclusive,tuned - fixed,-3.4320825823365553
40,ridge_sgd_l2,20,mean_q,tuned - fixed,0.17712600360478453
40,ridge_sgd_l2,20,crps_game_equal,tuned - fixed,-0.00011043353744065107
40,ridge_sgd_l2,20,coverage_game_equal,tuned - fixed,-0.016112689717980078
40,ridge_sgd_l2,20,mean_width_game_equal,tuned - fixed,-3.3976784453171724
40,ridge_sgd_l2,20,mean_width_inclusive_game_equal,tuned - fixed,-3.3976784453171724
40,set_transformer,20,crps,tuned - fixed,9.68448679459881e-06
40,set_transformer,20,coverage,tuned - fixed,0.004096346059315081
40,set_transformer,20,mean_width,tuned - fixed,1.8566278879239704
40,set_transformer,20,mean_width_inclusive,tuned - fixed,1.8566278879239704
40,set_transformer,20,mean_q,tuned - fixed,-0.09143044404391283
40,set_transformer,20,crps_game_equal,tuned - fixed,9.286235094064718e-06
40,set_transformer,20,coverage_game_equal,tuned - fixed,0.003802011781943837
40,set_transformer,20,mean_width_game_equal,tuned - fixed,1.8584641324831068
40,set_transformer,20,mean_width_inclusive_game_equal,tuned - fixed,1.8584641324831068
40,zoo_cnn,20,crps,tuned - fixed,-0.00043304389140549904
40,zoo_cnn,20,coverage,tuned - fixed,0.019826314927085087
40,zoo_cnn,20,mean_width,tuned - fixed,6.591020809437982
40,zoo_cnn,20,mean_width_inclusive,tuned - fixed,6.591020809437982
40,zoo_cnn,20,mean_q,tuned - fixed,-2.4283139439619856
40,zoo_cnn,20,crps_game_equal,tuned - fixed,-0.0004344814560747999
40,zoo_cnn,20,coverage_game_equal,tuned - fixed,0.02045274162099142
40,zoo_cnn,20,mean_width_game_equal,tuned - fixed,6.657565843060869
40,zoo_cnn,20,mean_width_inclusive_game_equal,tuned - fixed,6.657565843060873
40,lightgbm_multiclass,160,crps,tuned - fixed,0.0
40,lightgbm_multiclass,160,coverage,tuned - fixed,0.0
40,lightgbm_multiclass,160,mean_width,tuned - fixed,0.0
40,lightgbm_multiclass,160,mean_width_inclusive,tuned - fixed,0.0
40,lightgbm_multiclass,160,mean_q,tuned - fixed,0.0
40,lightgbm_multiclass,160,crps_game_equal,tuned - fixed,0.0
40,lightgbm_multiclass,160,coverage_game_equal,tuned - fixed,0.0
40,lightgbm_multiclass,160,mean_width_game_equal,tuned - fixed,0.0
40,lightgbm_multiclass,160,mean_width_inclusive_game_equal,tuned - fixed,0.0
40,ridge_sgd_l2,160,crps,tuned - fixed,-0.00030374479589023555
40,ridge_sgd_l2,160,coverage,tuned - fixed,-0.01327216123218089
40,ridge_sgd_l2,160,mean_width,tuned - fixed,-2.8102572505325263
40,ridge_sgd_l2,160,mean_width_inclusive,tuned - fixed,-2.8102572505325263
40,ridge_sgd_l2,160,mean_q,tuned - fixed,-0.17860068818613797
40,ridge_sgd_l2,160,crps_game_equal,tuned - fixed,-0.00030083623236655185
40,ridge_sgd_l2,160,coverage_game_equal,tuned - fixed,-0.013656309914837128
40,ridge_sgd_l2,160,mean_width_game_equal,tuned - fixed,-2.779961558155893
40,ridge_sgd_l2,160,mean_width_inclusive_game_equal,tuned - fixed,-2.779961558155893
40,set_transformer,160,crps,tuned - fixed,4.652109416270617e-05
40,set_transformer,160,coverage,tuned - fixed,-0.0004915615271178231
40,set_transformer,160,mean_width,tuned - fixed,-0.2726527937080121
40,set_transformer,160,mean_width_inclusive,tuned - fixed,-0.2726527937080121
40,set_transformer,160,mean_q,tuned - fixed,0.0
40,set_transformer,160,crps_game_equal,tuned - fixed,4.796631908446196e-05
40,set_transformer,160,coverage_game_equal,tuned - fixed,0.00014987816129807818
40,set_transformer,160,mean_width_game_equal,tuned - fixed,-0.2759028015281828
40,set_transformer,160,mean_width_inclusive_game_equal,tuned - fixed,-0.2759028015281828
40,zoo_cnn,160,crps,tuned - fixed,6.877910959518507e-09
40,zoo_cnn,160,coverage,tuned - fixed,0.0
40,zoo_cnn,160,mean_width,tuned - fixed,0.0
40,zoo_cnn,160,mean_width_inclusive,tuned - fixed,0.0
40,zoo_cnn,160,mean_q,tuned - fixed,0.0
40,zoo_cnn,160,crps_game_equal,tuned - fixed,6.840912331398941e-09
40,zoo_cnn,160,coverage_game_equal,tuned - fixed,0.0
40,zoo_cnn,160,mean_width_game_equal,tuned - fixed,0.0
40,zoo_cnn,160,mean_width_inclusive_game_equal,tuned - fixed,0.0
40,lightgbm_multiclass,360,crps,tuned - fixed,0.0
40,lightgbm_multiclass,360,coverage,tuned - fixed,0.0
40,lightgbm_multiclass,360,mean_width,tuned - fixed,0.0
40,lightgbm_multiclass,360,mean_width_inclusive,tuned - fixed,0.0
40,lightgbm_multiclass,360,mean_q,tuned - fixed,0.0
40,lightgbm_multiclass,360,crps_game_equal,tuned - fixed,0.0
40,lightgbm_multiclass,360,coverage_game_equal,tuned - fixed,0.0
40,lightgbm_multiclass,360,mean_width_game_equal,tuned - fixed,0.0
40,lightgbm_multiclass,360,mean_width_inclusive_game_equal,tuned - fixed,0.0
40,ridge_sgd_l2,360,crps,tuned - fixed,-0.0003168530884547459
40,ridge_sgd_l2,360,coverage,tuned - fixed,-0.014091430444043929
40,ridge_sgd_l2,360,mean_width,tuned - fixed,-3.061936752416841
40,ridge_sgd_l2,360,mean_width_inclusive,tuned - fixed,-3.061936752416841
40,ridge_sgd_l2,360,mean_q,tuned - fixed,-0.1440275274455186
40,ridge_sgd_l2,360,crps_game_equal,tuned - fixed,-0.0003146338934013962
40,ridge_sgd_l2,360,coverage_game_equal,tuned - fixed,-0.014480929768724393
40,ridge_sgd_l2,360,mean_width_game_equal,tuned - fixed,-3.033841259019443
40,ridge_sgd_l2,360,mean_width_inclusive_game_equal,tuned - fixed,-3.033841259019443
40,set_transformer,360,crps,tuned - fixed,-7.936076555663078e-05
40,set_transformer,360,coverage,tuned - fixed,-0.006062592167786374
40,set_transformer,360,mean_width,tuned - fixed,-1.4024250368671147
40,set_transformer,360,mean_width_inclusive,tuned - fixed,-1.4024250368671165
40,set_transformer,360,mean_q,tuned - fixed,0.21071604129116828
40,set_transformer,360,crps_game_equal,tuned - fixed,-9.096882358986154e-05
40,set_transformer,360,coverage_game_equal,tuned - fixed,-0.006052236291993807
40,set_transformer,360,mean_width_game_equal,tuned - fixed,-1.4090224262656026
40,set_transformer,360,mean_width_inclusive_game_equal,tuned - fixed,-1.4090224262656026
40,zoo_cnn,360,crps,tuned - fixed,-0.00012663732594224777
40,zoo_cnn,360,coverage,tuned - fixed,0.008848107488120593
40,zoo_cnn,360,mean_width,tuned - fixed,-0.6493527773226297
40,zoo_cnn,360,mean_width_inclusive,tuned - fixed,-0.6493527773226297
40,zoo_cnn,360,mean_q,tuned - fixed,-0.21841717188268064
40,zoo_cnn,360,crps_game_equal,tuned - fixed,-0.00014781497399769979
40,zoo_cnn,360,coverage_game_equal,tuned - fixed,0.009482185900964168
40,zoo_cnn,360,mean_width_game_equal,tuned - fixed,-0.6506164006662907
40,zoo_cnn,360,mean_width_inclusive_game_equal,tuned - fixed,-0.6506164006662924
41,lightgbm_multiclass,20,crps,tuned - fixed,0.0
41,lightgbm_multiclass,20,coverage,tuned - fixed,0.0
41,lightgbm_multiclass,20,mean_width,tuned - fixed,0.0
41,lightgbm_multiclass,20,mean_width_inclusive,tuned - fixed,0.0
41,lightgbm_multiclass,20,mean_q,tuned - fixed,0.0
41,lightgbm_multiclass,20,crps_game_equal,tuned - fixed,0.0
41,lightgbm_multiclass,20,coverage_game_equal,tuned - fixed,0.0
41,lightgbm_multiclass,20,mean_width_game_equal,tuned - fixed,0.0
41,lightgbm_multiclass,20,mean_width_inclusive_game_equal,tuned - fixed,0.0
41,ridge_sgd_l2,20,crps,tuned - fixed,-0.00013777614187875792
41,ridge_sgd_l2,20,coverage,tuned - fixed,-0.020302879014811093
41,ridge_sgd_l2,20,mean_width,tuned - fixed,-3.4415044100515892
41,ridge_sgd_l2,20,mean_width_inclusive,tuned - fixed,-3.4415044100515892
41,ridge_sgd_l2,20,mean_q,tuned - fixed,-0.05391912131802301
41,ridge_sgd_l2,20,crps_game_equal,tuned - fixed,-0.00014259000394817138
41,ridge_sgd_l2,20,coverage_game_equal,tuned - fixed,-0.020269412958083488
41,ridge_sgd_l2,20,mean_width_game_equal,tuned - fixed,-3.424949295410503
41,ridge_sgd_l2,20,mean_width_inclusive_game_equal,tuned - fixed,-3.4249492954105065
41,set_transformer,20,crps,tuned - fixed,-0.00017285085175121687
41,set_transformer,20,coverage,tuned - fixed,0.0236312198369113
41,set_transformer,20,mean_width,tuned - fixed,2.134797803295058
41,set_transformer,20,mean_width_inclusive,tuned - fixed,2.134797803295058
41,set_transformer,20,mean_q,tuned - fixed,-0.36878016308870026
41,set_transformer,20,crps_game_equal,tuned - fixed,-0.00016556604865017657
41,set_transformer,20,coverage_game_equal,tuned - fixed,0.024127398359121255
41,set_transformer,20,mean_width_game_equal,tuned - fixed,2.1272145322454463
41,set_transformer,20,mean_width_inclusive_game_equal,tuned - fixed,2.1272145322454463
41,zoo_cnn,20,crps,tuned - fixed,-0.000672384340214079
41,zoo_cnn,20,coverage,tuned - fixed,0.00033283408220996513
41,zoo_cnn,20,mean_width,tuned - fixed,1.6716591778998175
41,zoo_cnn,20,mean_width_inclusive,tuned - fixed,1.6716591778998193
41,zoo_cnn,20,mean_q,tuned - fixed,-2.273256781494425
41,zoo_cnn,20,crps_game_equal,tuned - fixed,-0.0006947281452308936
41,zoo_cnn,20,coverage_game_equal,tuned - fixed,0.00027995098856725686
41,zoo_cnn,20,mean_width_game_equal,tuned - fixed,1.670765512892741
41,zoo_cnn,20,mean_width_inclusive_game_equal,tuned - fixed,1.6707655128927392
41,lightgbm_multiclass,160,crps,tuned - fixed,0.0
41,lightgbm_multiclass,160,coverage,tuned - fixed,0.0
41,lightgbm_multiclass,160,mean_width,tuned - fixed,0.0
41,lightgbm_multiclass,160,mean_width_inclusive,tuned - fixed,0.0
41,lightgbm_multiclass,160,mean_q,tuned - fixed,0.0
41,lightgbm_multiclass,160,crps_game_equal,tuned - fixed,0.0
41,lightgbm_multiclass,160,coverage_game_equal,tuned - fixed,0.0
41,lightgbm_multiclass,160,mean_width_game_equal,tuned - fixed,0.0
41,lightgbm_multiclass,160,mean_width_inclusive_game_equal,tuned - fixed,0.0
41,ridge_sgd_l2,160,crps,tuned - fixed,-0.00030449416899044207
41,ridge_sgd_l2,160,coverage,tuned - fixed,-0.010484273589615567
41,ridge_sgd_l2,160,mean_width,tuned - fixed,-2.836911299717091
41,ridge_sgd_l2,160,mean_width_inclusive,tuned - fixed,-2.836911299717091
41,ridge_sgd_l2,160,mean_q,tuned - fixed,-0.12697620236312201
41,ridge_sgd_l2,160,crps_game_equal,tuned - fixed,-0.0003036839944359111
41,ridge_sgd_l2,160,coverage_game_equal,tuned - fixed,-0.010345005907932747
41,ridge_sgd_l2,160,mean_width_game_equal,tuned - fixed,-2.823285413120569
41,ridge_sgd_l2,160,mean_width_inclusive_game_equal,tuned - fixed,-2.823285413120569
41,set_transformer,160,crps,tuned - fixed,-0.00022062703122151424
41,set_transformer,160,coverage,tuned - fixed,0.002662672657680165
41,set_transformer,160,mean_width,tuned - fixed,-0.0923614578132792
41,set_transformer,160,mean_width_inclusive,tuned - fixed,-0.0923614578132792
41,set_transformer,160,mean_q,tuned - fixed,-0.7956398735230488
41,set_transformer,160,crps_game_equal,tuned - fixed,-0.00021710770654967404
41,set_transformer,160,coverage_game_equal,tuned - fixed,0.002380291679340174
41,set_transformer,160,mean_width_game_equal,tuned - fixed,-0.09351052831218887
41,set_transformer,160,mean_width_inclusive_game_equal,tuned - fixed,-0.09351052831218709
41,zoo_cnn,160,crps,tuned - fixed,1.730318430204214e-09
41,zoo_cnn,160,coverage,tuned - fixed,0.0
41,zoo_cnn,160,mean_width,tuned - fixed,0.0
41,zoo_cnn,160,mean_width_inclusive,tuned - fixed,0.0
41,zoo_cnn,160,mean_q,tuned - fixed,0.0
41,zoo_cnn,160,crps_game_equal,tuned - fixed,2.1031398532433965e-09
41,zoo_cnn,160,coverage_game_equal,tuned - fixed,0.0
41,zoo_cnn,160,mean_width_game_equal,tuned - fixed,0.0
41,zoo_cnn,160,mean_width_inclusive_game_equal,tuned - fixed,0.0
41,lightgbm_multiclass,360,crps,tuned - fixed,0.0
41,lightgbm_multiclass,360,coverage,tuned - fixed,0.0
41,lightgbm_multiclass,360,mean_width,tuned - fixed,0.0
41,lightgbm_multiclass,360,mean_width_inclusive,tuned - fixed,0.0
41,lightgbm_multiclass,360,mean_q,tuned - fixed,0.0
41,lightgbm_multiclass,360,crps_game_equal,tuned - fixed,0.0
41,lightgbm_multiclass,360,coverage_game_equal,tuned - fixed,0.0
41,lightgbm_multiclass,360,mean_width_game_equal,tuned - fixed,0.0
41,lightgbm_multiclass,360,mean_width_inclusive_game_equal,tuned - fixed,0.0
41,ridge_sgd_l2,360,crps,tuned - fixed,-0.00032844860211700064
41,ridge_sgd_l2,360,coverage,tuned - fixed,-0.01248127808287569
41,ridge_sgd_l2,360,mean_width,tuned - fixed,-3.046430354468299
41,ridge_sgd_l2,360,mean_width_inclusive,tuned - fixed,-3.046430354468299
41,ridge_sgd_l2,360,mean_q,tuned - fixed,-0.109668830088201
41,ridge_sgd_l2,360,crps_game_equal,tuned - fixed,-0.0003280897471919682
41,ridge_sgd_l2,360,coverage_game_equal,tuned - fixed,-0.012329633840844512
41,ridge_sgd_l2,360,mean_width_game_equal,tuned - fixed,-3.0306907942138253
41,ridge_sgd_l2,360,mean_width_inclusive_game_equal,tuned - fixed,-3.0306907942138253
41,set_transformer,360,crps,tuned - fixed,-9.657461304091002e-05
41,set_transformer,360,coverage,tuned - fixed,0.0
41,set_transformer,360,mean_width,tuned - fixed,-0.2516225661507736
41,set_transformer,360,mean_width_inclusive,tuned - fixed,-0.25162256615077183
41,set_transformer,360,mean_q,tuned - fixed,0.0
41,set_transformer,360,crps_game_equal,tuned - fixed,-9.134686649187908e-05
41,set_transformer,360,coverage_game_equal,tuned - fixed,0.0001835825427293214
41,set_transformer,360,mean_width_game_equal,tuned - fixed,-0.260996283205321
41,set_transformer,360,mean_width_inclusive_game_equal,tuned - fixed,-0.26099628320532986
41,zoo_cnn,360,crps,tuned - fixed,3.8787066683476645e-09
41,zoo_cnn,360,coverage,tuned - fixed,0.0
41,zoo_cnn,360,mean_width,tuned - fixed,0.0
41,zoo_cnn,360,mean_width_inclusive,tuned - fixed,0.0
41,zoo_cnn,360,mean_q,tuned - fixed,0.0
41,zoo_cnn,360,crps_game_equal,tuned - fixed,3.4976341649339826e-09
41,zoo_cnn,360,coverage_game_equal,tuned - fixed,0.0
41,zoo_cnn,360,mean_width_game_equal,tuned - fixed,0.0
41,zoo_cnn,360,mean_width_inclusive_game_equal,tuned - fixed,0.0
42,lightgbm_multiclass,20,crps,tuned - fixed,0.0
42,lightgbm_multiclass,20,coverage,tuned - fixed,0.0
42,lightgbm_multiclass,20,mean_width,tuned - fixed,0.0
42,lightgbm_multiclass,20,mean_width_inclusive,tuned - fixed,0.0
42,lightgbm_multiclass,20,mean_q,tuned - fixed,0.0
42,lightgbm_multiclass,20,crps_game_equal,tuned - fixed,0.0
42,lightgbm_multiclass,20,coverage_game_equal,tuned - fixed,0.0
42,lightgbm_multiclass,20,mean_width_game_equal,tuned - fixed,0.0
42,lightgbm_multiclass,20,mean_width_inclusive_game_equal,tuned - fixed,0.0
42,ridge_sgd_l2,20,crps,tuned - fixed,-0.00028356286757493833
42,ridge_sgd_l2,20,coverage,tuned - fixed,-0.003426892950391669
42,ridge_sgd_l2,20,mean_width,tuned - fixed,-1.8376305483028688
42,ridge_sgd_l2,20,mean_width_inclusive,tuned - fixed,-1.8376305483028688
42,ridge_sgd_l2,20,mean_q,tuned - fixed,-0.2560378590078329
42,ridge_sgd_l2,20,crps_game_equal,tuned - fixed,-0.00028637551871965594
42,ridge_sgd_l2,20,coverage_game_equal,tuned - fixed,-0.0037324038356773004
42,ridge_sgd_l2,20,mean_width_game_equal,tuned - fixed,-1.8120532271134664
42,ridge_sgd_l2,20,mean_width_inclusive_game_equal,tuned - fixed,-1.8120532271134664
42,set_transformer,20,crps,tuned - fixed,-0.00014149391266816275
42,set_transformer,20,coverage,tuned - fixed,0.027088772845953013
42,set_transformer,20,mean_width,tuned - fixed,3.8358355091383807
42,set_transformer,20,mean_width_inclusive,tuned - fixed,3.8358355091383807
42,set_transformer,20,mean_q,tuned - fixed,-0.13315926892950392
42,set_transformer,20,crps_game_equal,tuned - fixed,-0.00013795080962743234
42,set_transformer,20,coverage_game_equal,tuned - fixed,0.02678523533361088
42,set_transformer,20,mean_width_game_equal,tuned - fixed,3.849061474124852
42,set_transformer,20,mean_width_inclusive_game_equal,tuned - fixed,3.849061474124852
42,zoo_cnn,20,crps,tuned - fixed,-3.6152304067060825e-10
42,zoo_cnn,20,coverage,tuned - fixed,0.0
42,zoo_cnn,20,mean_width,tuned - fixed,0.0
42,zoo_cnn,20,mean_width_inclusive,tuned - fixed,0.0
42,zoo_cnn,20,mean_q,tuned - fixed,0.0
42,zoo_cnn,20,crps_game_equal,tuned - fixed,-6.948109795845703e-11
42,zoo_cnn,20,coverage_game_equal,tuned - fixed,0.0
42,zoo_cnn,20,mean_width_game_equal,tuned - fixed,0.0
42,zoo_cnn,20,mean_width_inclusive_game_equal,tuned - fixed,0.0
42,lightgbm_multiclass,160,crps,tuned - fixed,0.0
42,lightgbm_multiclass,160,coverage,tuned - fixed,0.0
42,lightgbm_multiclass,160,mean_width,tuned - fixed,0.0
42,lightgbm_multiclass,160,mean_width_inclusive,tuned - fixed,0.0
42,lightgbm_multiclass,160,mean_q,tuned - fixed,0.0
42,lightgbm_multiclass,160,crps_game_equal,tuned - fixed,0.0
42,lightgbm_multiclass,160,coverage_game_equal,tuned - fixed,0.0
42,lightgbm_multiclass,160,mean_width_game_equal,tuned - fixed,0.0
42,lightgbm_multiclass,160,mean_width_inclusive_game_equal,tuned - fixed,0.0
42,ridge_sgd_l2,160,crps,tuned - fixed,-0.00031195838076792347
42,ridge_sgd_l2,160,coverage,tuned - fixed,-0.009301566579634435
42,ridge_sgd_l2,160,mean_width,tuned - fixed,-2.8614556135770215
42,ridge_sgd_l2,160,mean_width_inclusive,tuned - fixed,-2.8614556135770215
42,ridge_sgd_l2,160,mean_q,tuned - fixed,-0.15600522193211488
42,ridge_sgd_l2,160,crps_game_equal,tuned - fixed,-0.0003110321898425056
42,ridge_sgd_l2,160,coverage_game_equal,tuned - fixed,-0.009436311166898026
42,ridge_sgd_l2,160,mean_width_game_equal,tuned - fixed,-2.8457074604133688
42,ridge_sgd_l2,160,mean_width_inclusive_game_equal,tuned - fixed,-2.845707460413365
42,set_transformer,160,crps,tuned - fixed,-0.0002381704376102807
42,set_transformer,160,coverage,tuned - fixed,0.01109660574412541
42,set_transformer,160,mean_width,tuned - fixed,-0.330287206266318
42,set_transformer,160,mean_width_inclusive,tuned - fixed,-0.3302872062663198
42,set_transformer,160,mean_q,tuned - fixed,-0.20381853785900783
42,set_transformer,160,crps_game_equal,tuned - fixed,-0.00023498752037703734
42,set_transformer,160,coverage_game_equal,tuned - fixed,0.010659018333079251
42,set_transformer,160,mean_width_game_equal,tuned - fixed,-0.33006795607914796
42,set_transformer,160,mean_width_inclusive_game_equal,tuned - fixed,-0.33006795607914796
42,zoo_cnn,160,crps,tuned - fixed,-1.995280413114031e-09
42,zoo_cnn,160,coverage,tuned - fixed,0.0
42,zoo_cnn,160,mean_width,tuned - fixed,0.0
42,zoo_cnn,160,mean_width_inclusive,tuned - fixed,0.0
42,zoo_cnn,160,mean_q,tuned - fixed,0.0
42,zoo_cnn,160,crps_game_equal,tuned - fixed,-1.8386926529945224e-09
42,zoo_cnn,160,coverage_game_equal,tuned - fixed,0.0
42,zoo_cnn,160,mean_width_game_equal,tuned - fixed,0.0
42,zoo_cnn,160,mean_width_inclusive_game_equal,tuned - fixed,0.0
42,lightgbm_multiclass,360,crps,tuned - fixed,0.0
42,lightgbm_multiclass,360,coverage,tuned - fixed,0.0
42,lightgbm_multiclass,360,mean_width,tuned - fixed,0.0
42,lightgbm_multiclass,360,mean_width_inclusive,tuned - fixed,0.0
42,lightgbm_multiclass,360,mean_q,tuned - fixed,0.0
42,lightgbm_multiclass,360,crps_game_equal,tuned - fixed,0.0
42,lightgbm_multiclass,360,coverage_game_equal,tuned - fixed,0.0
42,lightgbm_multiclass,360,mean_width_game_equal,tuned - fixed,0.0
42,lightgbm_multiclass,360,mean_width_inclusive_game_equal,tuned - fixed,0.0
42,ridge_sgd_l2,360,crps,tuned - fixed,-0.00032416857729696165
42,ridge_sgd_l2,360,coverage,tuned - fixed,-0.010280678851174896
42,ridge_sgd_l2,360,mean_width,tuned - fixed,-2.9392950391644916
42,ridge_sgd_l2,360,mean_width_inclusive,tuned - fixed,-2.9392950391644916
42,ridge_sgd_l2,360,mean_q,tuned - fixed,-0.1347911227154047
42,ridge_sgd_l2,360,crps_game_equal,tuned - fixed,-0.0003233053007288319
42,ridge_sgd_l2,360,coverage_game_equal,tuned - fixed,-0.010480862569116955
42,ridge_sgd_l2,360,mean_width_game_equal,tuned - fixed,-2.925124572234189
42,ridge_sgd_l2,360,mean_width_inclusive_game_equal,tuned - fixed,-2.925124572234189
42,set_transformer,360,crps,tuned - fixed,-2.3245239875936685e-05
42,set_transformer,360,coverage,tuned - fixed,-0.0016318537859008053
42,set_transformer,360,mean_width,tuned - fixed,-0.5667428198433413
42,set_transformer,360,mean_width_inclusive,tuned - fixed,-0.5667428198433413
42,set_transformer,360,mean_q,tuned - fixed,-0.08860966057441254
42,set_transformer,360,crps_game_equal,tuned - fixed,-2.730961126925363e-05
42,set_transformer,360,coverage_game_equal,tuned - fixed,-0.0016588487504604066
42,set_transformer,360,mean_width_game_equal,tuned - fixed,-0.57000826733438
42,set_transformer,360,mean_width_inclusive_game_equal,tuned - fixed,-0.5700082673343783
42,zoo_cnn,360,crps,tuned - fixed,-1.1009865970301735e-09
42,zoo_cnn,360,coverage,tuned - fixed,0.0
42,zoo_cnn,360,mean_width,tuned - fixed,0.0
42,zoo_cnn,360,mean_width_inclusive,tuned - fixed,0.0
42,zoo_cnn,360,mean_q,tuned - fixed,0.0
42,zoo_cnn,360,crps_game_equal,tuned - fixed,-8.509871210482522e-10
42,zoo_cnn,360,coverage_game_equal,tuned - fixed,0.0
42,zoo_cnn,360,mean_width_game_equal,tuned - fixed,0.0
42,zoo_cnn,360,mean_width_inclusive_game_equal,tuned - fixed,0.0
43,lightgbm_multiclass,20,crps,tuned - fixed,0.0
43,lightgbm_multiclass,20,coverage,tuned - fixed,0.0
43,lightgbm_multiclass,20,mean_width,tuned - fixed,0.0
43,lightgbm_multiclass,20,mean_width_inclusive,tuned - fixed,0.0
43,lightgbm_multiclass,20,mean_q,tuned - fixed,0.0
43,lightgbm_multiclass,20,crps_game_equal,tuned - fixed,0.0
43,lightgbm_multiclass,20,coverage_game_equal,tuned - fixed,0.0
43,lightgbm_multiclass,20,mean_width_game_equal,tuned - fixed,0.0
43,lightgbm_multiclass,20,mean_width_inclusive_game_equal,tuned - fixed,0.0
43,ridge_sgd_l2,20,crps,tuned - fixed,-0.00025165755039422734
43,ridge_sgd_l2,20,coverage,tuned - fixed,-0.007126660187884659
43,ridge_sgd_l2,20,mean_width,tuned - fixed,-2.531422092646583
43,ridge_sgd_l2,20,mean_width_inclusive,tuned - fixed,-2.531422092646583
43,ridge_sgd_l2,20,mean_q,tuned - fixed,-0.24975704567541301
43,ridge_sgd_l2,20,crps_game_equal,tuned - fixed,-0.0002518998075081002
43,ridge_sgd_l2,20,coverage_game_equal,tuned - fixed,-0.006924760013754638
43,ridge_sgd_l2,20,mean_width_game_equal,tuned - fixed,-2.5059615370086874
43,ridge_sgd_l2,20,mean_width_inclusive_game_equal,tuned - fixed,-2.5059615370086874
43,set_transformer,20,crps,tuned - fixed,-0.00011266661471676445
43,set_transformer,20,coverage,tuned - fixed,0.0210560414642047
43,set_transformer,20,mean_width,tuned - fixed,2.734693877551022
43,set_transformer,20,mean_width_inclusive,tuned - fixed,2.7346938775510203
43,set_transformer,20,mean_q,tuned - fixed,-0.8284742468415937
43,set_transformer,20,crps_game_equal,tuned - fixed,-9.446733184827368e-05
43,set_transformer,20,coverage_game_equal,tuned - fixed,0.02099456453152282
43,set_transformer,20,mean_width_game_equal,tuned - fixed,2.7273899597473346
43,set_transformer,20,mean_width_inclusive_game_equal,tuned - fixed,2.7273899597473346
43,zoo_cnn,20,crps,tuned - fixed,-0.0018858369804065356
43,zoo_cnn,20,coverage,tuned - fixed,-0.008908325234855852
43,zoo_cnn,20,mean_width,tuned - fixed,-1.3945578231292508
43,zoo_cnn,20,mean_width_inclusive,tuned - fixed,-1.3945578231292508
43,zoo_cnn,20,mean_q,tuned - fixed,1.978620019436346
43,zoo_cnn,20,crps_game_equal,tuned - fixed,-0.0018224351132403623
43,zoo_cnn,20,coverage_game_equal,tuned - fixed,-0.008536040407220336
43,zoo_cnn,20,mean_width_game_equal,tuned - fixed,-1.366312183970308
43,zoo_cnn,20,mean_width_inclusive_game_equal,tuned - fixed,-1.366312183970308
43,lightgbm_multiclass,160,crps,tuned - fixed,0.0
43,lightgbm_multiclass,160,coverage,tuned - fixed,0.0
43,lightgbm_multiclass,160,mean_width,tuned - fixed,0.0
43,lightgbm_multiclass,160,mean_width_inclusive,tuned - fixed,0.0
43,lightgbm_multiclass,160,mean_q,tuned - fixed,0.0
43,lightgbm_multiclass,160,crps_game_equal,tuned - fixed,0.0
43,lightgbm_multiclass,160,coverage_game_equal,tuned - fixed,0.0
43,lightgbm_multiclass,160,mean_width_game_equal,tuned - fixed,0.0
43,lightgbm_multiclass,160,mean_width_inclusive_game_equal,tuned - fixed,0.0
43,ridge_sgd_l2,160,crps,tuned - fixed,-0.0003063631534719353
43,ridge_sgd_l2,160,coverage,tuned - fixed,-0.009880142533203795
43,ridge_sgd_l2,160,mean_width,tuned - fixed,-2.8132491091674794
43,ridge_sgd_l2,160,mean_width_inclusive,tuned - fixed,-2.8132491091674794
43,ridge_sgd_l2,160,mean_q,tuned - fixed,-0.07515387107223842
43,ridge_sgd_l2,160,crps_game_equal,tuned - fixed,-0.00030369071051571626
43,ridge_sgd_l2,160,coverage_game_equal,tuned - fixed,-0.009826251399232211
43,ridge_sgd_l2,160,mean_width_game_equal,tuned - fixed,-2.7919847169091803
43,ridge_sgd_l2,160,mean_width_inclusive_game_equal,tuned - fixed,-2.7919847169091803
43,set_transformer,160,crps,tuned - fixed,-0.00010896983075722212
43,set_transformer,160,coverage,tuned - fixed,0.004049238743116246
43,set_transformer,160,mean_width,tuned - fixed,-0.45756397797214277
43,set_transformer,160,mean_width_inclusive,tuned - fixed,-0.45756397797214277
43,set_transformer,160,mean_q,tuned - fixed,-0.2900874635568513
43,set_transformer,160,crps_game_equal,tuned - fixed,-0.00012009794171184349
43,set_transformer,160,coverage_game_equal,tuned - fixed,0.004389465743798393
43,set_transformer,160,mean_width_game_equal,tuned - fixed,-0.4576707755147087
43,set_transformer,160,mean_width_inclusive_game_equal,tuned - fixed,-0.45767077551471225
43,zoo_cnn,160,crps,tuned - fixed,4.8918829022304156e-09
43,zoo_cnn,160,coverage,tuned - fixed,0.0
43,zoo_cnn,160,mean_width,tuned - fixed,0.0
43,zoo_cnn,160,mean_width_inclusive,tuned - fixed,0.0
43,zoo_cnn,160,mean_q,tuned - fixed,0.0
43,zoo_cnn,160,crps_game_equal,tuned - fixed,4.962791570056746e-09
43,zoo_cnn,160,coverage_game_equal,tuned - fixed,0.0
43,zoo_cnn,160,mean_width_game_equal,tuned - fixed,0.0
43,zoo_cnn,160,mean_width_inclusive_game_equal,tuned - fixed,0.0
43,lightgbm_multiclass,360,crps,tuned - fixed,0.0
43,lightgbm_multiclass,360,coverage,tuned - fixed,0.0
43,lightgbm_multiclass,360,mean_width,tuned - fixed,0.0
43,lightgbm_multiclass,360,mean_width_inclusive,tuned - fixed,0.0
43,lightgbm_multiclass,360,mean_q,tuned - fixed,0.0
43,lightgbm_multiclass,360,crps_game_equal,tuned - fixed,0.0
43,lightgbm_multiclass,360,coverage_game_equal,tuned - fixed,0.0
43,lightgbm_multiclass,360,mean_width_game_equal,tuned - fixed,0.0
43,lightgbm_multiclass,360,mean_width_inclusive_game_equal,tuned - fixed,0.0
43,ridge_sgd_l2,360,crps,tuned - fixed,-0.0003282814837587203
43,ridge_sgd_l2,360,coverage,tuned - fixed,-0.010689990281827044
43,ridge_sgd_l2,360,mean_width,tuned - fixed,-2.930191124068674
43,ridge_sgd_l2,360,mean_width_inclusive,tuned - fixed,-2.930191124068674
43,ridge_sgd_l2,360,mean_q,tuned - fixed,-0.05733722060252672
43,ridge_sgd_l2,360,crps_game_equal,tuned - fixed,-0.0003275374715487507
43,ridge_sgd_l2,360,coverage_game_equal,tuned - fixed,-0.010597117398902456
43,ridge_sgd_l2,360,mean_width_game_equal,tuned - fixed,-2.909684644010593
43,ridge_sgd_l2,360,mean_width_inclusive_game_equal,tuned - fixed,-2.909684644010593
43,set_transformer,360,crps,tuned - fixed,-0.00017392180554285513
43,set_transformer,360,coverage,tuned - fixed,-0.0006478781988985549
43,set_transformer,360,mean_width,tuned - fixed,-0.280855199222545
43,set_transformer,360,mean_width_inclusive,tuned - fixed,-0.280855199222545
43,set_transformer,360,mean_q,tuned - fixed,-0.31486880466472306
43,set_transformer,360,crps_game_equal,tuned - fixed,-0.00017020000525132598
43,set_transformer,360,coverage_game_equal,tuned - fixed,-0.0006398290404425744
43,set_transformer,360,mean_width_game_equal,tuned - fixed,-0.2833991056806866
43,set_transformer,360,mean_width_inclusive_game_equal,tuned - fixed,-0.2833991056806866
43,zoo_cnn,360,crps,tuned - fixed,-9.875185894708816e-10
43,zoo_cnn,360,coverage,tuned - fixed,0.0
43,zoo_cnn,360,mean_width,tuned - fixed,0.0
43,zoo_cnn,360,mean_width_inclusive,tuned - fixed,0.0
43,zoo_cnn,360,mean_q,tuned - fixed,0.0
43,zoo_cnn,360,crps_game_equal,tuned - fixed,-1.0111949316077284e-09
43,zoo_cnn,360,coverage_game_equal,tuned - fixed,0.0
43,zoo_cnn,360,mean_width_game_equal,tuned - fixed,0.0
43,zoo_cnn,360,mean_width_inclusive_game_equal,tuned - fixed,0.0
44,lightgbm_multiclass,20,crps,tuned - fixed,0.0
44,lightgbm_multiclass,20,coverage,tuned - fixed,0.0
44,lightgbm_multiclass,20,mean_width,tuned - fixed,0.0
44,lightgbm_multiclass,20,mean_width_inclusive,tuned - fixed,0.0
44,lightgbm_multiclass,20,mean_q,tuned - fixed,0.0
44,lightgbm_multiclass,20,crps_game_equal,tuned - fixed,0.0
44,lightgbm_multiclass,20,coverage_game_equal,tuned - fixed,0.0
44,lightgbm_multiclass,20,mean_width_game_equal,tuned - fixed,0.0
44,lightgbm_multiclass,20,mean_width_inclusive_game_equal,tuned - fixed,0.0
44,ridge_sgd_l2,20,crps,tuned - fixed,-0.0003904625121195146
44,ridge_sgd_l2,20,coverage,tuned - fixed,0.000797066794197332
44,ridge_sgd_l2,20,mean_width,tuned - fixed,-2.424836601307188
44,ridge_sgd_l2,20,mean_width_inclusive,tuned - fixed,-2.424836601307188
44,ridge_sgd_l2,20,mean_q,tuned - fixed,-0.03634624581539933
44,ridge_sgd_l2,20,crps_game_equal,tuned - fixed,-0.00038891127610594413
44,ridge_sgd_l2,20,coverage_game_equal,tuned - fixed,0.0011798889047706096
44,ridge_sgd_l2,20,mean_width_game_equal,tuned - fixed,-2.403887591686704
44,ridge_sgd_l2,20,mean_width_inclusive_game_equal,tuned - fixed,-2.403887591686704
44,set_transformer,20,crps,tuned - fixed,-5.5946701906679774e-05
44,set_transformer,20,coverage,tuned - fixed,-0.002231787023752596
44,set_transformer,20,mean_width,tuned - fixed,0.29921887454168683
44,set_transformer,20,mean_width_inclusive,tuned - fixed,0.29921887454168683
44,set_transformer,20,mean_q,tuned - fixed,-0.08831500079706679
44,set_transformer,20,crps_game_equal,tuned - fixed,-5.15566044647104e-05
44,set_transformer,20,coverage_game_equal,tuned - fixed,-0.002677954562059659
44,set_transformer,20,mean_width_game_equal,tuned - fixed,0.29291564428655903
44,set_transformer,20,mean_width_inclusive_game_equal,tuned - fixed,0.29291564428655903
44,zoo_cnn,20,crps,tuned - fixed,-0.0004765508721275447
44,zoo_cnn,20,coverage,tuned - fixed,0.004304160688665792
44,zoo_cnn,20,mean_width,tuned - fixed,-0.07859078590785984
44,zoo_cnn,20,mean_width_inclusive,tuned - fixed,-0.07859078590785984
44,zoo_cnn,20,mean_q,tuned - fixed,-0.6276103937509965
44,zoo_cnn,20,crps_game_equal,tuned - fixed,-0.0005104570550872878
44,zoo_cnn,20,coverage_game_equal,tuned - fixed,0.003991541216804229
44,zoo_cnn,20,mean_width_game_equal,tuned - fixed,-0.08402910458484669
44,zoo_cnn,20,mean_width_inclusive_game_equal,tuned - fixed,-0.08402910458484669
44,lightgbm_multiclass,160,crps,tuned - fixed,0.0
44,lightgbm_multiclass,160,coverage,tuned - fixed,0.0
44,lightgbm_multiclass,160,mean_width,tuned - fixed,0.0
44,lightgbm_multiclass,160,mean_width_inclusive,tuned - fixed,0.0
44,lightgbm_multiclass,160,mean_q,tuned - fixed,0.0
44,lightgbm_multiclass,160,crps_game_equal,tuned - fixed,0.0
44,lightgbm_multiclass,160,coverage_game_equal,tuned - fixed,0.0
44,lightgbm_multiclass,160,mean_width_game_equal,tuned - fixed,0.0
44,lightgbm_multiclass,160,mean_width_inclusive_game_equal,tuned - fixed,0.0
44,ridge_sgd_l2,160,crps,tuned - fixed,-0.00031513193684803813
44,ridge_sgd_l2,160,coverage,tuned - fixed,-0.008767734736170874
44,ridge_sgd_l2,160,mean_width,tuned - fixed,-2.750677506775066
44,ridge_sgd_l2,160,mean_width_inclusive,tuned - fixed,-2.750677506775066
44,ridge_sgd_l2,160,mean_q,tuned - fixed,-0.024549657261278474
44,ridge_sgd_l2,160,crps_game_equal,tuned - fixed,-0.00031565408550254977
44,ridge_sgd_l2,160,coverage_game_equal,tuned - fixed,-0.008909088765602036
44,ridge_sgd_l2,160,mean_width_game_equal,tuned - fixed,-2.7236936109529672
44,ridge_sgd_l2,160,mean_width_inclusive_game_equal,tuned - fixed,-2.7236936109529672
44,set_transformer,160,crps,tuned - fixed,-0.0002700610241308573
44,set_transformer,160,coverage,tuned - fixed,0.0017535469472341747
44,set_transformer,160,mean_width,tuned - fixed,-0.9950581858759762
44,set_transformer,160,mean_width_inclusive,tuned - fixed,-0.9950581858759779
44,set_transformer,160,mean_q,tuned - fixed,-0.03618683245655986
44,set_transformer,160,crps_game_equal,tuned - fixed,-0.0002671309646759476
44,set_transformer,160,coverage_game_equal,tuned - fixed,0.001673230633413847
44,set_transformer,160,mean_width_game_equal,tuned - fixed,-0.9850201863079899
44,set_transformer,160,mean_width_inclusive_game_equal,tuned - fixed,-0.9850201863079882
44,zoo_cnn,160,crps,tuned - fixed,-1.5012240894840545e-09
44,zoo_cnn,160,coverage,tuned - fixed,0.0
44,zoo_cnn,160,mean_width,tuned - fixed,0.0
44,zoo_cnn,160,mean_width_inclusive,tuned - fixed,0.0
44,zoo_cnn,160,mean_q,tuned - fixed,0.0
44,zoo_cnn,160,crps_game_equal,tuned - fixed,-1.2374161070805023e-09
44,zoo_cnn,160,coverage_game_equal,tuned - fixed,0.0
44,zoo_cnn,160,mean_width_game_equal,tuned - fixed,0.0
44,zoo_cnn,160,mean_width_inclusive_game_equal,tuned - fixed,0.0
44,lightgbm_multiclass,360,crps,tuned - fixed,0.0
44,lightgbm_multiclass,360,coverage,tuned - fixed,0.0
44,lightgbm_multiclass,360,mean_width,tuned - fixed,0.0
44,lightgbm_multiclass,360,mean_width_inclusive,tuned - fixed,0.0
44,lightgbm_multiclass,360,mean_q,tuned - fixed,0.0
44,lightgbm_multiclass,360,crps_game_equal,tuned - fixed,0.0
44,lightgbm_multiclass,360,coverage_game_equal,tuned - fixed,0.0
44,lightgbm_multiclass,360,mean_width_game_equal,tuned - fixed,0.0
44,lightgbm_multiclass,360,mean_width_inclusive_game_equal,tuned - fixed,0.0
44,ridge_sgd_l2,360,crps,tuned - fixed,-0.00032566140379114775
44,ridge_sgd_l2,360,coverage,tuned - fixed,-0.01131834847760238
44,ridge_sgd_l2,360,mean_width,tuned - fixed,-3.0476645942930034
44,ridge_sgd_l2,360,mean_width_inclusive,tuned - fixed,-3.0476645942930034
44,ridge_sgd_l2,360,mean_q,tuned - fixed,-0.05164992826398854
44,ridge_sgd_l2,360,crps_game_equal,tuned - fixed,-0.0003240655464573916
44,ridge_sgd_l2,360,coverage_game_equal,tuned - fixed,-0.011391098478864436
44,ridge_sgd_l2,360,mean_width_game_equal,tuned - fixed,-3.0241228582236523
44,ridge_sgd_l2,360,mean_width_inclusive_game_equal,tuned - fixed,-3.0241228582236523
44,set_transformer,360,crps,tuned - fixed,-0.0001924076365438683
44,set_transformer,360,coverage,tuned - fixed,0.002231787023752596
44,set_transformer,360,mean_width,tuned - fixed,0.2837557787342586
44,set_transformer,360,mean_width_inclusive,tuned - fixed,0.2837557787342586
44,set_transformer,360,mean_q,tuned - fixed,-0.22062808863382752
44,set_transformer,360,crps_game_equal,tuned - fixed,-0.00018725665066386676
44,set_transformer,360,coverage_game_equal,tuned - fixed,0.002172439041105312
44,set_transformer,360,mean_width_game_equal,tuned - fixed,0.2792405553849857
44,set_transformer,360,mean_width_inclusive_game_equal,tuned - fixed,0.2792405553849857
44,zoo_cnn,360,crps,tuned - fixed,5.804256224956061e-10
44,zoo_cnn,360,coverage,tuned - fixed,0.0
44,zoo_cnn,360,mean_width,tuned - fixed,0.0
44,zoo_cnn,360,mean_width_inclusive,tuned - fixed,0.0
44,zoo_cnn,360,mean_q,tuned - fixed,0.0
44,zoo_cnn,360,crps_game_equal,tuned - fixed,4.718513097606847e-10
44,zoo_cnn,360,coverage_game_equal,tuned - fixed,0.0
44,zoo_cnn,360,mean_width_game_equal,tuned - fixed,0.0
44,zoo_cnn,360,mean_width_inclusive_game_equal,tuned - fixed,0.0
45,lightgbm_multiclass,20,crps,tuned - fixed,0.0
45,lightgbm_multiclass,20,coverage,tuned - fixed,0.0
45,lightgbm_multiclass,20,mean_width,tuned - fixed,0.0
45,lightgbm_multiclass,20,mean_width_inclusive,tuned - fixed,0.0
45,lightgbm_multiclass,20,mean_q,tuned - fixed,0.0
45,lightgbm_multiclass,20,crps_game_equal,tuned - fixed,0.0
45,lightgbm_multiclass,20,coverage_game_equal,tuned - fixed,0.0
45,lightgbm_multiclass,20,mean_width_game_equal,tuned - fixed,0.0
45,lightgbm_multiclass,20,mean_width_inclusive_game_equal,tuned - fixed,0.0
45,ridge_sgd_l2,20,crps,tuned - fixed,-0.0002068846836326757
45,ridge_sgd_l2,20,coverage,tuned - fixed,-0.010588801540189374
45,ridge_sgd_l2,20,mean_width,tuned - fixed,-2.522220439595703
45,ridge_sgd_l2,20,mean_width_inclusive,tuned - fixed,-2.522220439595703
45,ridge_sgd_l2,20,mean_q,tuned - fixed,-0.16958126103000162
45,ridge_sgd_l2,20,crps_game_equal,tuned - fixed,-0.00020642150323294493
45,ridge_sgd_l2,20,coverage_game_equal,tuned - fixed,-0.01082603291164319
45,ridge_sgd_l2,20,mean_width_game_equal,tuned - fixed,-2.503043904011008
45,ridge_sgd_l2,20,mean_width_inclusive_game_equal,tuned - fixed,-2.5030439040110046
45,set_transformer,20,crps,tuned - fixed,-0.00016913582500663674
45,set_transformer,20,coverage,tuned - fixed,0.022140221402214055
45,set_transformer,20,mean_width,tuned - fixed,3.5904059040590397
45,set_transformer,20,mean_width_inclusive,tuned - fixed,3.5904059040590397
45,set_transformer,20,mean_q,tuned - fixed,-0.22525268730948178
45,set_transformer,20,crps_game_equal,tuned - fixed,-0.00015868509521846548
45,set_transformer,20,coverage_game_equal,tuned - fixed,0.02187295276083201
45,set_transformer,20,mean_width_game_equal,tuned - fixed,3.606440057193673
45,set_transformer,20,mean_width_inclusive_game_equal,tuned - fixed,3.606440057193673
45,zoo_cnn,20,crps,tuned - fixed,0.00010398460922515958
45,zoo_cnn,20,coverage,tuned - fixed,-0.009947055992299059
45,zoo_cnn,20,mean_width,tuned - fixed,-4.030001604363868
45,zoo_cnn,20,mean_width_inclusive,tuned - fixed,-4.030001604363868
45,zoo_cnn,20,mean_q,tuned - fixed,1.9818706882721
45,zoo_cnn,20,crps_game_equal,tuned - fixed,9.759113671896011e-05
45,zoo_cnn,20,coverage_game_equal,tuned - fixed,-0.010170056400757743
45,zoo_cnn,20,mean_width_game_equal,tuned - fixed,-4.077059570229775
45,zoo_cnn,20,mean_width_inclusive_game_equal,tuned - fixed,-4.077059570229775
45,lightgbm_multiclass,160,crps,tuned - fixed,0.0
45,lightgbm_multiclass,160,coverage,tuned - fixed,0.0
45,lightgbm_multiclass,160,mean_width,tuned - fixed,0.0
45,lightgbm_multiclass,160,mean_width_inclusive,tuned - fixed,0.0
45,lightgbm_multiclass,160,mean_q,tuned - fixed,0.0
45,lightgbm_multiclass,160,crps_game_equal,tuned - fixed,0.0
45,lightgbm_multiclass,160,coverage_game_equal,tuned - fixed,0.0
45,lightgbm_multiclass,160,mean_width_game_equal,tuned - fixed,0.0
45,lightgbm_multiclass,160,mean_width_inclusive_game_equal,tuned - fixed,0.0
45,ridge_sgd_l2,160,crps,tuned - fixed,-0.0002704466002697442
45,ridge_sgd_l2,160,coverage,tuned - fixed,-0.010909674314134477
45,ridge_sgd_l2,160,mean_width,tuned - fixed,-2.9152895876784832
45,ridge_sgd_l2,160,mean_width_inclusive,tuned - fixed,-2.9152895876784832
45,ridge_sgd_l2,160,mean_q,tuned - fixed,-0.22252526873094813
45,ridge_sgd_l2,160,crps_game_equal,tuned - fixed,-0.00026614513924037506
45,ridge_sgd_l2,160,coverage_game_equal,tuned - fixed,-0.010865253821699561
45,ridge_sgd_l2,160,mean_width_game_equal,tuned - fixed,-2.8950438867831956
45,ridge_sgd_l2,160,mean_width_inclusive_game_equal,tuned - fixed,-2.8950438867831956
45,set_transformer,160,crps,tuned - fixed,2.8790112212642716e-08
45,set_transformer,160,coverage,tuned - fixed,0.0
45,set_transformer,160,mean_width,tuned - fixed,0.0006417455478917589
45,set_transformer,160,mean_width_inclusive,tuned - fixed,0.0006417455478917589
45,set_transformer,160,mean_q,tuned - fixed,0.0
45,set_transformer,160,crps_game_equal,tuned - fixed,3.0216404673516495e-08
45,set_transformer,160,coverage_game_equal,tuned - fixed,0.0
45,set_transformer,160,mean_width_game_equal,tuned - fixed,0.0006963106498769633
45,set_transformer,160,mean_width_inclusive_game_equal,tuned - fixed,0.0006963106498769633
45,zoo_cnn,160,crps,tuned - fixed,-0.0010437031728656055
45,zoo_cnn,160,coverage,tuned - fixed,-0.006738328252847814
45,zoo_cnn,160,mean_width,tuned - fixed,-2.4878870527835737
45,zoo_cnn,160,mean_width_inclusive,tuned - fixed,-2.4878870527835737
45,zoo_cnn,160,mean_q,tuned - fixed,-0.14840365794962307
45,zoo_cnn,160,crps_game_equal,tuned - fixed,-0.0010873517703310197
45,zoo_cnn,160,coverage_game_equal,tuned - fixed,-0.006171050980046
45,zoo_cnn,160,mean_width_game_equal,tuned - fixed,-2.493018720812465
45,zoo_cnn,160,mean_width_inclusive_game_equal,tuned - fixed,-2.4930187208124686
45,lightgbm_multiclass,360,crps,tuned - fixed,0.0
45,lightgbm_multiclass,360,coverage,tuned - fixed,0.0
45,lightgbm_multiclass,360,mean_width,tuned - fixed,0.0
45,lightgbm_multiclass,360,mean_width_inclusive,tuned - fixed,0.0
45,lightgbm_multiclass,360,mean_q,tuned - fixed,0.0
45,lightgbm_multiclass,360,crps_game_equal,tuned - fixed,0.0
45,lightgbm_multiclass,360,coverage_game_equal,tuned - fixed,0.0
45,lightgbm_multiclass,360,mean_width_game_equal,tuned - fixed,0.0
45,lightgbm_multiclass,360,mean_width_inclusive_game_equal,tuned - fixed,0.0
45,ridge_sgd_l2,360,crps,tuned - fixed,-0.00031084640156476585
45,ridge_sgd_l2,360,coverage,tuned - fixed,-0.011390983475052185
45,ridge_sgd_l2,360,mean_width,tuned - fixed,-3.07829295684261
45,ridge_sgd_l2,360,mean_width_inclusive,tuned - fixed,-3.07829295684261
45,ridge_sgd_l2,360,mean_q,tuned - fixed,-0.20888817583828012
45,ridge_sgd_l2,360,crps_game_equal,tuned - fixed,-0.00030876812091824683
45,ridge_sgd_l2,360,coverage_game_equal,tuned - fixed,-0.011576717111265289
45,ridge_sgd_l2,360,mean_width_game_equal,tuned - fixed,-3.05770839767953
45,ridge_sgd_l2,360,mean_width_inclusive_game_equal,tuned - fixed,-3.05770839767953
45,set_transformer,360,crps,tuned - fixed,-0.00010664511322471329
45,set_transformer,360,coverage,tuned - fixed,-0.0024065458045884336
45,set_transformer,360,mean_width,tuned - fixed,-0.2361623616236166
45,set_transformer,360,mean_width_inclusive,tuned - fixed,-0.2361623616236166
45,set_transformer,360,mean_q,tuned - fixed,-0.2021498475854324
45,set_transformer,360,crps_game_equal,tuned - fixed,-0.00010380567137617189
45,set_transformer,360,coverage_game_equal,tuned - fixed,-0.002641014702272848
45,set_transformer,360,mean_width_game_equal,tuned - fixed,-0.24680343546194372
45,set_transformer,360,mean_width_inclusive_game_equal,tuned - fixed,-0.24680343546194727
45,zoo_cnn,360,crps,tuned - fixed,-0.00020495509966942868
45,zoo_cnn,360,coverage,tuned - fixed,0.0014439274827531268
45,zoo_cnn,360,mean_width,tuned - fixed,0.9950264720038504
45,zoo_cnn,360,mean_width_inclusive,tuned - fixed,0.9950264720038504
45,zoo_cnn,360,mean_q,tuned - fixed,0.1828974811487245
45,zoo_cnn,360,crps_game_equal,tuned - fixed,-0.00017327691041596135
45,zoo_cnn,360,coverage_game_equal,tuned - fixed,0.001438028832801419
45,zoo_cnn,360,mean_width_game_equal,tuned - fixed,0.9906092589257103
45,zoo_cnn,360,mean_width_inclusive_game_equal,tuned - fixed,0.9906092589257067
46,lightgbm_multiclass,20,crps,tuned - fixed,0.0
46,lightgbm_multiclass,20,coverage,tuned - fixed,0.0
46,lightgbm_multiclass,20,mean_width,tuned - fixed,0.0
46,lightgbm_multiclass,20,mean_width_inclusive,tuned - fixed,0.0
46,lightgbm_multiclass,20,mean_q,tuned - fixed,0.0
46,lightgbm_multiclass,20,crps_game_equal,tuned - fixed,0.0
46,lightgbm_multiclass,20,coverage_game_equal,tuned - fixed,0.0
46,lightgbm_multiclass,20,mean_width_game_equal,tuned - fixed,0.0
46,lightgbm_multiclass,20,mean_width_inclusive_game_equal,tuned - fixed,0.0
46,ridge_sgd_l2,20,crps,tuned - fixed,-9.718087801365884e-05
46,ridge_sgd_l2,20,coverage,tuned - fixed,-0.012243599936396898
46,ridge_sgd_l2,20,mean_width,tuned - fixed,-2.776594053108603
46,ridge_sgd_l2,20,mean_width_inclusive,tuned - fixed,-2.776594053108603
46,ridge_sgd_l2,20,mean_q,tuned - fixed,-0.0004770233741453467
46,ridge_sgd_l2,20,crps_game_equal,tuned - fixed,-8.92616741612999e-05
46,ridge_sgd_l2,20,coverage_game_equal,tuned - fixed,-0.012328383475467275
46,ridge_sgd_l2,20,mean_width_game_equal,tuned - fixed,-2.7475000946406425
46,ridge_sgd_l2,20,mean_width_inclusive_game_equal,tuned - fixed,-2.7475000946406425
46,set_transformer,20,crps,tuned - fixed,-0.00019808075790850137
46,set_transformer,20,coverage,tuned - fixed,0.024328192081412015
46,set_transformer,20,mean_width,tuned - fixed,2.2866910478613462
46,set_transformer,20,mean_width_inclusive,tuned - fixed,2.2866910478613462
46,set_transformer,20,mean_q,tuned - fixed,-0.16377802512323103
46,set_transformer,20,crps_game_equal,tuned - fixed,-0.00018169665738178818
46,set_transformer,20,coverage_game_equal,tuned - fixed,0.02449981278204927
46,set_transformer,20,mean_width_game_equal,tuned - fixed,2.3102008245353325
46,set_transformer,20,mean_width_inclusive_game_equal,tuned - fixed,2.3102008245353325
46,zoo_cnn,20,crps,tuned - fixed,-4.1929366402515544e-09
46,zoo_cnn,20,coverage,tuned - fixed,0.0
46,zoo_cnn,20,mean_width,tuned - fixed,0.0
46,zoo_cnn,20,mean_width_inclusive,tuned - fixed,0.0
46,zoo_cnn,20,mean_q,tuned - fixed,0.0
46,zoo_cnn,20,crps_game_equal,tuned - fixed,-3.3569331550631354e-09
46,zoo_cnn,20,coverage_game_equal,tuned - fixed,0.0
46,zoo_cnn,20,mean_width_game_equal,tuned - fixed,0.0
46,zoo_cnn,20,mean_width_inclusive_game_equal,tuned - fixed,0.0
46,lightgbm_multiclass,160,crps,tuned - fixed,0.0
46,lightgbm_multiclass,160,coverage,tuned - fixed,0.0
46,lightgbm_multiclass,160,mean_width,tuned - fixed,0.0
46,lightgbm_multiclass,160,mean_width_inclusive,tuned - fixed,0.0
46,lightgbm_multiclass,160,mean_q,tuned - fixed,0.0
46,lightgbm_multiclass,160,crps_game_equal,tuned - fixed,0.0
46,lightgbm_multiclass,160,coverage_game_equal,tuned - fixed,0.0
46,lightgbm_multiclass,160,mean_width_game_equal,tuned - fixed,0.0
46,lightgbm_multiclass,160,mean_width_inclusive_game_equal,tuned - fixed,0.0
46,ridge_sgd_l2,160,crps,tuned - fixed,-0.00027413541496454363
46,ridge_sgd_l2,160,coverage,tuned - fixed,-0.010494514231197294
46,ridge_sgd_l2,160,mean_width,tuned - fixed,-2.720305294959452
46,ridge_sgd_l2,160,mean_width_inclusive,tuned - fixed,-2.720305294959452
46,ridge_sgd_l2,160,mean_q,tuned - fixed,-0.058514867228494194
46,ridge_sgd_l2,160,crps_game_equal,tuned - fixed,-0.0002720252620775389
46,ridge_sgd_l2,160,coverage_game_equal,tuned - fixed,-0.010553823819460462
46,ridge_sgd_l2,160,mean_width_game_equal,tuned - fixed,-2.691965268592284
46,ridge_sgd_l2,160,mean_width_inclusive_game_equal,tuned - fixed,-2.691965268592284
46,set_transformer,160,crps,tuned - fixed,4.3737930814880324e-05
46,set_transformer,160,coverage,tuned - fixed,0.0004770233741453467
46,set_transformer,160,mean_width,tuned - fixed,0.1578947368421062
46,set_transformer,160,mean_width_inclusive,tuned - fixed,0.1578947368421062
46,set_transformer,160,mean_q,tuned - fixed,-0.4379074574654158
46,set_transformer,160,crps_game_equal,tuned - fixed,4.940926076921551e-05
46,set_transformer,160,coverage_game_equal,tuned - fixed,2.0665648543638504e-05
46,set_transformer,160,mean_width_game_equal,tuned - fixed,0.15713735073180324
46,set_transformer,160,mean_width_inclusive_game_equal,tuned - fixed,0.15713735073180324
46,zoo_cnn,160,crps,tuned - fixed,-0.0006589832382453385
46,zoo_cnn,160,coverage,tuned - fixed,-0.01462871680712352
46,zoo_cnn,160,mean_width,tuned - fixed,-1.7686436635395157
46,zoo_cnn,160,mean_width_inclusive,tuned - fixed,-1.7686436635395157
46,zoo_cnn,160,mean_q,tuned - fixed,0.08475115280648748
46,zoo_cnn,160,crps_game_equal,tuned - fixed,-0.0006571540859192423
46,zoo_cnn,160,coverage_game_equal,tuned - fixed,-0.014320877437475454
46,zoo_cnn,160,mean_width_game_equal,tuned - fixed,-1.7520988922425325
46,zoo_cnn,160,mean_width_inclusive_game_equal,tuned - fixed,-1.752098892242529
46,lightgbm_multiclass,360,crps,tuned - fixed,0.0
46,lightgbm_multiclass,360,coverage,tuned - fixed,0.0
46,lightgbm_multiclass,360,mean_width,tuned - fixed,0.0
46,lightgbm_multiclass,360,mean_width_inclusive,tuned - fixed,0.0
46,lightgbm_multiclass,360,mean_q,tuned - fixed,0.0
46,lightgbm_multiclass,360,crps_game_equal,tuned - fixed,0.0
46,lightgbm_multiclass,360,coverage_game_equal,tuned - fixed,0.0
46,lightgbm_multiclass,360,mean_width_game_equal,tuned - fixed,0.0
46,lightgbm_multiclass,360,mean_width_inclusive_game_equal,tuned - fixed,0.0
46,ridge_sgd_l2,360,crps,tuned - fixed,-0.00030260292270098584
46,ridge_sgd_l2,360,coverage,tuned - fixed,-0.010812529813960858
46,ridge_sgd_l2,360,mean_width,tuned - fixed,-2.6983622197487698
46,ridge_sgd_l2,360,mean_width_inclusive,tuned - fixed,-2.6983622197487698
46,ridge_sgd_l2,360,mean_q,tuned - fixed,-0.08029893464779775
46,ridge_sgd_l2,360,crps_game_equal,tuned - fixed,-0.0003005382471208094
46,ridge_sgd_l2,360,coverage_game_equal,tuned - fixed,-0.011044752223046017
46,ridge_sgd_l2,360,mean_width_game_equal,tuned - fixed,-2.672958958416938
46,ridge_sgd_l2,360,mean_width_inclusive_game_equal,tuned - fixed,-2.672958958416938
46,set_transformer,360,crps,tuned - fixed,-5.52550054293572e-05
46,set_transformer,360,coverage,tuned - fixed,0.0011130545396724756
46,set_transformer,360,mean_width,tuned - fixed,-0.01971696613133922
46,set_transformer,360,mean_width_inclusive,tuned - fixed,-0.01971696613133922
46,set_transformer,360,mean_q,tuned - fixed,-0.0763237398632533
46,set_transformer,360,crps_game_equal,tuned - fixed,-5.440064168665132e-05
46,set_transformer,360,coverage_game_equal,tuned - fixed,0.001052553373097287
46,set_transformer,360,mean_width_game_equal,tuned - fixed,-0.025209959598106124
46,set_transformer,360,mean_width_inclusive_game_equal,tuned - fixed,-0.0252099595981079
46,zoo_cnn,360,crps,tuned - fixed,-0.00032350882453349716
46,zoo_cnn,360,coverage,tuned - fixed,-0.003975194784544445
46,zoo_cnn,360,mean_width,tuned - fixed,-0.5617745269518206
46,zoo_cnn,360,mean_width_inclusive,tuned - fixed,-0.5617745269518206
46,zoo_cnn,360,mean_q,tuned - fixed,-0.3910001590077914
46,zoo_cnn,360,crps_game_equal,tuned - fixed,-0.00033465815567201504
46,zoo_cnn,360,coverage_game_equal,tuned - fixed,-0.004443503979332575
46,zoo_cnn,360,mean_width_game_equal,tuned - fixed,-0.5547963815514692
46,zoo_cnn,360,mean_width_inclusive_game_equal,tuned - fixed,-0.5547963815514656
47,lightgbm_multiclass,20,crps,tuned - fixed,0.0
47,lightgbm_multiclass,20,coverage,tuned - fixed,0.0
47,lightgbm_multiclass,20,mean_width,tuned - fixed,0.0
47,lightgbm_multiclass,20,mean_width_inclusive,tuned - fixed,0.0
47,lightgbm_multiclass,20,mean_q,tuned - fixed,0.0
47,lightgbm_multiclass,20,crps_game_equal,tuned - fixed,0.0
47,lightgbm_multiclass,20,coverage_game_equal,tuned - fixed,0.0
47,lightgbm_multiclass,20,mean_width_game_equal,tuned - fixed,0.0
47,lightgbm_multiclass,20,mean_width_inclusive_game_equal,tuned - fixed,0.0
47,ridge_sgd_l2,20,crps,tuned - fixed,-0.00043222091161836985
47,ridge_sgd_l2,20,coverage,tuned - fixed,-0.016996241215884944
47,ridge_sgd_l2,20,mean_width,tuned - fixed,-4.045432260173229
47,ridge_sgd_l2,20,mean_width_inclusive,tuned - fixed,-4.045432260173229
47,ridge_sgd_l2,20,mean_q,tuned - fixed,0.04968132047720214
47,ridge_sgd_l2,20,crps_game_equal,tuned - fixed,-0.0004180464053545555
47,ridge_sgd_l2,20,coverage_game_equal,tuned - fixed,-0.017216468641381044
47,ridge_sgd_l2,20,mean_width_game_equal,tuned - fixed,-3.996602171839058
47,ridge_sgd_l2,20,mean_width_inclusive_game_equal,tuned - fixed,-3.996602171839058
47,set_transformer,20,crps,tuned - fixed,-0.0004706650882597592
47,set_transformer,20,coverage,tuned - fixed,0.032031377676090766
47,set_transformer,20,mean_width,tuned - fixed,3.7622160483739187
47,set_transformer,20,mean_width_inclusive,tuned - fixed,3.7622160483739187
47,set_transformer,20,mean_q,tuned - fixed,-0.10900473933649289
47,set_transformer,20,crps_game_equal,tuned - fixed,-0.0004902397994619966
47,set_transformer,20,coverage_game_equal,tuned - fixed,0.03226468505176572
47,set_transformer,20,mean_width_game_equal,tuned - fixed,3.7410618908492737
47,set_transformer,20,mean_width_inclusive_game_equal,tuned - fixed,3.7410618908492737
47,zoo_cnn,20,crps,tuned - fixed,-6.115473627499313e-09
47,zoo_cnn,20,coverage,tuned - fixed,0.0
47,zoo_cnn,20,mean_width,tuned - fixed,0.0
47,zoo_cnn,20,mean_width_inclusive,tuned - fixed,0.0
47,zoo_cnn,20,mean_q,tuned - fixed,0.0
47,zoo_cnn,20,crps_game_equal,tuned - fixed,-5.950515823138769e-09
47,zoo_cnn,20,coverage_game_equal,tuned - fixed,0.0
47,zoo_cnn,20,mean_width_game_equal,tuned - fixed,0.0
47,zoo_cnn,20,mean_width_inclusive_game_equal,tuned - fixed,0.0
47,lightgbm_multiclass,160,crps,tuned - fixed,0.0
47,lightgbm_multiclass,160,coverage,tuned - fixed,0.0
47,lightgbm_multiclass,160,mean_width,tuned - fixed,0.0
47,lightgbm_multiclass,160,mean_width_inclusive,tuned - fixed,0.0
47,lightgbm_multiclass,160,mean_q,tuned - fixed,0.0
47,lightgbm_multiclass,160,crps_game_equal,tuned - fixed,0.0
47,lightgbm_multiclass,160,coverage_game_equal,tuned - fixed,0.0
47,lightgbm_multiclass,160,mean_width_game_equal,tuned - fixed,0.0
47,lightgbm_multiclass,160,mean_width_inclusive_game_equal,tuned - fixed,0.0
47,ridge_sgd_l2,160,crps,tuned - fixed,-0.0003407819590515379
47,ridge_sgd_l2,160,coverage,tuned - fixed,-0.009968949174701813
47,ridge_sgd_l2,160,mean_width,tuned - fixed,-2.9159993462984133
47,ridge_sgd_l2,160,mean_width_inclusive,tuned - fixed,-2.9159993462984133
47,ridge_sgd_l2,160,mean_q,tuned - fixed,-0.18777578035626738
47,ridge_sgd_l2,160,crps_game_equal,tuned - fixed,-0.0003292743449944211
47,ridge_sgd_l2,160,coverage_game_equal,tuned - fixed,-0.010237238696291895
47,ridge_sgd_l2,160,mean_width_game_equal,tuned - fixed,-2.885016998855921
47,ridge_sgd_l2,160,mean_width_inclusive_game_equal,tuned - fixed,-2.885016998855921
47,set_transformer,160,crps,tuned - fixed,7.342175672997442e-09
47,set_transformer,160,coverage,tuned - fixed,0.0
47,set_transformer,160,mean_width,tuned - fixed,0.0004902761889198359
47,set_transformer,160,mean_width_inclusive,tuned - fixed,0.0004902761889198359
47,set_transformer,160,mean_q,tuned - fixed,0.00016342539630653796
47,set_transformer,160,crps_game_equal,tuned - fixed,9.999238076430217e-09
47,set_transformer,160,coverage_game_equal,tuned - fixed,0.0
47,set_transformer,160,mean_width_game_equal,tuned - fixed,0.0004220013701097258
47,set_transformer,160,mean_width_inclusive_game_equal,tuned - fixed,0.00042200137010794947
47,zoo_cnn,160,crps,tuned - fixed,-9.276362768206869e-10
47,zoo_cnn,160,coverage,tuned - fixed,0.0
47,zoo_cnn,160,mean_width,tuned - fixed,0.0
47,zoo_cnn,160,mean_width_inclusive,tuned - fixed,0.0
47,zoo_cnn,160,mean_q,tuned - fixed,0.0
47,zoo_cnn,160,crps_game_equal,tuned - fixed,-7.857852996756565e-10
47,zoo_cnn,160,coverage_game_equal,tuned - fixed,0.0
47,zoo_cnn,160,mean_width_game_equal,tuned - fixed,0.0
47,zoo_cnn,160,mean_width_inclusive_game_equal,tuned - fixed,0.0
47,lightgbm_multiclass,360,crps,tuned - fixed,0.0
47,lightgbm_multiclass,360,coverage,tuned - fixed,0.0
47,lightgbm_multiclass,360,mean_width,tuned - fixed,0.0
47,lightgbm_multiclass,360,mean_width_inclusive,tuned - fixed,0.0
47,lightgbm_multiclass,360,mean_q,tuned - fixed,0.0
47,lightgbm_multiclass,360,crps_game_equal,tuned - fixed,0.0
47,lightgbm_multiclass,360,coverage_game_equal,tuned - fixed,0.0
47,lightgbm_multiclass,360,mean_width_game_equal,tuned - fixed,0.0
47,lightgbm_multiclass,360,mean_width_inclusive_game_equal,tuned - fixed,0.0
47,ridge_sgd_l2,360,crps,tuned - fixed,-0.0003526219689530888
47,ridge_sgd_l2,360,coverage,tuned - fixed,-0.011930053930380824
47,ridge_sgd_l2,360,mean_width,tuned - fixed,-3.085798333060957
47,ridge_sgd_l2,360,mean_width_inclusive,tuned - fixed,-3.085798333060957
47,ridge_sgd_l2,360,mean_q,tuned - fixed,-0.1934956692269979
47,ridge_sgd_l2,360,crps_game_equal,tuned - fixed,-0.0003430107530788037
47,ridge_sgd_l2,360,coverage_game_equal,tuned - fixed,-0.012315251897460522
47,ridge_sgd_l2,360,mean_width_game_equal,tuned - fixed,-3.0497202790307263
47,ridge_sgd_l2,360,mean_width_inclusive_game_equal,tuned - fixed,-3.0497202790307263
47,set_transformer,360,crps,tuned - fixed,-7.560674493575781e-06
47,set_transformer,360,coverage,tuned - fixed,-0.015198561856512582
47,set_transformer,360,mean_width,tuned - fixed,-1.0897205425723158
47,set_transformer,360,mean_width_inclusive,tuned - fixed,-1.089720542572314
47,set_transformer,360,mean_q,tuned - fixed,-0.0013074031704526884
47,set_transformer,360,crps_game_equal,tuned - fixed,-8.64319247569946e-06
47,set_transformer,360,coverage_game_equal,tuned - fixed,-0.015404033453137012
47,set_transformer,360,mean_width_game_equal,tuned - fixed,-1.0826941544706585
47,set_transformer,360,mean_width_inclusive_game_equal,tuned - fixed,-1.0826941544706568
47,zoo_cnn,360,crps,tuned - fixed,-1.2890348632249582e-09
47,zoo_cnn,360,coverage,tuned - fixed,0.0
47,zoo_cnn,360,mean_width,tuned - fixed,0.0
47,zoo_cnn,360,mean_width_inclusive,tuned - fixed,0.0
47,zoo_cnn,360,mean_q,tuned - fixed,0.0
47,zoo_cnn,360,crps_game_equal,tuned - fixed,-1.3704123634494803e-09
47,zoo_cnn,360,coverage_game_equal,tuned - fixed,0.0
47,zoo_cnn,360,mean_width_game_equal,tuned - fixed,0.0
47,zoo_cnn,360,mean_width_inclusive_game_equal,tuned - fixed,0.0
48,lightgbm_multiclass,20,crps,tuned - fixed,0.0
48,lightgbm_multiclass,20,coverage,tuned - fixed,0.0
48,lightgbm_multiclass,20,mean_width,tuned - fixed,0.0
48,lightgbm_multiclass,20,mean_width_inclusive,tuned - fixed,0.0
48,lightgbm_multiclass,20,mean_q,tuned - fixed,0.0
48,lightgbm_multiclass,20,crps_game_equal,tuned - fixed,0.0
48,lightgbm_multiclass,20,coverage_game_equal,tuned - fixed,0.0
48,lightgbm_multiclass,20,mean_width_game_equal,tuned - fixed,0.0
48,lightgbm_multiclass,20,mean_width_inclusive_game_equal,tuned - fixed,0.0
48,ridge_sgd_l2,20,crps,tuned - fixed,-0.0002079248769313695
48,ridge_sgd_l2,20,coverage,tuned - fixed,-0.008192771084337358
48,ridge_sgd_l2,20,mean_width,tuned - fixed,-2.9603212851405623
48,ridge_sgd_l2,20,mean_width_inclusive,tuned - fixed,-2.9603212851405623
48,ridge_sgd_l2,20,mean_q,tuned - fixed,-0.17558232931726908
48,ridge_sgd_l2,20,crps_game_equal,tuned - fixed,-0.000203297508195888
48,ridge_sgd_l2,20,coverage_game_equal,tuned - fixed,-0.007705982437693382
48,ridge_sgd_l2,20,mean_width_game_equal,tuned - fixed,-2.9306339684629386
48,ridge_sgd_l2,20,mean_width_inclusive_game_equal,tuned - fixed,-2.9306339684629386
48,set_transformer,20,crps,tuned - fixed,-0.00024230123593839414
48,set_transformer,20,coverage,tuned - fixed,0.017510040160642504
48,set_transformer,20,mean_width,tuned - fixed,1.6767871485943786
48,set_transformer,20,mean_width_inclusive,tuned - fixed,1.6767871485943786
48,set_transformer,20,mean_q,tuned - fixed,-0.006265060240963855
48,set_transformer,20,crps_game_equal,tuned - fixed,-0.00025032273282752336
48,set_transformer,20,coverage_game_equal,tuned - fixed,0.017588996642135424
48,set_transformer,20,mean_width_game_equal,tuned - fixed,1.6699972001803687
48,set_transformer,20,mean_width_inclusive_game_equal,tuned - fixed,1.6699972001803687
48,zoo_cnn,20,crps,tuned - fixed,-0.00032536297714103393
48,zoo_cnn,20,coverage,tuned - fixed,0.019759036144578412
48,zoo_cnn,20,mean_width,tuned - fixed,5.737349397590361
48,zoo_cnn,20,mean_width_inclusive,tuned - fixed,5.737349397590361
48,zoo_cnn,20,mean_q,tuned - fixed,-2.701204819277108
48,zoo_cnn,20,crps_game_equal,tuned - fixed,-0.0003303859229151704
48,zoo_cnn,20,coverage_game_equal,tuned - fixed,0.019466913612416148
48,zoo_cnn,20,mean_width_game_equal,tuned - fixed,5.73511557682734
48,zoo_cnn,20,mean_width_inclusive_game_equal,tuned - fixed,5.73511557682734
48,lightgbm_multiclass,160,crps,tuned - fixed,0.0
48,lightgbm_multiclass,160,coverage,tuned - fixed,0.0
48,lightgbm_multiclass,160,mean_width,tuned - fixed,0.0
48,lightgbm_multiclass,160,mean_width_inclusive,tuned - fixed,0.0
48,lightgbm_multiclass,160,mean_q,tuned - fixed,0.0
48,lightgbm_multiclass,160,crps_game_equal,tuned - fixed,0.0
48,lightgbm_multiclass,160,coverage_game_equal,tuned - fixed,0.0
48,lightgbm_multiclass,160,mean_width_game_equal,tuned - fixed,0.0
48,lightgbm_multiclass,160,mean_width_inclusive_game_equal,tuned - fixed,0.0
48,ridge_sgd_l2,160,crps,tuned - fixed,-0.00032899808269336306
48,ridge_sgd_l2,160,coverage,tuned - fixed,-0.010923694779116477
48,ridge_sgd_l2,160,mean_width,tuned - fixed,-2.6467469879518077
48,ridge_sgd_l2,160,mean_width_inclusive,tuned - fixed,-2.6467469879518077
48,ridge_sgd_l2,160,mean_q,tuned - fixed,-0.050281124497991964
48,ridge_sgd_l2,160,crps_game_equal,tuned - fixed,-0.00032540210060131095
48,ridge_sgd_l2,160,coverage_game_equal,tuned - fixed,-0.010646673705295928
48,ridge_sgd_l2,160,mean_width_game_equal,tuned - fixed,-2.618832160738961
48,ridge_sgd_l2,160,mean_width_inclusive_game_equal,tuned - fixed,-2.618832160738961
48,set_transformer,160,crps,tuned - fixed,0.00012897625091409098
48,set_transformer,160,coverage,tuned - fixed,0.0033734939759035854
48,set_transformer,160,mean_width,tuned - fixed,0.19277108433735002
48,set_transformer,160,mean_width_inclusive,tuned - fixed,0.1927710843373518
48,set_transformer,160,mean_q,tuned - fixed,0.028273092369477906
48,set_transformer,160,crps_game_equal,tuned - fixed,0.0001319344758692713
48,set_transformer,160,coverage_game_equal,tuned - fixed,0.0034941780906539988
48,set_transformer,160,mean_width_game_equal,tuned - fixed,0.17938385165294335
48,set_transformer,160,mean_width_inclusive_game_equal,tuned - fixed,0.1793838516529398
48,zoo_cnn,160,crps,tuned - fixed,-0.0018700716379599358
48,zoo_cnn,160,coverage,tuned - fixed,-0.011726907630522088
48,zoo_cnn,160,mean_width,tuned - fixed,-4.263775100401604
48,zoo_cnn,160,mean_width_inclusive,tuned - fixed,-4.263775100401606
48,zoo_cnn,160,mean_q,tuned - fixed,-0.6983132530120482
48,zoo_cnn,160,crps_game_equal,tuned - fixed,-0.0019270395355944873
48,zoo_cnn,160,coverage_game_equal,tuned - fixed,-0.010757877850131936
48,zoo_cnn,160,mean_width_game_equal,tuned - fixed,-4.327975214316998
48,zoo_cnn,160,mean_width_inclusive_game_equal,tuned - fixed,-4.327975214317
48,lightgbm_multiclass,360,crps,tuned - fixed,0.0
48,lightgbm_multiclass,360,coverage,tuned - fixed,0.0
48,lightgbm_multiclass,360,mean_width,tuned - fixed,0.0
48,lightgbm_multiclass,360,mean_width_inclusive,tuned - fixed,0.0
48,lightgbm_multiclass,360,mean_q,tuned - fixed,0.0
48,lightgbm_multiclass,360,crps_game_equal,tuned - fixed,0.0
48,lightgbm_multiclass,360,coverage_game_equal,tuned - fixed,0.0
48,lightgbm_multiclass,360,mean_width_game_equal,tuned - fixed,0.0
48,lightgbm_multiclass,360,mean_width_inclusive_game_equal,tuned - fixed,0.0
48,ridge_sgd_l2,360,crps,tuned - fixed,-0.0003329542879348616
48,ridge_sgd_l2,360,coverage,tuned - fixed,-0.009317269076305146
48,ridge_sgd_l2,360,mean_width,tuned - fixed,-2.6587951807228904
48,ridge_sgd_l2,360,mean_width_inclusive,tuned - fixed,-2.6587951807228904
48,ridge_sgd_l2,360,mean_q,tuned - fixed,-0.0676305220883534
48,ridge_sgd_l2,360,crps_game_equal,tuned - fixed,-0.0003306100275819023
48,ridge_sgd_l2,360,coverage_game_equal,tuned - fixed,-0.00948645196281972
48,ridge_sgd_l2,360,mean_width_game_equal,tuned - fixed,-2.631923086807152
48,ridge_sgd_l2,360,mean_width_inclusive_game_equal,tuned - fixed,-2.631923086807152
48,set_transformer,360,crps,tuned - fixed,-5.091442144768664e-05
48,set_transformer,360,coverage,tuned - fixed,-0.008192771084337247
48,set_transformer,360,mean_width,tuned - fixed,-0.5485943775100406
48,set_transformer,360,mean_width_inclusive,tuned - fixed,-0.5485943775100406
48,set_transformer,360,mean_q,tuned - fixed,0.1310843373493976
48,set_transformer,360,crps_game_equal,tuned - fixed,-6.0579167701330094e-05
48,set_transformer,360,coverage_game_equal,tuned - fixed,-0.008456340638406945
48,set_transformer,360,mean_width_game_equal,tuned - fixed,-0.536314876619409
48,set_transformer,360,mean_width_inclusive_game_equal,tuned - fixed,-0.5363148766194108
48,zoo_cnn,360,crps,tuned - fixed,-0.0002754366874280871
48,zoo_cnn,360,coverage,tuned - fixed,0.001285140562249043
48,zoo_cnn,360,mean_width,tuned - fixed,-0.22120481927710856
48,zoo_cnn,360,mean_width_inclusive,tuned - fixed,-0.22120481927710856
48,zoo_cnn,360,mean_q,tuned - fixed,-0.17397590361445783
48,zoo_cnn,360,crps_game_equal,tuned - fixed,-0.0002888903578732102
48,zoo_cnn,360,coverage_game_equal,tuned - fixed,0.0011327499781459416
48,zoo_cnn,360,mean_width_game_equal,tuned - fixed,-0.2074746778720442
48,zoo_cnn,360,mean_width_inclusive_game_equal,tuned - fixed,-0.20747467787204243
49,lightgbm_multiclass,20,crps,tuned - fixed,0.0
49,lightgbm_multiclass,20,coverage,tuned - fixed,0.0
49,lightgbm_multiclass,20,mean_width,tuned - fixed,0.0
49,lightgbm_multiclass,20,mean_width_inclusive,tuned - fixed,0.0
49,lightgbm_multiclass,20,mean_q,tuned - fixed,0.0
49,lightgbm_multiclass,20,crps_game_equal,tuned - fixed,0.0
49,lightgbm_multiclass,20,coverage_game_equal,tuned - fixed,0.0
49,lightgbm_multiclass,20,mean_width_game_equal,tuned - fixed,0.0
49,lightgbm_multiclass,20,mean_width_inclusive_game_equal,tuned - fixed,0.0
49,ridge_sgd_l2,20,crps,tuned - fixed,-0.0002769866786421996
49,ridge_sgd_l2,20,coverage,tuned - fixed,-0.008842312100867833
49,ridge_sgd_l2,20,mean_width,tuned - fixed,-3.0730309480923523
49,ridge_sgd_l2,20,mean_width_inclusive,tuned - fixed,-3.0730309480923523
49,ridge_sgd_l2,20,mean_q,tuned - fixed,0.003929916489274599
49,ridge_sgd_l2,20,crps_game_equal,tuned - fixed,-0.000277809003077438
49,ridge_sgd_l2,20,coverage_game_equal,tuned - fixed,-0.008460662260740381
49,ridge_sgd_l2,20,mean_width_game_equal,tuned - fixed,-3.0471214196901073
49,ridge_sgd_l2,20,mean_width_inclusive_game_equal,tuned - fixed,-3.0471214196901073
49,set_transformer,20,crps,tuned - fixed,-2.4033337162195426e-05
49,set_transformer,20,coverage,tuned - fixed,0.0001637465203864208
49,set_transformer,20,mean_width,tuned - fixed,-1.1097101686589177
49,set_transformer,20,mean_width_inclusive,tuned - fixed,-1.1097101686589177
49,set_transformer,20,mean_q,tuned - fixed,0.18274111675126903
49,set_transformer,20,crps_game_equal,tuned - fixed,-1.9066010310186607e-05
49,set_transformer,20,coverage_game_equal,tuned - fixed,-5.9103384096315104e-05
49,set_transformer,20,mean_width_game_equal,tuned - fixed,-1.1283480105619894
49,set_transformer,20,mean_width_inclusive_game_equal,tuned - fixed,-1.1283480105619894
49,zoo_cnn,20,crps,tuned - fixed,-0.0009345191933512083
49,zoo_cnn,20,coverage,tuned - fixed,0.01326346815130175
49,zoo_cnn,20,mean_width,tuned - fixed,0.40740134272146733
49,zoo_cnn,20,mean_width_inclusive,tuned - fixed,0.40740134272146733
49,zoo_cnn,20,mean_q,tuned - fixed,-0.7122973636810217
49,zoo_cnn,20,crps_game_equal,tuned - fixed,-0.0009542449990370891
49,zoo_cnn,20,coverage_game_equal,tuned - fixed,0.013739941983982318
49,zoo_cnn,20,mean_width_game_equal,tuned - fixed,0.4095355581196607
49,zoo_cnn,20,mean_width_inclusive_game_equal,tuned - fixed,0.4095355581196607
49,lightgbm_multiclass,160,crps,tuned - fixed,0.0
49,lightgbm_multiclass,160,coverage,tuned - fixed,0.0
49,lightgbm_multiclass,160,mean_width,tuned - fixed,0.0
49,lightgbm_multiclass,160,mean_width_inclusive,tuned - fixed,0.0
49,lightgbm_multiclass,160,mean_q,tuned - fixed,0.0
49,lightgbm_multiclass,160,crps_game_equal,tuned - fixed,0.0
49,lightgbm_multiclass,160,coverage_game_equal,tuned - fixed,0.0
49,lightgbm_multiclass,160,mean_width_game_equal,tuned - fixed,0.0
49,lightgbm_multiclass,160,mean_width_inclusive_game_equal,tuned - fixed,0.0
49,ridge_sgd_l2,160,crps,tuned - fixed,-0.0002614352505402543
49,ridge_sgd_l2,160,coverage,tuned - fixed,-0.007368593417389824
49,ridge_sgd_l2,160,mean_width,tuned - fixed,-2.624201735713118
49,ridge_sgd_l2,160,mean_width_inclusive,tuned - fixed,-2.624201735713118
49,ridge_sgd_l2,160,mean_q,tuned - fixed,-0.1811036515474046
49,ridge_sgd_l2,160,crps_game_equal,tuned - fixed,-0.0002565194037535256
49,ridge_sgd_l2,160,coverage_game_equal,tuned - fixed,-0.007022349706406028
49,ridge_sgd_l2,160,mean_width_game_equal,tuned - fixed,-2.6011638394772163
49,ridge_sgd_l2,160,mean_width_inclusive_game_equal,tuned - fixed,-2.6011638394772163
49,set_transformer,160,crps,tuned - fixed,-0.0003075230713562964
49,set_transformer,160,coverage,tuned - fixed,-0.0027836908465694865
49,set_transformer,160,mean_width,tuned - fixed,-1.3641722613394478
49,set_transformer,160,mean_width_inclusive,tuned - fixed,-1.364172261339446
49,set_transformer,160,mean_q,tuned - fixed,-0.39397412804977894
49,set_transformer,160,crps_game_equal,tuned - fixed,-0.0003192027513184842
49,set_transformer,160,coverage_game_equal,tuned - fixed,-0.002321459888828148
49,set_transformer,160,mean_width_game_equal,tuned - fixed,-1.3641927038731296
49,set_transformer,160,mean_width_inclusive_game_equal,tuned - fixed,-1.3641927038731296
49,zoo_cnn,160,crps,tuned - fixed,-1.3752610699552248e-09
49,zoo_cnn,160,coverage,tuned - fixed,0.0
49,zoo_cnn,160,mean_width,tuned - fixed,0.0003274930407730636
49,zoo_cnn,160,mean_width_inclusive,tuned - fixed,0.0003274930407730636
49,zoo_cnn,160,mean_q,tuned - fixed,0.0001637465203865318
49,zoo_cnn,160,crps_game_equal,tuned - fixed,-2.2367183417915104e-09
49,zoo_cnn,160,coverage_game_equal,tuned - fixed,0.0
49,zoo_cnn,160,mean_width_game_equal,tuned - fixed,0.00028074115665255306
49,zoo_cnn,160,mean_width_inclusive_game_equal,tuned - fixed,0.00028074115665255306
49,lightgbm_multiclass,360,crps,tuned - fixed,0.0
49,lightgbm_multiclass,360,coverage,tuned - fixed,0.0
49,lightgbm_multiclass,360,mean_width,tuned - fixed,0.0
49,lightgbm_multiclass,360,mean_width_inclusive,tuned - fixed,0.0
49,lightgbm_multiclass,360,mean_q,tuned - fixed,0.0
49,lightgbm_multiclass,360,crps_game_equal,tuned - fixed,0.0
49,lightgbm_multiclass,360,coverage_game_equal,tuned - fixed,0.0
49,lightgbm_multiclass,360,mean_width_game_equal,tuned - fixed,0.0
49,lightgbm_multiclass,360,mean_width_inclusive_game_equal,tuned - fixed,0.0
49,ridge_sgd_l2,360,crps,tuned - fixed,-0.00030571740403784013
49,ridge_sgd_l2,360,coverage,tuned - fixed,-0.009497298182413516
49,ridge_sgd_l2,360,mean_width,tuned - fixed,-2.730145734403145
49,ridge_sgd_l2,360,mean_width_inclusive,tuned - fixed,-2.730145734403145
49,ridge_sgd_l2,360,mean_q,tuned - fixed,0.03864417881120025
49,ridge_sgd_l2,360,crps_game_equal,tuned - fixed,-0.00030503499095353194
49,ridge_sgd_l2,360,coverage_game_equal,tuned - fixed,-0.009799109132594075
49,ridge_sgd_l2,360,mean_width_game_equal,tuned - fixed,-2.708877689342696
49,ridge_sgd_l2,360,mean_width_inclusive_game_equal,tuned - fixed,-2.708877689342696
49,set_transformer,360,crps,tuned - fixed,-0.00033456087258008915
49,set_transformer,360,coverage,tuned - fixed,0.020959554609464526
49,set_transformer,360,mean_width,tuned - fixed,1.5354511216636642
49,set_transformer,360,mean_width_inclusive,tuned - fixed,1.5354511216636624
49,set_transformer,360,mean_q,tuned - fixed,-0.1896184706074996
49,set_transformer,360,crps_game_equal,tuned - fixed,-0.00032543900306176467
49,set_transformer,360,coverage_game_equal,tuned - fixed,0.020365630549248337
49,set_transformer,360,mean_width_game_equal,tuned - fixed,1.5287444910473464
49,set_transformer,360,mean_width_inclusive_game_equal,tuned - fixed,1.5287444910473464
49,zoo_cnn,360,crps,tuned - fixed,-2.35361615787133e-09
49,zoo_cnn,360,coverage,tuned - fixed,0.0
49,zoo_cnn,360,mean_width,tuned - fixed,0.0
49,zoo_cnn,360,mean_width_inclusive,tuned - fixed,0.0
49,zoo_cnn,360,mean_q,tuned - fixed,0.0
49,zoo_cnn,360,crps_game_equal,tuned - fixed,-2.5329642376614725e-09
49,zoo_cnn,360,coverage_game_equal,tuned - fixed,0.0
49,zoo_cnn,360,mean_width_game_equal,tuned - fixed,0.0
49,zoo_cnn,360,mean_width_inclusive_game_equal,tuned - fixed,0.0
50,lightgbm_multiclass,20,crps,tuned - fixed,0.0
50,lightgbm_multiclass,20,coverage,tuned - fixed,0.0
50,lightgbm_multiclass,20,mean_width,tuned - fixed,0.0
50,lightgbm_multiclass,20,mean_width_inclusive,tuned - fixed,0.0
50,lightgbm_multiclass,20,mean_q,tuned - fixed,0.0
50,lightgbm_multiclass,20,crps_game_equal,tuned - fixed,0.0
50,lightgbm_multiclass,20,coverage_game_equal,tuned - fixed,0.0
50,lightgbm_multiclass,20,mean_width_game_equal,tuned - fixed,0.0
50,lightgbm_multiclass,20,mean_width_inclusive_game_equal,tuned - fixed,0.0
50,ridge_sgd_l2,20,crps,tuned - fixed,-0.000259802339311695
50,ridge_sgd_l2,20,coverage,tuned - fixed,-0.010578512396694162
50,ridge_sgd_l2,20,mean_width,tuned - fixed,-2.832727272727272
50,ridge_sgd_l2,20,mean_width_inclusive,tuned - fixed,-2.832727272727272
50,ridge_sgd_l2,20,mean_q,tuned - fixed,-0.007107438016528911
50,ridge_sgd_l2,20,crps_game_equal,tuned - fixed,-0.0002573646676387771
50,ridge_sgd_l2,20,coverage_game_equal,tuned - fixed,-0.010647498043193093
50,ridge_sgd_l2,20,mean_width_game_equal,tuned - fixed,-2.818223945646732
50,ridge_sgd_l2,20,mean_width_inclusive_game_equal,tuned - fixed,-2.818223945646732
50,set_transformer,20,crps,tuned - fixed,3.0055735608658374e-09
50,set_transformer,20,coverage,tuned - fixed,0.0001652892561982977
50,set_transformer,20,mean_width,tuned - fixed,0.011570247933883948
50,set_transformer,20,mean_width_inclusive,tuned - fixed,0.011570247933882172
50,set_transformer,20,mean_q,tuned - fixed,0.005785123966942085
50,set_transformer,20,crps_game_equal,tuned - fixed,5.0680787136436756e-09
50,set_transformer,20,coverage_game_equal,tuned - fixed,0.00019208605455245387
50,set_transformer,20,mean_width_game_equal,tuned - fixed,0.01211367989603751
50,set_transformer,20,mean_width_inclusive_game_equal,tuned - fixed,0.012113679896039287
50,zoo_cnn,20,crps,tuned - fixed,-0.001350627404850445
50,zoo_cnn,20,coverage,tuned - fixed,-0.0638016528925619
50,zoo_cnn,20,mean_width,tuned - fixed,-23.84710743801653
50,zoo_cnn,20,mean_width_inclusive,tuned - fixed,-23.84710743801653
50,zoo_cnn,20,mean_q,tuned - fixed,3.2575206611570247
50,zoo_cnn,20,crps_game_equal,tuned - fixed,-0.0014110080213518734
50,zoo_cnn,20,coverage_game_equal,tuned - fixed,-0.06357712649859482
50,zoo_cnn,20,mean_width_game_equal,tuned - fixed,-23.873195598639548
50,zoo_cnn,20,mean_width_inclusive_game_equal,tuned - fixed,-23.873195598639548
50,lightgbm_multiclass,160,crps,tuned - fixed,0.0
50,lightgbm_multiclass,160,coverage,tuned - fixed,0.0
50,lightgbm_multiclass,160,mean_width,tuned - fixed,0.0
50,lightgbm_multiclass,160,mean_width_inclusive,tuned - fixed,0.0
50,lightgbm_multiclass,160,mean_q,tuned - fixed,0.0
50,lightgbm_multiclass,160,crps_game_equal,tuned - fixed,0.0
50,lightgbm_multiclass,160,coverage_game_equal,tuned - fixed,0.0
50,lightgbm_multiclass,160,mean_width_game_equal,tuned - fixed,0.0
50,lightgbm_multiclass,160,mean_width_inclusive_game_equal,tuned - fixed,0.0
50,ridge_sgd_l2,160,crps,tuned - fixed,-0.0003041318626133011
50,ridge_sgd_l2,160,coverage,tuned - fixed,-0.014214876033057822
50,ridge_sgd_l2,160,mean_width,tuned - fixed,-2.928925619834711
50,ridge_sgd_l2,160,mean_width_inclusive,tuned - fixed,-2.928925619834711
50,ridge_sgd_l2,160,mean_q,tuned - fixed,-0.0221487603305785
50,ridge_sgd_l2,160,crps_game_equal,tuned - fixed,-0.0003011132233908566
50,ridge_sgd_l2,160,coverage_game_equal,tuned - fixed,-0.014297561071053844
50,ridge_sgd_l2,160,mean_width_game_equal,tuned - fixed,-2.9154706300067623
50,ridge_sgd_l2,160,mean_width_inclusive_game_equal,tuned - fixed,-2.9154706300067623
50,set_transformer,160,crps,tuned - fixed,-0.00012648075675720377
50,set_transformer,160,coverage,tuned - fixed,-0.0013223140495867147
50,set_transformer,160,mean_width,tuned - fixed,-0.7842975206611573
50,set_transformer,160,mean_width_inclusive,tuned - fixed,-0.7842975206611573
50,set_transformer,160,mean_q,tuned - fixed,0.13388429752066117
50,set_transformer,160,crps_game_equal,tuned - fixed,-0.00013098399211975732
50,set_transformer,160,coverage_game_equal,tuned - fixed,-0.0012553098689355169
50,set_transformer,160,mean_width_game_equal,tuned - fixed,-0.7928970680554617
50,set_transformer,160,mean_width_inclusive_game_equal,tuned - fixed,-0.7928970680554581
50,zoo_cnn,160,crps,tuned - fixed,2.97226411885565e-10
50,zoo_cnn,160,coverage,tuned - fixed,0.0
50,zoo_cnn,160,mean_width,tuned - fixed,0.00033057851239526315
50,zoo_cnn,160,mean_width_inclusive,tuned - fixed,0.00033057851239526315
50,zoo_cnn,160,mean_q,tuned - fixed,0.0001652892561982977
50,zoo_cnn,160,crps_game_equal,tuned - fixed,3.3022730903942143e-10
50,zoo_cnn,160,coverage_game_equal,tuned - fixed,0.0
50,zoo_cnn,160,mean_width_game_equal,tuned - fixed,0.0003743215422034041
50,zoo_cnn,160,mean_width_inclusive_game_equal,tuned - fixed,0.0003743215422034041
50,lightgbm_multiclass,360,crps,tuned - fixed,0.0
50,lightgbm_multiclass,360,coverage,tuned - fixed,0.0
50,lightgbm_multiclass,360,mean_width,tuned - fixed,0.0
50,lightgbm_multiclass,360,mean_width_inclusive,tuned - fixed,0.0
50,lightgbm_multiclass,360,mean_q,tuned - fixed,0.0
50,lightgbm_multiclass,360,crps_game_equal,tuned - fixed,0.0
50,lightgbm_multiclass,360,coverage_game_equal,tuned - fixed,0.0
50,lightgbm_multiclass,360,mean_width_game_equal,tuned - fixed,0.0
50,lightgbm_multiclass,360,mean_width_inclusive_game_equal,tuned - fixed,0.0
50,ridge_sgd_l2,360,crps,tuned - fixed,-0.00030288764049845457
50,ridge_sgd_l2,360,coverage,tuned - fixed,-0.010909090909090868
50,ridge_sgd_l2,360,mean_width,tuned - fixed,-2.813553719008265
50,ridge_sgd_l2,360,mean_width_inclusive,tuned - fixed,-2.813553719008265
50,ridge_sgd_l2,360,mean_q,tuned - fixed,-0.12049586776859506
50,ridge_sgd_l2,360,crps_game_equal,tuned - fixed,-0.00030009242616793955
50,ridge_sgd_l2,360,coverage_game_equal,tuned - fixed,-0.010995152766600458
50,ridge_sgd_l2,360,mean_width_game_equal,tuned - fixed,-2.7970362225396954
50,ridge_sgd_l2,360,mean_width_inclusive_game_equal,tuned - fixed,-2.7970362225396954
50,set_transformer,360,crps,tuned - fixed,-0.0002485287322352373
50,set_transformer,360,coverage,tuned - fixed,-0.0062809917355372
50,set_transformer,360,mean_width,tuned - fixed,-0.9477685950413228
50,set_transformer,360,mean_width_inclusive,tuned - fixed,-0.947768595041321
50,set_transformer,360,mean_q,tuned - fixed,0.00033057851239669424
50,set_transformer,360,crps_game_equal,tuned - fixed,-0.00024335162379121936
50,set_transformer,360,coverage_game_equal,tuned - fixed,-0.006456752937100574
50,set_transformer,360,mean_width_game_equal,tuned - fixed,-0.9575925916726646
50,set_transformer,360,mean_width_inclusive_game_equal,tuned - fixed,-0.9575925916726664
50,zoo_cnn,360,crps,tuned - fixed,1.2424026321622428e-09
50,zoo_cnn,360,coverage,tuned - fixed,0.0
50,zoo_cnn,360,mean_width,tuned - fixed,0.0
50,zoo_cnn,360,mean_width_inclusive,tuned - fixed,0.0
50,zoo_cnn,360,mean_q,tuned - fixed,0.0
50,zoo_cnn,360,crps_game_equal,tuned - fixed,1.2434641181308104e-09
50,zoo_cnn,360,coverage_game_equal,tuned - fixed,0.0
50,zoo_cnn,360,mean_width_game_equal,tuned - fixed,0.0
50,zoo_cnn,360,mean_width_inclusive_game_equal,tuned - fixed,0.0
