n_train,model_left,model_right,task_id,metric,mean_difference,standard_error,lower_95,upper_95,baseline_confidence,critical_95,bootstrap_draws,bootstrap_unit,bootstrap_index_sha256,family_contrasts,lower_90,upper_90,critical_90,sensitivity_confidence,year,problem,significant_95,significant_90
20,linear_structure,boosted_structure,bdb2020_rushing_harmonized,primary_loss,5.9876533574673154e-05,3.3166212265964483e-05,-5.609135663254788e-05,0.00017584442378189419,0.95,3.4965672075321215,10000,complete_repeat_5x6_vector,44b259cde98049d40866fb4f6daff7797b4de886b8c9f77ffd58af7231c7bde6,60,-4.6366859204304814e-05,0.00016611992635365112,3.203362262986119,0.9,2020,Rushing yards,False,False
20,linear_structure,relnet,bdb2020_rushing_harmonized,primary_loss,-0.00020340633484608502,5.175487431259976e-05,-0.0003843707311974679,-2.2441938494702142e-05,0.95,3.4965672075321215,10000,complete_repeat_5x6_vector,44b259cde98049d40866fb4f6daff7797b4de886b8c9f77ffd58af7231c7bde6,60,-0.00036919594614465677,-3.76167235475133e-05,3.203362262986119,0.9,2020,Rushing yards,True,True
20,linear_structure,attn_relnet,bdb2020_rushing_harmonized,primary_loss,-0.00019304887636344858,5.254415079219763e-05,-0.00037677303097106974,-9.32472175582742e-06,0.95,3.4965672075321215,10000,complete_repeat_5x6_vector,44b259cde98049d40866fb4f6daff7797b4de886b8c9f77ffd58af7231c7bde6,60,-0.00036136682615182665,-2.473092657507051e-05,3.203362262986119,0.9,2020,Rushing yards,True,True
20,linear_structure,set_transformer,bdb2020_rushing_harmonized,primary_loss,-0.0009673582306018099,6.955925005044438e-05,-0.0012105768233087208,-0.000724139637894899,0.95,3.4965672075321215,10000,complete_repeat_5x6_vector,44b259cde98049d40866fb4f6daff7797b4de886b8c9f77ffd58af7231c7bde6,60,-0.0011901817072550187,-0.0007445347539486011,3.203362262986119,0.9,2020,Rushing yards,True,True
20,boosted_structure,relnet,bdb2020_rushing_harmonized,primary_loss,-0.0002632828684207582,4.558614494749376e-05,-0.000422677887961971,-0.00010388784887954542,0.95,3.4965672075321215,10000,complete_repeat_5x6_vector,44b259cde98049d40866fb4f6daff7797b4de886b8c9f77ffd58af7231c7bde6,60,-0.00040931180486057504,-0.00011725393198094137,3.203362262986119,0.9,2020,Rushing yards,True,True
20,boosted_structure,attn_relnet,bdb2020_rushing_harmonized,primary_loss,-0.00025292540993812173,4.680189365215834e-05,-0.00041657137653266433,-8.927944334357913e-05,0.95,3.4965672075321215,10000,complete_repeat_5x6_vector,44b259cde98049d40866fb4f6daff7797b4de886b8c9f77ffd58af7231c7bde6,60,-0.00040284882989973533,-0.00010300198997650813,3.203362262986119,0.9,2020,Rushing yards,True,True
20,boosted_structure,set_transformer,bdb2020_rushing_harmonized,primary_loss,-0.0010272347641764829,6.404763407542452e-05,-0.001251181621204629,-0.0008032879071483366,0.95,3.4965672075321215,10000,complete_repeat_5x6_vector,44b259cde98049d40866fb4f6daff7797b4de886b8c9f77ffd58af7231c7bde6,60,-0.0012324025382072416,-0.0008220669901457241,3.203362262986119,0.9,2020,Rushing yards,True,True
20,relnet,attn_relnet,bdb2020_rushing_harmonized,primary_loss,1.0357458482636445e-05,9.06591206337148e-06,-2.1342112344518145e-05,4.205702930979104e-05,0.95,3.4965672075321215,10000,complete_repeat_5x6_vector,44b259cde98049d40866fb4f6daff7797b4de886b8c9f77ffd58af7231c7bde6,60,-1.8683942100718374e-05,3.939885906599127e-05,3.203362262986119,0.9,2020,Rushing yards,False,False
20,relnet,set_transformer,bdb2020_rushing_harmonized,primary_loss,-0.000763951895755725,7.06526231396525e-05,-0.0010109935409519592,-0.0005169102505594909,0.95,3.4965672075321215,10000,complete_repeat_5x6_vector,44b259cde98049d40866fb4f6daff7797b4de886b8c9f77ffd58af7231c7bde6,60,-0.0009902778425022677,-0.0005376259490091823,3.203362262986119,0.9,2020,Rushing yards,True,True
20,attn_relnet,set_transformer,bdb2020_rushing_harmonized,primary_loss,-0.0007743093542383616,7.075297676377207e-05,-0.0010217018926258492,-0.0005269168158508739,0.95,3.4965672075321215,10000,complete_repeat_5x6_vector,44b259cde98049d40866fb4f6daff7797b4de886b8c9f77ffd58af7231c7bde6,60,-0.0010009567699973626,-0.0005476619384793604,3.203362262986119,0.9,2020,Rushing yards,True,True
40,linear_structure,boosted_structure,bdb2020_rushing_harmonized,primary_loss,-0.0008944240116679705,2.04553058995965e-05,-0.000965947363496538,-0.0008229006598394031,0.95,3.4965672075321215,10000,complete_repeat_5x6_vector,44b259cde98049d40866fb4f6daff7797b4de886b8c9f77ffd58af7231c7bde6,60,-0.0009599497666645752,-0.0008288982566713658,3.203362262986119,0.9,2020,Rushing yards,True,True
40,linear_structure,relnet,bdb2020_rushing_harmonized,primary_loss,-0.0006973830514692165,4.002761277092548e-05,-0.0008373422896798284,-0.0005574238132586045,0.95,3.4965672075321215,10000,complete_repeat_5x6_vector,44b259cde98049d40866fb4f6daff7797b4de886b8c9f77ffd58af7231c7bde6,60,-0.0008256059956970204,-0.0005691601072414126,3.203362262986119,0.9,2020,Rushing yards,True,True
40,linear_structure,attn_relnet,bdb2020_rushing_harmonized,primary_loss,-0.0006885678849955046,3.98316602785003e-05,-0.0008278419621468684,-0.0005492938078441407,0.95,3.4965672075321215,10000,complete_repeat_5x6_vector,44b259cde98049d40866fb4f6daff7797b4de886b8c9f77ffd58af7231c7bde6,60,-0.0008161631224037355,-0.0005609726475872736,3.203362262986119,0.9,2020,Rushing yards,True,True
40,linear_structure,set_transformer,bdb2020_rushing_harmonized,primary_loss,-0.0014090415590907505,7.133392302083097e-05,-0.0016584654151100087,-0.0011596177030714922,0.95,3.4965672075321215,10000,complete_repeat_5x6_vector,44b259cde98049d40866fb4f6daff7797b4de886b8c9f77ffd58af7231c7bde6,60,-0.0016375499561664371,-0.0011805331620150638,3.203362262986119,0.9,2020,Rushing yards,True,True
40,boosted_structure,relnet,bdb2020_rushing_harmonized,primary_loss,0.00019704096019875349,4.134212652880026e-05,5.2485436288506716e-05,0.0003415964841090003,0.95,3.4965672075321215,10000,complete_repeat_5x6_vector,44b259cde98049d40866fb4f6daff7797b4de886b8c9f77ffd58af7231c7bde6,60,6.460715220479743e-05,0.00032947476819270954,3.203362262986119,0.9,2020,Rushing yards,True,True
40,boosted_structure,attn_relnet,bdb2020_rushing_harmonized,primary_loss,0.0002058561266724656,4.082994729531641e-05,6.30914718743974e-05,0.0003486207814705338,0.95,3.4965672075321215,10000,complete_repeat_5x6_vector,44b259cde98049d40866fb4f6daff7797b4de886b8c9f77ffd58af7231c7bde6,60,7.506301430693684e-05,0.0003366492390379943,3.203362262986119,0.9,2020,Rushing yards,True,True
40,boosted_structure,set_transformer,bdb2020_rushing_harmonized,primary_loss,-0.0005146175474227807,7.400858216759686e-05,-0.0007733935289059464,-0.000255841565939615,0.95,3.4965672075321215,10000,complete_repeat_5x6_vector,44b259cde98049d40866fb4f6daff7797b4de886b8c9f77ffd58af7231c7bde6,60,-0.0007516938466755679,-0.0002775412481699935,3.203362262986119,0.9,2020,Rushing yards,True,True
40,relnet,attn_relnet,bdb2020_rushing_harmonized,primary_loss,8.81516647371211e-06,1.044295856274644e-05,-2.7699339986403865e-05,4.5329672933828085e-05,0.95,3.4965672075321215,10000,complete_repeat_5x6_vector,44b259cde98049d40866fb4f6daff7797b4de886b8c9f77ffd58af7231c7bde6,60,-2.4637412900117595e-05,4.2267745847541816e-05,3.203362262986119,0.9,2020,Rushing yards,False,False
40,relnet,set_transformer,bdb2020_rushing_harmonized,primary_loss,-0.0007116585076215342,7.978448041522857e-05,-0.0009906303055114112,-0.0004326867097316572,0.95,3.4965672075321215,10000,complete_repeat_5x6_vector,44b259cde98049d40866fb4f6daff7797b4de886b8c9f77ffd58af7231c7bde6,60,-0.0009672371013556326,-0.0004560799138874359,3.203362262986119,0.9,2020,Rushing yards,True,True
40,attn_relnet,set_transformer,bdb2020_rushing_harmonized,primary_loss,-0.0007204736740952461,8.049661619135309e-05,-0.0010019355025872305,-0.0004390118456032617,0.95,3.4965672075321215,10000,complete_repeat_5x6_vector,44b259cde98049d40866fb4f6daff7797b4de886b8c9f77ffd58af7231c7bde6,60,-0.000978333496700704,-0.0004626138514897882,3.203362262986119,0.9,2020,Rushing yards,True,True
80,linear_structure,boosted_structure,bdb2020_rushing_harmonized,primary_loss,-0.001465298271248464,1.6711720325888753e-05,-0.0015237319245214147,-0.0014068646179755135,0.95,3.4965672075321215,10000,complete_repeat_5x6_vector,44b259cde98049d40866fb4f6daff7797b4de886b8c9f77ffd58af7231c7bde6,60,-0.0015188319654899942,-0.001411764577006934,3.203362262986119,0.9,2020,Rushing yards,True,True
80,linear_structure,relnet,bdb2020_rushing_harmonized,primary_loss,-0.0006503468781242139,3.9840084950308904e-05,-0.0007896504127067579,-0.0005110433435416698,0.95,3.4965672075321215,10000,complete_repeat_5x6_vector,44b259cde98049d40866fb4f6daff7797b4de886b8c9f77ffd58af7231c7bde6,60,-0.0007779691028081946,-0.0005227246534402331,3.203362262986119,0.9,2020,Rushing yards,True,True
80,linear_structure,attn_relnet,bdb2020_rushing_harmonized,primary_loss,-0.0006049317561026186,4.011454311203059e-05,-0.0007451949520932784,-0.00046466856011195893,0.95,3.4965672075321215,10000,complete_repeat_5x6_vector,44b259cde98049d40866fb4f6daff7797b4de886b8c9f77ffd58af7231c7bde6,60,-0.0007334331697046272,-0.0004764303425006101,3.203362262986119,0.9,2020,Rushing yards,True,True
80,linear_structure,set_transformer,bdb2020_rushing_harmonized,primary_loss,-0.0010120579209613185,4.972112158238448e-05,-0.0011859111642080018,-0.0008382046777146353,0.95,3.4965672075321215,10000,complete_repeat_5x6_vector,44b259cde98049d40866fb4f6daff7797b4de886b8c9f77ffd58af7231c7bde6,60,-0.0011713326855116737,-0.0008527831564109634,3.203362262986119,0.9,2020,Rushing yards,True,True
80,boosted_structure,relnet,bdb2020_rushing_harmonized,primary_loss,0.0008149513931242506,3.925483205255961e-05,0.0006776942346320898,0.0009522085516164114,0.95,3.4965672075321215,10000,complete_repeat_5x6_vector,44b259cde98049d40866fb4f6daff7797b4de886b8c9f77ffd58af7231c7bde6,60,0.0006892039454872232,0.0009406988407612779,3.203362262986119,0.9,2020,Rushing yards,True,True
80,boosted_structure,attn_relnet,bdb2020_rushing_harmonized,primary_loss,0.0008603665151458456,3.872182648227482e-05,0.0007249730464521745,0.0009957599838395165,0.95,3.4965672075321215,10000,complete_repeat_5x6_vector,44b259cde98049d40866fb4f6daff7797b4de886b8c9f77ffd58af7231c7bde6,60,0.0007363264774386299,0.0009844065528530612,3.203362262986119,0.9,2020,Rushing yards,True,True
80,boosted_structure,set_transformer,bdb2020_rushing_harmonized,primary_loss,0.0004532403502871461,5.302548656829381e-05,0.000267833172789015,0.0006386475277852773,0.95,3.4965672075321215,10000,complete_repeat_5x6_vector,44b259cde98049d40866fb4f6daff7797b4de886b8c9f77ffd58af7231c7bde6,60,0.00028338050763779645,0.0006231001929364958,3.203362262986119,0.9,2020,Rushing yards,True,True
80,relnet,attn_relnet,bdb2020_rushing_harmonized,primary_loss,4.54151220215953e-05,2.313770411900431e-05,-3.5487415458496064e-05,0.00012631765950168666,0.95,3.4965672075321215,10000,complete_repeat_5x6_vector,44b259cde98049d40866fb4f6daff7797b4de886b8c9f77ffd58af7231c7bde6,60,-2.870332620536159e-05,0.00011953357024855219,3.203362262986119,0.9,2020,Rushing yards,False,False
80,relnet,set_transformer,bdb2020_rushing_harmonized,primary_loss,-0.0003617110428371043,6.040662213295694e-05,-0.0005729268569049856,-0.00015049522876922305,0.95,3.4965672075321215,10000,complete_repeat_5x6_vector,44b259cde98049d40866fb4f6daff7797b4de886b8c9f77ffd58af7231c7bde6,60,-0.0005552153366122807,-0.00016820674906192803,3.203362262986119,0.9,2020,Rushing yards,True,True
80,attn_relnet,set_transformer,bdb2020_rushing_harmonized,primary_loss,-0.00040712616485869956,6.301977910885308e-05,-0.0006274790579166331,-0.00018677327180076603,0.95,3.4965672075321215,10000,complete_repeat_5x6_vector,44b259cde98049d40866fb4f6daff7797b4de886b8c9f77ffd58af7231c7bde6,60,-0.0006090013470777205,-0.00020525098263967864,3.203362262986119,0.9,2020,Rushing yards,True,True
160,linear_structure,boosted_structure,bdb2020_rushing_harmonized,primary_loss,-0.0017424790439365349,1.2645785005808907e-05,-0.0017866958811013477,-0.001698262206771722,0.95,3.4965672075321215,10000,complete_repeat_5x6_vector,44b259cde98049d40866fb4f6daff7797b4de886b8c9f77ffd58af7231c7bde6,60,-0.0017829880744099787,-0.001701970013463091,3.203362262986119,0.9,2020,Rushing yards,True,True
160,linear_structure,relnet,bdb2020_rushing_harmonized,primary_loss,-0.0001785951046933393,3.319057443276457e-05,-0.00029464817885409793,-6.254203053258064e-05,0.95,3.4965672075321215,10000,complete_repeat_5x6_vector,44b259cde98049d40866fb4f6daff7797b4de886b8c9f77ffd58af7231c7bde6,60,-0.00028491653831808924,-7.227367106858935e-05,3.203362262986119,0.9,2020,Rushing yards,True,True
160,linear_structure,attn_relnet,bdb2020_rushing_harmonized,primary_loss,-9.606598528684291e-05,3.419528316232925e-05,-0.00021563209104451866,2.3500120470832842e-05,0.95,3.4965672075321215,10000,complete_repeat_5x6_vector,44b259cde98049d40866fb4f6daff7797b4de886b8c9f77ffd58af7231c7bde6,60,-0.00020560586494117308,1.347389436748724e-05,3.203362262986119,0.9,2020,Rushing yards,False,False
160,linear_structure,set_transformer,bdb2020_rushing_harmonized,primary_loss,-0.0005527738321830701,5.310222001061209e-05,-0.0007384493133193324,-0.0003670983510468078,0.95,3.4965672075321215,10000,complete_repeat_5x6_vector,44b259cde98049d40866fb4f6daff7797b4de886b8c9f77ffd58af7231c7bde6,60,-0.0007228794798458512,-0.000382668184520289,3.203362262986119,0.9,2020,Rushing yards,True,True
160,boosted_structure,relnet,bdb2020_rushing_harmonized,primary_loss,0.0015638839392431954,3.5728043194188366e-05,0.0014389584350211052,0.0016888094434652856,0.95,3.4965672075321215,10000,complete_repeat_5x6_vector,44b259cde98049d40866fb4f6daff7797b4de886b8c9f77ffd58af7231c7bde6,60,0.0014494340739445945,0.0016783338045417964,3.203362262986119,0.9,2020,Rushing yards,True,True
160,boosted_structure,attn_relnet,bdb2020_rushing_harmonized,primary_loss,0.0016464130586496919,3.843382277838161e-05,0.0015120266142627015,0.0017807995030366822,0.95,3.4965672075321215,10000,complete_repeat_5x6_vector,44b259cde98049d40866fb4f6daff7797b4de886b8c9f77ffd58af7231c7bde6,60,0.0015232956011391279,0.0017695305161602559,3.203362262986119,0.9,2020,Rushing yards,True,True
160,boosted_structure,set_transformer,bdb2020_rushing_harmonized,primary_loss,0.0011897052117534651,5.374461531873366e-05,0.0010017835522485525,0.0013776268712583778,0.95,3.4965672075321215,10000,complete_repeat_5x6_vector,44b259cde98049d40866fb4f6daff7797b4de886b8c9f77ffd58af7231c7bde6,60,0.001017541739202728,0.0013618686843042023,3.203362262986119,0.9,2020,Rushing yards,True,True
160,relnet,attn_relnet,bdb2020_rushing_harmonized,primary_loss,8.252911940649636e-05,2.8473199374190673e-05,-1.7029335818822866e-05,0.0001820875746318156,0.95,3.4965672075321215,10000,complete_repeat_5x6_vector,44b259cde98049d40866fb4f6daff7797b4de886b8c9f77ffd58af7231c7bde6,60,-8.680852975266013e-06,0.00017373909178825875,3.203362262986119,0.9,2020,Rushing yards,False,False
160,relnet,set_transformer,bdb2020_rushing_harmonized,primary_loss,-0.0003741787274897308,5.624065273313088e-05,-0.000570827949566598,-0.00017752950541286358,0.95,3.4965672075321215,10000,complete_repeat_5x6_vector,44b259cde98049d40866fb4f6daff7797b4de886b8c9f77ffd58af7231c7bde6,60,-0.0005543379121007494,-0.0001940195428787122,3.203362262986119,0.9,2020,Rushing yards,True,True
160,attn_relnet,set_transformer,bdb2020_rushing_harmonized,primary_loss,-0.00045670784689622724,5.511601782094784e-05,-0.0006494247074187094,-0.000263990986373745,0.95,3.4965672075321215,10000,complete_repeat_5x6_vector,44b259cde98049d40866fb4f6daff7797b4de886b8c9f77ffd58af7231c7bde6,60,-0.0006332644184699219,-0.00028015127532253254,3.203362262986119,0.9,2020,Rushing yards,True,True
240,linear_structure,boosted_structure,bdb2020_rushing_harmonized,primary_loss,-0.001826565399363497,1.1906247824042736e-05,-0.0018681963950697954,-0.0017849344036571986,0.95,3.4965672075321215,10000,complete_repeat_5x6_vector,44b259cde98049d40866fb4f6daff7797b4de886b8c9f77ffd58af7231c7bde6,60,-0.001864705424336796,-0.0017884253743901978,3.203362262986119,0.9,2020,Rushing yards,True,True
240,linear_structure,relnet,bdb2020_rushing_harmonized,primary_loss,0.0002018728466038901,3.2234764331059304e-05,8.916182670138203e-05,0.00031458386650639816,0.95,3.4965672075321215,10000,complete_repeat_5x6_vector,44b259cde98049d40866fb4f6daff7797b4de886b8c9f77ffd58af7231c7bde6,60,9.861321898952374e-05,0.00030513247421825647,3.203362262986119,0.9,2020,Rushing yards,True,True
240,linear_structure,attn_relnet,bdb2020_rushing_harmonized,primary_loss,0.00029055424690292085,2.9579746018289627e-05,0.0001871266769682405,0.0003939818168376012,0.95,3.4965672075321215,10000,complete_repeat_5x6_vector,44b259cde98049d40866fb4f6daff7797b4de886b8c9f77ffd58af7231c7bde6,60,0.00019579960475921794,0.00038530888904662376,3.203362262986119,0.9,2020,Rushing yards,True,True
240,linear_structure,set_transformer,bdb2020_rushing_harmonized,primary_loss,-0.00036310605973370597,7.347720231012068e-05,-0.0006200240358324774,-0.00010618808363493454,0.95,3.4965672075321215,10000,complete_repeat_5x6_vector,44b259cde98049d40866fb4f6daff7797b4de886b8c9f77ffd58af7231c7bde6,60,-0.000598480156803743,-0.0001277319626636689,3.203362262986119,0.9,2020,Rushing yards,True,True
240,boosted_structure,relnet,bdb2020_rushing_harmonized,primary_loss,0.0020284382459673867,3.382800876740591e-05,0.0019101563398151661,0.0021467201521196072,0.95,3.4965672075321215,10000,complete_repeat_5x6_vector,44b259cde98049d40866fb4f6daff7797b4de886b8c9f77ffd58af7231c7bde6,60,0.001920074879249915,0.0021368016126848584,3.203362262986119,0.9,2020,Rushing yards,True,True
240,boosted_structure,attn_relnet,bdb2020_rushing_harmonized,primary_loss,0.0021171196462664178,3.009573945846009e-05,0.0020118878705895358,0.0022223514219432998,0.95,3.4965672075321215,10000,complete_repeat_5x6_vector,44b259cde98049d40866fb4f6daff7797b4de886b8c9f77ffd58af7231c7bde6,60,0.0020207120902085243,0.0022135272023243112,3.203362262986119,0.9,2020,Rushing yards,True,True
240,boosted_structure,set_transformer,bdb2020_rushing_harmonized,primary_loss,0.001463459339629791,7.119308027448088e-05,0.0012145279497388392,0.0017123907295207427,0.95,3.4965672075321215,10000,complete_repeat_5x6_vector,44b259cde98049d40866fb4f6daff7797b4de886b8c9f77ffd58af7231c7bde6,60,0.0012354021128927774,0.0016915165663668045,3.203362262986119,0.9,2020,Rushing yards,True,True
240,relnet,attn_relnet,bdb2020_rushing_harmonized,primary_loss,8.868140029903077e-05,2.8617571202932668e-05,-1.138186072835917e-05,0.0001887446613264207,0.95,3.4965672075321215,10000,complete_repeat_5x6_vector,44b259cde98049d40866fb4f6daff7797b4de886b8c9f77ffd58af7231c7bde6,60,-2.9910473507620093e-06,0.00018035384794882353,3.203362262986119,0.9,2020,Rushing yards,False,False
240,relnet,set_transformer,bdb2020_rushing_harmonized,primary_loss,-0.0005649789063375963,7.924596053391256e-05,-0.0008420677332698596,-0.00028789007940533296,0.95,3.4965672075321215,10000,complete_repeat_5x6_vector,44b259cde98049d40866fb4f6daff7797b4de886b8c9f77ffd58af7231c7bde6,60,-0.0008188324258060192,-0.00031112538686917346,3.203362262986119,0.9,2020,Rushing yards,True,True
240,attn_relnet,set_transformer,bdb2020_rushing_harmonized,primary_loss,-0.0006536603066366266,7.56734317996459e-05,-0.0009182575467486869,-0.0003890630665245663,0.95,3.4965672075321215,10000,complete_repeat_5x6_vector,44b259cde98049d40866fb4f6daff7797b4de886b8c9f77ffd58af7231c7bde6,60,-0.0008960697223742661,-0.00041125089089898717,3.203362262986119,0.9,2020,Rushing yards,True,True
360,linear_structure,boosted_structure,bdb2020_rushing_harmonized,primary_loss,-0.0018804949952804031,1.1424825195238068e-05,-0.0019204426644098594,-0.0018405473261509468,0.95,3.4965672075321215,10000,complete_repeat_5x6_vector,44b259cde98049d40866fb4f6daff7797b4de886b8c9f77ffd58af7231c7bde6,60,-0.0019170928491720417,-0.0018438971413887646,3.203362262986119,0.9,2020,Rushing yards,True,True
360,linear_structure,relnet,bdb2020_rushing_harmonized,primary_loss,0.00042102295582133913,3.702294238638226e-05,0.0002915697495467639,0.0005504761620959144,0.95,3.4965672075321215,10000,complete_repeat_5x6_vector,44b259cde98049d40866fb4f6daff7797b4de886b8c9f77ffd58af7231c7bde6,60,0.00030242505931609294,0.0005396208523265853,3.203362262986119,0.9,2020,Rushing yards,True,True
360,linear_structure,attn_relnet,bdb2020_rushing_harmonized,primary_loss,0.0005900590746466866,4.167898859457555e-05,0.0004443256898837884,0.0007357924594095848,0.95,3.4965672075321215,10000,complete_repeat_5x6_vector,44b259cde98049d40866fb4f6daff7797b4de886b8c9f77ffd58af7231c7bde6,60,0.0004565461754233944,0.0007235719738699788,3.203362262986119,0.9,2020,Rushing yards,True,True
360,linear_structure,set_transformer,bdb2020_rushing_harmonized,primary_loss,0.00017873341686720144,4.967253015094346e-05,5.0500768262619735e-06,0.0003524167569081409,0.95,3.4965672075321215,10000,complete_repeat_5x6_vector,44b259cde98049d40866fb4f6daff7797b4de886b8c9f77ffd58af7231c7bde6,60,1.9614308274628988e-05,0.0003378525254597739,3.203362262986119,0.9,2020,Rushing yards,True,True
360,boosted_structure,relnet,bdb2020_rushing_harmonized,primary_loss,0.0023015179511017437,3.9554753642809185e-05,0.0021632120966122853,0.002439823805591202,0.95,3.4965672075321215,10000,complete_repeat_5x6_vector,44b259cde98049d40866fb4f6daff7797b4de886b8c9f77ffd58af7231c7bde6,60,0.002174809745960656,0.0024282261562428315,3.203362262986119,0.9,2020,Rushing yards,True,True
360,boosted_structure,attn_relnet,bdb2020_rushing_harmonized,primary_loss,0.0024705540699270904,4.43033112881183e-05,0.0023156445644919683,0.0026254635753622125,0.95,3.4965672075321215,10000,complete_repeat_5x6_vector,44b259cde98049d40866fb4f6daff7797b4de886b8c9f77ffd58af7231c7bde6,60,0.002328634514421405,0.0026124736254327756,3.203362262986119,0.9,2020,Rushing yards,True,True
360,boosted_structure,set_transformer,bdb2020_rushing_harmonized,primary_loss,0.0020592284121476053,5.2075397791288216e-05,0.0018771432839113963,0.0022413135403838145,0.95,3.4965672075321215,10000,complete_repeat_5x6_vector,44b259cde98049d40866fb4f6daff7797b4de886b8c9f77ffd58af7231c7bde6,60,0.001892412048033002,0.0022260447762622085,3.203362262986119,0.9,2020,Rushing yards,True,True
360,relnet,attn_relnet,bdb2020_rushing_harmonized,primary_loss,0.00016903611882534747,2.5038048914477686e-05,8.148889805039956e-05,0.0002565833396002954,0.95,3.4965672075321215,10000,complete_repeat_5x6_vector,44b259cde98049d40866fb4f6daff7797b4de886b8c9f77ffd58af7231c7bde6,60,8.883017779390909e-05,0.00024924205985678587,3.203362262986119,0.9,2020,Rushing yards,True,True
360,relnet,set_transformer,bdb2020_rushing_harmonized,primary_loss,-0.0002422895389541378,6.311612292277138e-05,-0.00046297930463246663,-2.1599773275808966e-05,0.95,3.4965672075321215,10000,complete_repeat_5x6_vector,44b259cde98049d40866fb4f6daff7797b4de886b8c9f77ffd58af7231c7bde6,60,-0.00044447334531093677,-4.010573259733883e-05,3.203362262986119,0.9,2020,Rushing yards,True,True
360,attn_relnet,set_transformer,bdb2020_rushing_harmonized,primary_loss,-0.00041132565777948527,6.590777967111217e-05,-0.0006417766388987483,-0.00018087467666022227,0.95,3.4965672075321215,10000,complete_repeat_5x6_vector,44b259cde98049d40866fb4f6daff7797b4de886b8c9f77ffd58af7231c7bde6,60,-0.0006224521520151297,-0.00020019916354384088,3.203362262986119,0.9,2020,Rushing yards,True,True
10,linear_structure,boosted_structure,bdb2021_completion,primary_loss,-0.018543091726733643,0.0004441752870182699,-0.02087604430082289,-0.016210139152644396,0.95,5.25232412129513,10000,complete_repeat_5x6_vector,93e68f5ec81e1b3dff9621a6251b6fc02ec6ae5b4645f15a0d8a3a7574dd70fd,60,-0.02040275936066808,-0.016683424092799205,4.186787712612984,0.9,2021,Pass completion,True,True
10,linear_structure,relnet,bdb2021_completion,primary_loss,-0.005678264186626892,0.0005552841177238972,-0.008594796352320203,-0.0027617320209335815,0.95,5.25232412129513,10000,complete_repeat_5x6_vector,93e68f5ec81e1b3dff9621a6251b6fc02ec6ae5b4645f15a0d8a3a7574dd70fd,60,-0.008003120907722447,-0.0033534074655313367,4.186787712612984,0.9,2021,Pass completion,True,True
10,linear_structure,attn_relnet,bdb2021_completion,primary_loss,-0.005764339379107186,0.0005648137855630333,-0.00873092444905992,-0.002797754309154451,0.95,5.25232412129513,10000,complete_repeat_5x6_vector,93e68f5ec81e1b3dff9621a6251b6fc02ec6ae5b4645f15a0d8a3a7574dd70fd,60,-0.008129094796416918,-0.003399583961797453,4.186787712612984,0.9,2021,Pass completion,True,True
10,linear_structure,set_transformer,bdb2021_completion,primary_loss,-0.008792618279275086,0.0007546186790760836,-0.01275612016976627,-0.004829116388783903,0.95,5.25232412129513,10000,complete_repeat_5x6_vector,93e68f5ec81e1b3dff9621a6251b6fc02ec6ae5b4645f15a0d8a3a7574dd70fd,60,-0.011952046492539075,-0.005633190066011097,4.186787712612984,0.9,2021,Pass completion,True,True
10,boosted_structure,relnet,bdb2021_completion,primary_loss,0.01286482754010675,0.0007335741599257779,0.009011858285169774,0.016717796795043725,0.95,5.25232412129513,10000,complete_repeat_5x6_vector,93e68f5ec81e1b3dff9621a6251b6fc02ec6ae5b4645f15a0d8a3a7574dd70fd,60,0.00979350826103911,0.01593614681917439,4.186787712612984,0.9,2021,Pass completion,True,True
10,boosted_structure,attn_relnet,bdb2021_completion,primary_loss,0.012778752347626463,0.0007348134716532749,0.008919273825809352,0.016638230869443573,0.95,5.25232412129513,10000,complete_repeat_5x6_vector,93e68f5ec81e1b3dff9621a6251b6fc02ec6ae5b4645f15a0d8a3a7574dd70fd,60,0.009702244333446042,0.015855260361806883,4.186787712612984,0.9,2021,Pass completion,True,True
10,boosted_structure,set_transformer,bdb2021_completion,primary_loss,0.009750473447458554,0.0008911629815745156,0.005069796623329438,0.01443115027158767,0.95,5.25232412129513,10000,complete_repeat_5x6_vector,93e68f5ec81e1b3dff9621a6251b6fc02ec6ae5b4645f15a0d8a3a7574dd70fd,60,0.00601936322626682,0.013481583668650286,4.186787712612984,0.9,2021,Pass completion,True,True
10,relnet,attn_relnet,bdb2021_completion,primary_loss,-8.607519248029106e-05,0.00011339344259488859,-0.0006816543062181191,0.000509503921257537,0.95,5.25232412129513,10000,complete_repeat_5x6_vector,93e68f5ec81e1b3dff9621a6251b6fc02ec6ae5b4645f15a0d8a3a7574dd70fd,60,-0.0005608294646274564,0.0003886790796668743,4.186787712612984,0.9,2021,Pass completion,False,False
10,relnet,set_transformer,bdb2021_completion,primary_loss,-0.003114354092648192,0.0006777596981909745,-0.0066741677038983545,0.0004454595186019713,0.95,5.25232412129513,10000,complete_repeat_5x6_vector,93e68f5ec81e1b3dff9621a6251b6fc02ec6ae5b4645f15a0d8a3a7574dd70fd,60,-0.005951990069138449,-0.00027671811615793485,4.186787712612984,0.9,2021,Pass completion,False,True
10,attn_relnet,set_transformer,bdb2021_completion,primary_loss,-0.0030282789001679004,0.0006781107818522058,-0.006589936516600541,0.0005333787162647399,0.95,5.25232412129513,10000,complete_repeat_5x6_vector,93e68f5ec81e1b3dff9621a6251b6fc02ec6ae5b4645f15a0d8a3a7574dd70fd,60,-0.005867384789417099,-0.00018917301091870122,4.186787712612984,0.9,2021,Pass completion,False,True
20,linear_structure,boosted_structure,bdb2021_completion,primary_loss,-0.010384076572435834,0.0003032600828749128,-0.011976896820745698,-0.00879125632412597,0.95,5.25232412129513,10000,complete_repeat_5x6_vector,93e68f5ec81e1b3dff9621a6251b6fc02ec6ae5b4645f15a0d8a3a7574dd70fd,60,-0.011653762161142514,-0.009114390983729154,4.186787712612984,0.9,2021,Pass completion,True,True
20,linear_structure,relnet,bdb2021_completion,primary_loss,-0.007949659567695173,0.00039854411698188763,-0.01004294244671941,-0.005856376688670937,0.95,5.25232412129513,10000,complete_repeat_5x6_vector,93e68f5ec81e1b3dff9621a6251b6fc02ec6ae5b4645f15a0d8a3a7574dd70fd,60,-0.009618279179609132,-0.006281039955781214,4.186787712612984,0.9,2021,Pass completion,True,True
20,linear_structure,attn_relnet,bdb2021_completion,primary_loss,-0.007977325326741821,0.0003966256730368427,-0.010060531916358147,-0.005894118737125497,0.95,5.25232412129513,10000,complete_repeat_5x6_vector,93e68f5ec81e1b3dff9621a6251b6fc02ec6ae5b4645f15a0d8a3a7574dd70fd,60,-0.009637912821119329,-0.006316737832364314,4.186787712612984,0.9,2021,Pass completion,True,True
20,linear_structure,set_transformer,bdb2021_completion,primary_loss,-0.011058236597611171,0.0005934221312962702,-0.014175081971928937,-0.007941391223293405,0.95,5.25232412129513,10000,complete_repeat_5x6_vector,93e68f5ec81e1b3dff9621a6251b6fc02ec6ae5b4645f15a0d8a3a7574dd70fd,60,-0.013542769085315005,-0.008573704109907338,4.186787712612984,0.9,2021,Pass completion,True,True
20,boosted_structure,relnet,bdb2021_completion,primary_loss,0.0024344170047406613,0.0004924741200596577,-0.00015221669516227252,0.005021050704643595,0.95,5.25232412129513,10000,complete_repeat_5x6_vector,93e68f5ec81e1b3dff9621a6251b6fc02ec6ae5b4645f15a0d8a3a7574dd70fd,60,0.0003725324100949949,0.004496301599386328,4.186787712612984,0.9,2021,Pass completion,False,True
20,boosted_structure,attn_relnet,bdb2021_completion,primary_loss,0.002406751245694012,0.0004912906971494224,-0.00017366673351180018,0.004987169224899824,0.95,5.25232412129513,10000,complete_repeat_5x6_vector,93e68f5ec81e1b3dff9621a6251b6fc02ec6ae5b4645f15a0d8a3a7574dd70fd,60,0.00034982139154774317,0.004463681099840281,4.186787712612984,0.9,2021,Pass completion,False,True
20,boosted_structure,set_transformer,bdb2021_completion,primary_loss,-0.0006741600251753344,0.0006143623180582904,-0.003900990047527684,0.002552669997177015,0.95,5.25232412129513,10000,complete_repeat_5x6_vector,93e68f5ec81e1b3dff9621a6251b6fc02ec6ae5b4645f15a0d8a3a7574dd70fd,60,-0.0032463646295142153,0.0018980445791635463,4.186787712612984,0.9,2021,Pass completion,False,False
20,relnet,attn_relnet,bdb2021_completion,primary_loss,-2.7665759046649198e-05,1.3659891560488735e-05,-9.941193698407995e-05,4.408041889078156e-05,0.95,5.25232412129513,10000,complete_repeat_5x6_vector,93e68f5ec81e1b3dff9621a6251b6fc02ec6ae5b4645f15a0d8a3a7574dd70fd,60,-8.485682518772924e-05,2.9525307094430844e-05,4.186787712612984,0.9,2021,Pass completion,False,False
20,relnet,set_transformer,bdb2021_completion,primary_loss,-0.0031085770299159954,0.000651287579179827,-0.006529350491942113,0.0003121964321101218,0.95,5.25232412129513,10000,complete_repeat_5x6_vector,93e68f5ec81e1b3dff9621a6251b6fc02ec6ae5b4645f15a0d8a3a7574dd70fd,60,-0.005835379863803551,-0.00038177419602843966,4.186787712612984,0.9,2021,Pass completion,False,True
20,attn_relnet,set_transformer,bdb2021_completion,primary_loss,-0.003080911270869347,0.0006505312733781885,-0.006497712369690442,0.00033588982795174907,0.95,5.25232412129513,10000,complete_repeat_5x6_vector,93e68f5ec81e1b3dff9621a6251b6fc02ec6ae5b4645f15a0d8a3a7574dd70fd,60,-0.005804547612919625,-0.00035727492881906927,4.186787712612984,0.9,2021,Pass completion,False,True
40,linear_structure,boosted_structure,bdb2021_completion,primary_loss,-0.0034882143219077677,0.00021497536435476772,-0.004617334613592523,-0.002359094030223012,0.95,5.25232412129513,10000,complete_repeat_5x6_vector,93e68f5ec81e1b3dff9621a6251b6fc02ec6ae5b4645f15a0d8a3a7574dd70fd,60,-0.004388270535902809,-0.0025881581079127266,4.186787712612984,0.9,2021,Pass completion,True,True
40,linear_structure,relnet,bdb2021_completion,primary_loss,-0.00681062062807168,0.0002926501394831102,-0.008347714014779203,-0.005273527241364155,0.95,5.25232412129513,10000,complete_repeat_5x6_vector,93e68f5ec81e1b3dff9621a6251b6fc02ec6ae5b4645f15a0d8a3a7574dd70fd,60,-0.008035884636154041,-0.005585356619989318,4.186787712612984,0.9,2021,Pass completion,True,True
40,linear_structure,attn_relnet,bdb2021_completion,primary_loss,-0.006718531226800789,0.0002959433958547182,-0.00827292186338652,-0.005164140590215059,0.95,5.25232412129513,10000,complete_repeat_5x6_vector,93e68f5ec81e1b3dff9621a6251b6fc02ec6ae5b4645f15a0d8a3a7574dd70fd,60,-0.007957583400194283,-0.005479479053407294,4.186787712612984,0.9,2021,Pass completion,True,True
40,linear_structure,set_transformer,bdb2021_completion,primary_loss,-0.009216667261881736,0.0005043177640327541,-0.011865507618708596,-0.006567826905054877,0.95,5.25232412129513,10000,complete_repeat_5x6_vector,93e68f5ec81e1b3dff9621a6251b6fc02ec6ae5b4645f15a0d8a3a7574dd70fd,60,-0.011328138679586526,-0.007105195844176947,4.186787712612984,0.9,2021,Pass completion,True,True
40,boosted_structure,relnet,bdb2021_completion,primary_loss,-0.003322406306163913,0.0003306454305279403,-0.005059063276521827,-0.0015857493358059991,0.95,5.25232412129513,10000,complete_repeat_5x6_vector,93e68f5ec81e1b3dff9621a6251b6fc02ec6ae5b4645f15a0d8a3a7574dd70fd,60,-0.004706748531929924,-0.0019380640803979025,4.186787712612984,0.9,2021,Pass completion,True,True
40,boosted_structure,attn_relnet,bdb2021_completion,primary_loss,-0.003230316904893019,0.00033414797750490463,-0.004985370387224013,-0.0014752634225620258,0.95,5.25232412129513,10000,complete_repeat_5x6_vector,93e68f5ec81e1b3dff9621a6251b6fc02ec6ae5b4645f15a0d8a3a7574dd70fd,60,-0.004629323551305034,-0.0018313102584810045,4.186787712612984,0.9,2021,Pass completion,True,True
40,boosted_structure,set_transformer,bdb2021_completion,primary_loss,-0.005728452939973975,0.0005584170463850155,-0.008661440262444373,-0.0027954656175035765,0.95,5.25232412129513,10000,complete_repeat_5x6_vector,93e68f5ec81e1b3dff9621a6251b6fc02ec6ae5b4645f15a0d8a3a7574dd70fd,60,-0.008066426568292392,-0.003390479311655557,4.186787712612984,0.9,2021,Pass completion,True,True
40,relnet,attn_relnet,bdb2021_completion,primary_loss,9.20894012708931e-05,9.257295556452747e-05,-0.0003941337662202568,0.000578312568762043,0.95,5.25232412129513,10000,complete_repeat_5x6_vector,93e68f5ec81e1b3dff9621a6251b6fc02ec6ae5b4645f15a0d8a3a7574dd70fd,60,-0.00029549391160693834,0.00047967271414872453,4.186787712612984,0.9,2021,Pass completion,False,False
40,relnet,set_transformer,bdb2021_completion,primary_loss,-0.002406046633810058,0.00047825771563710497,-0.004918011169846331,0.00010591790222621569,0.95,5.25232412129513,10000,complete_repeat_5x6_vector,93e68f5ec81e1b3dff9621a6251b6fc02ec6ae5b4645f15a0d8a3a7574dd70fd,60,-0.004408410161101843,-0.00040368310651827223,4.186787712612984,0.9,2021,Pass completion,False,True
40,attn_relnet,set_transformer,bdb2021_completion,primary_loss,-0.0024981360350809514,0.0004854469221462661,-0.005047860613878264,5.158854371636098e-05,0.95,5.25232412129513,10000,complete_repeat_5x6_vector,93e68f5ec81e1b3dff9621a6251b6fc02ec6ae5b4645f15a0d8a3a7574dd70fd,60,-0.004530599243848731,-0.0004656728263131723,4.186787712612984,0.9,2021,Pass completion,False,True
60,linear_structure,boosted_structure,bdb2021_completion,primary_loss,-8.932482265643749e-05,0.00018644400518179875,-0.0010685891683436734,0.0008899395230307983,0.95,5.25232412129513,10000,complete_repeat_5x6_vector,93e68f5ec81e1b3dff9621a6251b6fc02ec6ae5b4645f15a0d8a3a7574dd70fd,60,-0.0008699262926419441,0.000691276647329069,4.186787712612984,0.9,2021,Pass completion,False,False
60,linear_structure,relnet,bdb2021_completion,primary_loss,-0.006162513448302353,0.0002816714172709455,-0.007641943027513926,-0.0046830838690907805,0.95,5.25232412129513,10000,complete_repeat_5x6_vector,93e68f5ec81e1b3dff9621a6251b6fc02ec6ae5b4645f15a0d8a3a7574dd70fd,60,-0.007341811877126633,-0.004983215019478074,4.186787712612984,0.9,2021,Pass completion,True,True
60,linear_structure,attn_relnet,bdb2021_completion,primary_loss,-0.006160617329639923,0.0002757250139967573,-0.007608814471499529,-0.0047124201877803175,0.95,5.25232412129513,10000,complete_repeat_5x6_vector,93e68f5ec81e1b3dff9621a6251b6fc02ec6ae5b4645f15a0d8a3a7574dd70fd,60,-0.00731501943030159,-0.005006215228978256,4.186787712612984,0.9,2021,Pass completion,True,True
60,linear_structure,set_transformer,bdb2021_completion,primary_loss,-0.007223832384271934,0.00032849034940204914,-0.008949170170048981,-0.005498494598494886,0.95,5.25232412129513,10000,complete_repeat_5x6_vector,93e68f5ec81e1b3dff9621a6251b6fc02ec6ae5b4645f15a0d8a3a7574dd70fd,60,-0.00859915174286038,-0.005848513025683489,4.186787712612984,0.9,2021,Pass completion,True,True
60,boosted_structure,relnet,bdb2021_completion,primary_loss,-0.0060731886256459155,0.0003243825649980647,-0.0077769509963128355,-0.004369426254978995,0.95,5.25232412129513,10000,complete_repeat_5x6_vector,93e68f5ec81e1b3dff9621a6251b6fc02ec6ae5b4645f15a0d8a3a7574dd70fd,60,-0.007431309562965695,-0.0047150676883261355,4.186787712612984,0.9,2021,Pass completion,True,True
60,boosted_structure,attn_relnet,bdb2021_completion,primary_loss,-0.006071292506983485,0.00031162281986584384,-0.007708036560510864,-0.004434548453456107,0.95,5.25232412129513,10000,complete_repeat_5x6_vector,93e68f5ec81e1b3dff9621a6251b6fc02ec6ae5b4645f15a0d8a3a7574dd70fd,60,-0.00737599110016761,-0.004766593913799361,4.186787712612984,0.9,2021,Pass completion,True,True
60,boosted_structure,set_transformer,bdb2021_completion,primary_loss,-0.007134507561615501,0.0003794947990666114,-0.009127737248659113,-0.0051412778745718885,0.95,5.25232412129513,10000,complete_repeat_5x6_vector,93e68f5ec81e1b3dff9621a6251b6fc02ec6ae5b4645f15a0d8a3a7574dd70fd,60,-0.008723371723348123,-0.005545643399882879,4.186787712612984,0.9,2021,Pass completion,True,True
60,relnet,attn_relnet,bdb2021_completion,primary_loss,1.8961186624311121e-06,5.418248213711324e-05,-0.00028268783921797126,0.00028648007654283347,0.95,5.25232412129513,10000,complete_repeat_5x6_vector,93e68f5ec81e1b3dff9621a6251b6fc02ec6ae5b4645f15a0d8a3a7574dd70fd,60,-0.00022495443178810712,0.00022874666911296932,4.186787712612984,0.9,2021,Pass completion,False,False
60,relnet,set_transformer,bdb2021_completion,primary_loss,-0.001061318935969584,0.0003932753545282889,-0.00312692856686941,0.0010042906949302417,0.95,5.25232412129513,10000,complete_repeat_5x6_vector,93e68f5ec81e1b3dff9621a6251b6fc02ec6ae5b4645f15a0d8a3a7574dd70fd,60,-0.0027078793579821394,0.0005852414860429711,4.186787712612984,0.9,2021,Pass completion,False,False
60,attn_relnet,set_transformer,bdb2021_completion,primary_loss,-0.0010632150546320152,0.00039222692005342507,-0.003123317967849916,0.0009968878585858857,0.95,5.25232412129513,10000,complete_repeat_5x6_vector,93e68f5ec81e1b3dff9621a6251b6fc02ec6ae5b4645f15a0d8a3a7574dd70fd,60,-0.0027053859040677307,0.0005789557948037002,4.186787712612984,0.9,2021,Pass completion,False,False
100,linear_structure,boosted_structure,bdb2021_completion,primary_loss,0.0033608367203880407,0.0001607253600305149,0.0025166550349959233,0.004205018405780158,0.95,5.25232412129513,10000,complete_repeat_5x6_vector,93e68f5ec81e1b3dff9621a6251b6fc02ec6ae5b4645f15a0d8a3a7574dd70fd,60,0.002687913757906983,0.0040337596828690985,4.186787712612984,0.9,2021,Pass completion,True,True
100,linear_structure,relnet,bdb2021_completion,primary_loss,-0.004422958856847139,0.0002680805540604537,-0.005831004817389023,-0.0030149128963052546,0.95,5.25232412129513,10000,complete_repeat_5x6_vector,93e68f5ec81e1b3dff9621a6251b6fc02ec6ae5b4645f15a0d8a3a7574dd70fd,60,-0.005545355226577927,-0.0033005624871163502,4.186787712612984,0.9,2021,Pass completion,True,True
100,linear_structure,attn_relnet,bdb2021_completion,primary_loss,-0.004612077530308489,0.0002894601739659513,-0.00613241618418414,-0.0030917388764328383,0.95,5.25232412129513,10000,complete_repeat_5x6_vector,93e68f5ec81e1b3dff9621a6251b6fc02ec6ae5b4645f15a0d8a3a7574dd70fd,60,-0.005823985829959951,-0.003400169230657027,4.186787712612984,0.9,2021,Pass completion,True,True
100,linear_structure,set_transformer,bdb2021_completion,primary_loss,-0.005408526062123367,0.0003393540957823462,-0.007190923765061282,-0.0036261283591854515,0.95,5.25232412129513,10000,complete_repeat_5x6_vector,93e68f5ec81e1b3dff9621a6251b6fc02ec6ae5b4645f15a0d8a3a7574dd70fd,60,-0.006829329620569783,-0.00398772250367695,4.186787712612984,0.9,2021,Pass completion,True,True
100,boosted_structure,relnet,bdb2021_completion,primary_loss,-0.007783795577235179,0.0002911413513443435,-0.009312964319607535,-0.006254626834862824,0.95,5.25232412129513,10000,complete_repeat_5x6_vector,93e68f5ec81e1b3dff9621a6251b6fc02ec6ae5b4645f15a0d8a3a7574dd70fd,60,-0.009002742609677216,-0.006564848544793142,4.186787712612984,0.9,2021,Pass completion,True,True
100,boosted_structure,attn_relnet,bdb2021_completion,primary_loss,-0.00797291425069653,0.0003087315988634648,-0.009594472674413119,-0.006351355826979942,0.95,5.25232412129513,10000,complete_repeat_5x6_vector,93e68f5ec81e1b3dff9621a6251b6fc02ec6ae5b4645f15a0d8a3a7574dd70fd,60,-0.009265507915313446,-0.006680320586079615,4.186787712612984,0.9,2021,Pass completion,True,True
100,boosted_structure,set_transformer,bdb2021_completion,primary_loss,-0.008769362782511407,0.00038167147719690096,-0.010774025088603034,-0.006764700476419781,0.95,5.25232412129513,10000,complete_repeat_5x6_vector,93e68f5ec81e1b3dff9621a6251b6fc02ec6ae5b4645f15a0d8a3a7574dd70fd,60,-0.010367340233494239,-0.007171385331528576,4.186787712612984,0.9,2021,Pass completion,True,True
100,relnet,attn_relnet,bdb2021_completion,primary_loss,-0.00018911867346135147,0.00011030619072231823,-0.0007684825397203646,0.0003902451927976617,0.95,5.25232412129513,10000,complete_repeat_5x6_vector,93e68f5ec81e1b3dff9621a6251b6fc02ec6ae5b4645f15a0d8a3a7574dd70fd,60,-0.0006509472774026978,0.00027270993047999486,4.186787712612984,0.9,2021,Pass completion,False,False
100,relnet,set_transformer,bdb2021_completion,primary_loss,-0.000985567205276228,0.0003898870871300759,-0.0030333805575910215,0.0010622461470385655,0.95,5.25232412129513,10000,complete_repeat_5x6_vector,93e68f5ec81e1b3dff9621a6251b6fc02ec6ae5b4645f15a0d8a3a7574dd70fd,60,-0.002617941670978898,0.0006468072604264418,4.186787712612984,0.9,2021,Pass completion,False,False
100,attn_relnet,set_transformer,bdb2021_completion,primary_loss,-0.0007964485318148765,0.00040580783920798327,-0.0029278828342976224,0.0013349857706678697,0.95,5.25232412129513,10000,complete_repeat_5x6_vector,93e68f5ec81e1b3dff9621a6251b6fc02ec6ae5b4645f15a0d8a3a7574dd70fd,60,-0.0024954798066928866,0.0009025827430631336,4.186787712612984,0.9,2021,Pass completion,False,False
130,linear_structure,boosted_structure,bdb2021_completion,primary_loss,0.00452762344035863,0.00016611901359953285,0.0036551125382240503,0.00540013434249321,0.95,5.25232412129513,10000,complete_repeat_5x6_vector,93e68f5ec81e1b3dff9621a6251b6fc02ec6ae5b4645f15a0d8a3a7574dd70fd,60,0.003832118395388717,0.0052231284853285435,4.186787712612984,0.9,2021,Pass completion,True,True
130,linear_structure,relnet,bdb2021_completion,primary_loss,-0.0035953037079274096,0.0002417160108742084,-0.00486487454234525,-0.002325732873509569,0.95,5.25232412129513,10000,complete_repeat_5x6_vector,93e68f5ec81e1b3dff9621a6251b6fc02ec6ae5b4645f15a0d8a3a7574dd70fd,60,-0.004607317332197372,-0.0025832900836574475,4.186787712612984,0.9,2021,Pass completion,True,True
130,linear_structure,attn_relnet,bdb2021_completion,primary_loss,-0.003652932656918705,0.0002390704082694623,-0.0049086079289602765,-0.0023972573848771335,0.95,5.25232412129513,10000,complete_repeat_5x6_vector,93e68f5ec81e1b3dff9621a6251b6fc02ec6ae5b4645f15a0d8a3a7574dd70fd,60,-0.004653869704710659,-0.0026519956091267506,4.186787712612984,0.9,2021,Pass completion,True,True
130,linear_structure,set_transformer,bdb2021_completion,primary_loss,-0.00413860032931049,0.00028859936168301997,-0.005654417718068593,-0.0026227829405523874,0.95,5.25232412129513,10000,complete_repeat_5x6_vector,93e68f5ec81e1b3dff9621a6251b6fc02ec6ae5b4645f15a0d8a3a7574dd70fd,60,-0.0053469045906729094,-0.002930296067948072,4.186787712612984,0.9,2021,Pass completion,True,True
130,boosted_structure,relnet,bdb2021_completion,primary_loss,-0.008122927148286043,0.00029049818303676303,-0.009648717762242442,-0.006597136534329645,0.95,5.25232412129513,10000,complete_repeat_5x6_vector,93e68f5ec81e1b3dff9621a6251b6fc02ec6ae5b4645f15a0d8a3a7574dd70fd,60,-0.00933918137156076,-0.006906672925011326,4.186787712612984,0.9,2021,Pass completion,True,True
130,boosted_structure,attn_relnet,bdb2021_completion,primary_loss,-0.008180556097277336,0.00029435624902483874,-0.009726610524284453,-0.006634501670270219,0.95,5.25232412129513,10000,complete_repeat_5x6_vector,93e68f5ec81e1b3dff9621a6251b6fc02ec6ae5b4645f15a0d8a3a7574dd70fd,60,-0.009412963223825378,-0.006948148970729293,4.186787712612984,0.9,2021,Pass completion,True,True
130,boosted_structure,set_transformer,bdb2021_completion,primary_loss,-0.008666223769669117,0.0003108181814737953,-0.01029874160156102,-0.007033705937777215,0.95,5.25232412129513,10000,complete_repeat_5x6_vector,93e68f5ec81e1b3dff9621a6251b6fc02ec6ae5b4645f15a0d8a3a7574dd70fd,60,-0.009967553512720316,-0.007364894026617918,4.186787712612984,0.9,2021,Pass completion,True,True
130,relnet,attn_relnet,bdb2021_completion,primary_loss,-5.762894899129345e-05,0.00011459872611233075,-0.0006595386024207823,0.0005442807044381955,0.95,5.25232412129513,10000,complete_repeat_5x6_vector,93e68f5ec81e1b3dff9621a6251b6fc02ec6ae5b4645f15a0d8a3a7574dd70fd,60,-0.0005374294873595006,0.00042217158937691364,4.186787712612984,0.9,2021,Pass completion,False,False
130,relnet,set_transformer,bdb2021_completion,primary_loss,-0.0005432966213830759,0.0003228535402977924,-0.0022390280587347004,0.0011524348159685483,0.95,5.25232412129513,10000,complete_repeat_5x6_vector,93e68f5ec81e1b3dff9621a6251b6fc02ec6ae5b4645f15a0d8a3a7574dd70fd,60,-0.0018950158568754741,0.0008084226141093224,4.186787712612984,0.9,2021,Pass completion,False,False
130,attn_relnet,set_transformer,bdb2021_completion,primary_loss,-0.00048566767239178245,0.00031508287216516605,-0.0021405850420718343,0.0011692496972882693,0.95,5.25232412129513,10000,complete_repeat_5x6_vector,93e68f5ec81e1b3dff9621a6251b6fc02ec6ae5b4645f15a0d8a3a7574dd70fd,60,-0.0018048527700277074,0.0008335174252441426,4.186787712612984,0.9,2021,Pass completion,False,False
10,linear_structure,boosted_structure,bdb2022_punt_returns,primary_loss,0.006097038166464589,0.00039748971547016673,0.0032428557782567397,0.008951220554672438,0.95,7.180518833881797,10000,complete_repeat_5x6_vector,663668e53153c4dda1d4c7f60117df3a4e2c95f32c6f8ea784f0b2dd97bf4b4f,60,0.003721402148949617,0.00847267418397956,5.976597444049526,0.9,2022,Punt returns,True,True
10,linear_structure,relnet,bdb2022_punt_returns,primary_loss,0.008354657116011825,0.00047747715455500944,0.00492612341498129,0.01178319081704236,0.95,7.180518833881797,10000,complete_repeat_5x6_vector,663668e53153c4dda1d4c7f60117df3a4e2c95f32c6f8ea784f0b2dd97bf4b4f,60,0.005500968374506315,0.011208345857517335,5.976597444049526,0.9,2022,Punt returns,True,True
10,linear_structure,attn_relnet,bdb2022_punt_returns,primary_loss,0.008345796093112924,0.00047752338763515785,0.004916930414579636,0.011774661771646213,0.95,7.180518833881797,10000,complete_repeat_5x6_vector,663668e53153c4dda1d4c7f60117df3a4e2c95f32c6f8ea784f0b2dd97bf4b4f,60,0.0054918310350987685,0.01119976115112708,5.976597444049526,0.9,2022,Punt returns,True,True
10,linear_structure,set_transformer,bdb2022_punt_returns,primary_loss,0.007594574976479088,0.0005222677902317847,0.0038444212723899307,0.011344728680568246,0.95,7.180518833881797,10000,complete_repeat_5x6_vector,663668e53153c4dda1d4c7f60117df3a4e2c95f32c6f8ea784f0b2dd97bf4b4f,60,0.00447319063627041,0.010715959316687767,5.976597444049526,0.9,2022,Punt returns,True,True
10,boosted_structure,relnet,bdb2022_punt_returns,primary_loss,0.002257618949547234,0.0005200200196999597,-0.0014763945959039093,0.0059916324949983776,0.95,7.180518833881797,10000,complete_repeat_5x6_vector,663668e53153c4dda1d4c7f60117df3a4e2c95f32c6f8ea784f0b2dd97bf4b4f,60,-0.0008503313710461293,0.005365569270140598,5.976597444049526,0.9,2022,Punt returns,False,False
10,boosted_structure,attn_relnet,bdb2022_punt_returns,primary_loss,0.002248757926648334,0.000519975795849314,-0.0014849380686103408,0.0059824539219070095,0.95,7.180518833881797,10000,complete_repeat_5x6_vector,663668e53153c4dda1d4c7f60117df3a4e2c95f32c6f8ea784f0b2dd97bf4b4f,60,-0.000858928085792294,0.005356443939088962,5.976597444049526,0.9,2022,Punt returns,False,False
10,boosted_structure,set_transformer,bdb2022_punt_returns,primary_loss,0.0014975368100144965,0.0005628061802928949,-0.0025437035674037095,0.005538777187432702,0.95,7.180518833881797,10000,complete_repeat_5x6_vector,663668e53153c4dda1d4c7f60117df3a4e2c95f32c6f8ea784f0b2dd97bf4b4f,60,-0.0018661291686192956,0.004861202788648288,5.976597444049526,0.9,2022,Punt returns,False,False
10,relnet,attn_relnet,bdb2022_punt_returns,primary_loss,-8.861022898899658e-06,3.115781855857525e-06,-3.1233953197151795e-05,1.3511907399352476e-05,0.95,7.180518833881797,10000,complete_repeat_5x6_vector,663668e53153c4dda1d4c7f60117df3a4e2c95f32c6f8ea784f0b2dd97bf4b4f,60,-2.748279677483363e-05,9.760750977034315e-06,5.976597444049526,0.9,2022,Punt returns,False,False
10,relnet,set_transformer,bdb2022_punt_returns,primary_loss,-0.000760082139532737,0.00013433200925797354,-0.0017246556620027999,0.00020449138293732595,0.95,7.180518833881797,10000,complete_repeat_5x6_vector,663668e53153c4dda1d4c7f60117df3a4e2c95f32c6f8ea784f0b2dd97bf4b4f,60,-0.001562930482717979,4.276620365250498e-05,5.976597444049526,0.9,2022,Punt returns,False,False
10,attn_relnet,set_transformer,bdb2022_punt_returns,primary_loss,-0.0007512211166338372,0.000135548161443643,-0.0017245272427779661,0.00022208500951029176,0.95,7.180518833881797,10000,complete_repeat_5x6_vector,663668e53153c4dda1d4c7f60117df3a4e2c95f32c6f8ea784f0b2dd97bf4b4f,60,-0.0015613379118635264,5.8895678595852034e-05,5.976597444049526,0.9,2022,Punt returns,False,False
20,linear_structure,boosted_structure,bdb2022_punt_returns,primary_loss,0.006843659806043817,0.0003311144903058666,0.00446608597223137,0.009221233639856264,0.95,7.180518833881797,10000,complete_repeat_5x6_vector,663668e53153c4dda1d4c7f60117df3a4e2c95f32c6f8ea784f0b2dd97bf4b4f,60,0.004864721789594013,0.00882259782249362,5.976597444049526,0.9,2022,Punt returns,True,True
20,linear_structure,relnet,bdb2022_punt_returns,primary_loss,0.009321450206852364,0.0003811477303299981,0.006584611750726512,0.012058288662978214,0.95,7.180518833881797,10000,complete_repeat_5x6_vector,663668e53153c4dda1d4c7f60117df3a4e2c95f32c6f8ea784f0b2dd97bf4b4f,60,0.007043483655956819,0.011599416757747907,5.976597444049526,0.9,2022,Punt returns,True,True
20,linear_structure,attn_relnet,bdb2022_punt_returns,primary_loss,0.009320713823294057,0.0003810530997768644,0.006584554863637243,0.012056872782950872,0.95,7.180518833881797,10000,complete_repeat_5x6_vector,663668e53153c4dda1d4c7f60117df3a4e2c95f32c6f8ea784f0b2dd97bf4b4f,60,0.007043312841120501,0.011598114805467614,5.976597444049526,0.9,2022,Punt returns,True,True
20,linear_structure,set_transformer,bdb2022_punt_returns,primary_loss,0.008289136493784342,0.000418009342406123,0.005287612537898632,0.011290660449670052,0.95,7.180518833881797,10000,complete_repeat_5x6_vector,663668e53153c4dda1d4c7f60117df3a4e2c95f32c6f8ea784f0b2dd97bf4b4f,60,0.005790862926371085,0.0107874100611976,5.976597444049526,0.9,2022,Punt returns,True,True
20,boosted_structure,relnet,bdb2022_punt_returns,primary_loss,0.002477790400808547,0.00035242545092871203,-5.280718712435441e-05,0.0050083879887414485,0.95,7.180518833881797,10000,complete_repeat_5x6_vector,663668e53153c4dda1d4c7f60117df3a4e2c95f32c6f8ea784f0b2dd97bf4b4f,60,0.00037148535157000527,0.004584095450047089,5.976597444049526,0.9,2022,Punt returns,False,True
20,boosted_structure,attn_relnet,bdb2022_punt_returns,primary_loss,0.002477054017250241,0.00035234437031989496,-5.2961369843987274e-05,0.005007069404344469,0.95,7.180518833881797,10000,complete_repeat_5x6_vector,663668e53153c4dda1d4c7f60117df3a4e2c95f32c6f8ea784f0b2dd97bf4b4f,60,0.0003712335541711169,0.0045828744803293655,5.976597444049526,0.9,2022,Punt returns,False,True
20,boosted_structure,set_transformer,bdb2022_punt_returns,primary_loss,0.0014454766877405253,0.00037045538051339196,-0.001214585149148733,0.004105538524629784,0.95,7.180518833881797,10000,complete_repeat_5x6_vector,663668e53153c4dda1d4c7f60117df3a4e2c95f32c6f8ea784f0b2dd97bf4b4f,60,-0.0007685859925702075,0.003659539368051258,5.976597444049526,0.9,2022,Punt returns,False,False
20,relnet,attn_relnet,bdb2022_punt_returns,primary_loss,-7.363835583076156e-07,7.017561417501621e-07,-5.7753567509368776e-06,4.302589634321647e-06,0.95,7.180518833881797,10000,complete_repeat_5x6_vector,663668e53153c4dda1d4c7f60117df3a4e2c95f32c6f8ea784f0b2dd97bf4b4f,60,-4.930497521437691e-06,3.4577304048224602e-06,5.976597444049526,0.9,2022,Punt returns,False,False
20,relnet,set_transformer,bdb2022_punt_returns,primary_loss,-0.0010323137130680224,0.00011072791360740637,-0.0018273975821624404,-0.00023722984397360437,0.95,7.180518833881797,10000,complete_repeat_5x6_vector,663668e53153c4dda1d4c7f60117df3a4e2c95f32c6f8ea784f0b2dd97bf4b4f,60,-0.0016940898785189839,-0.00037053754761706074,5.976597444049526,0.9,2022,Punt returns,True,True
20,attn_relnet,set_transformer,bdb2022_punt_returns,primary_loss,-0.0010315773295097143,0.0001107136758817448,-0.0018265589643468678,-0.00023659569467256094,0.95,7.180518833881797,10000,complete_repeat_5x6_vector,663668e53153c4dda1d4c7f60117df3a4e2c95f32c6f8ea784f0b2dd97bf4b4f,60,-0.001693268401805878,-0.00036988625721355074,5.976597444049526,0.9,2022,Punt returns,True,True
40,linear_structure,boosted_structure,bdb2022_punt_returns,primary_loss,0.005015006349919618,0.0002494691924999709,0.0032236881147002933,0.006806324585138943,0.95,7.180518833881797,10000,complete_repeat_5x6_vector,663668e53153c4dda1d4c7f60117df3a4e2c95f32c6f8ea784f0b2dd97bf4b4f,60,0.003524029411655193,0.006505983288184043,5.976597444049526,0.9,2022,Punt returns,True,True
40,linear_structure,relnet,bdb2022_punt_returns,primary_loss,0.006852884373840689,0.00027513438876835715,0.004877276713440945,0.008828492034240434,0.95,7.180518833881797,10000,complete_repeat_5x6_vector,663668e53153c4dda1d4c7f60117df3a4e2c95f32c6f8ea784f0b2dd97bf4b4f,60,0.005208516889157597,0.00849725185852378,5.976597444049526,0.9,2022,Punt returns,True,True
40,linear_structure,attn_relnet,bdb2022_punt_returns,primary_loss,0.0068548651049350874,0.00027512371206839204,0.004879334108780525,0.00883039610108965,0.95,7.180518833881797,10000,complete_repeat_5x6_vector,663668e53153c4dda1d4c7f60117df3a4e2c95f32c6f8ea784f0b2dd97bf4b4f,60,0.005210561430589717,0.008499168779280458,5.976597444049526,0.9,2022,Punt returns,True,True
40,linear_structure,set_transformer,bdb2022_punt_returns,primary_loss,0.005913426340957602,0.0003035078394596223,0.003734082583487011,0.008092770098428192,0.95,7.180518833881797,10000,complete_repeat_5x6_vector,663668e53153c4dda1d4c7f60117df3a4e2c95f32c6f8ea784f0b2dd97bf4b4f,60,0.004099482163394229,0.007727370518520974,5.976597444049526,0.9,2022,Punt returns,True,True
40,boosted_structure,relnet,bdb2022_punt_returns,primary_loss,0.0018378780239210718,0.0002749214430463045,-0.00013620057571087974,0.0038119566235530235,0.95,7.180518833881797,10000,complete_repeat_5x6_vector,663668e53153c4dda1d4c7f60117df3a4e2c95f32c6f8ea784f0b2dd97bf4b4f,60,0.00019478323009612078,0.0034809728177460225,5.976597444049526,0.9,2022,Punt returns,False,True
40,boosted_structure,attn_relnet,bdb2022_punt_returns,primary_loss,0.0018398587550154727,0.00027505315169025306,-0.00013516558101493627,0.0038148830910458816,0.95,7.180518833881797,10000,complete_repeat_5x6_vector,663668e53153c4dda1d4c7f60117df3a4e2c95f32c6f8ea784f0b2dd97bf4b4f,60,0.00019597679164573968,0.0034837407183852054,5.976597444049526,0.9,2022,Punt returns,False,True
40,boosted_structure,set_transformer,bdb2022_punt_returns,primary_loss,0.0008984199910379831,0.000289934049177487,-0.001183456909664573,0.0029802968917405394,0.95,7.180518833881797,10000,complete_repeat_5x6_vector,663668e53153c4dda1d4c7f60117df3a4e2c95f32c6f8ea784f0b2dd97bf4b4f,60,-0.0008343991062191153,0.002631239088295082,5.976597444049526,0.9,2022,Punt returns,False,False
40,relnet,attn_relnet,bdb2022_punt_returns,primary_loss,1.9807310944007506e-06,1.091415134210107e-06,-5.856195832378552e-06,9.817658021180053e-06,0.95,7.180518833881797,10000,complete_repeat_5x6_vector,663668e53153c4dda1d4c7f60117df3a4e2c95f32c6f8ea784f0b2dd97bf4b4f,60,-4.542217807116345e-06,8.503679995917847e-06,5.976597444049526,0.9,2022,Punt returns,False,False
40,relnet,set_transformer,bdb2022_punt_returns,primary_loss,-0.0009394580328830887,8.75363610193043e-05,-0.0015680145218316796,-0.00031090154393449785,0.95,7.180518833881797,10000,complete_repeat_5x6_vector,663668e53153c4dda1d4c7f60117df3a4e2c95f32c6f8ea784f0b2dd97bf4b4f,60,-0.0014626276244124594,-0.000416288441353718,5.976597444049526,0.9,2022,Punt returns,True,True
40,attn_relnet,set_transformer,bdb2022_punt_returns,primary_loss,-0.0009414387639774892,8.763819336164467e-05,-0.0015707264619781534,-0.000312151065976825,0.95,7.180518833881797,10000,complete_repeat_5x6_vector,663668e53153c4dda1d4c7f60117df3a4e2c95f32c6f8ea784f0b2dd97bf4b4f,60,-0.0014652169664238128,-0.00041766056153116557,5.976597444049526,0.9,2022,Punt returns,True,True
60,linear_structure,boosted_structure,bdb2022_punt_returns,primary_loss,0.003380082983707529,0.00017494465301909936,0.00212388960781697,0.004636276359598088,0.95,7.180518833881797,10000,complete_repeat_5x6_vector,663668e53153c4dda1d4c7f60117df3a4e2c95f32c6f8ea784f0b2dd97bf4b4f,60,0.0023345092176234486,0.004425656749791609,5.976597444049526,0.9,2022,Punt returns,True,True
60,linear_structure,relnet,bdb2022_punt_returns,primary_loss,0.004655406307870668,0.00017812224899710713,0.003376396144213557,0.005934416471527779,0.95,7.180518833881797,10000,complete_repeat_5x6_vector,663668e53153c4dda1d4c7f60117df3a4e2c95f32c6f8ea784f0b2dd97bf4b4f,60,0.0035908413297862044,0.005719971285955132,5.976597444049526,0.9,2022,Punt returns,True,True
60,linear_structure,attn_relnet,bdb2022_punt_returns,primary_loss,0.004655510863750198,0.00017841631513920697,0.0033743891526213324,0.0059366325748790635,0.95,7.180518833881797,10000,complete_repeat_5x6_vector,663668e53153c4dda1d4c7f60117df3a4e2c95f32c6f8ea784f0b2dd97bf4b4f,60,0.003589188370712479,0.005721833356787917,5.976597444049526,0.9,2022,Punt returns,True,True
60,linear_structure,set_transformer,bdb2022_punt_returns,primary_loss,0.0038782766227112575,0.0001859128891616931,0.002543325620624341,0.005213227624798174,0.95,7.180518833881797,10000,complete_repeat_5x6_vector,663668e53153c4dda1d4c7f60117df3a4e2c95f32c6f8ea784f0b2dd97bf4b4f,60,0.0027671501245316197,0.004989403120890895,5.976597444049526,0.9,2022,Punt returns,True,True
60,boosted_structure,relnet,bdb2022_punt_returns,primary_loss,0.0012753233241631409,0.00013886959694602922,0.000278167567838604,0.0022724790804876777,0.95,7.180518833881797,10000,complete_repeat_5x6_vector,663668e53153c4dda1d4c7f60117df3a4e2c95f32c6f8ea784f0b2dd97bf4b4f,60,0.00044535564599931473,0.002105291002326967,5.976597444049526,0.9,2022,Punt returns,True,True
60,boosted_structure,attn_relnet,bdb2022_punt_returns,primary_loss,0.001275427880042669,0.0001391329806730716,0.00027638089190556644,0.0022744748681797714,0.95,7.180518833881797,10000,complete_repeat_5x6_vector,663668e53153c4dda1d4c7f60117df3a4e2c95f32c6f8ea784f0b2dd97bf4b4f,60,0.0004438860633689971,0.0021069696967163406,5.976597444049526,0.9,2022,Punt returns,True,True
60,boosted_structure,set_transformer,bdb2022_punt_returns,primary_loss,0.0004981936390037292,0.00014557416000451272,-0.0005471043586351966,0.001543491636642655,0.95,7.180518833881797,10000,complete_repeat_5x6_vector,663668e53153c4dda1d4c7f60117df3a4e2c95f32c6f8ea784f0b2dd97bf4b4f,60,-0.0003718445135988982,0.0013682317916063566,5.976597444049526,0.9,2022,Punt returns,False,False
60,relnet,attn_relnet,bdb2022_punt_returns,primary_loss,1.0455587952776235e-07,2.7118123948873355e-06,-1.936766409591485e-05,1.9576775854970375e-05,0.95,7.180518833881797,10000,complete_repeat_5x6_vector,663668e53153c4dda1d4c7f60117df3a4e2c95f32c6f8ea784f0b2dd97bf4b4f,60,-1.610285514849771e-05,1.6311966907553237e-05,5.976597444049526,0.9,2022,Punt returns,False,False
60,relnet,set_transformer,bdb2022_punt_returns,primary_loss,-0.0007771296851594123,6.940408616401963e-05,-0.0012754870330085103,-0.0002787723373103143,0.95,7.180518833881797,10000,complete_repeat_5x6_vector,663668e53153c4dda1d4c7f60117df3a4e2c95f32c6f8ea784f0b2dd97bf4b4f,60,-0.0011919299691338851,-0.0003623294011849395,5.976597444049526,0.9,2022,Punt returns,True,True
60,attn_relnet,set_transformer,bdb2022_punt_returns,primary_loss,-0.0007772342410389403,6.900574636771903e-05,-0.0012727313024784173,-0.00028173717959946345,0.95,7.180518833881797,10000,complete_repeat_5x6_vector,663668e53153c4dda1d4c7f60117df3a4e2c95f32c6f8ea784f0b2dd97bf4b4f,60,-0.0011896538084049798,-0.0003648146736729009,5.976597444049526,0.9,2022,Punt returns,True,True
160,linear_structure,boosted_structure,bdb2022_punt_returns,primary_loss,-1.9311150576551487e-05,0.00010527677748759664,-0.0007752530340966223,0.0007366307329435193,0.95,7.180518833881797,10000,complete_repeat_5x6_vector,663668e53153c4dda1d4c7f60117df3a4e2c95f32c6f8ea784f0b2dd97bf4b4f,60,-0.0006485080698266923,0.0006098857686735893,5.976597444049526,0.9,2022,Punt returns,False,False
160,linear_structure,relnet,bdb2022_punt_returns,primary_loss,0.0013731091435211934,9.969951194748066e-05,0.0006572149202534853,0.002089003366788901,0.95,7.180518833881797,10000,complete_repeat_5x6_vector,663668e53153c4dda1d4c7f60117df3a4e2c95f32c6f8ea784f0b2dd97bf4b4f,60,0.0007772452952428953,0.0019689729917994913,5.976597444049526,0.9,2022,Punt returns,True,True
160,linear_structure,attn_relnet,bdb2022_punt_returns,primary_loss,0.001379920174148719,9.923664956910392e-05,0.0006673495429064405,0.0020924908053909976,0.95,7.180518833881797,10000,complete_repeat_5x6_vector,663668e53153c4dda1d4c7f60117df3a4e2c95f32c6f8ea784f0b2dd97bf4b4f,60,0.0007868226679779741,0.001973017680319464,5.976597444049526,0.9,2022,Punt returns,True,True
160,linear_structure,set_transformer,bdb2022_punt_returns,primary_loss,0.0008144587563866461,0.00010776174460028607,4.067351971233206e-05,0.0015882439930609603,0.95,7.180518833881797,10000,complete_repeat_5x6_vector,663668e53153c4dda1d4c7f60117df3a4e2c95f32c6f8ea784f0b2dd97bf4b4f,60,0.0001704101890422586,0.0014585073237310337,5.976597444049526,0.9,2022,Punt returns,True,True
160,boosted_structure,relnet,bdb2022_punt_returns,primary_loss,0.0013924202940977452,8.84754547906536e-05,0.0007571206246371995,0.0020277199635582908,0.95,7.180518833881797,10000,complete_repeat_5x6_vector,663668e53153c4dda1d4c7f60117df3a4e2c95f32c6f8ea784f0b2dd97bf4b4f,60,0.0008636381171348055,0.001921202471060685,5.976597444049526,0.9,2022,Punt returns,True,True
160,boosted_structure,attn_relnet,bdb2022_punt_returns,primary_loss,0.0013992313247252702,8.819313695872266e-05,0.0007659588437740455,0.002032503805676495,0.95,7.180518833881797,10000,complete_repeat_5x6_vector,663668e53153c4dda1d4c7f60117df3a4e2c95f32c6f8ea784f0b2dd97bf4b4f,60,0.0008721364477950587,0.0019263262016554817,5.976597444049526,0.9,2022,Punt returns,True,True
160,boosted_structure,set_transformer,bdb2022_punt_returns,primary_loss,0.0008337699069631974,0.00010162717539149452,0.00010403406003036233,0.0015635057538960326,0.95,7.180518833881797,10000,complete_repeat_5x6_vector,663668e53153c4dda1d4c7f60117df3a4e2c95f32c6f8ea784f0b2dd97bf4b4f,60,0.00022638519027241833,0.0014411546236539766,5.976597444049526,0.9,2022,Punt returns,True,True
160,relnet,attn_relnet,bdb2022_punt_returns,primary_loss,6.811030627525312e-06,6.803829635804866e-06,-4.204399621489466e-05,5.566605746994528e-05,0.95,7.180518833881797,10000,complete_repeat_5x6_vector,663668e53153c4dda1d4c7f60117df3a4e2c95f32c6f8ea784f0b2dd97bf4b4f,60,-3.385272018357447e-05,4.747478143862509e-05,5.976597444049526,0.9,2022,Punt returns,False,False
160,relnet,set_transformer,bdb2022_punt_returns,primary_loss,-0.0005586503871345476,6.768889281340268e-05,-0.0010446917568257916,-7.260901744330338e-05,0.95,7.180518833881797,10000,complete_repeat_5x6_vector,663668e53153c4dda1d4c7f60117df3a4e2c95f32c6f8ea784f0b2dd97bf4b4f,60,-0.0009631996509136724,-0.00015410112335542274,5.976597444049526,0.9,2022,Punt returns,True,True
160,attn_relnet,set_transformer,bdb2022_punt_returns,primary_loss,-0.0005654614177620729,6.799501007126834e-05,-0.0010537008681887976,-7.72219673353482e-05,0.95,7.180518833881797,10000,complete_repeat_5x6_vector,663668e53153c4dda1d4c7f60117df3a4e2c95f32c6f8ea784f0b2dd97bf4b4f,60,-0.0009718402211621371,-0.0001590826143620088,5.976597444049526,0.9,2022,Punt returns,True,True
360,linear_structure,boosted_structure,bdb2022_punt_returns,primary_loss,-0.0016970092179489546,6.545631742347972e-05,-0.002167019538004796,-0.0012269988978931134,0.95,7.180518833881797,10000,complete_repeat_5x6_vector,663668e53153c4dda1d4c7f60117df3a4e2c95f32c6f8ea784f0b2dd97bf4b4f,60,-0.002088215277359018,-0.0013058031585388913,5.976597444049526,0.9,2022,Punt returns,True,True
360,linear_structure,relnet,bdb2022_punt_returns,primary_loss,-0.00014187414192094822,6.179482921064134e-05,-0.0005855930769044673,0.0003018447930625709,0.95,7.180518833881797,10000,complete_repeat_5x6_vector,663668e53153c4dda1d4c7f60117df3a4e2c95f32c6f8ea784f0b2dd97bf4b4f,60,-0.0005111969602367442,0.00022744867639484776,5.976597444049526,0.9,2022,Punt returns,False,False
360,linear_structure,attn_relnet,bdb2022_punt_returns,primary_loss,-0.0001638164661096222,6.329088514271161e-05,-0.0006182778588899125,0.0002906449266706681,0.95,7.180518833881797,10000,complete_repeat_5x6_vector,663668e53153c4dda1d4c7f60117df3a4e2c95f32c6f8ea784f0b2dd97bf4b4f,60,-0.0005420806084851845,0.0002144476762659401,5.976597444049526,0.9,2022,Punt returns,False,False
360,linear_structure,set_transformer,bdb2022_punt_returns,primary_loss,-0.0005858126270317893,8.505125176612818e-05,-0.0011965247421836952,2.4899488120116477e-05,0.95,7.180518833881797,10000,complete_repeat_5x6_vector,663668e53153c4dda1d4c7f60117df3a4e2c95f32c6f8ea784f0b2dd97bf4b4f,60,-0.0010941297209504438,-7.749553311313493e-05,5.976597444049526,0.9,2022,Punt returns,False,True
360,boosted_structure,relnet,bdb2022_punt_returns,primary_loss,0.0015551350760280068,5.9288439923255416e-05,0.001129413316527602,0.0019808568355284117,0.95,7.180518833881797,10000,complete_repeat_5x6_vector,663668e53153c4dda1d4c7f60117df3a4e2c95f32c6f8ea784f0b2dd97bf4b4f,60,0.0012007919375209945,0.0019094782145350191,5.976597444049526,0.9,2022,Punt returns,True,True
360,boosted_structure,attn_relnet,bdb2022_punt_returns,primary_loss,0.0015331927518393328,5.981992763962413e-05,0.0011036546347815656,0.0019627308688971003,0.95,7.180518833881797,10000,complete_repeat_5x6_vector,663668e53153c4dda1d4c7f60117df3a4e2c95f32c6f8ea784f0b2dd97bf4b4f,60,0.0011756731252051276,0.001890712378473538,5.976597444049526,0.9,2022,Punt returns,True,True
360,boosted_structure,set_transformer,bdb2022_punt_returns,primary_loss,0.001111196590917166,8.265853981683145e-05,0.0005176653889812393,0.0017047277928530927,0.95,7.180518833881797,10000,complete_repeat_5x6_vector,663668e53153c4dda1d4c7f60117df3a4e2c95f32c6f8ea784f0b2dd97bf4b4f,60,0.0006171797731190251,0.0016052134087153067,5.976597444049526,0.9,2022,Punt returns,True,True
360,relnet,attn_relnet,bdb2022_punt_returns,primary_loss,-2.1942324188673998e-05,1.419827677008408e-05,-0.00012389331794492915,8.000866956758115e-05,0.95,7.180518833881797,10000,complete_repeat_5x6_vector,663668e53153c4dda1d4c7f60117df3a4e2c95f32c6f8ea784f0b2dd97bf4b4f,60,-0.00010679970884266626,6.291506046531828e-05,5.976597444049526,0.9,2022,Punt returns,False,False
360,relnet,set_transformer,bdb2022_punt_returns,primary_loss,-0.0004439384851108411,7.370757587701925e-05,-0.0009731971218955494,8.532015167386721e-05,0.95,7.180518833881797,10000,complete_repeat_5x6_vector,663668e53153c4dda1d4c7f60117df3a4e2c95f32c6f8ea784f0b2dd97bf4b4f,60,-0.0008844589947045209,-3.4179755171613244e-06,5.976597444049526,0.9,2022,Punt returns,False,True
360,attn_relnet,set_transformer,bdb2022_punt_returns,primary_loss,-0.00042199616092216714,7.58834434135463e-05,-0.00096687865553294,0.00012288633368860567,0.95,7.180518833881797,10000,complete_repeat_5x6_vector,663668e53153c4dda1d4c7f60117df3a4e2c95f32c6f8ea784f0b2dd97bf4b4f,60,-0.0008755209548732448,3.15286330289105e-05,5.976597444049526,0.9,2022,Punt returns,False,False
10,linear_structure,boosted_structure,bdb2023_sack,primary_loss,-0.0024217400799426197,0.00010967730175147658,-0.005882249212886334,0.0010387690530010954,0.95,31.551734749867027,10000,complete_repeat_5x6_vector,809a3f2f1d77cce8aa4e86320f229cd025238ab79be8d1df66d61a601099ba7f,60,-0.005259941482805022,0.00041646132291978284,25.87774642098352,0.9,2023,Sack probability,False,False
10,linear_structure,relnet,bdb2023_sack,primary_loss,-0.0001517297092796982,0.0001622876015837098,-0.0052721850676410095,0.004968725649081613,0.95,31.551734749867027,10000,complete_repeat_5x6_vector,809a3f2f1d77cce8aa4e86320f229cd025238ab79be8d1df66d61a601099ba7f,60,-0.0043513671103325435,0.004047907691773147,25.87774642098352,0.9,2023,Sack probability,False,False
10,linear_structure,attn_relnet,bdb2023_sack,primary_loss,-0.00016831282779129235,0.00016452197903476162,-0.005359266670819275,0.00502264101523669,0.95,31.551734749867027,10000,complete_repeat_5x6_vector,809a3f2f1d77cce8aa4e86320f229cd025238ab79be8d1df66d61a601099ba7f,60,-0.004425770881931221,0.004089145226348636,25.87774642098352,0.9,2023,Sack probability,False,False
10,linear_structure,set_transformer,bdb2023_sack,primary_loss,-0.0006281204134391487,0.00025508478199991094,-0.008676487793827993,0.007420246966949696,0.95,31.551734749867027,10000,complete_repeat_5x6_vector,809a3f2f1d77cce8aa4e86320f229cd025238ab79be8d1df66d61a601099ba7f,60,-0.0072291397178847056,0.005972898891006408,25.87774642098352,0.9,2023,Sack probability,False,False
10,boosted_structure,relnet,bdb2023_sack,primary_loss,0.0022700103706629216,0.00015857761889419216,-0.002733388597952131,0.007273409339277974,0.95,31.551734749867027,10000,complete_repeat_5x6_vector,809a3f2f1d77cce8aa4e86320f229cd025238ab79be8d1df66d61a601099ba7f,60,-0.0018336210391243484,0.006373641780450192,25.87774642098352,0.9,2023,Sack probability,False,False
10,boosted_structure,attn_relnet,bdb2023_sack,primary_loss,0.002253427252151326,0.00016118974804272065,-0.002832388922490494,0.0073392434267931465,0.95,31.551734749867027,10000,complete_repeat_5x6_vector,809a3f2f1d77cce8aa4e86320f229cd025238ab79be8d1df66d61a601099ba7f,60,-0.0019178001733604236,0.006424654677663075,25.87774642098352,0.9,2023,Sack probability,False,False
10,boosted_structure,set_transformer,bdb2023_sack,primary_loss,0.001793619666503471,0.0002740266908317281,-0.0068523977970030335,0.010439637130009977,0.95,31.551734749867027,10000,complete_repeat_5x6_vector,809a3f2f1d77cce8aa4e86320f229cd025238ab79be8d1df66d61a601099ba7f,60,-0.005297573551421238,0.00888481288442818,25.87774642098352,0.9,2023,Sack probability,False,False
10,relnet,attn_relnet,bdb2023_sack,primary_loss,-1.6583118511594164e-05,7.910198065255796e-06,-0.0002661635896854564,0.00023299735266226807,0.95,31.551734749867027,10000,complete_repeat_5x6_vector,809a3f2f1d77cce8aa4e86320f229cd025238ab79be8d1df66d61a601099ba7f,60,-0.00022128121818403812,0.00018811498116084977,25.87774642098352,0.9,2023,Sack probability,False,False
10,relnet,set_transformer,bdb2023_sack,primary_loss,-0.0004763907041594506,0.000257838279500395,-0.00861163570731799,0.007658854298999088,0.95,31.551734749867027,10000,complete_repeat_5x6_vector,809a3f2f1d77cce8aa4e86320f229cd025238ab79be8d1df66d61a601099ba7f,60,-0.007148664318693345,0.006195882910374444,25.87774642098352,0.9,2023,Sack probability,False,False
10,attn_relnet,set_transformer,bdb2023_sack,primary_loss,-0.00045980758564785645,0.00025682119930218604,-0.008562961944173164,0.007643346772877452,0.95,31.551734749867027,10000,complete_repeat_5x6_vector,809a3f2f1d77cce8aa4e86320f229cd025238ab79be8d1df66d61a601099ba7f,60,-0.0071057614567226965,0.006186146285426984,25.87774642098352,0.9,2023,Sack probability,False,False
20,linear_structure,boosted_structure,bdb2023_sack,primary_loss,-0.002317256438889162,0.00010231924643683038,-0.005545606162270312,0.0009110932844919868,0.95,31.551734749867027,10000,complete_repeat_5x6_vector,809a3f2f1d77cce8aa4e86320f229cd025238ab79be8d1df66d61a601099ba7f,60,-0.00496504795216758,0.0003305350743892559,25.87774642098352,0.9,2023,Sack probability,False,False
20,linear_structure,relnet,bdb2023_sack,primary_loss,-0.0002668741108340029,0.00011765729046613635,-0.0039791657310095955,0.00344541750934159,0.95,31.551734749867027,10000,complete_repeat_5x6_vector,809a3f2f1d77cce8aa4e86320f229cd025238ab79be8d1df66d61a601099ba7f,60,-0.0033115796380966812,0.0027778314164286755,25.87774642098352,0.9,2023,Sack probability,False,False
20,linear_structure,attn_relnet,bdb2023_sack,primary_loss,-0.0006113185640046014,0.00037933528418406556,-0.012580004831845666,0.011357367703836463,0.95,31.551734749867027,10000,complete_repeat_5x6_vector,809a3f2f1d77cce8aa4e86320f229cd025238ab79be8d1df66d61a601099ba7f,60,-0.010427660856651571,0.009205023728642368,25.87774642098352,0.9,2023,Sack probability,False,False
20,linear_structure,set_transformer,bdb2023_sack,primary_loss,-0.0012813774134780751,0.0005296020773504131,-0.01799124168101687,0.01542848685406072,0.95,31.551734749867027,10000,complete_repeat_5x6_vector,809a3f2f1d77cce8aa4e86320f229cd025238ab79be8d1df66d61a601099ba7f,60,-0.014986285675178164,0.012423530848222014,25.87774642098352,0.9,2023,Sack probability,False,False
20,boosted_structure,relnet,bdb2023_sack,primary_loss,0.0020503823280551593,0.0001298228253718068,-0.002045753022554396,0.0061465176786647145,0.95,31.551734749867027,10000,complete_repeat_5x6_vector,809a3f2f1d77cce8aa4e86320f229cd025238ab79be8d1df66d61a601099ba7f,60,-0.0013091398265720824,0.005409904482682401,25.87774642098352,0.9,2023,Sack probability,False,False
20,boosted_structure,attn_relnet,bdb2023_sack,primary_loss,0.00170593787488456,0.00037917439183215177,-0.01025767196014564,0.01366954770991476,0.95,31.551734749867027,10000,complete_repeat_5x6_vector,809a3f2f1d77cce8aa4e86320f229cd025238ab79be8d1df66d61a601099ba7f,60,-0.008106240886278508,0.011518116636047628,25.87774642098352,0.9,2023,Sack probability,False,False
20,boosted_structure,set_transformer,bdb2023_sack,primary_loss,0.001035879025411088,0.0005408348072689855,-0.0160283973570354,0.018100155407857574,0.95,31.551734749867027,10000,complete_repeat_5x6_vector,809a3f2f1d77cce8aa4e86320f229cd025238ab79be8d1df66d61a601099ba7f,60,-0.012959706972737213,0.01503146502355939,25.87774642098352,0.9,2023,Sack probability,False,False
20,relnet,attn_relnet,bdb2023_sack,primary_loss,-0.0003444444531705986,0.0003684709379749211,-0.011970341751190015,0.011281452844848817,0.95,31.551734749867027,10000,complete_repeat_5x6_vector,809a3f2f1d77cce8aa4e86320f229cd025238ab79be8d1df66d61a601099ba7f,60,-0.009879641949587554,0.009190753043246356,25.87774642098352,0.9,2023,Sack probability,False,False
20,relnet,set_transformer,bdb2023_sack,primary_loss,-0.001014503302644072,0.0004981511402284856,-0.016732035944477062,0.014703029339188916,0.95,31.551734749867027,10000,complete_repeat_5x6_vector,809a3f2f1d77cce8aa4e86320f229cd025238ab79be8d1df66d61a601099ba7f,60,-0.013905532188800623,0.01187652558351248,25.87774642098352,0.9,2023,Sack probability,False,False
20,attn_relnet,set_transformer,bdb2023_sack,primary_loss,-0.000670058849473473,0.000580059801648366,-0.018971951850143196,0.017631834151196252,0.95,31.551734749867027,10000,complete_repeat_5x6_vector,809a3f2f1d77cce8aa4e86320f229cd025238ab79be8d1df66d61a601099ba7f,60,-0.015680699305535888,0.01434058160658894,25.87774642098352,0.9,2023,Sack probability,False,False
30,linear_structure,boosted_structure,bdb2023_sack,primary_loss,-0.0019721665188631846,7.918833601421195e-05,-0.004470695892066943,0.0005263628543405734,0.95,31.551734749867027,10000,complete_repeat_5x6_vector,809a3f2f1d77cce8aa4e86320f229cd025238ab79be8d1df66d61a601099ba7f,60,-0.0040213821977385985,7.70491600122292e-05,25.87774642098352,0.9,2023,Sack probability,False,False
30,linear_structure,relnet,bdb2023_sack,primary_loss,-0.00030969334328737026,0.00010697606741436665,-0.0036849738469293602,0.00306558716035462,0.95,31.551734749867027,10000,complete_repeat_5x6_vector,809a3f2f1d77cce8aa4e86320f229cd025238ab79be8d1df66d61a601099ba7f,60,-0.0030779928889503884,0.0024586062023756483,25.87774642098352,0.9,2023,Sack probability,False,False
30,linear_structure,attn_relnet,bdb2023_sack,primary_loss,-0.00031582851153485846,0.00010881574597647972,-0.0037491540651936567,0.0031174970421239396,0.95,31.551734749867027,10000,complete_repeat_5x6_vector,809a3f2f1d77cce8aa4e86320f229cd025238ab79be8d1df66d61a601099ba7f,60,-0.0031317347925243584,0.0025000777694546414,25.87774642098352,0.9,2023,Sack probability,False,False
30,linear_structure,set_transformer,bdb2023_sack,primary_loss,-0.00036247899732284796,0.00012470335418071342,-0.004297086150851439,0.0035721281562057436,0.95,31.551734749867027,10000,complete_repeat_5x6_vector,809a3f2f1d77cce8aa4e86320f229cd025238ab79be8d1df66d61a601099ba7f,60,-0.0035895207746574447,0.002864562780011749,25.87774642098352,0.9,2023,Sack probability,False,False
30,boosted_structure,relnet,bdb2023_sack,primary_loss,0.0016624731755758148,0.0001205612013225371,-0.002141441869678194,0.005466388220829823,0.95,31.551734749867027,10000,complete_repeat_5x6_vector,809a3f2f1d77cce8aa4e86320f229cd025238ab79be8d1df66d61a601099ba7f,60,-0.0014573790204579432,0.004782325371609573,25.87774642098352,0.9,2023,Sack probability,False,False
30,boosted_structure,attn_relnet,bdb2023_sack,primary_loss,0.0016563380073283264,0.00012196219579072289,-0.002191780843771911,0.005504456858428564,0.95,31.551734749867027,10000,complete_repeat_5x6_vector,809a3f2f1d77cce8aa4e86320f229cd025238ab79be8d1df66d61a601099ba7f,60,-0.0014997687682903442,0.004812444782946997,25.87774642098352,0.9,2023,Sack probability,False,False
30,boosted_structure,set_transformer,bdb2023_sack,primary_loss,0.0016096875215403366,0.00013672738350083572,-0.0027042986157213775,0.00592367365880205,0.95,31.551734749867027,10000,complete_repeat_5x6_vector,809a3f2f1d77cce8aa4e86320f229cd025238ab79be8d1df66d61a601099ba7f,60,-0.0019285090374988564,0.005147884080579529,25.87774642098352,0.9,2023,Sack probability,False,False
30,relnet,attn_relnet,bdb2023_sack,primary_loss,-6.135168247488193e-06,1.0383131544923658e-05,-0.00033374098062589647,0.00032147064413092007,0.95,31.551734749867027,10000,complete_repeat_5x6_vector,809a3f2f1d77cce8aa4e86320f229cd025238ab79be8d1df66d61a601099ba7f,60,-0.0002748272134227375,0.0002625568769277611,25.87774642098352,0.9,2023,Sack probability,False,False
30,relnet,set_transformer,bdb2023_sack,primary_loss,-5.27856540354777e-05,0.00013508627040635467,-0.004314991826245592,0.004209420518174637,0.95,31.551734749867027,10000,complete_repeat_5x6_vector,809a3f2f1d77cce8aa4e86320f229cd025238ab79be8d1df66d61a601099ba7f,60,-0.0035485139045675343,0.0034429425964965787,25.87774642098352,0.9,2023,Sack probability,False,False
30,attn_relnet,set_transformer,bdb2023_sack,primary_loss,-4.6650485787989515e-05,0.0001358419145546937,-0.0043326985417317864,0.004239397570155808,0.95,31.551734749867027,10000,complete_repeat_5x6_vector,809a3f2f1d77cce8aa4e86320f229cd025238ab79be8d1df66d61a601099ba7f,60,-0.0035619331039752635,0.003468632132399285,25.87774642098352,0.9,2023,Sack probability,False,False
40,linear_structure,boosted_structure,bdb2023_sack,primary_loss,-0.0016979134669426992,7.042981595957825e-05,-0.003920096338581263,0.0005242694046958651,0.95,31.551734749867027,10000,complete_repeat_5x6_vector,809a3f2f1d77cce8aa4e86320f229cd025238ab79be8d1df66d61a601099ba7f,60,-0.003520478384821203,0.0001246514509358049,25.87774642098352,0.9,2023,Sack probability,False,False
40,linear_structure,relnet,bdb2023_sack,primary_loss,-0.00022768137765519092,0.00010097771779189319,-0.003413703545071933,0.002958340789761551,0.95,31.551734749867027,10000,complete_repeat_5x6_vector,809a3f2f1d77cce8aa4e86320f229cd025238ab79be8d1df66d61a601099ba7f,60,-0.002840757152843439,0.002385394397533057,25.87774642098352,0.9,2023,Sack probability,False,False
40,linear_structure,attn_relnet,bdb2023_sack,primary_loss,-0.0001845726133192791,8.249056656658654e-05,-0.002787293088994467,0.0024181478623559087,0.95,31.551734749867027,10000,complete_repeat_5x6_vector,809a3f2f1d77cce8aa4e86320f229cd025238ab79be8d1df66d61a601099ba7f,60,-0.0023192425770526665,0.0019500973504141083,25.87774642098352,0.9,2023,Sack probability,False,False
40,linear_structure,set_transformer,bdb2023_sack,primary_loss,-0.0003215697411570524,0.00011755010913022646,-0.00403047960425188,0.0033873401219377754,0.95,31.551734749867027,10000,complete_repeat_5x6_vector,809a3f2f1d77cce8aa4e86320f229cd025238ab79be8d1df66d61a601099ba7f,60,-0.0033635016569879923,0.002720362174673888,25.87774642098352,0.9,2023,Sack probability,False,False
40,boosted_structure,relnet,bdb2023_sack,primary_loss,0.0014702320892875085,0.00010902016965175451,-0.001969543385950153,0.004910007564525171,0.95,31.551734749867027,10000,complete_repeat_5x6_vector,809a3f2f1d77cce8aa4e86320f229cd025238ab79be8d1df66d61a601099ba7f,60,-0.0013509642157331979,0.0042914283943082145,25.87774642098352,0.9,2023,Sack probability,False,False
40,boosted_structure,attn_relnet,bdb2023_sack,primary_loss,0.00151334085362342,9.743716568510399e-05,-0.0015609707528518265,0.004587652460098667,0.95,31.551734749867027,10000,complete_repeat_5x6_vector,809a3f2f1d77cce8aa4e86320f229cd025238ab79be8d1df66d61a601099ba7f,60,-0.0010081134119550583,0.004034795119201898,25.87774642098352,0.9,2023,Sack probability,False,False
40,boosted_structure,set_transformer,bdb2023_sack,primary_loss,0.001376343725785646,0.00012950930476196998,-0.0027098995057037215,0.005462586957275013,0.95,31.551734749867027,10000,complete_repeat_5x6_vector,809a3f2f1d77cce8aa4e86320f229cd025238ab79be8d1df66d61a601099ba7f,60,-0.001975065222002487,0.004727752673573778,25.87774642098352,0.9,2023,Sack probability,False,False
40,relnet,attn_relnet,bdb2023_sack,primary_loss,4.310876433591182e-05,4.8398752278887804e-05,-0.0014839558297920785,0.0015701733584639022,0.95,31.551734749867027,10000,complete_repeat_5x6_vector,809a3f2f1d77cce8aa4e86320f229cd025238ab79be8d1df66d61a601099ba7f,60,-0.001209341874229145,0.0012955594029009688,25.87774642098352,0.9,2023,Sack probability,False,False
40,relnet,set_transformer,bdb2023_sack,primary_loss,-9.388836350186148e-05,0.00012659219644560053,-0.00408809176715651,0.0039003150401527866,0.95,31.551734749867027,10000,complete_repeat_5x6_vector,809a3f2f1d77cce8aa4e86320f229cd025238ab79be8d1df66d61a601099ba7f,60,-0.003369809121996443,0.0031820323949927204,25.87774642098352,0.9,2023,Sack probability,False,False
40,attn_relnet,set_transformer,bdb2023_sack,primary_loss,-0.0001369971278377733,0.0001154242282480864,-0.003778831761229504,0.003504837505553958,0.95,31.551734749867027,10000,complete_repeat_5x6_vector,809a3f2f1d77cce8aa4e86320f229cd025238ab79be8d1df66d61a601099ba7f,60,-0.003123916037279476,0.0028499217816039296,25.87774642098352,0.9,2023,Sack probability,False,False
50,linear_structure,boosted_structure,bdb2023_sack,primary_loss,-0.0015097635656855534,7.929587783645685e-05,-0.0040116860699392996,0.0009921589385681927,0.95,31.551734749867027,10000,complete_repeat_5x6_vector,809a3f2f1d77cce8aa4e86320f229cd025238ab79be8d1df66d61a601099ba7f,60,-0.003561762184566671,0.0005422350531955641,25.87774642098352,0.9,2023,Sack probability,False,False
50,linear_structure,relnet,bdb2023_sack,primary_loss,-0.00026623734857789523,0.00010112401904162735,-0.003456875574219824,0.0029244008770640336,0.95,31.551734749867027,10000,complete_repeat_5x6_vector,809a3f2f1d77cce8aa4e86320f229cd025238ab79be8d1df66d61a601099ba7f,60,-0.0028830990704078368,0.0023506243732520464,25.87774642098352,0.9,2023,Sack probability,False,False
50,linear_structure,attn_relnet,bdb2023_sack,primary_loss,-0.00027506521781101473,0.00010181950229224963,-0.0034876471464995525,0.0029375167108775233,0.95,31.551734749867027,10000,complete_repeat_5x6_vector,809a3f2f1d77cce8aa4e86320f229cd025238ab79be8d1df66d61a601099ba7f,60,-0.0029099244788406008,0.0023597940432185716,25.87774642098352,0.9,2023,Sack probability,False,False
50,linear_structure,set_transformer,bdb2023_sack,primary_loss,-0.00018351849904097911,9.412557768595824e-05,-0.0031533437593663366,0.002786306761284378,0.95,31.551734749867027,10000,complete_repeat_5x6_vector,809a3f2f1d77cce8aa4e86320f229cd025238ab79be8d1df66d61a601099ba7f,60,-0.0026192763301267916,0.002252239332044833,25.87774642098352,0.9,2023,Sack probability,False,False
50,boosted_structure,relnet,bdb2023_sack,primary_loss,0.0012435262171076572,0.00010245221842302043,-0.0019890190031109237,0.004476071437326238,0.95,31.551734749867027,10000,complete_repeat_5x6_vector,809a3f2f1d77cce8aa4e86320f229cd025238ab79be8d1df66d61a601099ba7f,60,-0.0014077063115104816,0.003894758745725796,25.87774642098352,0.9,2023,Sack probability,False,False
50,boosted_structure,attn_relnet,bdb2023_sack,primary_loss,0.0012346983478745384,0.0001027431593194962,-0.002007026562337534,0.004476423258086611,0.95,31.551734749867027,10000,complete_repeat_5x6_vector,809a3f2f1d77cce8aa4e86320f229cd025238ab79be8d1df66d61a601099ba7f,60,-0.001424063075486094,0.003893459771235171,25.87774642098352,0.9,2023,Sack probability,False,False
50,boosted_structure,set_transformer,bdb2023_sack,primary_loss,0.0013262450666445733,9.939136102188454e-05,-0.0018097247927462002,0.004462214926035346,0.95,31.551734749867027,10000,complete_repeat_5x6_vector,809a3f2f1d77cce8aa4e86320f229cd025238ab79be8d1df66d61a601099ba7f,60,-0.0012457793703161803,0.003898269503605327,25.87774642098352,0.9,2023,Sack probability,False,False
50,relnet,attn_relnet,bdb2023_sack,primary_loss,-8.827869233119512e-06,5.208626697019727e-06,-0.00017316907718856195,0.0001555133387223229,0.95,31.551734749867027,10000,complete_repeat_5x6_vector,809a3f2f1d77cce8aa4e86320f229cd025238ab79be8d1df66d61a601099ba7f,60,-0.00014361539010016098,0.00012595965163392193,25.87774642098352,0.9,2023,Sack probability,False,False
50,relnet,set_transformer,bdb2023_sack,primary_loss,8.271884953691612e-05,0.0001128479319098057,-0.0034778291651523284,0.0036432668642261603,0.95,31.551734749867027,10000,complete_repeat_5x6_vector,809a3f2f1d77cce8aa4e86320f229cd025238ab79be8d1df66d61a601099ba7f,60,-0.0028375313165574503,0.003002969015631282,25.87774642098352,0.9,2023,Sack probability,False,False
50,attn_relnet,set_transformer,bdb2023_sack,primary_loss,9.154671877003563e-05,0.00011313712325889132,-0.0034781257846575146,0.003661219222197586,0.95,31.551734749867027,10000,complete_repeat_5x6_vector,809a3f2f1d77cce8aa4e86320f229cd025238ab79be8d1df66d61a601099ba7f,60,-0.0028361870677231105,0.003019280505263182,25.87774642098352,0.9,2023,Sack probability,False,False
60,linear_structure,boosted_structure,bdb2023_sack,primary_loss,-0.001392135149611705,6.902444165353007e-05,-0.0035699760239215586,0.0007857057246981485,0.95,31.551734749867027,10000,complete_repeat_5x6_vector,809a3f2f1d77cce8aa4e86320f229cd025238ab79be8d1df66d61a601099ba7f,60,-0.0031783321475717286,0.0003940618483483185,25.87774642098352,0.9,2023,Sack probability,False,False
60,linear_structure,relnet,bdb2023_sack,primary_loss,-0.0001082976564791207,5.3125803358048633e-05,-0.0017845089124058661,0.0015679135994476248,0.95,31.551734749867027,10000,complete_repeat_5x6_vector,809a3f2f1d77cce8aa4e86320f229cd025238ab79be8d1df66d61a601099ba7f,60,-0.001483073724189738,0.0012664784112314967,25.87774642098352,0.9,2023,Sack probability,False,False
60,linear_structure,attn_relnet,bdb2023_sack,primary_loss,-9.943062969154516e-05,5.2662583120743205e-05,-0.0017610264835600594,0.001562165224176969,0.95,31.551734749867027,10000,complete_repeat_5x6_vector,809a3f2f1d77cce8aa4e86320f229cd025238ab79be8d1df66d61a601099ba7f,60,-0.0014622196015641048,0.0012633583421810144,25.87774642098352,0.9,2023,Sack probability,False,False
60,linear_structure,set_transformer,bdb2023_sack,primary_loss,-3.325606735256108e-05,6.939272409781383e-05,-0.0022227168916574887,0.0021562047569523663,0.95,31.551734749867027,10000,complete_repeat_5x6_vector,809a3f2f1d77cce8aa4e86320f229cd025238ab79be8d1df66d61a601099ba7f,60,-0.0018289833850170596,0.0017624712503119377,25.87774642098352,0.9,2023,Sack probability,False,False
60,boosted_structure,relnet,bdb2023_sack,primary_loss,0.0012838374931325846,7.071617912840463e-05,-0.0009473806332509212,0.0035150556195160903,0.95,31.551734749867027,10000,complete_repeat_5x6_vector,809a3f2f1d77cce8aa4e86320f229cd025238ab79be8d1df66d61a601099ba7f,60,-0.0005461378582131179,0.0031138128444782873,25.87774642098352,0.9,2023,Sack probability,False,False
60,boosted_structure,attn_relnet,bdb2023_sack,primary_loss,0.00129270451992016,7.010085069200914e-05,-0.0009190989268541446,0.0035045079666944645,0.95,31.551734749867027,10000,complete_repeat_5x6_vector,809a3f2f1d77cce8aa4e86320f229cd025238ab79be8d1df66d61a601099ba7f,60,-0.0005213475181828795,0.0031067565580231997,25.87774642098352,0.9,2023,Sack probability,False,False
60,boosted_structure,set_transformer,bdb2023_sack,primary_loss,0.001358879082259144,8.248449953935678e-05,-0.00124364996818217,0.003961408132700458,0.95,31.551734749867027,10000,complete_repeat_5x6_vector,809a3f2f1d77cce8aa4e86320f229cd025238ab79be8d1df66d61a601099ba7f,60,-0.0007756338804820629,0.003493392045000351,25.87774642098352,0.9,2023,Sack probability,False,False
60,relnet,attn_relnet,bdb2023_sack,primary_loss,8.867026787575533e-06,8.257859427696673e-06,-0.00025168276347679863,0.0002694168170519497,0.95,31.551734749867027,10000,complete_repeat_5x6_vector,809a3f2f1d77cce8aa4e86320f229cd025238ab79be8d1df66d61a601099ba7f,60,-0.00020482776546248705,0.00022256181903763814,25.87774642098352,0.9,2023,Sack probability,False,False
60,relnet,set_transformer,bdb2023_sack,primary_loss,7.504158912655962e-05,6.584205182463525e-05,-0.00200238936543133,0.0021524725436844493,0.95,31.551734749867027,10000,complete_repeat_5x6_vector,809a3f2f1d77cce8aa4e86320f229cd025238ab79be8d1df66d61a601099ba7f,60,-0.0016288023318286066,0.001778885510081726,25.87774642098352,0.9,2023,Sack probability,False,False
60,attn_relnet,set_transformer,bdb2023_sack,primary_loss,6.617456233898409e-05,6.496086062603427e-05,-0.00198345328125673,0.002115802405934698,0.95,31.551734749867027,10000,complete_repeat_5x6_vector,809a3f2f1d77cce8aa4e86320f229cd025238ab79be8d1df66d61a601099ba7f,60,-0.0016148661162303833,0.0017472152409083517,25.87774642098352,0.9,2023,Sack probability,False,False
10,linear_structure,boosted_structure,bdb2024_tackle,primary_loss,0.02149696508028581,0.0006217755621122534,0.019324430699212195,0.023669499461359423,0.95,3.4940813268588866,10000,complete_repeat_5x6_vector,9c11ed27a3943f37582fa4341b969071cf379164a6b71636cbd7c1c2a3e6b236,60,0.019488387621388034,0.023505542539183584,3.230389840466504,0.9,2024,Tackle candidate,True,True
10,linear_structure,relnet,bdb2024_tackle,primary_loss,0.008716030875550194,0.0008432055848576874,0.005769801986795822,0.011662259764304567,0.95,3.4940813268588866,10000,complete_repeat_5x6_vector,9c11ed27a3943f37582fa4341b969071cf379164a6b71636cbd7c1c2a3e6b236,60,0.005992148120801304,0.011439913630299085,3.230389840466504,0.9,2024,Tackle candidate,True,True
10,linear_structure,attn_relnet,bdb2024_tackle,primary_loss,0.008738398498440898,0.0007763432816833697,0.006025791934678687,0.011451005062203107,0.95,3.4940813268588866,10000,complete_repeat_5x6_vector,9c11ed27a3943f37582fa4341b969071cf379164a6b71636cbd7c1c2a3e6b236,60,0.006230507048576514,0.011246289948305281,3.230389840466504,0.9,2024,Tackle candidate,True,True
10,linear_structure,set_transformer,bdb2024_tackle,primary_loss,0.0002591268356685997,0.0008900922907754582,-0.0028509280167109794,0.0033691816880481785,0.95,3.4940813268588866,10000,complete_repeat_5x6_vector,9c11ed27a3943f37582fa4341b969071cf379164a6b71636cbd7c1c2a3e6b236,60,-0.0026162182575299978,0.003134471928867197,3.230389840466504,0.9,2024,Tackle candidate,False,False
10,boosted_structure,relnet,bdb2024_tackle,primary_loss,-0.012780934204735613,0.0007221305666380397,-0.015304117133179614,-0.010257751276291612,0.95,3.4940813268588866,10000,complete_repeat_5x6_vector,9c11ed27a3943f37582fa4341b969071cf379164a6b71636cbd7c1c2a3e6b236,60,-0.015113697450693457,-0.010448170958777769,3.230389840466504,0.9,2024,Tackle candidate,True,True
10,boosted_structure,attn_relnet,bdb2024_tackle,primary_loss,-0.012758566581844911,0.0006762144952620518,-0.015121315022691354,-0.01039581814099847,0.95,3.4940813268588866,10000,complete_repeat_5x6_vector,9c11ed27a3943f37582fa4341b969071cf379164a6b71636cbd7c1c2a3e6b236,60,-0.014943003017315628,-0.010574130146374195,3.230389840466504,0.9,2024,Tackle candidate,True,True
10,boosted_structure,set_transformer,bdb2024_tackle,primary_loss,-0.021237838244617203,0.0008288632951162592,-0.024133954006601652,-0.018341722482632754,0.95,3.4940813268588866,10000,complete_repeat_5x6_vector,9c11ed27a3943f37582fa4341b969071cf379164a6b71636cbd7c1c2a3e6b236,60,-0.023915389812296357,-0.01856028667693805,3.230389840466504,0.9,2024,Tackle candidate,True,True
10,relnet,attn_relnet,bdb2024_tackle,primary_loss,2.2367622890700768e-05,0.00038031301648796054,-0.0013064769863812581,0.0013512122321626596,0.95,3.4940813268588866,10000,complete_repeat_5x6_vector,9c11ed27a3943f37582fa4341b969071cf379164a6b71636cbd7c1c2a3e6b236,60,-0.001206191681769177,0.0012509269275505785,3.230389840466504,0.9,2024,Tackle candidate,False,False
10,relnet,set_transformer,bdb2024_tackle,primary_loss,-0.008456904039881596,0.0009121864595678412,-0.011644157714871109,-0.0052696503648920826,0.95,3.4940813268588866,10000,complete_repeat_5x6_vector,9c11ed27a3943f37582fa4341b969071cf379164a6b71636cbd7c1c2a3e6b236,60,-0.01140362191148066,-0.005510186168282532,3.230389840466504,0.9,2024,Tackle candidate,True,True
10,attn_relnet,set_transformer,bdb2024_tackle,primary_loss,-0.008479271662772297,0.000853902191465992,-0.011462875364937501,-0.005495667960607093,0.95,3.4940813268588866,10000,complete_repeat_5x6_vector,9c11ed27a3943f37582fa4341b969071cf379164a6b71636cbd7c1c2a3e6b236,60,-0.01123770862683612,-0.005720834698708473,3.230389840466504,0.9,2024,Tackle candidate,True,True
20,linear_structure,boosted_structure,bdb2024_tackle,primary_loss,0.023015020979106154,0.0005119883068275097,0.021226092196650056,0.024803949761562253,0.95,3.4940813268588866,10000,complete_repeat_5x6_vector,9c11ed27a3943f37582fa4341b969071cf379164a6b71636cbd7c1c2a3e6b236,60,0.02136109915429292,0.02466894280391939,3.230389840466504,0.9,2024,Tackle candidate,True,True
20,linear_structure,relnet,bdb2024_tackle,primary_loss,0.016252116674571094,0.0005657788302031641,0.014275239428826154,0.018228993920316034,0.95,3.4940813268588866,10000,complete_repeat_5x6_vector,9c11ed27a3943f37582fa4341b969071cf379164a6b71636cbd7c1c2a3e6b236,60,0.01442443048953177,0.01807980285961042,3.230389840466504,0.9,2024,Tackle candidate,True,True
20,linear_structure,attn_relnet,bdb2024_tackle,primary_loss,0.015787435469142175,0.0005914448113038541,0.0137208791980978,0.01785399174018655,0.95,3.4940813268588866,10000,complete_repeat_5x6_vector,9c11ed27a3943f37582fa4341b969071cf379164a6b71636cbd7c1c2a3e6b236,60,0.013876838159509576,0.017698032778774773,3.230389840466504,0.9,2024,Tackle candidate,True,True
20,linear_structure,set_transformer,bdb2024_tackle,primary_loss,0.006995171210047025,0.0008285707323651773,0.004100077686108067,0.009890264733985982,0.95,3.4940813268588866,10000,complete_repeat_5x6_vector,9c11ed27a3943f37582fa4341b969071cf379164a6b71636cbd7c1c2a3e6b236,60,0.004318564734106665,0.009671777685987384,3.230389840466504,0.9,2024,Tackle candidate,True,True
20,boosted_structure,relnet,bdb2024_tackle,primary_loss,-0.006762904304535065,0.0005398186239004011,-0.008649074478196116,-0.004876734130874013,0.95,3.4940813268588866,10000,complete_repeat_5x6_vector,9c11ed27a3943f37582fa4341b969071cf379164a6b71636cbd7c1c2a3e6b236,60,-0.00850672890287753,-0.0050190797061926,3.230389840466504,0.9,2024,Tackle candidate,True,True
20,boosted_structure,attn_relnet,bdb2024_tackle,primary_loss,-0.007227585509963984,0.0005185163653173691,-0.009039323859690144,-0.0054158471602378236,0.95,3.4940813268588866,10000,complete_repeat_5x6_vector,9c11ed27a3943f37582fa4341b969071cf379164a6b71636cbd7c1c2a3e6b236,60,-0.00890259550860083,-0.005552575511327137,3.230389840466504,0.9,2024,Tackle candidate,True,True
20,boosted_structure,set_transformer,bdb2024_tackle,primary_loss,-0.016019849769059135,0.0007713095312028974,-0.01871486799926346,-0.01332483153885481,0.95,3.4940813268588866,10000,complete_repeat_5x6_vector,9c11ed27a3943f37582fa4341b969071cf379164a6b71636cbd7c1c2a3e6b236,60,-0.01851148024251196,-0.013528219295606313,3.230389840466504,0.9,2024,Tackle candidate,True,True
20,relnet,attn_relnet,bdb2024_tackle,primary_loss,-0.00046468120542892256,0.00026114073079134734,-0.0013771281565692528,0.0004477657457114077,0.95,3.4940813268588866,10000,complete_repeat_5x6_vector,9c11ed27a3943f37582fa4341b969071cf379164a6b71636cbd7c1c2a3e6b236,60,-0.0013082675691092893,0.0003789051582514443,3.230389840466504,0.9,2024,Tackle candidate,False,False
20,relnet,set_transformer,bdb2024_tackle,primary_loss,-0.009256945464524071,0.0008050978277041503,-0.012070022750599796,-0.0064438681784483465,0.95,3.4940813268588866,10000,complete_repeat_5x6_vector,9c11ed27a3943f37582fa4341b969071cf379164a6b71636cbd7c1c2a3e6b236,60,-0.01185772530772121,-0.006656165621326932,3.230389840466504,0.9,2024,Tackle candidate,True,True
20,attn_relnet,set_transformer,bdb2024_tackle,primary_loss,-0.008792264259095146,0.0007729097225497067,-0.011492873688003759,-0.0060916548301865325,0.95,3.4940813268588866,10000,complete_repeat_5x6_vector,9c11ed27a3943f37582fa4341b969071cf379164a6b71636cbd7c1c2a3e6b236,60,-0.011289063974417504,-0.006295464543772789,3.230389840466504,0.9,2024,Tackle candidate,True,True
30,linear_structure,boosted_structure,bdb2024_tackle,primary_loss,0.024852518722882036,0.000424402026797872,0.023369623525966526,0.026335413919797546,0.95,3.4940813268588866,10000,complete_repeat_5x6_vector,9c11ed27a3943f37582fa4341b969071cf379164a6b71636cbd7c1c2a3e6b236,60,0.023481534727240797,0.026223502718523275,3.230389840466504,0.9,2024,Tackle candidate,True,True
30,linear_structure,relnet,bdb2024_tackle,primary_loss,0.021244497272015127,0.00045117717406292,0.019668047533016916,0.022820947011013337,0.95,3.4940813268588866,10000,complete_repeat_5x6_vector,9c11ed27a3943f37582fa4341b969071cf379164a6b71636cbd7c1c2a3e6b236,60,0.01978701911267188,0.022701975431358372,3.230389840466504,0.9,2024,Tackle candidate,True,True
30,linear_structure,attn_relnet,bdb2024_tackle,primary_loss,0.021229364424358906,0.00047169719686422293,0.019581216056863946,0.022877512791853866,0.95,3.4940813268588866,10000,complete_repeat_5x6_vector,9c11ed27a3943f37582fa4341b969071cf379164a6b71636cbd7c1c2a3e6b236,60,0.019705598591832192,0.02275313025688562,3.230389840466504,0.9,2024,Tackle candidate,True,True
30,linear_structure,set_transformer,bdb2024_tackle,primary_loss,0.012796038530349019,0.0008012328378784883,0.00999646583305164,0.015595611227646399,0.95,3.4940813268588866,10000,complete_repeat_5x6_vector,9c11ed27a3943f37582fa4341b969071cf379164a6b71636cbd7c1c2a3e6b236,60,0.010207744111018205,0.015384332949679834,3.230389840466504,0.9,2024,Tackle candidate,True,True
30,boosted_structure,relnet,bdb2024_tackle,primary_loss,-0.0036080214508669045,0.00037166525174346914,-0.0049066500668260675,-0.0023093928349077414,0.95,3.4940813268588866,10000,complete_repeat_5x6_vector,9c11ed27a3943f37582fa4341b969071cf379164a6b71636cbd7c1c2a3e6b236,60,-0.004808645104153433,-0.0024073977975803762,3.230389840466504,0.9,2024,Tackle candidate,True,True
30,boosted_structure,attn_relnet,bdb2024_tackle,primary_loss,-0.003623154298523119,0.00039368390187846517,-0.00499871786876161,-0.0022475907282846277,0.95,3.4940813268588866,10000,complete_repeat_5x6_vector,9c11ed27a3943f37582fa4341b969071cf379164a6b71636cbd7c1c2a3e6b236,60,-0.0048949067755065245,-0.002351401821539713,3.230389840466504,0.9,2024,Tackle candidate,True,True
30,boosted_structure,set_transformer,bdb2024_tackle,primary_loss,-0.012056480192533008,0.0007990128428320105,-0.014848296046592772,-0.009264664338473245,0.95,3.4940813268588866,10000,complete_repeat_5x6_vector,9c11ed27a3943f37582fa4341b969071cf379164a6b71636cbd7c1c2a3e6b236,60,-0.014637603162419795,-0.009475357222646221,3.230389840466504,0.9,2024,Tackle candidate,True,True
30,relnet,attn_relnet,bdb2024_tackle,primary_loss,-1.5132847656214033e-05,0.00020376023885498293,-0.0007270876933957165,0.0006968219980832884,0.95,3.4940813268588866,10000,complete_repeat_5x6_vector,9c11ed27a3943f37582fa4341b969071cf379164a6b71636cbd7c1c2a3e6b236,60,-0.0006733578531443791,0.000643092157831951,3.230389840466504,0.9,2024,Tackle candidate,False,False
30,relnet,set_transformer,bdb2024_tackle,primary_loss,-0.008448458741666097,0.0007564720288260372,-0.011091633531878212,-0.005805283951453983,0.95,3.4940813268588866,10000,complete_repeat_5x6_vector,9c11ed27a3943f37582fa4341b969071cf379164a6b71636cbd7c1c2a3e6b236,60,-0.010892158298182813,-0.006004759185149382,3.230389840466504,0.9,2024,Tackle candidate,True,True
30,attn_relnet,set_transformer,bdb2024_tackle,primary_loss,-0.008433325894009887,0.0007435413600959687,-0.01103131987606847,-0.0058353319119513036,0.95,3.4940813268588866,10000,complete_repeat_5x6_vector,9c11ed27a3943f37582fa4341b969071cf379164a6b71636cbd7c1c2a3e6b236,60,-0.010835254349630551,-0.006031397438389223,3.230389840466504,0.9,2024,Tackle candidate,True,True
40,linear_structure,boosted_structure,bdb2024_tackle,primary_loss,0.026200316748081806,0.00038050962233569205,0.024870785181988538,0.027529848314175074,0.95,3.4940813268588866,10000,complete_repeat_5x6_vector,9c11ed27a3943f37582fa4341b969071cf379164a6b71636cbd7c1c2a3e6b236,60,0.02497112232988884,0.027429511166274772,3.230389840466504,0.9,2024,Tackle candidate,True,True
40,linear_structure,relnet,bdb2024_tackle,primary_loss,0.023817517766231977,0.0005344885064078927,0.021949971456571463,0.02568506407589249,0.95,3.4940813268588866,10000,complete_repeat_5x6_vector,9c11ed27a3943f37582fa4341b969071cf379164a6b71636cbd7c1c2a3e6b236,60,0.022090911525285806,0.02554412400717815,3.230389840466504,0.9,2024,Tackle candidate,True,True
40,linear_structure,attn_relnet,bdb2024_tackle,primary_loss,0.023536695069745473,0.0004926998389886948,0.021815161762588693,0.025258228376902253,0.95,3.4940813268588866,10000,complete_repeat_5x6_vector,9c11ed27a3943f37582fa4341b969071cf379164a6b71636cbd7c1c2a3e6b236,60,0.021945082515476912,0.025128307624014034,3.230389840466504,0.9,2024,Tackle candidate,True,True
40,linear_structure,set_transformer,bdb2024_tackle,primary_loss,0.017776144976528397,0.0004785804889330599,0.016103945826748397,0.019448344126308397,0.95,3.4940813268588866,10000,complete_repeat_5x6_vector,9c11ed27a3943f37582fa4341b969071cf379164a6b71636cbd7c1c2a3e6b236,60,0.01623014342723355,0.019322146525823244,3.230389840466504,0.9,2024,Tackle candidate,True,True
40,boosted_structure,relnet,bdb2024_tackle,primary_loss,-0.0023827989818498035,0.0004163189804437412,-0.0038374513574352094,-0.0009281466062643973,0.95,3.4940813268588866,10000,complete_repeat_5x6_vector,9c11ed27a3943f37582fa4341b969071cf379164a6b71636cbd7c1c2a3e6b236,60,-0.0037276715866686383,-0.0010379263770309687,3.230389840466504,0.9,2024,Tackle candidate,True,True
40,boosted_structure,attn_relnet,bdb2024_tackle,primary_loss,-0.0026636216783363243,0.00040230998969555744,-0.0040693255009403625,-0.001257917855732286,0.95,3.4940813268588866,10000,complete_repeat_5x6_vector,9c11ed27a3943f37582fa4341b969071cf379164a6b71636cbd7c1c2a3e6b236,60,-0.003963239781767037,-0.0013640035749056115,3.230389840466504,0.9,2024,Tackle candidate,True,True
40,boosted_structure,set_transformer,bdb2024_tackle,primary_loss,-0.008424171771553402,0.0004112643556464856,-0.00986116287702044,-0.006987180666086365,0.95,3.4940813268588866,10000,complete_repeat_5x6_vector,9c11ed27a3943f37582fa4341b969071cf379164a6b71636cbd7c1c2a3e6b236,60,-0.009752715967779813,-0.007095627575326992,3.230389840466504,0.9,2024,Tackle candidate,True,True
40,relnet,attn_relnet,bdb2024_tackle,primary_loss,-0.0002808226964865205,0.00028992873097034925,-0.0012938572614899116,0.0007322118685168707,0.95,3.4940813268588866,10000,complete_repeat_5x6_vector,9c11ed27a3943f37582fa4341b969071cf379164a6b71636cbd7c1c2a3e6b236,60,-0.001217405523472483,0.000655760130499442,3.230389840466504,0.9,2024,Tackle candidate,False,False
40,relnet,set_transformer,bdb2024_tackle,primary_loss,-0.006041372789703593,0.0004916802520008032,-0.007759343577004871,-0.004323402002402315,0.95,3.4940813268588866,10000,complete_repeat_5x6_vector,9c11ed27a3943f37582fa4341b969071cf379164a6b71636cbd7c1c2a3e6b236,60,-0.007629691680524998,-0.004453053898882188,3.230389840466504,0.9,2024,Tackle candidate,True,True
40,attn_relnet,set_transformer,bdb2024_tackle,primary_loss,-0.005760550093217077,0.0004456746374792139,-0.007317773521887802,-0.004203326664546352,0.95,3.4940813268588866,10000,complete_repeat_5x6_vector,9c11ed27a3943f37582fa4341b969071cf379164a6b71636cbd7c1c2a3e6b236,60,-0.007200252914283522,-0.004320847272150632,3.230389840466504,0.9,2024,Tackle candidate,True,True
50,linear_structure,boosted_structure,bdb2024_tackle,primary_loss,0.02746921137717995,0.00037251567685297717,0.026167611306725763,0.02877081144763414,0.95,3.4940813268588866,10000,complete_repeat_5x6_vector,9c11ed27a3943f37582fa4341b969071cf379164a6b71636cbd7c1c2a3e6b236,60,0.02626584051925959,0.028672582235100313,3.230389840466504,0.9,2024,Tackle candidate,True,True
50,linear_structure,relnet,bdb2024_tackle,primary_loss,0.025071382227912387,0.0004571607459430715,0.02347402540213982,0.026668739053684953,0.95,3.4940813268588866,10000,complete_repeat_5x6_vector,9c11ed27a3943f37582fa4341b969071cf379164a6b71636cbd7c1c2a3e6b236,60,0.0235945747987578,0.026548189657066974,3.230389840466504,0.9,2024,Tackle candidate,True,True
50,linear_structure,attn_relnet,bdb2024_tackle,primary_loss,0.024703885390850812,0.0004883654573884799,0.022997496765506824,0.0264102740161948,0.95,3.4940813268588866,10000,complete_repeat_5x6_vector,9c11ed27a3943f37582fa4341b969071cf379164a6b71636cbd7c1c2a3e6b236,60,0.02312627457886829,0.026281496202833335,3.230389840466504,0.9,2024,Tackle candidate,True,True
50,linear_structure,set_transformer,bdb2024_tackle,primary_loss,0.02022210146509539,0.000537476419007119,0.01834411514581563,0.022100087784375146,0.95,3.4940813268588866,10000,complete_repeat_5x6_vector,9c11ed27a3943f37582fa4341b969071cf379164a6b71636cbd7c1c2a3e6b236,60,0.018485843101644472,0.021958359828546305,3.230389840466504,0.9,2024,Tackle candidate,True,True
50,boosted_structure,relnet,bdb2024_tackle,primary_loss,-0.002397829149267576,0.0004005674165382223,-0.003797444279541884,-0.0009982140189932678,0.95,3.4940813268588866,10000,complete_repeat_5x6_vector,9c11ed27a3943f37582fa4341b969071cf379164a6b71636cbd7c1c2a3e6b236,60,-0.0036918180620745637,-0.0011038402364605881,3.230389840466504,0.9,2024,Tackle candidate,True,True
50,boosted_structure,attn_relnet,bdb2024_tackle,primary_loss,-0.0027653259863291446,0.00043475531184804814,-0.004284396403210122,-0.0012462555694481676,0.95,3.4940813268588866,10000,complete_repeat_5x6_vector,9c11ed27a3943f37582fa4341b969071cf379164a6b71636cbd7c1c2a3e6b236,60,-0.004169755128811926,-0.0013608968438463631,3.230389840466504,0.9,2024,Tackle candidate,True,True
50,boosted_structure,set_transformer,bdb2024_tackle,primary_loss,-0.0072471099120845735,0.00046661275050634293,-0.00887749281050305,-0.005616727013666096,0.95,3.4940813268588866,10000,complete_repeat_5x6_vector,9c11ed27a3943f37582fa4341b969071cf379164a6b71636cbd7c1c2a3e6b236,60,-0.008754451000752395,-0.005739768823416752,3.230389840466504,0.9,2024,Tackle candidate,True,True
50,relnet,attn_relnet,bdb2024_tackle,primary_loss,-0.0003674968370615676,0.0002911293354286747,-0.001384726411683737,0.0006497327375606019,0.95,3.4940813268588866,10000,complete_repeat_5x6_vector,9c11ed27a3943f37582fa4341b969071cf379164a6b71636cbd7c1c2a3e6b236,60,-0.0013079580844921235,0.0005729644103689882,3.230389840466504,0.9,2024,Tackle candidate,False,False
50,relnet,set_transformer,bdb2024_tackle,primary_loss,-0.004849280762816994,0.0004608336839461785,-0.006459471132680926,-0.0032390903929530616,0.95,3.4940813268588866,10000,complete_repeat_5x6_vector,9c11ed27a3943f37582fa4341b969071cf379164a6b71636cbd7c1c2a3e6b236,60,-0.006337953213581481,-0.0033606083120525064,3.230389840466504,0.9,2024,Tackle candidate,True,True
50,attn_relnet,set_transformer,bdb2024_tackle,primary_loss,-0.004481783925755427,0.0005253330983629432,-0.006317340495126309,-0.0026462273563845444,0.95,3.4940813268588866,10000,complete_repeat_5x6_vector,9c11ed27a3943f37582fa4341b969071cf379164a6b71636cbd7c1c2a3e6b236,60,-0.0061788146295678695,-0.002784753221942984,3.230389840466504,0.9,2024,Tackle candidate,True,True
60,linear_structure,boosted_structure,bdb2024_tackle,primary_loss,0.028226373489596134,0.0003788748542482689,0.026902553936150875,0.029550193043041392,0.95,3.4940813268588866,10000,complete_repeat_5x6_vector,9c11ed27a3943f37582fa4341b969071cf379164a6b71636cbd7c1c2a3e6b236,60,0.027002460009624297,0.02945028696956797,3.230389840466504,0.9,2024,Tackle candidate,True,True
60,linear_structure,relnet,bdb2024_tackle,primary_loss,0.02644494393158113,0.0004514831883497979,0.02486742495377739,0.02802246290938487,0.95,3.4940813268588866,10000,complete_repeat_5x6_vector,9c11ed27a3943f37582fa4341b969071cf379164a6b71636cbd7c1c2a3e6b236,60,0.024986477226794517,0.027903410636367743,3.230389840466504,0.9,2024,Tackle candidate,True,True
60,linear_structure,attn_relnet,bdb2024_tackle,primary_loss,0.026143087665522296,0.00044682047561554587,0.02458186058521581,0.02770431474582878,0.95,3.4940813268588866,10000,complete_repeat_5x6_vector,9c11ed27a3943f37582fa4341b969071cf379164a6b71636cbd7c1c2a3e6b236,60,0.024699683340581424,0.027586491990463168,3.230389840466504,0.9,2024,Tackle candidate,True,True
60,linear_structure,set_transformer,bdb2024_tackle,primary_loss,0.02174710673394852,0.0004148555704742567,0.020297567631811026,0.02319664583608601,0.95,3.4940813268588866,10000,complete_repeat_5x6_vector,9c11ed27a3943f37582fa4341b969071cf379164a6b71636cbd7c1c2a3e6b236,60,0.020406961513827544,0.023087251954069493,3.230389840466504,0.9,2024,Tackle candidate,True,True
60,boosted_structure,relnet,bdb2024_tackle,primary_loss,-0.0017814295580150096,0.00031434856707019245,-0.0028797890163398173,-0.0006830700996902019,0.95,3.4940813268588866,10000,complete_repeat_5x6_vector,9c11ed27a3943f37582fa4341b969071cf379164a6b71636cbd7c1c2a3e6b236,60,-0.0027968979754437627,-0.0007659611405862565,3.230389840466504,0.9,2024,Tackle candidate,True,True
60,boosted_structure,attn_relnet,bdb2024_tackle,primary_loss,-0.0020832858240738433,0.00032925574575513986,-0.0032337321770778745,-0.000932839471069812,0.95,3.4940813268588866,10000,complete_repeat_5x6_vector,9c11ed27a3943f37582fa4341b969071cf379164a6b71636cbd7c1c2a3e6b236,60,-0.0031469102400764693,-0.0010196614080712173,3.230389840466504,0.9,2024,Tackle candidate,True,True
60,boosted_structure,set_transformer,bdb2024_tackle,primary_loss,-0.006479266755647612,0.0003407640854099823,-0.007669924183342778,-0.005288609327952446,0.95,3.4940813268588866,10000,complete_repeat_5x6_vector,9c11ed27a3943f37582fa4341b969071cf379164a6b71636cbd7c1c2a3e6b236,60,-0.0075800675951518785,-0.005378465916143346,3.230389840466504,0.9,2024,Tackle candidate,True,True
60,relnet,attn_relnet,bdb2024_tackle,primary_loss,-0.0003018562660588342,0.00024586059115753176,-0.001160913166632853,0.0005572006345151846,0.95,3.4940813268588866,10000,complete_repeat_5x6_vector,9c11ed27a3943f37582fa4341b969071cf379164a6b71636cbd7c1c2a3e6b236,60,-0.0010960818219052136,0.0004923692897875452,3.230389840466504,0.9,2024,Tackle candidate,False,False
60,relnet,set_transformer,bdb2024_tackle,primary_loss,-0.004697837197632601,0.00034987317814133003,-0.005920322536144995,-0.003475351859120207,0.95,3.4940813268588866,10000,complete_repeat_5x6_vector,9c11ed27a3943f37582fa4341b969071cf379164a6b71636cbd7c1c2a3e6b236,60,-0.005828063957752081,-0.003567610437513121,3.230389840466504,0.9,2024,Tackle candidate,True,True
60,attn_relnet,set_transformer,bdb2024_tackle,primary_loss,-0.004395980931573765,0.00038370568160576806,-0.00573667978868214,-0.0030552820744653895,0.95,3.4940813268588866,10000,complete_repeat_5x6_vector,9c11ed27a3943f37582fa4341b969071cf379164a6b71636cbd7c1c2a3e6b236,60,-0.005635499867162313,-0.0031564619959852168,3.230389840466504,0.9,2024,Tackle candidate,True,True
10,linear_structure,boosted_structure,bdb2025_man_zone,primary_loss,1.7248854890118265e-05,0.0006508345205108363,-0.002435665222170014,0.002470162931950251,0.95,3.768875189863706,10000,complete_repeat_5x6_vector,f8f0745ccf207943416b542ed7fc492579139bf980b582b5fff773a1cd93e82f,60,-0.00217968786352645,0.002214185573306691,3.3755688261467833,0.9,2025,Man/Zone,False,False
10,linear_structure,relnet,bdb2025_man_zone,primary_loss,-0.006032428185967697,0.001218477951783478,-0.010624719507840392,-0.001440136864095002,0.95,3.768875189863706,10000,complete_repeat_5x6_vector,f8f0745ccf207943416b542ed7fc492579139bf980b582b5fff773a1cd93e82f,60,-0.010145484375355182,-0.0019193719965801999,3.3755688261467833,0.9,2025,Man/Zone,True,True
10,linear_structure,attn_relnet,bdb2025_man_zone,primary_loss,-0.0057704304432364085,0.0012059158352798098,-0.01031537671588625,-0.0012254841705865655,0.95,3.768875189863706,10000,complete_repeat_5x6_vector,f8f0745ccf207943416b542ed7fc492579139bf980b582b5fff773a1cd93e82f,60,-0.009841082343763692,-0.0016997785427091223,3.3755688261467833,0.9,2025,Man/Zone,True,True
10,linear_structure,set_transformer,bdb2025_man_zone,primary_loss,-0.00828487992514983,0.0012907482623103394,-0.01314954902733096,-0.003420210822968701,0.95,3.768875189863706,10000,complete_repeat_5x6_vector,f8f0745ccf207943416b542ed7fc492579139bf980b582b5fff773a1cd93e82f,60,-0.012641889521807746,-0.003927870328491915,3.3755688261467833,0.9,2025,Man/Zone,True,True
10,boosted_structure,relnet,bdb2025_man_zone,primary_loss,-0.006049677040857815,0.001234637704931671,-0.010702872455445057,-0.0013964816262705734,0.95,3.768875189863706,10000,complete_repeat_5x6_vector,f8f0745ccf207943416b542ed7fc492579139bf980b582b5fff773a1cd93e82f,60,-0.010217281589210573,-0.0018820724925050526,3.3755688261467833,0.9,2025,Man/Zone,True,True
10,boosted_structure,attn_relnet,bdb2025_man_zone,primary_loss,-0.005787679298126531,0.0012349225742928163,-0.010441948349781346,-0.001133410246471716,0.95,3.768875189863706,10000,complete_repeat_5x6_vector,f8f0745ccf207943416b542ed7fc492579139bf980b582b5fff773a1cd93e82f,60,-0.009956245442614295,-0.0016191131536387616,3.3755688261467833,0.9,2025,Man/Zone,True,True
10,boosted_structure,set_transformer,bdb2025_man_zone,primary_loss,-0.008302128780039946,0.0012858219563512793,-0.013148231249914297,-0.0034560263101655964,0.95,3.768875189863706,10000,complete_repeat_5x6_vector,f8f0745ccf207943416b542ed7fc492579139bf980b582b5fff773a1cd93e82f,60,-0.012642509291874396,-0.0039617482682054945,3.3755688261467833,0.9,2025,Man/Zone,True,True
10,relnet,attn_relnet,bdb2025_man_zone,primary_loss,0.0002619977427312863,0.00031244471875913765,-0.0009155674060039708,0.0014395628914665435,0.95,3.768875189863706,10000,complete_repeat_5x6_vector,f8f0745ccf207943416b542ed7fc492579139bf980b582b5fff773a1cd93e82f,60,-0.0007926809098062573,0.001316676395268829,3.3755688261467833,0.9,2025,Man/Zone,False,False
10,relnet,set_transformer,bdb2025_man_zone,primary_loss,-0.0022524517391821317,0.001400482612305308,-0.007530695910535118,0.0030257924321708553,0.95,3.768875189863706,10000,complete_repeat_5x6_vector,f8f0745ccf207943416b542ed7fc492579139bf980b582b5fff773a1cd93e82f,60,-0.006979877186840551,0.0024749737084762712,3.3755688261467833,0.9,2025,Man/Zone,False,False
10,attn_relnet,set_transformer,bdb2025_man_zone,primary_loss,-0.002514449481913419,0.0014049263764992473,-0.0078094416458865485,0.0027805426820597104,0.95,3.768875189863706,10000,complete_repeat_5x6_vector,f8f0745ccf207943416b542ed7fc492579139bf980b582b5fff773a1cd93e82f,60,-0.007256875161455643,0.002227976197628793,3.3755688261467833,0.9,2025,Man/Zone,False,False
20,linear_structure,boosted_structure,bdb2025_man_zone,primary_loss,0.004553512413642621,0.0004942572986482373,0.002690718343358223,0.006416306483927019,0.95,3.768875189863706,10000,complete_repeat_5x6_vector,f8f0745ccf207943416b542ed7fc492579139bf980b582b5fff773a1cd93e82f,60,0.0028851128842301045,0.006221911943055124,3.3755688261467833,0.9,2025,Man/Zone,True,True
20,linear_structure,relnet,bdb2025_man_zone,primary_loss,-0.003782014573445287,0.0007951935170396142,-0.006778999690956351,-0.0007850294559342231,0.95,3.768875189863706,10000,complete_repeat_5x6_vector,f8f0745ccf207943416b542ed7fc492579139bf980b582b5fff773a1cd93e82f,60,-0.006466245020318227,-0.0010977841265723486,3.3755688261467833,0.9,2025,Man/Zone,True,True
20,linear_structure,attn_relnet,bdb2025_man_zone,primary_loss,-0.003303016329475481,0.0006903698496528541,-0.0059049341276620594,-0.0007010985312889025,0.95,3.768875189863706,10000,complete_repeat_5x6_vector,f8f0745ccf207943416b542ed7fc492579139bf980b582b5fff773a1cd93e82f,60,-0.005633407272475303,-0.0009726253864756735,3.3755688261467833,0.9,2025,Man/Zone,True,True
20,linear_structure,set_transformer,bdb2025_man_zone,primary_loss,-0.00561142370846664,0.0012021497041578206,-0.010142175902969045,-0.0010806715139642358,0.95,3.768875189863706,10000,complete_repeat_5x6_vector,f8f0745ccf207943416b542ed7fc492579139bf980b582b5fff773a1cd93e82f,60,-0.00966936277418336,-0.0015534846427499313,3.3755688261467833,0.9,2025,Man/Zone,True,True
20,boosted_structure,relnet,bdb2025_man_zone,primary_loss,-0.008335526987087909,0.0007238747557335027,-0.011063720594540558,-0.00560733337963526,0.95,3.768875189863706,10000,complete_repeat_5x6_vector,f8f0745ccf207943416b542ed7fc492579139bf980b582b5fff773a1cd93e82f,60,-0.01077901604657653,-0.005892037927599278,3.3755688261467833,0.9,2025,Man/Zone,True,True
20,boosted_structure,attn_relnet,bdb2025_man_zone,primary_loss,-0.007856528743118098,0.0006530927810102646,-0.010317953922146775,-0.005395103564089421,0.95,3.768875189863706,10000,complete_repeat_5x6_vector,f8f0745ccf207943416b542ed7fc492579139bf980b582b5fff773a1cd93e82f,60,-0.010061088375277855,-0.005651969110958341,3.3755688261467833,0.9,2025,Man/Zone,True,True
20,boosted_structure,set_transformer,bdb2025_man_zone,primary_loss,-0.01016493612210926,0.0011333495720301774,-0.014436389205576446,-0.0058934830386420745,0.95,3.768875189863706,10000,complete_repeat_5x6_vector,f8f0745ccf207943416b542ed7fc492579139bf980b582b5fff773a1cd93e82f,60,-0.013990635606581123,-0.006339236637637393,3.3755688261467833,0.9,2025,Man/Zone,True,True
20,relnet,attn_relnet,bdb2025_man_zone,primary_loss,0.0004789982439698064,0.00024047357072901385,-0.0004273166305687091,0.0013853131185083219,0.95,3.768875189863706,10000,complete_repeat_5x6_vector,f8f0745ccf207943416b542ed7fc492579139bf980b582b5fff773a1cd93e82f,60,-0.000332736844895264,0.0012907333328348646,3.3755688261467833,0.9,2025,Man/Zone,False,False
20,relnet,set_transformer,bdb2025_man_zone,primary_loss,-0.0018294091350213525,0.0011483889347197588,-0.006157543699400662,0.0024987254293579574,0.95,3.768875189863706,10000,complete_repeat_5x6_vector,f8f0745ccf207943416b542ed7fc492579139bf980b582b5fff773a1cd93e82f,60,-0.005705875023353286,0.002047056753310572,3.3755688261467833,0.9,2025,Man/Zone,False,False
20,attn_relnet,set_transformer,bdb2025_man_zone,primary_loss,-0.0023084073789911585,0.0011164831250574507,-0.0065162929289216825,0.0018994781709393651,0.95,3.768875189863706,10000,complete_repeat_5x6_vector,f8f0745ccf207943416b542ed7fc492579139bf980b582b5fff773a1cd93e82f,60,-0.00607717301085403,0.001460358252871715,3.3755688261467833,0.9,2025,Man/Zone,False,False
30,linear_structure,boosted_structure,bdb2025_man_zone,primary_loss,0.008142160137546895,0.0004136870674190143,0.0065830252127838974,0.009701295062309892,0.95,3.768875189863706,10000,complete_repeat_5x6_vector,f8f0745ccf207943416b542ed7fc492579139bf980b582b5fff773a1cd93e82f,60,0.006745730968987183,0.009538589306106597,3.3755688261467833,0.9,2025,Man/Zone,True,True
30,linear_structure,relnet,bdb2025_man_zone,primary_loss,0.00034632924635147875,0.0007873920689902234,-0.0026212531871612262,0.0033139116798641833,0.95,3.768875189863706,10000,complete_repeat_5x6_vector,f8f0745ccf207943416b542ed7fc492579139bf980b582b5fff773a1cd93e82f,60,-0.0023115668756871427,0.003004225368390093,3.3755688261467833,0.9,2025,Man/Zone,False,False
30,linear_structure,attn_relnet,bdb2025_man_zone,primary_loss,0.00011567083736723439,0.0007820567613306273,-0.0028318034874769285,0.0030631451622113977,0.95,3.768875189863706,10000,complete_repeat_5x6_vector,f8f0745ccf207943416b542ed7fc492579139bf980b582b5fff773a1cd93e82f,60,-0.0025242155864577446,0.002755557261192219,3.3755688261467833,0.9,2025,Man/Zone,False,False
30,linear_structure,set_transformer,bdb2025_man_zone,primary_loss,-0.00025026373781513914,0.0010417790240408434,-0.004176598854843099,0.003676071379212821,0.95,3.768875189863706,10000,complete_repeat_5x6_vector,f8f0745ccf207943416b542ed7fc492579139bf980b582b5fff773a1cd93e82f,60,-0.00376686053510103,0.003266333059470751,3.3755688261467833,0.9,2025,Man/Zone,False,False
30,boosted_structure,relnet,bdb2025_man_zone,primary_loss,-0.007795830891195415,0.0007801186134528595,-0.010736000578588773,-0.004855661203802058,0.95,3.768875189863706,10000,complete_repeat_5x6_vector,f8f0745ccf207943416b542ed7fc492579139bf980b582b5fff773a1cd93e82f,60,-0.010429174963463735,-0.005162486818927086,3.3755688261467833,0.9,2025,Man/Zone,True,True
30,boosted_structure,attn_relnet,bdb2025_man_zone,primary_loss,-0.008026489300179658,0.0007472113940293456,-0.010842635784720334,-0.005210342815638984,0.95,3.768875189863706,10000,complete_repeat_5x6_vector,f8f0745ccf207943416b542ed7fc492579139bf980b582b5fff773a1cd93e82f,60,-0.010548752788406786,-0.005504225811952514,3.3755688261467833,0.9,2025,Man/Zone,True,True
30,boosted_structure,set_transformer,bdb2025_man_zone,primary_loss,-0.008392423875362027,0.0010055097288432405,-0.0121820645455659,-0.004602783205158155,0.95,3.768875189863706,10000,complete_repeat_5x6_vector,f8f0745ccf207943416b542ed7fc492579139bf980b582b5fff773a1cd93e82f,60,-0.011786591170432575,-0.004998256580291483,3.3755688261467833,0.9,2025,Man/Zone,True,True
30,relnet,attn_relnet,bdb2025_man_zone,primary_loss,-0.00023065840898424435,0.00030410159659737234,-0.0013767793715980222,0.0009154625536295334,0.95,3.768875189863706,10000,complete_repeat_5x6_vector,f8f0745ccf207943416b542ed7fc492579139bf980b582b5fff773a1cd93e82f,60,-0.0012571742784397927,0.0007958574604713161,3.3755688261467833,0.9,2025,Man/Zone,False,False
30,relnet,set_transformer,bdb2025_man_zone,primary_loss,-0.0005965929841666178,0.0009601863855939466,-0.004215415630476549,0.0030222296621433132,0.95,3.768875189863706,10000,complete_repeat_5x6_vector,f8f0745ccf207943416b542ed7fc492579139bf980b582b5fff773a1cd93e82f,60,-0.003837768214668092,0.002644582246334862,3.3755688261467833,0.9,2025,Man/Zone,False,False
30,attn_relnet,set_transformer,bdb2025_man_zone,primary_loss,-0.0003659345751823735,0.0009502300525494831,-0.003947233044899006,0.003215363894534259,0.95,3.768875189863706,10000,complete_repeat_5x6_vector,f8f0745ccf207943416b542ed7fc492579139bf980b582b5fff773a1cd93e82f,60,-0.0035735015182362293,0.002841632367871476,3.3755688261467833,0.9,2025,Man/Zone,False,False
40,linear_structure,boosted_structure,bdb2025_man_zone,primary_loss,0.010196986345890864,0.00039480841722374613,0.008709002697466928,0.0116849699943148,0.95,3.768875189863706,10000,complete_repeat_5x6_vector,f8f0745ccf207943416b542ed7fc492579139bf980b582b5fff773a1cd93e82f,60,0.008864283360410041,0.011529689331371698,3.3755688261467833,0.9,2025,Man/Zone,True,True
40,linear_structure,relnet,bdb2025_man_zone,primary_loss,0.003707168253770151,0.0009237082438626578,0.00022582717080360613,0.007188509336736696,0.95,3.768875189863706,10000,complete_repeat_5x6_vector,f8f0745ccf207943416b542ed7fc492579139bf980b582b5fff773a1cd93e82f,60,0.0005891275013325792,0.006825209006207729,3.3755688261467833,0.9,2025,Man/Zone,True,True
40,linear_structure,attn_relnet,bdb2025_man_zone,primary_loss,0.004598282903194515,0.000729779342332214,0.001847835645803582,0.007348730160585449,0.95,3.768875189863706,10000,complete_repeat_5x6_vector,f8f0745ccf207943416b542ed7fc492579139bf980b582b5fff773a1cd93e82f,60,0.0021348625052519956,0.007061703301137038,3.3755688261467833,0.9,2025,Man/Zone,True,True
40,linear_structure,set_transformer,bdb2025_man_zone,primary_loss,0.004809747171547416,0.0008487529783453932,0.0016109031291385357,0.008008591213956296,0.95,3.768875189863706,10000,complete_repeat_5x6_vector,f8f0745ccf207943416b542ed7fc492579139bf980b582b5fff773a1cd93e82f,60,0.0019447230767454722,0.007674771266349363,3.3755688261467833,0.9,2025,Man/Zone,True,True
40,boosted_structure,relnet,bdb2025_man_zone,primary_loss,-0.006489818092120709,0.0008759099127109666,-0.009791013230692756,-0.0031886229535486627,0.95,3.768875189863706,10000,complete_repeat_5x6_vector,f8f0745ccf207943416b542ed7fc492579139bf980b582b5fff773a1cd93e82f,60,-0.009446512287980801,-0.0035331238962606226,3.3755688261467833,0.9,2025,Man/Zone,True,True
40,boosted_structure,attn_relnet,bdb2025_man_zone,primary_loss,-0.00559870344269635,0.0006912062564507343,-0.008203773553712093,-0.0029936333316806073,0.95,3.768875189863706,10000,complete_repeat_5x6_vector,f8f0745ccf207943416b542ed7fc492579139bf980b582b5fff773a1cd93e82f,60,-0.00793191773440907,-0.0032654891509836382,3.3755688261467833,0.9,2025,Man/Zone,True,True
40,boosted_structure,set_transformer,bdb2025_man_zone,primary_loss,-0.005387239174343452,0.000867397421962182,-0.00865635179772846,-0.0021181265509584444,0.95,3.768875189863706,10000,complete_repeat_5x6_vector,f8f0745ccf207943416b542ed7fc492579139bf980b582b5fff773a1cd93e82f,60,-0.008315198871799085,-0.002459279476887828,3.3755688261467833,0.9,2025,Man/Zone,True,True
40,relnet,attn_relnet,bdb2025_man_zone,primary_loss,0.0008911146494243639,0.0007136910527820404,-0.0017986978526335767,0.0035809271514823044,0.95,3.768875189863706,10000,complete_repeat_5x6_vector,f8f0745ccf207943416b542ed7fc492579139bf980b582b5fff773a1cd93e82f,60,-0.0015179986198465719,0.003300227918695297,3.3755688261467833,0.9,2025,Man/Zone,False,False
40,relnet,set_transformer,bdb2025_man_zone,primary_loss,0.0011025789177772597,0.00112043545847808,-0.003120202483524343,0.005325360319078862,0.95,3.768875189863706,10000,complete_repeat_5x6_vector,f8f0745ccf207943416b542ed7fc492579139bf980b582b5fff773a1cd93e82f,60,-0.0026795280875708274,0.004884685923125347,3.3755688261467833,0.9,2025,Man/Zone,False,False
40,attn_relnet,set_transformer,bdb2025_man_zone,primary_loss,0.00021146426835289583,0.0009359619575230805,-0.0033160595320121103,0.0037389880687179015,0.95,3.768875189863706,10000,complete_repeat_5x6_vector,f8f0745ccf207943416b542ed7fc492579139bf980b582b5fff773a1cd93e82f,60,-0.002947939737921333,0.003370868274627128,3.3755688261467833,0.9,2025,Man/Zone,False,False
50,linear_structure,boosted_structure,bdb2025_man_zone,primary_loss,0.011610359045731333,0.0003688343141945788,0.01022026854979299,0.013000449541669675,0.95,3.768875189863706,10000,complete_repeat_5x6_vector,f8f0745ccf207943416b542ed7fc492579139bf980b582b5fff773a1cd93e82f,60,0.010365333432722876,0.012855384658739779,3.3755688261467833,0.9,2025,Man/Zone,True,True
50,linear_structure,relnet,bdb2025_man_zone,primary_loss,0.00859791423280992,0.000575797770680163,0.006427804300514622,0.010768024165105219,0.95,3.768875189863706,10000,complete_repeat_5x6_vector,f8f0745ccf207943416b542ed7fc492579139bf980b582b5fff773a1cd93e82f,60,0.006654269227937148,0.010541559237682692,3.3755688261467833,0.9,2025,Man/Zone,True,True
50,linear_structure,attn_relnet,bdb2025_man_zone,primary_loss,0.008719014224955815,0.0007400072199238436,0.005930019373464826,0.011508009076446803,0.95,3.768875189863706,10000,complete_repeat_5x6_vector,f8f0745ccf207943416b542ed7fc492579139bf980b582b5fff773a1cd93e82f,60,0.006221068922257347,0.011216959527654294,3.3755688261467833,0.9,2025,Man/Zone,True,True
50,linear_structure,set_transformer,bdb2025_man_zone,primary_loss,0.009014686240991176,0.0008291278212627831,0.005889806966208123,0.012139565515774229,0.95,3.768875189863706,10000,complete_repeat_5x6_vector,f8f0745ccf207943416b542ed7fc492579139bf980b582b5fff773a1cd93e82f,60,0.0062159082146455175,0.011813464267336827,3.3755688261467833,0.9,2025,Man/Zone,True,True
50,boosted_structure,relnet,bdb2025_man_zone,primary_loss,-0.0030124448129214094,0.0004784964068698296,-0.00481583804921204,-0.0012090515766307792,0.95,3.768875189863706,10000,complete_repeat_5x6_vector,f8f0745ccf207943416b542ed7fc492579139bf980b582b5fff773a1cd93e82f,60,-0.004627642367374455,-0.001397247258468365,3.3755688261467833,0.9,2025,Man/Zone,True,True
50,boosted_structure,attn_relnet,bdb2025_man_zone,primary_loss,-0.0028913448207755145,0.0006147532435077876,-0.005208273068120257,-0.0005744165734307724,0.95,3.768875189863706,10000,complete_repeat_5x6_vector,f8f0745ccf207943416b542ed7fc492579139bf980b582b5fff773a1cd93e82f,60,-0.00496648670533302,-0.0008162029362179996,3.3755688261467833,0.9,2025,Man/Zone,True,True
50,boosted_structure,set_transformer,bdb2025_man_zone,primary_loss,-0.0025956728047401524,0.0007454246502270019,-0.00540508527489353,0.00021373966541322594,0.95,3.768875189863706,10000,complete_repeat_5x6_vector,f8f0745ccf207943416b542ed7fc492579139bf980b582b5fff773a1cd93e82f,60,-0.0051119050162877905,-7.944059319251731e-05,3.3755688261467833,0.9,2025,Man/Zone,False,True
50,relnet,attn_relnet,bdb2025_man_zone,primary_loss,0.00012109999214589551,0.0004873186930702777,-0.0017155433397234804,0.0019577433240152713,0.95,3.768875189863706,10000,complete_repeat_5x6_vector,f8f0745ccf207943416b542ed7fc492579139bf980b582b5fff773a1cd93e82f,60,-0.0015238777965807188,0.0017660777808725203,3.3755688261467833,0.9,2025,Man/Zone,False,False
50,relnet,set_transformer,bdb2025_man_zone,primary_loss,0.00041677200818125704,0.0007581959847522907,-0.002440774027805932,0.0032743180441684463,0.95,3.768875189863706,10000,complete_repeat_5x6_vector,f8f0745ccf207943416b542ed7fc492579139bf980b582b5fff773a1cd93e82f,60,-0.002142570722058236,0.0029761147384207483,3.3755688261467833,0.9,2025,Man/Zone,False,False
50,attn_relnet,set_transformer,bdb2025_man_zone,primary_loss,0.00029567201603536154,0.0008252254431153315,-0.002814499682566294,0.0034058437146370175,0.95,3.768875189863706,10000,complete_repeat_5x6_vector,f8f0745ccf207943416b542ed7fc492579139bf980b582b5fff773a1cd93e82f,60,-0.0024899332642879224,0.003081277296358633,3.3755688261467833,0.9,2025,Man/Zone,False,False
60,linear_structure,boosted_structure,bdb2025_man_zone,primary_loss,0.012612135672721571,0.0003969874452990278,0.01111593953944669,0.014108331805996452,0.95,3.768875189863706,10000,complete_repeat_5x6_vector,f8f0745ccf207943416b542ed7fc492579139bf980b582b5fff773a1cd93e82f,60,0.011272077227998516,0.01395219411744462,3.3755688261467833,0.9,2025,Man/Zone,True,True
60,linear_structure,relnet,bdb2025_man_zone,primary_loss,0.010351012934838104,0.0007923102063595035,0.007364894655413979,0.01333713121426223,0.95,3.768875189863706,10000,complete_repeat_5x6_vector,f8f0745ccf207943416b542ed7fc492579139bf980b582b5fff773a1cd93e82f,60,0.007676515301613042,0.01302551056806317,3.3755688261467833,0.9,2025,Man/Zone,True,True
60,linear_structure,attn_relnet,bdb2025_man_zone,primary_loss,0.010699215209271742,0.0008342860295194378,0.007554895291366033,0.013843535127177451,0.95,3.768875189863706,10000,complete_repeat_5x6_vector,f8f0745ccf207943416b542ed7fc492579139bf980b582b5fff773a1cd93e82f,60,0.007883025295936147,0.013515405122607327,3.3755688261467833,0.9,2025,Man/Zone,True,True
60,linear_structure,set_transformer,bdb2025_man_zone,primary_loss,0.01310939765715652,0.0006242813364530195,0.010756559216703779,0.015462236097609262,0.95,3.768875189863706,10000,complete_repeat_5x6_vector,f8f0745ccf207943416b542ed7fc492579139bf980b582b5fff773a1cd93e82f,60,0.011002093039080457,0.015216702275232584,3.3755688261467833,0.9,2025,Man/Zone,True,True
60,boosted_structure,relnet,bdb2025_man_zone,primary_loss,-0.0022611227378834683,0.0006869614120167493,-0.004850194560027134,0.00032794908426019747,0.95,3.768875189863706,10000,complete_repeat_5x6_vector,f8f0745ccf207943416b542ed7fc492579139bf980b582b5fff773a1cd93e82f,60,-0.004580008265052981,5.776278928605128e-05,3.3755688261467833,0.9,2025,Man/Zone,False,False
60,boosted_structure,attn_relnet,bdb2025_man_zone,primary_loss,-0.0019129204634498337,0.0007046058813908341,-0.004568492088455798,0.0007426511615561302,0.95,3.768875189863706,10000,complete_repeat_5x6_vector,f8f0745ccf207943416b542ed7fc492579139bf980b582b5fff773a1cd93e82f,60,-0.004291366111392409,0.0004655251844927475,3.3755688261467833,0.9,2025,Man/Zone,False,False
60,boosted_structure,set_transformer,bdb2025_man_zone,primary_loss,0.0004972619844349516,0.000578100642070974,-0.0016815271827106209,0.002676051151580524,0.95,3.768875189863706,10000,complete_repeat_5x6_vector,f8f0745ccf207943416b542ed7fc492579139bf980b582b5fff773a1cd93e82f,60,-0.0014541565213152647,0.0024486804901851685,3.3755688261467833,0.9,2025,Man/Zone,False,False
60,relnet,attn_relnet,bdb2025_man_zone,primary_loss,0.0003482022744336337,0.0005120351105286933,-0.001581594149977079,0.0022779986988443464,0.95,3.768875189863706,10000,complete_repeat_5x6_vector,f8f0745ccf207943416b542ed7fc492579139bf980b582b5fff773a1cd93e82f,60,-0.0013802074825596472,0.002076612031426913,3.3755688261467833,0.9,2025,Man/Zone,False,False
60,relnet,set_transformer,bdb2025_man_zone,primary_loss,0.0027583847223184195,0.0008058596087928471,-0.0002787995637742141,0.0057955690084110535,0.95,3.768875189863706,10000,complete_repeat_5x6_vector,f8f0745ccf207943416b542ed7fc492579139bf980b582b5fff773a1cd93e82f,60,3.815014862644213e-05,0.005478619296010392,3.3755688261467833,0.9,2025,Man/Zone,False,True
60,attn_relnet,set_transformer,bdb2025_man_zone,primary_loss,0.0024101824478847855,0.0008535384464673477,-0.0008066974266008123,0.005627062322370383,0.95,3.768875189863706,10000,complete_repeat_5x6_vector,f8f0745ccf207943416b542ed7fc492579139bf980b582b5fff773a1cd93e82f,60,-0.00047099532392814785,0.005291360219697715,3.3755688261467833,0.9,2025,Man/Zone,False,False
