branch,repeat,n_train,model,model_display_name,candidate_index,is_frozen_main,config_json,config_hash,tune_crps,elapsed_seconds,fit_seed,refit_seed,is_selected,frozen_main_selected,selected_candidate_index,within_tie_tolerance_of_selected,tie_tolerance,tie_break_rule
sensitivity,1,20,lightgbm_multiclass,LightGBM,0,True,"{""boosting_type"":""gbdt"",""colsample_bytree"":1.0,""frozen"":true,""implementation"":""lightgbm.LGBMClassifier"",""learning_rate"":0.05,""max_depth"":5,""min_child_samples"":50,""min_child_weight"":0.001,""min_split_gain"":0.0,""n_estimators"":200,""n_jobs"":1,""num_class"":80,""num_leaves"":31,""objective"":""multiclass"",""pilot_source"":""results/sweep_5_config.json"",""reg_alpha"":0.5,""reg_lambda"":0.5,""subsample"":1.0,""subsample_freq"":0}",5689446e19bdea1df411111e1e4b5cc50183c270622d0757b33c51d0a5938a1c,0.014375139535113872,3.9729977879906073,1717453258,,True,True,0,True,0.0,lowest_ordered_candidate_on_exact_tie
sensitivity,1,20,lightgbm_multiclass,LightGBM,1,False,"{""boosting_type"":""gbdt"",""colsample_bytree"":1.0,""frozen"":true,""implementation"":""lightgbm.LGBMClassifier"",""learning_rate"":0.05,""max_depth"":5,""min_child_samples"":20,""min_child_weight"":0.001,""min_split_gain"":0.0,""n_estimators"":200,""n_jobs"":1,""num_class"":80,""num_leaves"":31,""objective"":""multiclass"",""pilot_source"":""results/sweep_5_config.json"",""reg_alpha"":0.1,""reg_lambda"":0.1,""subsample"":1.0,""subsample_freq"":0}",cb116d2e0b5ef62830f7ca0d63c0d488226c533f44349af3605ff4acd0a2aebc,0.015065577963006019,3.8166547250002623,1717453258,,False,True,0,False,0.0,lowest_ordered_candidate_on_exact_tie
sensitivity,1,20,lightgbm_multiclass,LightGBM,2,False,"{""boosting_type"":""gbdt"",""colsample_bytree"":1.0,""frozen"":true,""implementation"":""lightgbm.LGBMClassifier"",""learning_rate"":0.05,""max_depth"":7,""min_child_samples"":20,""min_child_weight"":0.001,""min_split_gain"":0.0,""n_estimators"":200,""n_jobs"":1,""num_class"":80,""num_leaves"":31,""objective"":""multiclass"",""pilot_source"":""results/sweep_5_config.json"",""reg_alpha"":0.1,""reg_lambda"":0.1,""subsample"":1.0,""subsample_freq"":0}",cae2276bc5c6ec1a3d72ce53c46697dc247ba4430ea98e1f609b624c98c8365e,0.014943799945211965,4.372157469042577,1717453258,,False,True,0,False,0.0,lowest_ordered_candidate_on_exact_tie
sensitivity,1,20,lightgbm_multiclass,LightGBM,3,False,"{""boosting_type"":""gbdt"",""colsample_bytree"":1.0,""frozen"":true,""implementation"":""lightgbm.LGBMClassifier"",""learning_rate"":0.1,""max_depth"":5,""min_child_samples"":20,""min_child_weight"":0.001,""min_split_gain"":0.0,""n_estimators"":200,""n_jobs"":1,""num_class"":80,""num_leaves"":31,""objective"":""multiclass"",""pilot_source"":""results/sweep_5_config.json"",""reg_alpha"":0.1,""reg_lambda"":0.1,""subsample"":1.0,""subsample_freq"":0}",c698b699f6c7cf18743346c4dd2691d8b650e657ec9a021d53142751ecc58407,0.01525443779794576,2.647455623955466,1717453258,,False,True,0,False,0.0,lowest_ordered_candidate_on_exact_tie
sensitivity,1,20,ridge_sgd_l2,L2 one-vs-rest logistic,0,True,"{""alpha"":0.3333333333333333,""average"":false,""batch_size"":64,""epochs"":50,""eta0"":0.01,""fit_intercept"":true,""frozen"":true,""implementation"":""sklearn.linear_model.SGDClassifier"",""learning_rate"":""optimal"",""loss"":""log_loss"",""penalty"":""l2"",""pilot_source"":""results/sweep_5_config.json""}",851f14fb6b5ecda88baab0b92a7a36c949fdd0437766fc7d2433f329e2fde2f3,0.014385453696367047,9.54740830406081,534632946,,False,False,4,False,0.0,lowest_ordered_candidate_on_exact_tie
sensitivity,1,20,ridge_sgd_l2,L2 one-vs-rest logistic,1,False,"{""alpha"":10.0,""average"":false,""batch_size"":64,""epochs"":50,""eta0"":0.01,""fit_intercept"":true,""frozen"":true,""implementation"":""sklearn.linear_model.SGDClassifier"",""learning_rate"":""optimal"",""loss"":""log_loss"",""penalty"":""l2"",""pilot_source"":""results/sweep_5_config.json""}",dc2707c60c369df46e9b424fa8a1ebc5b23e4a351ced0c10e7e7dc66c6076d51,0.021082228670624648,9.566512636025436,534632946,,False,False,4,False,0.0,lowest_ordered_candidate_on_exact_tie
sensitivity,1,20,ridge_sgd_l2,L2 one-vs-rest logistic,2,False,"{""alpha"":3.3333333333333335,""average"":false,""batch_size"":64,""epochs"":50,""eta0"":0.01,""fit_intercept"":true,""frozen"":true,""implementation"":""sklearn.linear_model.SGDClassifier"",""learning_rate"":""optimal"",""loss"":""log_loss"",""penalty"":""l2"",""pilot_source"":""results/sweep_5_config.json""}",7aa5dba8ad015c8682db23cb59b805649b89895bc1121de465bef1e495573967,0.016637883449798475,9.263550244970247,534632946,,False,False,4,False,0.0,lowest_ordered_candidate_on_exact_tie
sensitivity,1,20,ridge_sgd_l2,L2 one-vs-rest logistic,3,False,"{""alpha"":1.0,""average"":false,""batch_size"":64,""epochs"":50,""eta0"":0.01,""fit_intercept"":true,""frozen"":true,""implementation"":""sklearn.linear_model.SGDClassifier"",""learning_rate"":""optimal"",""loss"":""log_loss"",""penalty"":""l2"",""pilot_source"":""results/sweep_5_config.json""}",f1028920c45a062ceb93b6bb97df161e827da764972699d89f7ccc787385a0de,0.014888412723463217,9.27774127095472,534632946,,False,False,4,False,0.0,lowest_ordered_candidate_on_exact_tie
sensitivity,1,20,ridge_sgd_l2,L2 one-vs-rest logistic,4,False,"{""alpha"":0.1,""average"":false,""batch_size"":64,""epochs"":50,""eta0"":0.01,""fit_intercept"":true,""frozen"":true,""implementation"":""sklearn.linear_model.SGDClassifier"",""learning_rate"":""optimal"",""loss"":""log_loss"",""penalty"":""l2"",""pilot_source"":""results/sweep_5_config.json""}",724a1fea14c056996c0474f9106b8177856f64794ebcc3fc1e458f6a8e12dc05,0.014372847629752068,9.26089856098406,534632946,,True,False,4,True,0.0,lowest_ordered_candidate_on_exact_tie
sensitivity,1,20,set_transformer,Set Transformer,0,True,"{""batch_size"":64,""d_model"":64,""dense_units"":[64,16],""dropout"":0.3,""expected_parameters"":157416,""ff_dim"":256,""frozen"":true,""implementation"":""neural_models.get_set_transformer"",""input_shape"":[22,10],""key_dim"":32,""learning_rate"":0.001,""max_epochs"":50,""num_heads"":2,""num_layers"":3,""output_units"":80,""patience"":10,""pilot_source"":""results/sweep_5.csv"",""pooling"":""global_average""}",6f4dec421d8ca8a60ca233da0707302c871aa8127caae786bc585c163e11c567,0.013881714106949324,28.708295695949346,1643081689,2140221553.0,True,True,0,True,0.0,lowest_ordered_candidate_on_exact_tie
sensitivity,1,20,set_transformer,Set Transformer,1,False,"{""batch_size"":64,""d_model"":64,""dense_units"":[64,16],""dropout"":0.1,""expected_parameters"":157416,""ff_dim"":256,""frozen"":true,""implementation"":""neural_models.get_set_transformer"",""input_shape"":[22,10],""key_dim"":32,""learning_rate"":0.0003,""max_epochs"":50,""num_heads"":2,""num_layers"":3,""output_units"":80,""patience"":10,""pilot_source"":""results/sweep_5.csv"",""pooling"":""global_average""}",fe204fdf1e84832e477e9c76ffec174e32677e8d5a5f24b670abbf7a3b8c7db1,0.013964451614275146,31.76587267778814,1643081689,2140221553.0,False,True,0,False,0.0,lowest_ordered_candidate_on_exact_tie
sensitivity,1,20,set_transformer,Set Transformer,2,False,"{""batch_size"":64,""d_model"":64,""dense_units"":[64,16],""dropout"":0.3,""expected_parameters"":157416,""ff_dim"":256,""frozen"":true,""implementation"":""neural_models.get_set_transformer"",""input_shape"":[22,10],""key_dim"":32,""learning_rate"":0.0003,""max_epochs"":50,""num_heads"":2,""num_layers"":3,""output_units"":80,""patience"":10,""pilot_source"":""results/sweep_5.csv"",""pooling"":""global_average""}",98491dd6370054dad3bab81748034d9978d93498b7569cee08e9b098dc1ba9e5,0.01399768060144546,32.291361396200955,1643081689,2140221553.0,False,True,0,False,0.0,lowest_ordered_candidate_on_exact_tie
sensitivity,1,20,set_transformer,Set Transformer,3,False,"{""batch_size"":64,""d_model"":64,""dense_units"":[64,16],""dropout"":0.1,""expected_parameters"":157416,""ff_dim"":256,""frozen"":true,""implementation"":""neural_models.get_set_transformer"",""input_shape"":[22,10],""key_dim"":32,""learning_rate"":0.001,""max_epochs"":50,""num_heads"":2,""num_layers"":3,""output_units"":80,""patience"":10,""pilot_source"":""results/sweep_5.csv"",""pooling"":""global_average""}",6003534a6fb6f7c259ea7485f50597481535337902a4fc1efeb39ec80445d6d6,0.014040103938653865,27.791080585913733,1643081689,2140221553.0,False,True,0,False,0.0,lowest_ordered_candidate_on_exact_tie
sensitivity,1,20,zoo_cnn,Zoo CNN,0,True,"{""batch_size"":64,""conv1d_filters"":[160,96,96],""conv2d_filters"":[128,160,128],""dense_units"":[96,256],""dropout"":0.3,""expected_parameters"":145584,""frozen"":true,""implementation"":""neural_models.get_conv_net"",""input_shape"":[11,10,10],""learning_rate"":0.001,""max_epochs"":50,""output_units"":80,""patience"":10,""pilot_source"":""original Zoo architecture and results/sweep_5.csv"",""pooling_weights"":{""average"":0.7,""max"":0.3}}",219344d288a1f6230782c6839c7a9758e13c3625ddae1b87e29779a206a56278,0.016657030565919488,16.355458450037986,865529998,842716036.0,False,False,1,False,0.0,lowest_ordered_candidate_on_exact_tie
sensitivity,1,20,zoo_cnn,Zoo CNN,1,False,"{""batch_size"":64,""conv1d_filters"":[160,96,96],""conv2d_filters"":[128,160,128],""dense_units"":[96,256],""dropout"":0.1,""expected_parameters"":145584,""frozen"":true,""implementation"":""neural_models.get_conv_net"",""input_shape"":[11,10,10],""learning_rate"":0.0003,""max_epochs"":50,""output_units"":80,""patience"":10,""pilot_source"":""original Zoo architecture and results/sweep_5.csv"",""pooling_weights"":{""average"":0.7,""max"":0.3}}",abbc846d863092760291bfa1d382563580835324df5f7f6ce46a6fbed3da8072,0.016430988206430713,14.673847754020244,865529998,842716036.0,True,False,1,True,0.0,lowest_ordered_candidate_on_exact_tie
sensitivity,1,20,zoo_cnn,Zoo CNN,2,False,"{""batch_size"":64,""conv1d_filters"":[160,96,96],""conv2d_filters"":[128,160,128],""dense_units"":[96,256],""dropout"":0.3,""expected_parameters"":145584,""frozen"":true,""implementation"":""neural_models.get_conv_net"",""input_shape"":[11,10,10],""learning_rate"":0.0003,""max_epochs"":50,""output_units"":80,""patience"":10,""pilot_source"":""original Zoo architecture and results/sweep_5.csv"",""pooling_weights"":{""average"":0.7,""max"":0.3}}",36cfcc45679e2e31725ccf0dedf1ff567692c99678381161175d0aef95c9aead,0.017418386415779332,13.1767095210962,865529998,842716036.0,False,False,1,False,0.0,lowest_ordered_candidate_on_exact_tie
sensitivity,1,20,zoo_cnn,Zoo CNN,3,False,"{""batch_size"":64,""conv1d_filters"":[160,96,96],""conv2d_filters"":[128,160,128],""dense_units"":[96,256],""dropout"":0.1,""expected_parameters"":145584,""frozen"":true,""implementation"":""neural_models.get_conv_net"",""input_shape"":[11,10,10],""learning_rate"":0.001,""max_epochs"":50,""output_units"":80,""patience"":10,""pilot_source"":""original Zoo architecture and results/sweep_5.csv"",""pooling_weights"":{""average"":0.7,""max"":0.3}}",0b22203ab4438c16191482ac13e31621a615cbaa6cf409114e6377f1bec3dc7b,0.016783229308281782,12.054689711891115,865529998,842716036.0,False,False,1,False,0.0,lowest_ordered_candidate_on_exact_tie
sensitivity,1,160,lightgbm_multiclass,LightGBM,0,True,"{""boosting_type"":""gbdt"",""colsample_bytree"":1.0,""frozen"":true,""implementation"":""lightgbm.LGBMClassifier"",""learning_rate"":0.05,""max_depth"":5,""min_child_samples"":50,""min_child_weight"":0.001,""min_split_gain"":0.0,""n_estimators"":200,""n_jobs"":1,""num_class"":80,""num_leaves"":31,""objective"":""multiclass"",""pilot_source"":""results/sweep_5_config.json"",""reg_alpha"":0.5,""reg_lambda"":0.5,""subsample"":1.0,""subsample_freq"":0}",5689446e19bdea1df411111e1e4b5cc50183c270622d0757b33c51d0a5938a1c,0.013758691399652476,15.440458494005725,944130934,,True,True,0,True,0.0,lowest_ordered_candidate_on_exact_tie
sensitivity,1,160,lightgbm_multiclass,LightGBM,1,False,"{""boosting_type"":""gbdt"",""colsample_bytree"":1.0,""frozen"":true,""implementation"":""lightgbm.LGBMClassifier"",""learning_rate"":0.05,""max_depth"":5,""min_child_samples"":20,""min_child_weight"":0.001,""min_split_gain"":0.0,""n_estimators"":200,""n_jobs"":1,""num_class"":80,""num_leaves"":31,""objective"":""multiclass"",""pilot_source"":""results/sweep_5_config.json"",""reg_alpha"":0.1,""reg_lambda"":0.1,""subsample"":1.0,""subsample_freq"":0}",cb116d2e0b5ef62830f7ca0d63c0d488226c533f44349af3605ff4acd0a2aebc,0.01397846773256396,15.405527292983606,944130934,,False,True,0,False,0.0,lowest_ordered_candidate_on_exact_tie
sensitivity,1,160,lightgbm_multiclass,LightGBM,2,False,"{""boosting_type"":""gbdt"",""colsample_bytree"":1.0,""frozen"":true,""implementation"":""lightgbm.LGBMClassifier"",""learning_rate"":0.05,""max_depth"":7,""min_child_samples"":20,""min_child_weight"":0.001,""min_split_gain"":0.0,""n_estimators"":200,""n_jobs"":1,""num_class"":80,""num_leaves"":31,""objective"":""multiclass"",""pilot_source"":""results/sweep_5_config.json"",""reg_alpha"":0.1,""reg_lambda"":0.1,""subsample"":1.0,""subsample_freq"":0}",cae2276bc5c6ec1a3d72ce53c46697dc247ba4430ea98e1f609b624c98c8365e,0.01431819604771263,20.473669111030176,944130934,,False,True,0,False,0.0,lowest_ordered_candidate_on_exact_tie
sensitivity,1,160,lightgbm_multiclass,LightGBM,3,False,"{""boosting_type"":""gbdt"",""colsample_bytree"":1.0,""frozen"":true,""implementation"":""lightgbm.LGBMClassifier"",""learning_rate"":0.1,""max_depth"":5,""min_child_samples"":20,""min_child_weight"":0.001,""min_split_gain"":0.0,""n_estimators"":200,""n_jobs"":1,""num_class"":80,""num_leaves"":31,""objective"":""multiclass"",""pilot_source"":""results/sweep_5_config.json"",""reg_alpha"":0.1,""reg_lambda"":0.1,""subsample"":1.0,""subsample_freq"":0}",c698b699f6c7cf18743346c4dd2691d8b650e657ec9a021d53142751ecc58407,0.014614037006510918,13.76123252697289,944130934,,False,True,0,False,0.0,lowest_ordered_candidate_on_exact_tie
sensitivity,1,160,ridge_sgd_l2,L2 one-vs-rest logistic,0,True,"{""alpha"":0.3333333333333333,""average"":false,""batch_size"":64,""epochs"":50,""eta0"":0.01,""fit_intercept"":true,""frozen"":true,""implementation"":""sklearn.linear_model.SGDClassifier"",""learning_rate"":""optimal"",""loss"":""log_loss"",""penalty"":""l2"",""pilot_source"":""results/sweep_5_config.json""}",851f14fb6b5ecda88baab0b92a7a36c949fdd0437766fc7d2433f329e2fde2f3,0.014498063714999038,70.97774272796232,1258904573,,False,False,4,False,0.0,lowest_ordered_candidate_on_exact_tie
sensitivity,1,160,ridge_sgd_l2,L2 one-vs-rest logistic,1,False,"{""alpha"":10.0,""average"":false,""batch_size"":64,""epochs"":50,""eta0"":0.01,""fit_intercept"":true,""frozen"":true,""implementation"":""sklearn.linear_model.SGDClassifier"",""learning_rate"":""optimal"",""loss"":""log_loss"",""penalty"":""l2"",""pilot_source"":""results/sweep_5_config.json""}",dc2707c60c369df46e9b424fa8a1ebc5b23e4a351ced0c10e7e7dc66c6076d51,0.02150995102686778,70.96288349595852,1258904573,,False,False,4,False,0.0,lowest_ordered_candidate_on_exact_tie
sensitivity,1,160,ridge_sgd_l2,L2 one-vs-rest logistic,2,False,"{""alpha"":3.3333333333333335,""average"":false,""batch_size"":64,""epochs"":50,""eta0"":0.01,""fit_intercept"":true,""frozen"":true,""implementation"":""sklearn.linear_model.SGDClassifier"",""learning_rate"":""optimal"",""loss"":""log_loss"",""penalty"":""l2"",""pilot_source"":""results/sweep_5_config.json""}",7aa5dba8ad015c8682db23cb59b805649b89895bc1121de465bef1e495573967,0.01697260117275349,71.21202566905413,1258904573,,False,False,4,False,0.0,lowest_ordered_candidate_on_exact_tie
sensitivity,1,160,ridge_sgd_l2,L2 one-vs-rest logistic,3,False,"{""alpha"":1.0,""average"":false,""batch_size"":64,""epochs"":50,""eta0"":0.01,""fit_intercept"":true,""frozen"":true,""implementation"":""sklearn.linear_model.SGDClassifier"",""learning_rate"":""optimal"",""loss"":""log_loss"",""penalty"":""l2"",""pilot_source"":""results/sweep_5_config.json""}",f1028920c45a062ceb93b6bb97df161e827da764972699d89f7ccc787385a0de,0.015082432901028339,71.33863294799812,1258904573,,False,False,4,False,0.0,lowest_ordered_candidate_on_exact_tie
sensitivity,1,160,ridge_sgd_l2,L2 one-vs-rest logistic,4,False,"{""alpha"":0.1,""average"":false,""batch_size"":64,""epochs"":50,""eta0"":0.01,""fit_intercept"":true,""frozen"":true,""implementation"":""sklearn.linear_model.SGDClassifier"",""learning_rate"":""optimal"",""loss"":""log_loss"",""penalty"":""l2"",""pilot_source"":""results/sweep_5_config.json""}",724a1fea14c056996c0474f9106b8177856f64794ebcc3fc1e458f6a8e12dc05,0.014150931091695773,71.25735332793556,1258904573,,True,False,4,True,0.0,lowest_ordered_candidate_on_exact_tie
sensitivity,1,160,set_transformer,Set Transformer,0,True,"{""batch_size"":64,""d_model"":64,""dense_units"":[64,16],""dropout"":0.3,""expected_parameters"":157416,""ff_dim"":256,""frozen"":true,""implementation"":""neural_models.get_set_transformer"",""input_shape"":[22,10],""key_dim"":32,""learning_rate"":0.001,""max_epochs"":50,""num_heads"":2,""num_layers"":3,""output_units"":80,""patience"":10,""pilot_source"":""results/sweep_5.csv"",""pooling"":""global_average""}",6f4dec421d8ca8a60ca233da0707302c871aa8127caae786bc585c163e11c567,0.013068978297787344,109.69733906909823,23439257,686177382.0,False,False,2,False,0.0,lowest_ordered_candidate_on_exact_tie
sensitivity,1,160,set_transformer,Set Transformer,1,False,"{""batch_size"":64,""d_model"":64,""dense_units"":[64,16],""dropout"":0.1,""expected_parameters"":157416,""ff_dim"":256,""frozen"":true,""implementation"":""neural_models.get_set_transformer"",""input_shape"":[22,10],""key_dim"":32,""learning_rate"":0.0003,""max_epochs"":50,""num_heads"":2,""num_layers"":3,""output_units"":80,""patience"":10,""pilot_source"":""results/sweep_5.csv"",""pooling"":""global_average""}",fe204fdf1e84832e477e9c76ffec174e32677e8d5a5f24b670abbf7a3b8c7db1,0.012934002571476347,85.13242672197521,23439257,686177382.0,False,False,2,False,0.0,lowest_ordered_candidate_on_exact_tie
sensitivity,1,160,set_transformer,Set Transformer,2,False,"{""batch_size"":64,""d_model"":64,""dense_units"":[64,16],""dropout"":0.3,""expected_parameters"":157416,""ff_dim"":256,""frozen"":true,""implementation"":""neural_models.get_set_transformer"",""input_shape"":[22,10],""key_dim"":32,""learning_rate"":0.0003,""max_epochs"":50,""num_heads"":2,""num_layers"":3,""output_units"":80,""patience"":10,""pilot_source"":""results/sweep_5.csv"",""pooling"":""global_average""}",98491dd6370054dad3bab81748034d9978d93498b7569cee08e9b098dc1ba9e5,0.012794676023663567,116.02435471420176,23439257,686177382.0,True,False,2,True,0.0,lowest_ordered_candidate_on_exact_tie
sensitivity,1,160,set_transformer,Set Transformer,3,False,"{""batch_size"":64,""d_model"":64,""dense_units"":[64,16],""dropout"":0.1,""expected_parameters"":157416,""ff_dim"":256,""frozen"":true,""implementation"":""neural_models.get_set_transformer"",""input_shape"":[22,10],""key_dim"":32,""learning_rate"":0.001,""max_epochs"":50,""num_heads"":2,""num_layers"":3,""output_units"":80,""patience"":10,""pilot_source"":""results/sweep_5.csv"",""pooling"":""global_average""}",6003534a6fb6f7c259ea7485f50597481535337902a4fc1efeb39ec80445d6d6,0.01315689766972064,63.342597529059276,23439257,686177382.0,False,False,2,False,0.0,lowest_ordered_candidate_on_exact_tie
sensitivity,1,160,zoo_cnn,Zoo CNN,0,True,"{""batch_size"":64,""conv1d_filters"":[160,96,96],""conv2d_filters"":[128,160,128],""dense_units"":[96,256],""dropout"":0.3,""expected_parameters"":145584,""frozen"":true,""implementation"":""neural_models.get_conv_net"",""input_shape"":[11,10,10],""learning_rate"":0.001,""max_epochs"":50,""output_units"":80,""patience"":10,""pilot_source"":""original Zoo architecture and results/sweep_5.csv"",""pooling_weights"":{""average"":0.7,""max"":0.3}}",219344d288a1f6230782c6839c7a9758e13c3625ddae1b87e29779a206a56278,0.013277598006543344,28.80937757785432,38514770,301858944.0,True,True,0,True,0.0,lowest_ordered_candidate_on_exact_tie
sensitivity,1,160,zoo_cnn,Zoo CNN,1,False,"{""batch_size"":64,""conv1d_filters"":[160,96,96],""conv2d_filters"":[128,160,128],""dense_units"":[96,256],""dropout"":0.1,""expected_parameters"":145584,""frozen"":true,""implementation"":""neural_models.get_conv_net"",""input_shape"":[11,10,10],""learning_rate"":0.0003,""max_epochs"":50,""output_units"":80,""patience"":10,""pilot_source"":""original Zoo architecture and results/sweep_5.csv"",""pooling_weights"":{""average"":0.7,""max"":0.3}}",abbc846d863092760291bfa1d382563580835324df5f7f6ce46a6fbed3da8072,0.014127775719294768,25.481779047986493,38514770,301858944.0,False,True,0,False,0.0,lowest_ordered_candidate_on_exact_tie
sensitivity,1,160,zoo_cnn,Zoo CNN,2,False,"{""batch_size"":64,""conv1d_filters"":[160,96,96],""conv2d_filters"":[128,160,128],""dense_units"":[96,256],""dropout"":0.3,""expected_parameters"":145584,""frozen"":true,""implementation"":""neural_models.get_conv_net"",""input_shape"":[11,10,10],""learning_rate"":0.0003,""max_epochs"":50,""output_units"":80,""patience"":10,""pilot_source"":""original Zoo architecture and results/sweep_5.csv"",""pooling_weights"":{""average"":0.7,""max"":0.3}}",36cfcc45679e2e31725ccf0dedf1ff567692c99678381161175d0aef95c9aead,0.01393658096344669,31.275480247102678,38514770,301858944.0,False,True,0,False,0.0,lowest_ordered_candidate_on_exact_tie
sensitivity,1,160,zoo_cnn,Zoo CNN,3,False,"{""batch_size"":64,""conv1d_filters"":[160,96,96],""conv2d_filters"":[128,160,128],""dense_units"":[96,256],""dropout"":0.1,""expected_parameters"":145584,""frozen"":true,""implementation"":""neural_models.get_conv_net"",""input_shape"":[11,10,10],""learning_rate"":0.001,""max_epochs"":50,""output_units"":80,""patience"":10,""pilot_source"":""original Zoo architecture and results/sweep_5.csv"",""pooling_weights"":{""average"":0.7,""max"":0.3}}",0b22203ab4438c16191482ac13e31621a615cbaa6cf409114e6377f1bec3dc7b,0.013641840195745342,33.463063285918906,38514770,301858944.0,False,True,0,False,0.0,lowest_ordered_candidate_on_exact_tie
sensitivity,1,360,lightgbm_multiclass,LightGBM,0,True,"{""boosting_type"":""gbdt"",""colsample_bytree"":1.0,""frozen"":true,""implementation"":""lightgbm.LGBMClassifier"",""learning_rate"":0.05,""max_depth"":5,""min_child_samples"":50,""min_child_weight"":0.001,""min_split_gain"":0.0,""n_estimators"":200,""n_jobs"":1,""num_class"":80,""num_leaves"":31,""objective"":""multiclass"",""pilot_source"":""results/sweep_5_config.json"",""reg_alpha"":0.5,""reg_lambda"":0.5,""subsample"":1.0,""subsample_freq"":0}",5689446e19bdea1df411111e1e4b5cc50183c270622d0757b33c51d0a5938a1c,0.013525008672119587,25.93939606496133,181341769,,True,True,0,True,0.0,lowest_ordered_candidate_on_exact_tie
sensitivity,1,360,lightgbm_multiclass,LightGBM,1,False,"{""boosting_type"":""gbdt"",""colsample_bytree"":1.0,""frozen"":true,""implementation"":""lightgbm.LGBMClassifier"",""learning_rate"":0.05,""max_depth"":5,""min_child_samples"":20,""min_child_weight"":0.001,""min_split_gain"":0.0,""n_estimators"":200,""n_jobs"":1,""num_class"":80,""num_leaves"":31,""objective"":""multiclass"",""pilot_source"":""results/sweep_5_config.json"",""reg_alpha"":0.1,""reg_lambda"":0.1,""subsample"":1.0,""subsample_freq"":0}",cb116d2e0b5ef62830f7ca0d63c0d488226c533f44349af3605ff4acd0a2aebc,0.013658209627067545,27.10288970998954,181341769,,False,True,0,False,0.0,lowest_ordered_candidate_on_exact_tie
sensitivity,1,360,lightgbm_multiclass,LightGBM,2,False,"{""boosting_type"":""gbdt"",""colsample_bytree"":1.0,""frozen"":true,""implementation"":""lightgbm.LGBMClassifier"",""learning_rate"":0.05,""max_depth"":7,""min_child_samples"":20,""min_child_weight"":0.001,""min_split_gain"":0.0,""n_estimators"":200,""n_jobs"":1,""num_class"":80,""num_leaves"":31,""objective"":""multiclass"",""pilot_source"":""results/sweep_5_config.json"",""reg_alpha"":0.1,""reg_lambda"":0.1,""subsample"":1.0,""subsample_freq"":0}",cae2276bc5c6ec1a3d72ce53c46697dc247ba4430ea98e1f609b624c98c8365e,0.013870760562856141,34.603495902963914,181341769,,False,True,0,False,0.0,lowest_ordered_candidate_on_exact_tie
sensitivity,1,360,lightgbm_multiclass,LightGBM,3,False,"{""boosting_type"":""gbdt"",""colsample_bytree"":1.0,""frozen"":true,""implementation"":""lightgbm.LGBMClassifier"",""learning_rate"":0.1,""max_depth"":5,""min_child_samples"":20,""min_child_weight"":0.001,""min_split_gain"":0.0,""n_estimators"":200,""n_jobs"":1,""num_class"":80,""num_leaves"":31,""objective"":""multiclass"",""pilot_source"":""results/sweep_5_config.json"",""reg_alpha"":0.1,""reg_lambda"":0.1,""subsample"":1.0,""subsample_freq"":0}",c698b699f6c7cf18743346c4dd2691d8b650e657ec9a021d53142751ecc58407,0.014082060035440436,24.621576023986563,181341769,,False,True,0,False,0.0,lowest_ordered_candidate_on_exact_tie
sensitivity,1,360,ridge_sgd_l2,L2 one-vs-rest logistic,0,True,"{""alpha"":0.3333333333333333,""average"":false,""batch_size"":64,""epochs"":50,""eta0"":0.01,""fit_intercept"":true,""frozen"":true,""implementation"":""sklearn.linear_model.SGDClassifier"",""learning_rate"":""optimal"",""loss"":""log_loss"",""penalty"":""l2"",""pilot_source"":""results/sweep_5_config.json""}",851f14fb6b5ecda88baab0b92a7a36c949fdd0437766fc7d2433f329e2fde2f3,0.014456637255273125,158.41100380697753,1648169993,,False,False,4,False,0.0,lowest_ordered_candidate_on_exact_tie
sensitivity,1,360,ridge_sgd_l2,L2 one-vs-rest logistic,1,False,"{""alpha"":10.0,""average"":false,""batch_size"":64,""epochs"":50,""eta0"":0.01,""fit_intercept"":true,""frozen"":true,""implementation"":""sklearn.linear_model.SGDClassifier"",""learning_rate"":""optimal"",""loss"":""log_loss"",""penalty"":""l2"",""pilot_source"":""results/sweep_5_config.json""}",dc2707c60c369df46e9b424fa8a1ebc5b23e4a351ced0c10e7e7dc66c6076d51,0.021463222435863065,158.21622068900615,1648169993,,False,False,4,False,0.0,lowest_ordered_candidate_on_exact_tie
sensitivity,1,360,ridge_sgd_l2,L2 one-vs-rest logistic,2,False,"{""alpha"":3.3333333333333335,""average"":false,""batch_size"":64,""epochs"":50,""eta0"":0.01,""fit_intercept"":true,""frozen"":true,""implementation"":""sklearn.linear_model.SGDClassifier"",""learning_rate"":""optimal"",""loss"":""log_loss"",""penalty"":""l2"",""pilot_source"":""results/sweep_5_config.json""}",7aa5dba8ad015c8682db23cb59b805649b89895bc1121de465bef1e495573967,0.016909674499139542,158.27155578695238,1648169993,,False,False,4,False,0.0,lowest_ordered_candidate_on_exact_tie
sensitivity,1,360,ridge_sgd_l2,L2 one-vs-rest logistic,3,False,"{""alpha"":1.0,""average"":false,""batch_size"":64,""epochs"":50,""eta0"":0.01,""fit_intercept"":true,""frozen"":true,""implementation"":""sklearn.linear_model.SGDClassifier"",""learning_rate"":""optimal"",""loss"":""log_loss"",""penalty"":""l2"",""pilot_source"":""results/sweep_5_config.json""}",f1028920c45a062ceb93b6bb97df161e827da764972699d89f7ccc787385a0de,0.01503051761614394,158.5874860449694,1648169993,,False,False,4,False,0.0,lowest_ordered_candidate_on_exact_tie
sensitivity,1,360,ridge_sgd_l2,L2 one-vs-rest logistic,4,False,"{""alpha"":0.1,""average"":false,""batch_size"":64,""epochs"":50,""eta0"":0.01,""fit_intercept"":true,""frozen"":true,""implementation"":""sklearn.linear_model.SGDClassifier"",""learning_rate"":""optimal"",""loss"":""log_loss"",""penalty"":""l2"",""pilot_source"":""results/sweep_5_config.json""}",724a1fea14c056996c0474f9106b8177856f64794ebcc3fc1e458f6a8e12dc05,0.014109920949549984,158.54658172593918,1648169993,,True,False,4,True,0.0,lowest_ordered_candidate_on_exact_tie
sensitivity,1,360,set_transformer,Set Transformer,0,True,"{""batch_size"":64,""d_model"":64,""dense_units"":[64,16],""dropout"":0.3,""expected_parameters"":157416,""ff_dim"":256,""frozen"":true,""implementation"":""neural_models.get_set_transformer"",""input_shape"":[22,10],""key_dim"":32,""learning_rate"":0.001,""max_epochs"":50,""num_heads"":2,""num_layers"":3,""output_units"":80,""patience"":10,""pilot_source"":""results/sweep_5.csv"",""pooling"":""global_average""}",6f4dec421d8ca8a60ca233da0707302c871aa8127caae786bc585c163e11c567,0.012754211030280004,148.4502028201241,53972009,2044423861.0,False,False,1,False,0.0,lowest_ordered_candidate_on_exact_tie
sensitivity,1,360,set_transformer,Set Transformer,1,False,"{""batch_size"":64,""d_model"":64,""dense_units"":[64,16],""dropout"":0.1,""expected_parameters"":157416,""ff_dim"":256,""frozen"":true,""implementation"":""neural_models.get_set_transformer"",""input_shape"":[22,10],""key_dim"":32,""learning_rate"":0.0003,""max_epochs"":50,""num_heads"":2,""num_layers"":3,""output_units"":80,""patience"":10,""pilot_source"":""results/sweep_5.csv"",""pooling"":""global_average""}",fe204fdf1e84832e477e9c76ffec174e32677e8d5a5f24b670abbf7a3b8c7db1,0.012403203389188938,160.7340349080041,53972009,2044423861.0,True,False,1,True,0.0,lowest_ordered_candidate_on_exact_tie
sensitivity,1,360,set_transformer,Set Transformer,2,False,"{""batch_size"":64,""d_model"":64,""dense_units"":[64,16],""dropout"":0.3,""expected_parameters"":157416,""ff_dim"":256,""frozen"":true,""implementation"":""neural_models.get_set_transformer"",""input_shape"":[22,10],""key_dim"":32,""learning_rate"":0.0003,""max_epochs"":50,""num_heads"":2,""num_layers"":3,""output_units"":80,""patience"":10,""pilot_source"":""results/sweep_5.csv"",""pooling"":""global_average""}",98491dd6370054dad3bab81748034d9978d93498b7569cee08e9b098dc1ba9e5,0.012430992882945453,224.10723264305852,53972009,2044423861.0,False,False,1,False,0.0,lowest_ordered_candidate_on_exact_tie
sensitivity,1,360,set_transformer,Set Transformer,3,False,"{""batch_size"":64,""d_model"":64,""dense_units"":[64,16],""dropout"":0.1,""expected_parameters"":157416,""ff_dim"":256,""frozen"":true,""implementation"":""neural_models.get_set_transformer"",""input_shape"":[22,10],""key_dim"":32,""learning_rate"":0.001,""max_epochs"":50,""num_heads"":2,""num_layers"":3,""output_units"":80,""patience"":10,""pilot_source"":""results/sweep_5.csv"",""pooling"":""global_average""}",6003534a6fb6f7c259ea7485f50597481535337902a4fc1efeb39ec80445d6d6,0.012654265670068346,109.16693221707828,53972009,2044423861.0,False,False,1,False,0.0,lowest_ordered_candidate_on_exact_tie
sensitivity,1,360,zoo_cnn,Zoo CNN,0,True,"{""batch_size"":64,""conv1d_filters"":[160,96,96],""conv2d_filters"":[128,160,128],""dense_units"":[96,256],""dropout"":0.3,""expected_parameters"":145584,""frozen"":true,""implementation"":""neural_models.get_conv_net"",""input_shape"":[11,10,10],""learning_rate"":0.001,""max_epochs"":50,""output_units"":80,""patience"":10,""pilot_source"":""original Zoo architecture and results/sweep_5.csv"",""pooling_weights"":{""average"":0.7,""max"":0.3}}",219344d288a1f6230782c6839c7a9758e13c3625ddae1b87e29779a206a56278,0.012657384708838001,53.95417925296351,260640588,994286408.0,True,True,0,True,0.0,lowest_ordered_candidate_on_exact_tie
sensitivity,1,360,zoo_cnn,Zoo CNN,1,False,"{""batch_size"":64,""conv1d_filters"":[160,96,96],""conv2d_filters"":[128,160,128],""dense_units"":[96,256],""dropout"":0.1,""expected_parameters"":145584,""frozen"":true,""implementation"":""neural_models.get_conv_net"",""input_shape"":[11,10,10],""learning_rate"":0.0003,""max_epochs"":50,""output_units"":80,""patience"":10,""pilot_source"":""original Zoo architecture and results/sweep_5.csv"",""pooling_weights"":{""average"":0.7,""max"":0.3}}",abbc846d863092760291bfa1d382563580835324df5f7f6ce46a6fbed3da8072,0.013250467701923316,47.46475211507641,260640588,994286408.0,False,True,0,False,0.0,lowest_ordered_candidate_on_exact_tie
sensitivity,1,360,zoo_cnn,Zoo CNN,2,False,"{""batch_size"":64,""conv1d_filters"":[160,96,96],""conv2d_filters"":[128,160,128],""dense_units"":[96,256],""dropout"":0.3,""expected_parameters"":145584,""frozen"":true,""implementation"":""neural_models.get_conv_net"",""input_shape"":[11,10,10],""learning_rate"":0.0003,""max_epochs"":50,""output_units"":80,""patience"":10,""pilot_source"":""original Zoo architecture and results/sweep_5.csv"",""pooling_weights"":{""average"":0.7,""max"":0.3}}",36cfcc45679e2e31725ccf0dedf1ff567692c99678381161175d0aef95c9aead,0.012885561519685947,61.367454077117145,260640588,994286408.0,False,True,0,False,0.0,lowest_ordered_candidate_on_exact_tie
sensitivity,1,360,zoo_cnn,Zoo CNN,3,False,"{""batch_size"":64,""conv1d_filters"":[160,96,96],""conv2d_filters"":[128,160,128],""dense_units"":[96,256],""dropout"":0.1,""expected_parameters"":145584,""frozen"":true,""implementation"":""neural_models.get_conv_net"",""input_shape"":[11,10,10],""learning_rate"":0.001,""max_epochs"":50,""output_units"":80,""patience"":10,""pilot_source"":""original Zoo architecture and results/sweep_5.csv"",""pooling_weights"":{""average"":0.7,""max"":0.3}}",0b22203ab4438c16191482ac13e31621a615cbaa6cf409114e6377f1bec3dc7b,0.012849815969920622,42.45455745793879,260640588,994286408.0,False,True,0,False,0.0,lowest_ordered_candidate_on_exact_tie
sensitivity,2,20,lightgbm_multiclass,LightGBM,0,True,"{""boosting_type"":""gbdt"",""colsample_bytree"":1.0,""frozen"":true,""implementation"":""lightgbm.LGBMClassifier"",""learning_rate"":0.05,""max_depth"":5,""min_child_samples"":50,""min_child_weight"":0.001,""min_split_gain"":0.0,""n_estimators"":200,""n_jobs"":1,""num_class"":80,""num_leaves"":31,""objective"":""multiclass"",""pilot_source"":""results/sweep_5_config.json"",""reg_alpha"":0.5,""reg_lambda"":0.5,""subsample"":1.0,""subsample_freq"":0}",5689446e19bdea1df411111e1e4b5cc50183c270622d0757b33c51d0a5938a1c,0.014197059187767059,3.3841550999786705,925702154,,True,True,0,True,0.0,lowest_ordered_candidate_on_exact_tie
sensitivity,2,20,lightgbm_multiclass,LightGBM,1,False,"{""boosting_type"":""gbdt"",""colsample_bytree"":1.0,""frozen"":true,""implementation"":""lightgbm.LGBMClassifier"",""learning_rate"":0.05,""max_depth"":5,""min_child_samples"":20,""min_child_weight"":0.001,""min_split_gain"":0.0,""n_estimators"":200,""n_jobs"":1,""num_class"":80,""num_leaves"":31,""objective"":""multiclass"",""pilot_source"":""results/sweep_5_config.json"",""reg_alpha"":0.1,""reg_lambda"":0.1,""subsample"":1.0,""subsample_freq"":0}",cb116d2e0b5ef62830f7ca0d63c0d488226c533f44349af3605ff4acd0a2aebc,0.0148590139265074,4.251490209950134,925702154,,False,True,0,False,0.0,lowest_ordered_candidate_on_exact_tie
sensitivity,2,20,lightgbm_multiclass,LightGBM,2,False,"{""boosting_type"":""gbdt"",""colsample_bytree"":1.0,""frozen"":true,""implementation"":""lightgbm.LGBMClassifier"",""learning_rate"":0.05,""max_depth"":7,""min_child_samples"":20,""min_child_weight"":0.001,""min_split_gain"":0.0,""n_estimators"":200,""n_jobs"":1,""num_class"":80,""num_leaves"":31,""objective"":""multiclass"",""pilot_source"":""results/sweep_5_config.json"",""reg_alpha"":0.1,""reg_lambda"":0.1,""subsample"":1.0,""subsample_freq"":0}",cae2276bc5c6ec1a3d72ce53c46697dc247ba4430ea98e1f609b624c98c8365e,0.014678908683312144,4.687628771993332,925702154,,False,True,0,False,0.0,lowest_ordered_candidate_on_exact_tie
sensitivity,2,20,lightgbm_multiclass,LightGBM,3,False,"{""boosting_type"":""gbdt"",""colsample_bytree"":1.0,""frozen"":true,""implementation"":""lightgbm.LGBMClassifier"",""learning_rate"":0.1,""max_depth"":5,""min_child_samples"":20,""min_child_weight"":0.001,""min_split_gain"":0.0,""n_estimators"":200,""n_jobs"":1,""num_class"":80,""num_leaves"":31,""objective"":""multiclass"",""pilot_source"":""results/sweep_5_config.json"",""reg_alpha"":0.1,""reg_lambda"":0.1,""subsample"":1.0,""subsample_freq"":0}",c698b699f6c7cf18743346c4dd2691d8b650e657ec9a021d53142751ecc58407,0.014914987246980722,2.9573690469842404,925702154,,False,True,0,False,0.0,lowest_ordered_candidate_on_exact_tie
sensitivity,2,20,ridge_sgd_l2,L2 one-vs-rest logistic,0,True,"{""alpha"":0.3333333333333333,""average"":false,""batch_size"":64,""epochs"":50,""eta0"":0.01,""fit_intercept"":true,""frozen"":true,""implementation"":""sklearn.linear_model.SGDClassifier"",""learning_rate"":""optimal"",""loss"":""log_loss"",""penalty"":""l2"",""pilot_source"":""results/sweep_5_config.json""}",851f14fb6b5ecda88baab0b92a7a36c949fdd0437766fc7d2433f329e2fde2f3,0.01430872363650963,9.541815761942416,1624060174,,False,False,4,False,0.0,lowest_ordered_candidate_on_exact_tie
sensitivity,2,20,ridge_sgd_l2,L2 one-vs-rest logistic,1,False,"{""alpha"":10.0,""average"":false,""batch_size"":64,""epochs"":50,""eta0"":0.01,""fit_intercept"":true,""frozen"":true,""implementation"":""sklearn.linear_model.SGDClassifier"",""learning_rate"":""optimal"",""loss"":""log_loss"",""penalty"":""l2"",""pilot_source"":""results/sweep_5_config.json""}",dc2707c60c369df46e9b424fa8a1ebc5b23e4a351ced0c10e7e7dc66c6076d51,0.02113278861748181,9.252368252025917,1624060174,,False,False,4,False,0.0,lowest_ordered_candidate_on_exact_tie
sensitivity,2,20,ridge_sgd_l2,L2 one-vs-rest logistic,2,False,"{""alpha"":3.3333333333333335,""average"":false,""batch_size"":64,""epochs"":50,""eta0"":0.01,""fit_intercept"":true,""frozen"":true,""implementation"":""sklearn.linear_model.SGDClassifier"",""learning_rate"":""optimal"",""loss"":""log_loss"",""penalty"":""l2"",""pilot_source"":""results/sweep_5_config.json""}",7aa5dba8ad015c8682db23cb59b805649b89895bc1121de465bef1e495573967,0.016634997959815954,9.283183444989845,1624060174,,False,False,4,False,0.0,lowest_ordered_candidate_on_exact_tie
sensitivity,2,20,ridge_sgd_l2,L2 one-vs-rest logistic,3,False,"{""alpha"":1.0,""average"":false,""batch_size"":64,""epochs"":50,""eta0"":0.01,""fit_intercept"":true,""frozen"":true,""implementation"":""sklearn.linear_model.SGDClassifier"",""learning_rate"":""optimal"",""loss"":""log_loss"",""penalty"":""l2"",""pilot_source"":""results/sweep_5_config.json""}",f1028920c45a062ceb93b6bb97df161e827da764972699d89f7ccc787385a0de,0.014824563147723359,9.269136945018545,1624060174,,False,False,4,False,0.0,lowest_ordered_candidate_on_exact_tie
sensitivity,2,20,ridge_sgd_l2,L2 one-vs-rest logistic,4,False,"{""alpha"":0.1,""average"":false,""batch_size"":64,""epochs"":50,""eta0"":0.01,""fit_intercept"":true,""frozen"":true,""implementation"":""sklearn.linear_model.SGDClassifier"",""learning_rate"":""optimal"",""loss"":""log_loss"",""penalty"":""l2"",""pilot_source"":""results/sweep_5_config.json""}",724a1fea14c056996c0474f9106b8177856f64794ebcc3fc1e458f6a8e12dc05,0.014261655545049701,9.269890537951142,1624060174,,True,False,4,True,0.0,lowest_ordered_candidate_on_exact_tie
sensitivity,2,20,set_transformer,Set Transformer,0,True,"{""batch_size"":64,""d_model"":64,""dense_units"":[64,16],""dropout"":0.3,""expected_parameters"":157416,""ff_dim"":256,""frozen"":true,""implementation"":""neural_models.get_set_transformer"",""input_shape"":[22,10],""key_dim"":32,""learning_rate"":0.001,""max_epochs"":50,""num_heads"":2,""num_layers"":3,""output_units"":80,""patience"":10,""pilot_source"":""results/sweep_5.csv"",""pooling"":""global_average""}",6f4dec421d8ca8a60ca233da0707302c871aa8127caae786bc585c163e11c567,0.013835590153039043,24.512105946894735,1128734574,1572970987.0,True,True,0,True,0.0,lowest_ordered_candidate_on_exact_tie
sensitivity,2,20,set_transformer,Set Transformer,1,False,"{""batch_size"":64,""d_model"":64,""dense_units"":[64,16],""dropout"":0.1,""expected_parameters"":157416,""ff_dim"":256,""frozen"":true,""implementation"":""neural_models.get_set_transformer"",""input_shape"":[22,10],""key_dim"":32,""learning_rate"":0.0003,""max_epochs"":50,""num_heads"":2,""num_layers"":3,""output_units"":80,""patience"":10,""pilot_source"":""results/sweep_5.csv"",""pooling"":""global_average""}",fe204fdf1e84832e477e9c76ffec174e32677e8d5a5f24b670abbf7a3b8c7db1,0.0143094769817612,31.276530076982453,1128734574,1572970987.0,False,True,0,False,0.0,lowest_ordered_candidate_on_exact_tie
sensitivity,2,20,set_transformer,Set Transformer,2,False,"{""batch_size"":64,""d_model"":64,""dense_units"":[64,16],""dropout"":0.3,""expected_parameters"":157416,""ff_dim"":256,""frozen"":true,""implementation"":""neural_models.get_set_transformer"",""input_shape"":[22,10],""key_dim"":32,""learning_rate"":0.0003,""max_epochs"":50,""num_heads"":2,""num_layers"":3,""output_units"":80,""patience"":10,""pilot_source"":""results/sweep_5.csv"",""pooling"":""global_average""}",98491dd6370054dad3bab81748034d9978d93498b7569cee08e9b098dc1ba9e5,0.013985923455568042,31.744644760154188,1128734574,1572970987.0,False,True,0,False,0.0,lowest_ordered_candidate_on_exact_tie
sensitivity,2,20,set_transformer,Set Transformer,3,False,"{""batch_size"":64,""d_model"":64,""dense_units"":[64,16],""dropout"":0.1,""expected_parameters"":157416,""ff_dim"":256,""frozen"":true,""implementation"":""neural_models.get_set_transformer"",""input_shape"":[22,10],""key_dim"":32,""learning_rate"":0.001,""max_epochs"":50,""num_heads"":2,""num_layers"":3,""output_units"":80,""patience"":10,""pilot_source"":""results/sweep_5.csv"",""pooling"":""global_average""}",6003534a6fb6f7c259ea7485f50597481535337902a4fc1efeb39ec80445d6d6,0.015157449964011666,29.719788778806105,1128734574,1572970987.0,False,True,0,False,0.0,lowest_ordered_candidate_on_exact_tie
sensitivity,2,20,zoo_cnn,Zoo CNN,0,True,"{""batch_size"":64,""conv1d_filters"":[160,96,96],""conv2d_filters"":[128,160,128],""dense_units"":[96,256],""dropout"":0.3,""expected_parameters"":145584,""frozen"":true,""implementation"":""neural_models.get_conv_net"",""input_shape"":[11,10,10],""learning_rate"":0.001,""max_epochs"":50,""output_units"":80,""patience"":10,""pilot_source"":""original Zoo architecture and results/sweep_5.csv"",""pooling_weights"":{""average"":0.7,""max"":0.3}}",219344d288a1f6230782c6839c7a9758e13c3625ddae1b87e29779a206a56278,0.01577813653628563,13.132984741125256,1012224011,1470701490.0,True,True,0,True,0.0,lowest_ordered_candidate_on_exact_tie
sensitivity,2,20,zoo_cnn,Zoo CNN,1,False,"{""batch_size"":64,""conv1d_filters"":[160,96,96],""conv2d_filters"":[128,160,128],""dense_units"":[96,256],""dropout"":0.1,""expected_parameters"":145584,""frozen"":true,""implementation"":""neural_models.get_conv_net"",""input_shape"":[11,10,10],""learning_rate"":0.0003,""max_epochs"":50,""output_units"":80,""patience"":10,""pilot_source"":""original Zoo architecture and results/sweep_5.csv"",""pooling_weights"":{""average"":0.7,""max"":0.3}}",abbc846d863092760291bfa1d382563580835324df5f7f6ce46a6fbed3da8072,0.016474663202974894,15.010973411146551,1012224011,1470701490.0,False,True,0,False,0.0,lowest_ordered_candidate_on_exact_tie
sensitivity,2,20,zoo_cnn,Zoo CNN,2,False,"{""batch_size"":64,""conv1d_filters"":[160,96,96],""conv2d_filters"":[128,160,128],""dense_units"":[96,256],""dropout"":0.3,""expected_parameters"":145584,""frozen"":true,""implementation"":""neural_models.get_conv_net"",""input_shape"":[11,10,10],""learning_rate"":0.0003,""max_epochs"":50,""output_units"":80,""patience"":10,""pilot_source"":""original Zoo architecture and results/sweep_5.csv"",""pooling_weights"":{""average"":0.7,""max"":0.3}}",36cfcc45679e2e31725ccf0dedf1ff567692c99678381161175d0aef95c9aead,0.016583796518839154,12.832640045788139,1012224011,1470701490.0,False,True,0,False,0.0,lowest_ordered_candidate_on_exact_tie
sensitivity,2,20,zoo_cnn,Zoo CNN,3,False,"{""batch_size"":64,""conv1d_filters"":[160,96,96],""conv2d_filters"":[128,160,128],""dense_units"":[96,256],""dropout"":0.1,""expected_parameters"":145584,""frozen"":true,""implementation"":""neural_models.get_conv_net"",""input_shape"":[11,10,10],""learning_rate"":0.001,""max_epochs"":50,""output_units"":80,""patience"":10,""pilot_source"":""original Zoo architecture and results/sweep_5.csv"",""pooling_weights"":{""average"":0.7,""max"":0.3}}",0b22203ab4438c16191482ac13e31621a615cbaa6cf409114e6377f1bec3dc7b,0.016179483622061633,11.913385902997106,1012224011,1470701490.0,False,True,0,False,0.0,lowest_ordered_candidate_on_exact_tie
sensitivity,2,160,lightgbm_multiclass,LightGBM,0,True,"{""boosting_type"":""gbdt"",""colsample_bytree"":1.0,""frozen"":true,""implementation"":""lightgbm.LGBMClassifier"",""learning_rate"":0.05,""max_depth"":5,""min_child_samples"":50,""min_child_weight"":0.001,""min_split_gain"":0.0,""n_estimators"":200,""n_jobs"":1,""num_class"":80,""num_leaves"":31,""objective"":""multiclass"",""pilot_source"":""results/sweep_5_config.json"",""reg_alpha"":0.5,""reg_lambda"":0.5,""subsample"":1.0,""subsample_freq"":0}",5689446e19bdea1df411111e1e4b5cc50183c270622d0757b33c51d0a5938a1c,0.013673166027358541,14.832583056064323,289057975,,True,True,0,True,0.0,lowest_ordered_candidate_on_exact_tie
sensitivity,2,160,lightgbm_multiclass,LightGBM,1,False,"{""boosting_type"":""gbdt"",""colsample_bytree"":1.0,""frozen"":true,""implementation"":""lightgbm.LGBMClassifier"",""learning_rate"":0.05,""max_depth"":5,""min_child_samples"":20,""min_child_weight"":0.001,""min_split_gain"":0.0,""n_estimators"":200,""n_jobs"":1,""num_class"":80,""num_leaves"":31,""objective"":""multiclass"",""pilot_source"":""results/sweep_5_config.json"",""reg_alpha"":0.1,""reg_lambda"":0.1,""subsample"":1.0,""subsample_freq"":0}",cb116d2e0b5ef62830f7ca0d63c0d488226c533f44349af3605ff4acd0a2aebc,0.013816939964258756,16.145714972983114,289057975,,False,True,0,False,0.0,lowest_ordered_candidate_on_exact_tie
sensitivity,2,160,lightgbm_multiclass,LightGBM,2,False,"{""boosting_type"":""gbdt"",""colsample_bytree"":1.0,""frozen"":true,""implementation"":""lightgbm.LGBMClassifier"",""learning_rate"":0.05,""max_depth"":7,""min_child_samples"":20,""min_child_weight"":0.001,""min_split_gain"":0.0,""n_estimators"":200,""n_jobs"":1,""num_class"":80,""num_leaves"":31,""objective"":""multiclass"",""pilot_source"":""results/sweep_5_config.json"",""reg_alpha"":0.1,""reg_lambda"":0.1,""subsample"":1.0,""subsample_freq"":0}",cae2276bc5c6ec1a3d72ce53c46697dc247ba4430ea98e1f609b624c98c8365e,0.014152653059266199,20.998732313048095,289057975,,False,True,0,False,0.0,lowest_ordered_candidate_on_exact_tie
sensitivity,2,160,lightgbm_multiclass,LightGBM,3,False,"{""boosting_type"":""gbdt"",""colsample_bytree"":1.0,""frozen"":true,""implementation"":""lightgbm.LGBMClassifier"",""learning_rate"":0.1,""max_depth"":5,""min_child_samples"":20,""min_child_weight"":0.001,""min_split_gain"":0.0,""n_estimators"":200,""n_jobs"":1,""num_class"":80,""num_leaves"":31,""objective"":""multiclass"",""pilot_source"":""results/sweep_5_config.json"",""reg_alpha"":0.1,""reg_lambda"":0.1,""subsample"":1.0,""subsample_freq"":0}",c698b699f6c7cf18743346c4dd2691d8b650e657ec9a021d53142751ecc58407,0.014486303761385225,14.487203349010088,289057975,,False,True,0,False,0.0,lowest_ordered_candidate_on_exact_tie
sensitivity,2,160,ridge_sgd_l2,L2 one-vs-rest logistic,0,True,"{""alpha"":0.3333333333333333,""average"":false,""batch_size"":64,""epochs"":50,""eta0"":0.01,""fit_intercept"":true,""frozen"":true,""implementation"":""sklearn.linear_model.SGDClassifier"",""learning_rate"":""optimal"",""loss"":""log_loss"",""penalty"":""l2"",""pilot_source"":""results/sweep_5_config.json""}",851f14fb6b5ecda88baab0b92a7a36c949fdd0437766fc7d2433f329e2fde2f3,0.014258588470145554,71.28616037301254,2140312219,,False,False,4,False,0.0,lowest_ordered_candidate_on_exact_tie
sensitivity,2,160,ridge_sgd_l2,L2 one-vs-rest logistic,1,False,"{""alpha"":10.0,""average"":false,""batch_size"":64,""epochs"":50,""eta0"":0.01,""fit_intercept"":true,""frozen"":true,""implementation"":""sklearn.linear_model.SGDClassifier"",""learning_rate"":""optimal"",""loss"":""log_loss"",""penalty"":""l2"",""pilot_source"":""results/sweep_5_config.json""}",dc2707c60c369df46e9b424fa8a1ebc5b23e4a351ced0c10e7e7dc66c6076d51,0.021154371167765966,71.2858236420434,2140312219,,False,False,4,False,0.0,lowest_ordered_candidate_on_exact_tie
sensitivity,2,160,ridge_sgd_l2,L2 one-vs-rest logistic,2,False,"{""alpha"":3.3333333333333335,""average"":false,""batch_size"":64,""epochs"":50,""eta0"":0.01,""fit_intercept"":true,""frozen"":true,""implementation"":""sklearn.linear_model.SGDClassifier"",""learning_rate"":""optimal"",""loss"":""log_loss"",""penalty"":""l2"",""pilot_source"":""results/sweep_5_config.json""}",7aa5dba8ad015c8682db23cb59b805649b89895bc1121de465bef1e495573967,0.016619364418003754,71.19551031896845,2140312219,,False,False,4,False,0.0,lowest_ordered_candidate_on_exact_tie
sensitivity,2,160,ridge_sgd_l2,L2 one-vs-rest logistic,3,False,"{""alpha"":1.0,""average"":false,""batch_size"":64,""epochs"":50,""eta0"":0.01,""fit_intercept"":true,""frozen"":true,""implementation"":""sklearn.linear_model.SGDClassifier"",""learning_rate"":""optimal"",""loss"":""log_loss"",""penalty"":""l2"",""pilot_source"":""results/sweep_5_config.json""}",f1028920c45a062ceb93b6bb97df161e827da764972699d89f7ccc787385a0de,0.014794354166266234,74.45839413197245,2140312219,,False,False,4,False,0.0,lowest_ordered_candidate_on_exact_tie
sensitivity,2,160,ridge_sgd_l2,L2 one-vs-rest logistic,4,False,"{""alpha"":0.1,""average"":false,""batch_size"":64,""epochs"":50,""eta0"":0.01,""fit_intercept"":true,""frozen"":true,""implementation"":""sklearn.linear_model.SGDClassifier"",""learning_rate"":""optimal"",""loss"":""log_loss"",""penalty"":""l2"",""pilot_source"":""results/sweep_5_config.json""}",724a1fea14c056996c0474f9106b8177856f64794ebcc3fc1e458f6a8e12dc05,0.01394679867650893,71.41943921206985,2140312219,,True,False,4,True,0.0,lowest_ordered_candidate_on_exact_tie
sensitivity,2,160,set_transformer,Set Transformer,0,True,"{""batch_size"":64,""d_model"":64,""dense_units"":[64,16],""dropout"":0.3,""expected_parameters"":157416,""ff_dim"":256,""frozen"":true,""implementation"":""neural_models.get_set_transformer"",""input_shape"":[22,10],""key_dim"":32,""learning_rate"":0.001,""max_epochs"":50,""num_heads"":2,""num_layers"":3,""output_units"":80,""patience"":10,""pilot_source"":""results/sweep_5.csv"",""pooling"":""global_average""}",6f4dec421d8ca8a60ca233da0707302c871aa8127caae786bc585c163e11c567,0.012899861635178679,112.54753204621375,1846378695,516495049.0,False,False,2,False,0.0,lowest_ordered_candidate_on_exact_tie
sensitivity,2,160,set_transformer,Set Transformer,1,False,"{""batch_size"":64,""d_model"":64,""dense_units"":[64,16],""dropout"":0.1,""expected_parameters"":157416,""ff_dim"":256,""frozen"":true,""implementation"":""neural_models.get_set_transformer"",""input_shape"":[22,10],""key_dim"":32,""learning_rate"":0.0003,""max_epochs"":50,""num_heads"":2,""num_layers"":3,""output_units"":80,""patience"":10,""pilot_source"":""results/sweep_5.csv"",""pooling"":""global_average""}",fe204fdf1e84832e477e9c76ffec174e32677e8d5a5f24b670abbf7a3b8c7db1,0.013085973098702635,104.22192814503796,1846378695,516495049.0,False,False,2,False,0.0,lowest_ordered_candidate_on_exact_tie
sensitivity,2,160,set_transformer,Set Transformer,2,False,"{""batch_size"":64,""d_model"":64,""dense_units"":[64,16],""dropout"":0.3,""expected_parameters"":157416,""ff_dim"":256,""frozen"":true,""implementation"":""neural_models.get_set_transformer"",""input_shape"":[22,10],""key_dim"":32,""learning_rate"":0.0003,""max_epochs"":50,""num_heads"":2,""num_layers"":3,""output_units"":80,""patience"":10,""pilot_source"":""results/sweep_5.csv"",""pooling"":""global_average""}",98491dd6370054dad3bab81748034d9978d93498b7569cee08e9b098dc1ba9e5,0.012865985318952401,113.37976928288117,1846378695,516495049.0,True,False,2,True,0.0,lowest_ordered_candidate_on_exact_tie
sensitivity,2,160,set_transformer,Set Transformer,3,False,"{""batch_size"":64,""d_model"":64,""dense_units"":[64,16],""dropout"":0.1,""expected_parameters"":157416,""ff_dim"":256,""frozen"":true,""implementation"":""neural_models.get_set_transformer"",""input_shape"":[22,10],""key_dim"":32,""learning_rate"":0.001,""max_epochs"":50,""num_heads"":2,""num_layers"":3,""output_units"":80,""patience"":10,""pilot_source"":""results/sweep_5.csv"",""pooling"":""global_average""}",6003534a6fb6f7c259ea7485f50597481535337902a4fc1efeb39ec80445d6d6,0.012891892726814316,69.61035816580988,1846378695,516495049.0,False,False,2,False,0.0,lowest_ordered_candidate_on_exact_tie
sensitivity,2,160,zoo_cnn,Zoo CNN,0,True,"{""batch_size"":64,""conv1d_filters"":[160,96,96],""conv2d_filters"":[128,160,128],""dense_units"":[96,256],""dropout"":0.3,""expected_parameters"":145584,""frozen"":true,""implementation"":""neural_models.get_conv_net"",""input_shape"":[11,10,10],""learning_rate"":0.001,""max_epochs"":50,""output_units"":80,""patience"":10,""pilot_source"":""original Zoo architecture and results/sweep_5.csv"",""pooling_weights"":{""average"":0.7,""max"":0.3}}",219344d288a1f6230782c6839c7a9758e13c3625ddae1b87e29779a206a56278,0.013634228298305635,37.734000992029905,1518876018,1206747059.0,False,False,3,False,0.0,lowest_ordered_candidate_on_exact_tie
sensitivity,2,160,zoo_cnn,Zoo CNN,1,False,"{""batch_size"":64,""conv1d_filters"":[160,96,96],""conv2d_filters"":[128,160,128],""dense_units"":[96,256],""dropout"":0.1,""expected_parameters"":145584,""frozen"":true,""implementation"":""neural_models.get_conv_net"",""input_shape"":[11,10,10],""learning_rate"":0.0003,""max_epochs"":50,""output_units"":80,""patience"":10,""pilot_source"":""original Zoo architecture and results/sweep_5.csv"",""pooling_weights"":{""average"":0.7,""max"":0.3}}",abbc846d863092760291bfa1d382563580835324df5f7f6ce46a6fbed3da8072,0.01395344652417925,24.68431591312401,1518876018,1206747059.0,False,False,3,False,0.0,lowest_ordered_candidate_on_exact_tie
sensitivity,2,160,zoo_cnn,Zoo CNN,2,False,"{""batch_size"":64,""conv1d_filters"":[160,96,96],""conv2d_filters"":[128,160,128],""dense_units"":[96,256],""dropout"":0.3,""expected_parameters"":145584,""frozen"":true,""implementation"":""neural_models.get_conv_net"",""input_shape"":[11,10,10],""learning_rate"":0.0003,""max_epochs"":50,""output_units"":80,""patience"":10,""pilot_source"":""original Zoo architecture and results/sweep_5.csv"",""pooling_weights"":{""average"":0.7,""max"":0.3}}",36cfcc45679e2e31725ccf0dedf1ff567692c99678381161175d0aef95c9aead,0.013694262768133125,30.19514825497754,1518876018,1206747059.0,False,False,3,False,0.0,lowest_ordered_candidate_on_exact_tie
sensitivity,2,160,zoo_cnn,Zoo CNN,3,False,"{""batch_size"":64,""conv1d_filters"":[160,96,96],""conv2d_filters"":[128,160,128],""dense_units"":[96,256],""dropout"":0.1,""expected_parameters"":145584,""frozen"":true,""implementation"":""neural_models.get_conv_net"",""input_shape"":[11,10,10],""learning_rate"":0.001,""max_epochs"":50,""output_units"":80,""patience"":10,""pilot_source"":""original Zoo architecture and results/sweep_5.csv"",""pooling_weights"":{""average"":0.7,""max"":0.3}}",0b22203ab4438c16191482ac13e31621a615cbaa6cf409114e6377f1bec3dc7b,0.013524364658894138,25.12078442494385,1518876018,1206747059.0,True,False,3,True,0.0,lowest_ordered_candidate_on_exact_tie
sensitivity,2,360,lightgbm_multiclass,LightGBM,0,True,"{""boosting_type"":""gbdt"",""colsample_bytree"":1.0,""frozen"":true,""implementation"":""lightgbm.LGBMClassifier"",""learning_rate"":0.05,""max_depth"":5,""min_child_samples"":50,""min_child_weight"":0.001,""min_split_gain"":0.0,""n_estimators"":200,""n_jobs"":1,""num_class"":80,""num_leaves"":31,""objective"":""multiclass"",""pilot_source"":""results/sweep_5_config.json"",""reg_alpha"":0.5,""reg_lambda"":0.5,""subsample"":1.0,""subsample_freq"":0}",5689446e19bdea1df411111e1e4b5cc50183c270622d0757b33c51d0a5938a1c,0.013295361592167031,26.629232794046402,1117736371,,True,True,0,True,0.0,lowest_ordered_candidate_on_exact_tie
sensitivity,2,360,lightgbm_multiclass,LightGBM,1,False,"{""boosting_type"":""gbdt"",""colsample_bytree"":1.0,""frozen"":true,""implementation"":""lightgbm.LGBMClassifier"",""learning_rate"":0.05,""max_depth"":5,""min_child_samples"":20,""min_child_weight"":0.001,""min_split_gain"":0.0,""n_estimators"":200,""n_jobs"":1,""num_class"":80,""num_leaves"":31,""objective"":""multiclass"",""pilot_source"":""results/sweep_5_config.json"",""reg_alpha"":0.1,""reg_lambda"":0.1,""subsample"":1.0,""subsample_freq"":0}",cb116d2e0b5ef62830f7ca0d63c0d488226c533f44349af3605ff4acd0a2aebc,0.013430588099135254,27.7126800440019,1117736371,,False,True,0,False,0.0,lowest_ordered_candidate_on_exact_tie
sensitivity,2,360,lightgbm_multiclass,LightGBM,2,False,"{""boosting_type"":""gbdt"",""colsample_bytree"":1.0,""frozen"":true,""implementation"":""lightgbm.LGBMClassifier"",""learning_rate"":0.05,""max_depth"":7,""min_child_samples"":20,""min_child_weight"":0.001,""min_split_gain"":0.0,""n_estimators"":200,""n_jobs"":1,""num_class"":80,""num_leaves"":31,""objective"":""multiclass"",""pilot_source"":""results/sweep_5_config.json"",""reg_alpha"":0.1,""reg_lambda"":0.1,""subsample"":1.0,""subsample_freq"":0}",cae2276bc5c6ec1a3d72ce53c46697dc247ba4430ea98e1f609b624c98c8365e,0.01369286185768368,36.293506516027264,1117736371,,False,True,0,False,0.0,lowest_ordered_candidate_on_exact_tie
sensitivity,2,360,lightgbm_multiclass,LightGBM,3,False,"{""boosting_type"":""gbdt"",""colsample_bytree"":1.0,""frozen"":true,""implementation"":""lightgbm.LGBMClassifier"",""learning_rate"":0.1,""max_depth"":5,""min_child_samples"":20,""min_child_weight"":0.001,""min_split_gain"":0.0,""n_estimators"":200,""n_jobs"":1,""num_class"":80,""num_leaves"":31,""objective"":""multiclass"",""pilot_source"":""results/sweep_5_config.json"",""reg_alpha"":0.1,""reg_lambda"":0.1,""subsample"":1.0,""subsample_freq"":0}",c698b699f6c7cf18743346c4dd2691d8b650e657ec9a021d53142751ecc58407,0.013850708151897876,26.589669296052307,1117736371,,False,True,0,False,0.0,lowest_ordered_candidate_on_exact_tie
sensitivity,2,360,ridge_sgd_l2,L2 one-vs-rest logistic,0,True,"{""alpha"":0.3333333333333333,""average"":false,""batch_size"":64,""epochs"":50,""eta0"":0.01,""fit_intercept"":true,""frozen"":true,""implementation"":""sklearn.linear_model.SGDClassifier"",""learning_rate"":""optimal"",""loss"":""log_loss"",""penalty"":""l2"",""pilot_source"":""results/sweep_5_config.json""}",851f14fb6b5ecda88baab0b92a7a36c949fdd0437766fc7d2433f329e2fde2f3,0.014260625293233332,158.88734403299168,1334143358,,False,False,4,False,0.0,lowest_ordered_candidate_on_exact_tie
sensitivity,2,360,ridge_sgd_l2,L2 one-vs-rest logistic,1,False,"{""alpha"":10.0,""average"":false,""batch_size"":64,""epochs"":50,""eta0"":0.01,""fit_intercept"":true,""frozen"":true,""implementation"":""sklearn.linear_model.SGDClassifier"",""learning_rate"":""optimal"",""loss"":""log_loss"",""penalty"":""l2"",""pilot_source"":""results/sweep_5_config.json""}",dc2707c60c369df46e9b424fa8a1ebc5b23e4a351ced0c10e7e7dc66c6076d51,0.02116332564992391,159.04534833994694,1334143358,,False,False,4,False,0.0,lowest_ordered_candidate_on_exact_tie
sensitivity,2,360,ridge_sgd_l2,L2 one-vs-rest logistic,2,False,"{""alpha"":3.3333333333333335,""average"":false,""batch_size"":64,""epochs"":50,""eta0"":0.01,""fit_intercept"":true,""frozen"":true,""implementation"":""sklearn.linear_model.SGDClassifier"",""learning_rate"":""optimal"",""loss"":""log_loss"",""penalty"":""l2"",""pilot_source"":""results/sweep_5_config.json""}",7aa5dba8ad015c8682db23cb59b805649b89895bc1121de465bef1e495573967,0.01663232587036418,158.9269394580042,1334143358,,False,False,4,False,0.0,lowest_ordered_candidate_on_exact_tie
sensitivity,2,360,ridge_sgd_l2,L2 one-vs-rest logistic,3,False,"{""alpha"":1.0,""average"":false,""batch_size"":64,""epochs"":50,""eta0"":0.01,""fit_intercept"":true,""frozen"":true,""implementation"":""sklearn.linear_model.SGDClassifier"",""learning_rate"":""optimal"",""loss"":""log_loss"",""penalty"":""l2"",""pilot_source"":""results/sweep_5_config.json""}",f1028920c45a062ceb93b6bb97df161e827da764972699d89f7ccc787385a0de,0.014803498960354596,159.05915675498545,1334143358,,False,False,4,False,0.0,lowest_ordered_candidate_on_exact_tie
sensitivity,2,360,ridge_sgd_l2,L2 one-vs-rest logistic,4,False,"{""alpha"":0.1,""average"":false,""batch_size"":64,""epochs"":50,""eta0"":0.01,""fit_intercept"":true,""frozen"":true,""implementation"":""sklearn.linear_model.SGDClassifier"",""learning_rate"":""optimal"",""loss"":""log_loss"",""penalty"":""l2"",""pilot_source"":""results/sweep_5_config.json""}",724a1fea14c056996c0474f9106b8177856f64794ebcc3fc1e458f6a8e12dc05,0.013937497617795747,159.17274147598073,1334143358,,True,False,4,True,0.0,lowest_ordered_candidate_on_exact_tie
sensitivity,2,360,set_transformer,Set Transformer,0,True,"{""batch_size"":64,""d_model"":64,""dense_units"":[64,16],""dropout"":0.3,""expected_parameters"":157416,""ff_dim"":256,""frozen"":true,""implementation"":""neural_models.get_set_transformer"",""input_shape"":[22,10],""key_dim"":32,""learning_rate"":0.001,""max_epochs"":50,""num_heads"":2,""num_layers"":3,""output_units"":80,""patience"":10,""pilot_source"":""results/sweep_5.csv"",""pooling"":""global_average""}",6f4dec421d8ca8a60ca233da0707302c871aa8127caae786bc585c163e11c567,0.01260896015151677,231.36956918099895,799945546,1194010169.0,False,False,2,False,0.0,lowest_ordered_candidate_on_exact_tie
sensitivity,2,360,set_transformer,Set Transformer,1,False,"{""batch_size"":64,""d_model"":64,""dense_units"":[64,16],""dropout"":0.1,""expected_parameters"":157416,""ff_dim"":256,""frozen"":true,""implementation"":""neural_models.get_set_transformer"",""input_shape"":[22,10],""key_dim"":32,""learning_rate"":0.0003,""max_epochs"":50,""num_heads"":2,""num_layers"":3,""output_units"":80,""patience"":10,""pilot_source"":""results/sweep_5.csv"",""pooling"":""global_average""}",fe204fdf1e84832e477e9c76ffec174e32677e8d5a5f24b670abbf7a3b8c7db1,0.012850649067530471,169.78043794888072,799945546,1194010169.0,False,False,2,False,0.0,lowest_ordered_candidate_on_exact_tie
sensitivity,2,360,set_transformer,Set Transformer,2,False,"{""batch_size"":64,""d_model"":64,""dense_units"":[64,16],""dropout"":0.3,""expected_parameters"":157416,""ff_dim"":256,""frozen"":true,""implementation"":""neural_models.get_set_transformer"",""input_shape"":[22,10],""key_dim"":32,""learning_rate"":0.0003,""max_epochs"":50,""num_heads"":2,""num_layers"":3,""output_units"":80,""patience"":10,""pilot_source"":""results/sweep_5.csv"",""pooling"":""global_average""}",98491dd6370054dad3bab81748034d9978d93498b7569cee08e9b098dc1ba9e5,0.012591709137521336,233.37618101690896,799945546,1194010169.0,True,False,2,True,0.0,lowest_ordered_candidate_on_exact_tie
sensitivity,2,360,set_transformer,Set Transformer,3,False,"{""batch_size"":64,""d_model"":64,""dense_units"":[64,16],""dropout"":0.1,""expected_parameters"":157416,""ff_dim"":256,""frozen"":true,""implementation"":""neural_models.get_set_transformer"",""input_shape"":[22,10],""key_dim"":32,""learning_rate"":0.001,""max_epochs"":50,""num_heads"":2,""num_layers"":3,""output_units"":80,""patience"":10,""pilot_source"":""results/sweep_5.csv"",""pooling"":""global_average""}",6003534a6fb6f7c259ea7485f50597481535337902a4fc1efeb39ec80445d6d6,0.01270652188052287,160.84174392395653,799945546,1194010169.0,False,False,2,False,0.0,lowest_ordered_candidate_on_exact_tie
sensitivity,2,360,zoo_cnn,Zoo CNN,0,True,"{""batch_size"":64,""conv1d_filters"":[160,96,96],""conv2d_filters"":[128,160,128],""dense_units"":[96,256],""dropout"":0.3,""expected_parameters"":145584,""frozen"":true,""implementation"":""neural_models.get_conv_net"",""input_shape"":[11,10,10],""learning_rate"":0.001,""max_epochs"":50,""output_units"":80,""patience"":10,""pilot_source"":""original Zoo architecture and results/sweep_5.csv"",""pooling_weights"":{""average"":0.7,""max"":0.3}}",219344d288a1f6230782c6839c7a9758e13c3625ddae1b87e29779a206a56278,0.013256290331047433,56.506237308029085,974993958,401002515.0,False,False,3,False,0.0,lowest_ordered_candidate_on_exact_tie
sensitivity,2,360,zoo_cnn,Zoo CNN,1,False,"{""batch_size"":64,""conv1d_filters"":[160,96,96],""conv2d_filters"":[128,160,128],""dense_units"":[96,256],""dropout"":0.1,""expected_parameters"":145584,""frozen"":true,""implementation"":""neural_models.get_conv_net"",""input_shape"":[11,10,10],""learning_rate"":0.0003,""max_epochs"":50,""output_units"":80,""patience"":10,""pilot_source"":""original Zoo architecture and results/sweep_5.csv"",""pooling_weights"":{""average"":0.7,""max"":0.3}}",abbc846d863092760291bfa1d382563580835324df5f7f6ce46a6fbed3da8072,0.013351448033540662,47.76836384180933,974993958,401002515.0,False,False,3,False,0.0,lowest_ordered_candidate_on_exact_tie
sensitivity,2,360,zoo_cnn,Zoo CNN,2,False,"{""batch_size"":64,""conv1d_filters"":[160,96,96],""conv2d_filters"":[128,160,128],""dense_units"":[96,256],""dropout"":0.3,""expected_parameters"":145584,""frozen"":true,""implementation"":""neural_models.get_conv_net"",""input_shape"":[11,10,10],""learning_rate"":0.0003,""max_epochs"":50,""output_units"":80,""patience"":10,""pilot_source"":""original Zoo architecture and results/sweep_5.csv"",""pooling_weights"":{""average"":0.7,""max"":0.3}}",36cfcc45679e2e31725ccf0dedf1ff567692c99678381161175d0aef95c9aead,0.013069502978282486,65.61545888194814,974993958,401002515.0,False,False,3,False,0.0,lowest_ordered_candidate_on_exact_tie
sensitivity,2,360,zoo_cnn,Zoo CNN,3,False,"{""batch_size"":64,""conv1d_filters"":[160,96,96],""conv2d_filters"":[128,160,128],""dense_units"":[96,256],""dropout"":0.1,""expected_parameters"":145584,""frozen"":true,""implementation"":""neural_models.get_conv_net"",""input_shape"":[11,10,10],""learning_rate"":0.001,""max_epochs"":50,""output_units"":80,""patience"":10,""pilot_source"":""original Zoo architecture and results/sweep_5.csv"",""pooling_weights"":{""average"":0.7,""max"":0.3}}",0b22203ab4438c16191482ac13e31621a615cbaa6cf409114e6377f1bec3dc7b,0.013020528244512644,42.413872259203345,974993958,401002515.0,True,False,3,True,0.0,lowest_ordered_candidate_on_exact_tie
sensitivity,3,20,lightgbm_multiclass,LightGBM,0,True,"{""boosting_type"":""gbdt"",""colsample_bytree"":1.0,""frozen"":true,""implementation"":""lightgbm.LGBMClassifier"",""learning_rate"":0.05,""max_depth"":5,""min_child_samples"":50,""min_child_weight"":0.001,""min_split_gain"":0.0,""n_estimators"":200,""n_jobs"":1,""num_class"":80,""num_leaves"":31,""objective"":""multiclass"",""pilot_source"":""results/sweep_5_config.json"",""reg_alpha"":0.5,""reg_lambda"":0.5,""subsample"":1.0,""subsample_freq"":0}",5689446e19bdea1df411111e1e4b5cc50183c270622d0757b33c51d0a5938a1c,0.013069081394421886,5.349940611049533,892049851,,True,True,0,True,0.0,lowest_ordered_candidate_on_exact_tie
sensitivity,3,20,lightgbm_multiclass,LightGBM,1,False,"{""boosting_type"":""gbdt"",""colsample_bytree"":1.0,""frozen"":true,""implementation"":""lightgbm.LGBMClassifier"",""learning_rate"":0.05,""max_depth"":5,""min_child_samples"":20,""min_child_weight"":0.001,""min_split_gain"":0.0,""n_estimators"":200,""n_jobs"":1,""num_class"":80,""num_leaves"":31,""objective"":""multiclass"",""pilot_source"":""results/sweep_5_config.json"",""reg_alpha"":0.1,""reg_lambda"":0.1,""subsample"":1.0,""subsample_freq"":0}",cb116d2e0b5ef62830f7ca0d63c0d488226c533f44349af3605ff4acd0a2aebc,0.013594393840110292,4.068705886020325,892049851,,False,True,0,False,0.0,lowest_ordered_candidate_on_exact_tie
sensitivity,3,20,lightgbm_multiclass,LightGBM,2,False,"{""boosting_type"":""gbdt"",""colsample_bytree"":1.0,""frozen"":true,""implementation"":""lightgbm.LGBMClassifier"",""learning_rate"":0.05,""max_depth"":7,""min_child_samples"":20,""min_child_weight"":0.001,""min_split_gain"":0.0,""n_estimators"":200,""n_jobs"":1,""num_class"":80,""num_leaves"":31,""objective"":""multiclass"",""pilot_source"":""results/sweep_5_config.json"",""reg_alpha"":0.1,""reg_lambda"":0.1,""subsample"":1.0,""subsample_freq"":0}",cae2276bc5c6ec1a3d72ce53c46697dc247ba4430ea98e1f609b624c98c8365e,0.013516575182434869,4.489427811931819,892049851,,False,True,0,False,0.0,lowest_ordered_candidate_on_exact_tie
sensitivity,3,20,lightgbm_multiclass,LightGBM,3,False,"{""boosting_type"":""gbdt"",""colsample_bytree"":1.0,""frozen"":true,""implementation"":""lightgbm.LGBMClassifier"",""learning_rate"":0.1,""max_depth"":5,""min_child_samples"":20,""min_child_weight"":0.001,""min_split_gain"":0.0,""n_estimators"":200,""n_jobs"":1,""num_class"":80,""num_leaves"":31,""objective"":""multiclass"",""pilot_source"":""results/sweep_5_config.json"",""reg_alpha"":0.1,""reg_lambda"":0.1,""subsample"":1.0,""subsample_freq"":0}",c698b699f6c7cf18743346c4dd2691d8b650e657ec9a021d53142751ecc58407,0.013895235434945473,2.8163664819439873,892049851,,False,True,0,False,0.0,lowest_ordered_candidate_on_exact_tie
sensitivity,3,20,ridge_sgd_l2,L2 one-vs-rest logistic,0,True,"{""alpha"":0.3333333333333333,""average"":false,""batch_size"":64,""epochs"":50,""eta0"":0.01,""fit_intercept"":true,""frozen"":true,""implementation"":""sklearn.linear_model.SGDClassifier"",""learning_rate"":""optimal"",""loss"":""log_loss"",""penalty"":""l2"",""pilot_source"":""results/sweep_5_config.json""}",851f14fb6b5ecda88baab0b92a7a36c949fdd0437766fc7d2433f329e2fde2f3,0.013196506020473996,9.987064725952223,983486324,,False,False,4,False,0.0,lowest_ordered_candidate_on_exact_tie
sensitivity,3,20,ridge_sgd_l2,L2 one-vs-rest logistic,1,False,"{""alpha"":10.0,""average"":false,""batch_size"":64,""epochs"":50,""eta0"":0.01,""fit_intercept"":true,""frozen"":true,""implementation"":""sklearn.linear_model.SGDClassifier"",""learning_rate"":""optimal"",""loss"":""log_loss"",""penalty"":""l2"",""pilot_source"":""results/sweep_5_config.json""}",dc2707c60c369df46e9b424fa8a1ebc5b23e4a351ced0c10e7e7dc66c6076d51,0.020351980623378257,9.44108628097456,983486324,,False,False,4,False,0.0,lowest_ordered_candidate_on_exact_tie
sensitivity,3,20,ridge_sgd_l2,L2 one-vs-rest logistic,2,False,"{""alpha"":3.3333333333333335,""average"":false,""batch_size"":64,""epochs"":50,""eta0"":0.01,""fit_intercept"":true,""frozen"":true,""implementation"":""sklearn.linear_model.SGDClassifier"",""learning_rate"":""optimal"",""loss"":""log_loss"",""penalty"":""l2"",""pilot_source"":""results/sweep_5_config.json""}",7aa5dba8ad015c8682db23cb59b805649b89895bc1121de465bef1e495573967,0.015618341391356134,9.287158586084843,983486324,,False,False,4,False,0.0,lowest_ordered_candidate_on_exact_tie
sensitivity,3,20,ridge_sgd_l2,L2 one-vs-rest logistic,3,False,"{""alpha"":1.0,""average"":false,""batch_size"":64,""epochs"":50,""eta0"":0.01,""fit_intercept"":true,""frozen"":true,""implementation"":""sklearn.linear_model.SGDClassifier"",""learning_rate"":""optimal"",""loss"":""log_loss"",""penalty"":""l2"",""pilot_source"":""results/sweep_5_config.json""}",f1028920c45a062ceb93b6bb97df161e827da764972699d89f7ccc787385a0de,0.013719093400481953,9.282841932028532,983486324,,False,False,4,False,0.0,lowest_ordered_candidate_on_exact_tie
sensitivity,3,20,ridge_sgd_l2,L2 one-vs-rest logistic,4,False,"{""alpha"":0.1,""average"":false,""batch_size"":64,""epochs"":50,""eta0"":0.01,""fit_intercept"":true,""frozen"":true,""implementation"":""sklearn.linear_model.SGDClassifier"",""learning_rate"":""optimal"",""loss"":""log_loss"",""penalty"":""l2"",""pilot_source"":""results/sweep_5_config.json""}",724a1fea14c056996c0474f9106b8177856f64794ebcc3fc1e458f6a8e12dc05,0.013169375828393415,9.265501936082728,983486324,,True,False,4,True,0.0,lowest_ordered_candidate_on_exact_tie
sensitivity,3,20,set_transformer,Set Transformer,0,True,"{""batch_size"":64,""d_model"":64,""dense_units"":[64,16],""dropout"":0.3,""expected_parameters"":157416,""ff_dim"":256,""frozen"":true,""implementation"":""neural_models.get_set_transformer"",""input_shape"":[22,10],""key_dim"":32,""learning_rate"":0.001,""max_epochs"":50,""num_heads"":2,""num_layers"":3,""output_units"":80,""patience"":10,""pilot_source"":""results/sweep_5.csv"",""pooling"":""global_average""}",6f4dec421d8ca8a60ca233da0707302c871aa8127caae786bc585c163e11c567,0.012898650678642655,37.78635037411004,1406305744,1339658626.0,True,True,0,True,0.0,lowest_ordered_candidate_on_exact_tie
sensitivity,3,20,set_transformer,Set Transformer,1,False,"{""batch_size"":64,""d_model"":64,""dense_units"":[64,16],""dropout"":0.1,""expected_parameters"":157416,""ff_dim"":256,""frozen"":true,""implementation"":""neural_models.get_set_transformer"",""input_shape"":[22,10],""key_dim"":32,""learning_rate"":0.0003,""max_epochs"":50,""num_heads"":2,""num_layers"":3,""output_units"":80,""patience"":10,""pilot_source"":""results/sweep_5.csv"",""pooling"":""global_average""}",fe204fdf1e84832e477e9c76ffec174e32677e8d5a5f24b670abbf7a3b8c7db1,0.013043318443897825,41.95494138891809,1406305744,1339658626.0,False,True,0,False,0.0,lowest_ordered_candidate_on_exact_tie
sensitivity,3,20,set_transformer,Set Transformer,2,False,"{""batch_size"":64,""d_model"":64,""dense_units"":[64,16],""dropout"":0.3,""expected_parameters"":157416,""ff_dim"":256,""frozen"":true,""implementation"":""neural_models.get_set_transformer"",""input_shape"":[22,10],""key_dim"":32,""learning_rate"":0.0003,""max_epochs"":50,""num_heads"":2,""num_layers"":3,""output_units"":80,""patience"":10,""pilot_source"":""results/sweep_5.csv"",""pooling"":""global_average""}",98491dd6370054dad3bab81748034d9978d93498b7569cee08e9b098dc1ba9e5,0.012944045432240142,42.24880881188437,1406305744,1339658626.0,False,True,0,False,0.0,lowest_ordered_candidate_on_exact_tie
sensitivity,3,20,set_transformer,Set Transformer,3,False,"{""batch_size"":64,""d_model"":64,""dense_units"":[64,16],""dropout"":0.1,""expected_parameters"":157416,""ff_dim"":256,""frozen"":true,""implementation"":""neural_models.get_set_transformer"",""input_shape"":[22,10],""key_dim"":32,""learning_rate"":0.001,""max_epochs"":50,""num_heads"":2,""num_layers"":3,""output_units"":80,""patience"":10,""pilot_source"":""results/sweep_5.csv"",""pooling"":""global_average""}",6003534a6fb6f7c259ea7485f50597481535337902a4fc1efeb39ec80445d6d6,0.012935172660445655,33.25680323294364,1406305744,1339658626.0,False,True,0,False,0.0,lowest_ordered_candidate_on_exact_tie
sensitivity,3,20,zoo_cnn,Zoo CNN,0,True,"{""batch_size"":64,""conv1d_filters"":[160,96,96],""conv2d_filters"":[128,160,128],""dense_units"":[96,256],""dropout"":0.3,""expected_parameters"":145584,""frozen"":true,""implementation"":""neural_models.get_conv_net"",""input_shape"":[11,10,10],""learning_rate"":0.001,""max_epochs"":50,""output_units"":80,""patience"":10,""pilot_source"":""original Zoo architecture and results/sweep_5.csv"",""pooling_weights"":{""average"":0.7,""max"":0.3}}",219344d288a1f6230782c6839c7a9758e13c3625ddae1b87e29779a206a56278,0.01494360162419038,12.958239794941619,479183865,1204235718.0,False,False,1,False,0.0,lowest_ordered_candidate_on_exact_tie
sensitivity,3,20,zoo_cnn,Zoo CNN,1,False,"{""batch_size"":64,""conv1d_filters"":[160,96,96],""conv2d_filters"":[128,160,128],""dense_units"":[96,256],""dropout"":0.1,""expected_parameters"":145584,""frozen"":true,""implementation"":""neural_models.get_conv_net"",""input_shape"":[11,10,10],""learning_rate"":0.0003,""max_epochs"":50,""output_units"":80,""patience"":10,""pilot_source"":""original Zoo architecture and results/sweep_5.csv"",""pooling_weights"":{""average"":0.7,""max"":0.3}}",abbc846d863092760291bfa1d382563580835324df5f7f6ce46a6fbed3da8072,0.014081551127832218,15.382952215149999,479183865,1204235718.0,True,False,1,True,0.0,lowest_ordered_candidate_on_exact_tie
sensitivity,3,20,zoo_cnn,Zoo CNN,2,False,"{""batch_size"":64,""conv1d_filters"":[160,96,96],""conv2d_filters"":[128,160,128],""dense_units"":[96,256],""dropout"":0.3,""expected_parameters"":145584,""frozen"":true,""implementation"":""neural_models.get_conv_net"",""input_shape"":[11,10,10],""learning_rate"":0.0003,""max_epochs"":50,""output_units"":80,""patience"":10,""pilot_source"":""original Zoo architecture and results/sweep_5.csv"",""pooling_weights"":{""average"":0.7,""max"":0.3}}",36cfcc45679e2e31725ccf0dedf1ff567692c99678381161175d0aef95c9aead,0.014323087470881773,16.41534361592494,479183865,1204235718.0,False,False,1,False,0.0,lowest_ordered_candidate_on_exact_tie
sensitivity,3,20,zoo_cnn,Zoo CNN,3,False,"{""batch_size"":64,""conv1d_filters"":[160,96,96],""conv2d_filters"":[128,160,128],""dense_units"":[96,256],""dropout"":0.1,""expected_parameters"":145584,""frozen"":true,""implementation"":""neural_models.get_conv_net"",""input_shape"":[11,10,10],""learning_rate"":0.001,""max_epochs"":50,""output_units"":80,""patience"":10,""pilot_source"":""original Zoo architecture and results/sweep_5.csv"",""pooling_weights"":{""average"":0.7,""max"":0.3}}",0b22203ab4438c16191482ac13e31621a615cbaa6cf409114e6377f1bec3dc7b,0.016025036827255545,21.126051962841302,479183865,1204235718.0,False,False,1,False,0.0,lowest_ordered_candidate_on_exact_tie
sensitivity,3,160,lightgbm_multiclass,LightGBM,0,True,"{""boosting_type"":""gbdt"",""colsample_bytree"":1.0,""frozen"":true,""implementation"":""lightgbm.LGBMClassifier"",""learning_rate"":0.05,""max_depth"":5,""min_child_samples"":50,""min_child_weight"":0.001,""min_split_gain"":0.0,""n_estimators"":200,""n_jobs"":1,""num_class"":80,""num_leaves"":31,""objective"":""multiclass"",""pilot_source"":""results/sweep_5_config.json"",""reg_alpha"":0.5,""reg_lambda"":0.5,""subsample"":1.0,""subsample_freq"":0}",5689446e19bdea1df411111e1e4b5cc50183c270622d0757b33c51d0a5938a1c,0.01246525322488688,14.53865414194297,1294173599,,True,True,0,True,0.0,lowest_ordered_candidate_on_exact_tie
sensitivity,3,160,lightgbm_multiclass,LightGBM,1,False,"{""boosting_type"":""gbdt"",""colsample_bytree"":1.0,""frozen"":true,""implementation"":""lightgbm.LGBMClassifier"",""learning_rate"":0.05,""max_depth"":5,""min_child_samples"":20,""min_child_weight"":0.001,""min_split_gain"":0.0,""n_estimators"":200,""n_jobs"":1,""num_class"":80,""num_leaves"":31,""objective"":""multiclass"",""pilot_source"":""results/sweep_5_config.json"",""reg_alpha"":0.1,""reg_lambda"":0.1,""subsample"":1.0,""subsample_freq"":0}",cb116d2e0b5ef62830f7ca0d63c0d488226c533f44349af3605ff4acd0a2aebc,0.012630714343446205,15.914324284065515,1294173599,,False,True,0,False,0.0,lowest_ordered_candidate_on_exact_tie
sensitivity,3,160,lightgbm_multiclass,LightGBM,2,False,"{""boosting_type"":""gbdt"",""colsample_bytree"":1.0,""frozen"":true,""implementation"":""lightgbm.LGBMClassifier"",""learning_rate"":0.05,""max_depth"":7,""min_child_samples"":20,""min_child_weight"":0.001,""min_split_gain"":0.0,""n_estimators"":200,""n_jobs"":1,""num_class"":80,""num_leaves"":31,""objective"":""multiclass"",""pilot_source"":""results/sweep_5_config.json"",""reg_alpha"":0.1,""reg_lambda"":0.1,""subsample"":1.0,""subsample_freq"":0}",cae2276bc5c6ec1a3d72ce53c46697dc247ba4430ea98e1f609b624c98c8365e,0.01293743378435222,20.731926265056245,1294173599,,False,True,0,False,0.0,lowest_ordered_candidate_on_exact_tie
sensitivity,3,160,lightgbm_multiclass,LightGBM,3,False,"{""boosting_type"":""gbdt"",""colsample_bytree"":1.0,""frozen"":true,""implementation"":""lightgbm.LGBMClassifier"",""learning_rate"":0.1,""max_depth"":5,""min_child_samples"":20,""min_child_weight"":0.001,""min_split_gain"":0.0,""n_estimators"":200,""n_jobs"":1,""num_class"":80,""num_leaves"":31,""objective"":""multiclass"",""pilot_source"":""results/sweep_5_config.json"",""reg_alpha"":0.1,""reg_lambda"":0.1,""subsample"":1.0,""subsample_freq"":0}",c698b699f6c7cf18743346c4dd2691d8b650e657ec9a021d53142751ecc58407,0.013161062454280883,13.906466992106289,1294173599,,False,True,0,False,0.0,lowest_ordered_candidate_on_exact_tie
sensitivity,3,160,ridge_sgd_l2,L2 one-vs-rest logistic,0,True,"{""alpha"":0.3333333333333333,""average"":false,""batch_size"":64,""epochs"":50,""eta0"":0.01,""fit_intercept"":true,""frozen"":true,""implementation"":""sklearn.linear_model.SGDClassifier"",""learning_rate"":""optimal"",""loss"":""log_loss"",""penalty"":""l2"",""pilot_source"":""results/sweep_5_config.json""}",851f14fb6b5ecda88baab0b92a7a36c949fdd0437766fc7d2433f329e2fde2f3,0.01318853244115597,70.85542811593041,55542903,,False,False,4,False,0.0,lowest_ordered_candidate_on_exact_tie
sensitivity,3,160,ridge_sgd_l2,L2 one-vs-rest logistic,1,False,"{""alpha"":10.0,""average"":false,""batch_size"":64,""epochs"":50,""eta0"":0.01,""fit_intercept"":true,""frozen"":true,""implementation"":""sklearn.linear_model.SGDClassifier"",""learning_rate"":""optimal"",""loss"":""log_loss"",""penalty"":""l2"",""pilot_source"":""results/sweep_5_config.json""}",dc2707c60c369df46e9b424fa8a1ebc5b23e4a351ced0c10e7e7dc66c6076d51,0.020542407027405358,70.94520823401399,55542903,,False,False,4,False,0.0,lowest_ordered_candidate_on_exact_tie
sensitivity,3,160,ridge_sgd_l2,L2 one-vs-rest logistic,2,False,"{""alpha"":3.3333333333333335,""average"":false,""batch_size"":64,""epochs"":50,""eta0"":0.01,""fit_intercept"":true,""frozen"":true,""implementation"":""sklearn.linear_model.SGDClassifier"",""learning_rate"":""optimal"",""loss"":""log_loss"",""penalty"":""l2"",""pilot_source"":""results/sweep_5_config.json""}",7aa5dba8ad015c8682db23cb59b805649b89895bc1121de465bef1e495573967,0.015759262765727027,70.83620554907247,55542903,,False,False,4,False,0.0,lowest_ordered_candidate_on_exact_tie
sensitivity,3,160,ridge_sgd_l2,L2 one-vs-rest logistic,3,False,"{""alpha"":1.0,""average"":false,""batch_size"":64,""epochs"":50,""eta0"":0.01,""fit_intercept"":true,""frozen"":true,""implementation"":""sklearn.linear_model.SGDClassifier"",""learning_rate"":""optimal"",""loss"":""log_loss"",""penalty"":""l2"",""pilot_source"":""results/sweep_5_config.json""}",f1028920c45a062ceb93b6bb97df161e827da764972699d89f7ccc787385a0de,0.013776622712453472,73.7111676109489,55542903,,False,False,4,False,0.0,lowest_ordered_candidate_on_exact_tie
sensitivity,3,160,ridge_sgd_l2,L2 one-vs-rest logistic,4,False,"{""alpha"":0.1,""average"":false,""batch_size"":64,""epochs"":50,""eta0"":0.01,""fit_intercept"":true,""frozen"":true,""implementation"":""sklearn.linear_model.SGDClassifier"",""learning_rate"":""optimal"",""loss"":""log_loss"",""penalty"":""l2"",""pilot_source"":""results/sweep_5_config.json""}",724a1fea14c056996c0474f9106b8177856f64794ebcc3fc1e458f6a8e12dc05,0.012877451248637466,70.89242617890704,55542903,,True,False,4,True,0.0,lowest_ordered_candidate_on_exact_tie
sensitivity,3,160,set_transformer,Set Transformer,0,True,"{""batch_size"":64,""d_model"":64,""dense_units"":[64,16],""dropout"":0.3,""expected_parameters"":157416,""ff_dim"":256,""frozen"":true,""implementation"":""neural_models.get_set_transformer"",""input_shape"":[22,10],""key_dim"":32,""learning_rate"":0.001,""max_epochs"":50,""num_heads"":2,""num_layers"":3,""output_units"":80,""patience"":10,""pilot_source"":""results/sweep_5.csv"",""pooling"":""global_average""}",6f4dec421d8ca8a60ca233da0707302c871aa8127caae786bc585c163e11c567,0.011932757748893826,167.18683010688983,992424181,504484054.0,True,True,0,True,0.0,lowest_ordered_candidate_on_exact_tie
sensitivity,3,160,set_transformer,Set Transformer,1,False,"{""batch_size"":64,""d_model"":64,""dense_units"":[64,16],""dropout"":0.1,""expected_parameters"":157416,""ff_dim"":256,""frozen"":true,""implementation"":""neural_models.get_set_transformer"",""input_shape"":[22,10],""key_dim"":32,""learning_rate"":0.0003,""max_epochs"":50,""num_heads"":2,""num_layers"":3,""output_units"":80,""patience"":10,""pilot_source"":""results/sweep_5.csv"",""pooling"":""global_average""}",fe204fdf1e84832e477e9c76ffec174e32677e8d5a5f24b670abbf7a3b8c7db1,0.011934311307933985,136.7379296880681,992424181,504484054.0,False,True,0,False,0.0,lowest_ordered_candidate_on_exact_tie
sensitivity,3,160,set_transformer,Set Transformer,2,False,"{""batch_size"":64,""d_model"":64,""dense_units"":[64,16],""dropout"":0.3,""expected_parameters"":157416,""ff_dim"":256,""frozen"":true,""implementation"":""neural_models.get_set_transformer"",""input_shape"":[22,10],""key_dim"":32,""learning_rate"":0.0003,""max_epochs"":50,""num_heads"":2,""num_layers"":3,""output_units"":80,""patience"":10,""pilot_source"":""results/sweep_5.csv"",""pooling"":""global_average""}",98491dd6370054dad3bab81748034d9978d93498b7569cee08e9b098dc1ba9e5,0.011947602419578362,182.13706986396573,992424181,504484054.0,False,True,0,False,0.0,lowest_ordered_candidate_on_exact_tie
sensitivity,3,160,set_transformer,Set Transformer,3,False,"{""batch_size"":64,""d_model"":64,""dense_units"":[64,16],""dropout"":0.1,""expected_parameters"":157416,""ff_dim"":256,""frozen"":true,""implementation"":""neural_models.get_set_transformer"",""input_shape"":[22,10],""key_dim"":32,""learning_rate"":0.001,""max_epochs"":50,""num_heads"":2,""num_layers"":3,""output_units"":80,""patience"":10,""pilot_source"":""results/sweep_5.csv"",""pooling"":""global_average""}",6003534a6fb6f7c259ea7485f50597481535337902a4fc1efeb39ec80445d6d6,0.012048207432597482,105.04146448895335,992424181,504484054.0,False,True,0,False,0.0,lowest_ordered_candidate_on_exact_tie
sensitivity,3,160,zoo_cnn,Zoo CNN,0,True,"{""batch_size"":64,""conv1d_filters"":[160,96,96],""conv2d_filters"":[128,160,128],""dense_units"":[96,256],""dropout"":0.3,""expected_parameters"":145584,""frozen"":true,""implementation"":""neural_models.get_conv_net"",""input_shape"":[11,10,10],""learning_rate"":0.001,""max_epochs"":50,""output_units"":80,""patience"":10,""pilot_source"":""original Zoo architecture and results/sweep_5.csv"",""pooling_weights"":{""average"":0.7,""max"":0.3}}",219344d288a1f6230782c6839c7a9758e13c3625ddae1b87e29779a206a56278,0.012418126340965995,46.098240378079936,639000965,2088098227.0,True,True,0,True,0.0,lowest_ordered_candidate_on_exact_tie
sensitivity,3,160,zoo_cnn,Zoo CNN,1,False,"{""batch_size"":64,""conv1d_filters"":[160,96,96],""conv2d_filters"":[128,160,128],""dense_units"":[96,256],""dropout"":0.1,""expected_parameters"":145584,""frozen"":true,""implementation"":""neural_models.get_conv_net"",""input_shape"":[11,10,10],""learning_rate"":0.0003,""max_epochs"":50,""output_units"":80,""patience"":10,""pilot_source"":""original Zoo architecture and results/sweep_5.csv"",""pooling_weights"":{""average"":0.7,""max"":0.3}}",abbc846d863092760291bfa1d382563580835324df5f7f6ce46a6fbed3da8072,0.013107731886104633,34.68004126287997,639000965,2088098227.0,False,True,0,False,0.0,lowest_ordered_candidate_on_exact_tie
sensitivity,3,160,zoo_cnn,Zoo CNN,2,False,"{""batch_size"":64,""conv1d_filters"":[160,96,96],""conv2d_filters"":[128,160,128],""dense_units"":[96,256],""dropout"":0.3,""expected_parameters"":145584,""frozen"":true,""implementation"":""neural_models.get_conv_net"",""input_shape"":[11,10,10],""learning_rate"":0.0003,""max_epochs"":50,""output_units"":80,""patience"":10,""pilot_source"":""original Zoo architecture and results/sweep_5.csv"",""pooling_weights"":{""average"":0.7,""max"":0.3}}",36cfcc45679e2e31725ccf0dedf1ff567692c99678381161175d0aef95c9aead,0.012874934599909425,61.29984762798995,639000965,2088098227.0,False,True,0,False,0.0,lowest_ordered_candidate_on_exact_tie
sensitivity,3,160,zoo_cnn,Zoo CNN,3,False,"{""batch_size"":64,""conv1d_filters"":[160,96,96],""conv2d_filters"":[128,160,128],""dense_units"":[96,256],""dropout"":0.1,""expected_parameters"":145584,""frozen"":true,""implementation"":""neural_models.get_conv_net"",""input_shape"":[11,10,10],""learning_rate"":0.001,""max_epochs"":50,""output_units"":80,""patience"":10,""pilot_source"":""original Zoo architecture and results/sweep_5.csv"",""pooling_weights"":{""average"":0.7,""max"":0.3}}",0b22203ab4438c16191482ac13e31621a615cbaa6cf409114e6377f1bec3dc7b,0.013070474740164779,37.20369003387168,639000965,2088098227.0,False,True,0,False,0.0,lowest_ordered_candidate_on_exact_tie
sensitivity,3,360,lightgbm_multiclass,LightGBM,0,True,"{""boosting_type"":""gbdt"",""colsample_bytree"":1.0,""frozen"":true,""implementation"":""lightgbm.LGBMClassifier"",""learning_rate"":0.05,""max_depth"":5,""min_child_samples"":50,""min_child_weight"":0.001,""min_split_gain"":0.0,""n_estimators"":200,""n_jobs"":1,""num_class"":80,""num_leaves"":31,""objective"":""multiclass"",""pilot_source"":""results/sweep_5_config.json"",""reg_alpha"":0.5,""reg_lambda"":0.5,""subsample"":1.0,""subsample_freq"":0}",5689446e19bdea1df411111e1e4b5cc50183c270622d0757b33c51d0a5938a1c,0.012243583741114498,26.26814534701407,240885084,,True,True,0,True,0.0,lowest_ordered_candidate_on_exact_tie
sensitivity,3,360,lightgbm_multiclass,LightGBM,1,False,"{""boosting_type"":""gbdt"",""colsample_bytree"":1.0,""frozen"":true,""implementation"":""lightgbm.LGBMClassifier"",""learning_rate"":0.05,""max_depth"":5,""min_child_samples"":20,""min_child_weight"":0.001,""min_split_gain"":0.0,""n_estimators"":200,""n_jobs"":1,""num_class"":80,""num_leaves"":31,""objective"":""multiclass"",""pilot_source"":""results/sweep_5_config.json"",""reg_alpha"":0.1,""reg_lambda"":0.1,""subsample"":1.0,""subsample_freq"":0}",cb116d2e0b5ef62830f7ca0d63c0d488226c533f44349af3605ff4acd0a2aebc,0.01237847232619303,27.13614708906971,240885084,,False,True,0,False,0.0,lowest_ordered_candidate_on_exact_tie
sensitivity,3,360,lightgbm_multiclass,LightGBM,2,False,"{""boosting_type"":""gbdt"",""colsample_bytree"":1.0,""frozen"":true,""implementation"":""lightgbm.LGBMClassifier"",""learning_rate"":0.05,""max_depth"":7,""min_child_samples"":20,""min_child_weight"":0.001,""min_split_gain"":0.0,""n_estimators"":200,""n_jobs"":1,""num_class"":80,""num_leaves"":31,""objective"":""multiclass"",""pilot_source"":""results/sweep_5_config.json"",""reg_alpha"":0.1,""reg_lambda"":0.1,""subsample"":1.0,""subsample_freq"":0}",cae2276bc5c6ec1a3d72ce53c46697dc247ba4430ea98e1f609b624c98c8365e,0.012576679597079378,36.980162125080824,240885084,,False,True,0,False,0.0,lowest_ordered_candidate_on_exact_tie
sensitivity,3,360,lightgbm_multiclass,LightGBM,3,False,"{""boosting_type"":""gbdt"",""colsample_bytree"":1.0,""frozen"":true,""implementation"":""lightgbm.LGBMClassifier"",""learning_rate"":0.1,""max_depth"":5,""min_child_samples"":20,""min_child_weight"":0.001,""min_split_gain"":0.0,""n_estimators"":200,""n_jobs"":1,""num_class"":80,""num_leaves"":31,""objective"":""multiclass"",""pilot_source"":""results/sweep_5_config.json"",""reg_alpha"":0.1,""reg_lambda"":0.1,""subsample"":1.0,""subsample_freq"":0}",c698b699f6c7cf18743346c4dd2691d8b650e657ec9a021d53142751ecc58407,0.012812093966273018,25.10924439993687,240885084,,False,True,0,False,0.0,lowest_ordered_candidate_on_exact_tie
sensitivity,3,360,ridge_sgd_l2,L2 one-vs-rest logistic,0,True,"{""alpha"":0.3333333333333333,""average"":false,""batch_size"":64,""epochs"":50,""eta0"":0.01,""fit_intercept"":true,""frozen"":true,""implementation"":""sklearn.linear_model.SGDClassifier"",""learning_rate"":""optimal"",""loss"":""log_loss"",""penalty"":""l2"",""pilot_source"":""results/sweep_5_config.json""}",851f14fb6b5ecda88baab0b92a7a36c949fdd0437766fc7d2433f329e2fde2f3,0.013186739326599896,157.2704342479119,82181517,,False,False,4,False,0.0,lowest_ordered_candidate_on_exact_tie
sensitivity,3,360,ridge_sgd_l2,L2 one-vs-rest logistic,1,False,"{""alpha"":10.0,""average"":false,""batch_size"":64,""epochs"":50,""eta0"":0.01,""fit_intercept"":true,""frozen"":true,""implementation"":""sklearn.linear_model.SGDClassifier"",""learning_rate"":""optimal"",""loss"":""log_loss"",""penalty"":""l2"",""pilot_source"":""results/sweep_5_config.json""}",dc2707c60c369df46e9b424fa8a1ebc5b23e4a351ced0c10e7e7dc66c6076d51,0.02053939794070988,157.26936436700635,82181517,,False,False,4,False,0.0,lowest_ordered_candidate_on_exact_tie
sensitivity,3,360,ridge_sgd_l2,L2 one-vs-rest logistic,2,False,"{""alpha"":3.3333333333333335,""average"":false,""batch_size"":64,""epochs"":50,""eta0"":0.01,""fit_intercept"":true,""frozen"":true,""implementation"":""sklearn.linear_model.SGDClassifier"",""learning_rate"":""optimal"",""loss"":""log_loss"",""penalty"":""l2"",""pilot_source"":""results/sweep_5_config.json""}",7aa5dba8ad015c8682db23cb59b805649b89895bc1121de465bef1e495573967,0.015765528111765497,157.25009453797247,82181517,,False,False,4,False,0.0,lowest_ordered_candidate_on_exact_tie
sensitivity,3,360,ridge_sgd_l2,L2 one-vs-rest logistic,3,False,"{""alpha"":1.0,""average"":false,""batch_size"":64,""epochs"":50,""eta0"":0.01,""fit_intercept"":true,""frozen"":true,""implementation"":""sklearn.linear_model.SGDClassifier"",""learning_rate"":""optimal"",""loss"":""log_loss"",""penalty"":""l2"",""pilot_source"":""results/sweep_5_config.json""}",f1028920c45a062ceb93b6bb97df161e827da764972699d89f7ccc787385a0de,0.013780137688634012,157.4735309149837,82181517,,False,False,4,False,0.0,lowest_ordered_candidate_on_exact_tie
sensitivity,3,360,ridge_sgd_l2,L2 one-vs-rest logistic,4,False,"{""alpha"":0.1,""average"":false,""batch_size"":64,""epochs"":50,""eta0"":0.01,""fit_intercept"":true,""frozen"":true,""implementation"":""sklearn.linear_model.SGDClassifier"",""learning_rate"":""optimal"",""loss"":""log_loss"",""penalty"":""l2"",""pilot_source"":""results/sweep_5_config.json""}",724a1fea14c056996c0474f9106b8177856f64794ebcc3fc1e458f6a8e12dc05,0.012857164926891904,157.30245604598895,82181517,,True,False,4,True,0.0,lowest_ordered_candidate_on_exact_tie
sensitivity,3,360,set_transformer,Set Transformer,0,True,"{""batch_size"":64,""d_model"":64,""dense_units"":[64,16],""dropout"":0.3,""expected_parameters"":157416,""ff_dim"":256,""frozen"":true,""implementation"":""neural_models.get_set_transformer"",""input_shape"":[22,10],""key_dim"":32,""learning_rate"":0.001,""max_epochs"":50,""num_heads"":2,""num_layers"":3,""output_units"":80,""patience"":10,""pilot_source"":""results/sweep_5.csv"",""pooling"":""global_average""}",6f4dec421d8ca8a60ca233da0707302c871aa8127caae786bc585c163e11c567,0.011611409052317554,301.114422762068,1427438472,1391112410.0,False,False,2,False,0.0,lowest_ordered_candidate_on_exact_tie
sensitivity,3,360,set_transformer,Set Transformer,1,False,"{""batch_size"":64,""d_model"":64,""dense_units"":[64,16],""dropout"":0.1,""expected_parameters"":157416,""ff_dim"":256,""frozen"":true,""implementation"":""neural_models.get_set_transformer"",""input_shape"":[22,10],""key_dim"":32,""learning_rate"":0.0003,""max_epochs"":50,""num_heads"":2,""num_layers"":3,""output_units"":80,""patience"":10,""pilot_source"":""results/sweep_5.csv"",""pooling"":""global_average""}",fe204fdf1e84832e477e9c76ffec174e32677e8d5a5f24b670abbf7a3b8c7db1,0.01173496091988369,208.76013258192688,1427438472,1391112410.0,False,False,2,False,0.0,lowest_ordered_candidate_on_exact_tie
sensitivity,3,360,set_transformer,Set Transformer,2,False,"{""batch_size"":64,""d_model"":64,""dense_units"":[64,16],""dropout"":0.3,""expected_parameters"":157416,""ff_dim"":256,""frozen"":true,""implementation"":""neural_models.get_set_transformer"",""input_shape"":[22,10],""key_dim"":32,""learning_rate"":0.0003,""max_epochs"":50,""num_heads"":2,""num_layers"":3,""output_units"":80,""patience"":10,""pilot_source"":""results/sweep_5.csv"",""pooling"":""global_average""}",98491dd6370054dad3bab81748034d9978d93498b7569cee08e9b098dc1ba9e5,0.011479207734854297,390.55935580888763,1427438472,1391112410.0,True,False,2,True,0.0,lowest_ordered_candidate_on_exact_tie
sensitivity,3,360,set_transformer,Set Transformer,3,False,"{""batch_size"":64,""d_model"":64,""dense_units"":[64,16],""dropout"":0.1,""expected_parameters"":157416,""ff_dim"":256,""frozen"":true,""implementation"":""neural_models.get_set_transformer"",""input_shape"":[22,10],""key_dim"":32,""learning_rate"":0.001,""max_epochs"":50,""num_heads"":2,""num_layers"":3,""output_units"":80,""patience"":10,""pilot_source"":""results/sweep_5.csv"",""pooling"":""global_average""}",6003534a6fb6f7c259ea7485f50597481535337902a4fc1efeb39ec80445d6d6,0.011699720017062824,238.82487623393536,1427438472,1391112410.0,False,False,2,False,0.0,lowest_ordered_candidate_on_exact_tie
sensitivity,3,360,zoo_cnn,Zoo CNN,0,True,"{""batch_size"":64,""conv1d_filters"":[160,96,96],""conv2d_filters"":[128,160,128],""dense_units"":[96,256],""dropout"":0.3,""expected_parameters"":145584,""frozen"":true,""implementation"":""neural_models.get_conv_net"",""input_shape"":[11,10,10],""learning_rate"":0.001,""max_epochs"":50,""output_units"":80,""patience"":10,""pilot_source"":""original Zoo architecture and results/sweep_5.csv"",""pooling_weights"":{""average"":0.7,""max"":0.3}}",219344d288a1f6230782c6839c7a9758e13c3625ddae1b87e29779a206a56278,0.012257753096545197,91.20996214309707,1993216390,1901219598.0,True,True,0,True,0.0,lowest_ordered_candidate_on_exact_tie
sensitivity,3,360,zoo_cnn,Zoo CNN,1,False,"{""batch_size"":64,""conv1d_filters"":[160,96,96],""conv2d_filters"":[128,160,128],""dense_units"":[96,256],""dropout"":0.1,""expected_parameters"":145584,""frozen"":true,""implementation"":""neural_models.get_conv_net"",""input_shape"":[11,10,10],""learning_rate"":0.0003,""max_epochs"":50,""output_units"":80,""patience"":10,""pilot_source"":""original Zoo architecture and results/sweep_5.csv"",""pooling_weights"":{""average"":0.7,""max"":0.3}}",abbc846d863092760291bfa1d382563580835324df5f7f6ce46a6fbed3da8072,0.012281320886798017,78.10957601899281,1993216390,1901219598.0,False,True,0,False,0.0,lowest_ordered_candidate_on_exact_tie
sensitivity,3,360,zoo_cnn,Zoo CNN,2,False,"{""batch_size"":64,""conv1d_filters"":[160,96,96],""conv2d_filters"":[128,160,128],""dense_units"":[96,256],""dropout"":0.3,""expected_parameters"":145584,""frozen"":true,""implementation"":""neural_models.get_conv_net"",""input_shape"":[11,10,10],""learning_rate"":0.0003,""max_epochs"":50,""output_units"":80,""patience"":10,""pilot_source"":""original Zoo architecture and results/sweep_5.csv"",""pooling_weights"":{""average"":0.7,""max"":0.3}}",36cfcc45679e2e31725ccf0dedf1ff567692c99678381161175d0aef95c9aead,0.01262450599486931,118.80961799109355,1993216390,1901219598.0,False,True,0,False,0.0,lowest_ordered_candidate_on_exact_tie
sensitivity,3,360,zoo_cnn,Zoo CNN,3,False,"{""batch_size"":64,""conv1d_filters"":[160,96,96],""conv2d_filters"":[128,160,128],""dense_units"":[96,256],""dropout"":0.1,""expected_parameters"":145584,""frozen"":true,""implementation"":""neural_models.get_conv_net"",""input_shape"":[11,10,10],""learning_rate"":0.001,""max_epochs"":50,""output_units"":80,""patience"":10,""pilot_source"":""original Zoo architecture and results/sweep_5.csv"",""pooling_weights"":{""average"":0.7,""max"":0.3}}",0b22203ab4438c16191482ac13e31621a615cbaa6cf409114e6377f1bec3dc7b,0.01269709822980332,107.4724260950461,1993216390,1901219598.0,False,True,0,False,0.0,lowest_ordered_candidate_on_exact_tie
sensitivity,4,20,lightgbm_multiclass,LightGBM,0,True,"{""boosting_type"":""gbdt"",""colsample_bytree"":1.0,""frozen"":true,""implementation"":""lightgbm.LGBMClassifier"",""learning_rate"":0.05,""max_depth"":5,""min_child_samples"":50,""min_child_weight"":0.001,""min_split_gain"":0.0,""n_estimators"":200,""n_jobs"":1,""num_class"":80,""num_leaves"":31,""objective"":""multiclass"",""pilot_source"":""results/sweep_5_config.json"",""reg_alpha"":0.5,""reg_lambda"":0.5,""subsample"":1.0,""subsample_freq"":0}",5689446e19bdea1df411111e1e4b5cc50183c270622d0757b33c51d0a5938a1c,0.014551199307707796,3.4609470260329545,32202649,,True,True,0,True,0.0,lowest_ordered_candidate_on_exact_tie
sensitivity,4,20,lightgbm_multiclass,LightGBM,1,False,"{""boosting_type"":""gbdt"",""colsample_bytree"":1.0,""frozen"":true,""implementation"":""lightgbm.LGBMClassifier"",""learning_rate"":0.05,""max_depth"":5,""min_child_samples"":20,""min_child_weight"":0.001,""min_split_gain"":0.0,""n_estimators"":200,""n_jobs"":1,""num_class"":80,""num_leaves"":31,""objective"":""multiclass"",""pilot_source"":""results/sweep_5_config.json"",""reg_alpha"":0.1,""reg_lambda"":0.1,""subsample"":1.0,""subsample_freq"":0}",cb116d2e0b5ef62830f7ca0d63c0d488226c533f44349af3605ff4acd0a2aebc,0.015163776389742478,4.317680945037864,32202649,,False,True,0,False,0.0,lowest_ordered_candidate_on_exact_tie
sensitivity,4,20,lightgbm_multiclass,LightGBM,2,False,"{""boosting_type"":""gbdt"",""colsample_bytree"":1.0,""frozen"":true,""implementation"":""lightgbm.LGBMClassifier"",""learning_rate"":0.05,""max_depth"":7,""min_child_samples"":20,""min_child_weight"":0.001,""min_split_gain"":0.0,""n_estimators"":200,""n_jobs"":1,""num_class"":80,""num_leaves"":31,""objective"":""multiclass"",""pilot_source"":""results/sweep_5_config.json"",""reg_alpha"":0.1,""reg_lambda"":0.1,""subsample"":1.0,""subsample_freq"":0}",cae2276bc5c6ec1a3d72ce53c46697dc247ba4430ea98e1f609b624c98c8365e,0.015041669293857845,4.667518930044025,32202649,,False,True,0,False,0.0,lowest_ordered_candidate_on_exact_tie
sensitivity,4,20,lightgbm_multiclass,LightGBM,3,False,"{""boosting_type"":""gbdt"",""colsample_bytree"":1.0,""frozen"":true,""implementation"":""lightgbm.LGBMClassifier"",""learning_rate"":0.1,""max_depth"":5,""min_child_samples"":20,""min_child_weight"":0.001,""min_split_gain"":0.0,""n_estimators"":200,""n_jobs"":1,""num_class"":80,""num_leaves"":31,""objective"":""multiclass"",""pilot_source"":""results/sweep_5_config.json"",""reg_alpha"":0.1,""reg_lambda"":0.1,""subsample"":1.0,""subsample_freq"":0}",c698b699f6c7cf18743346c4dd2691d8b650e657ec9a021d53142751ecc58407,0.015299145138557495,2.963282671989873,32202649,,False,True,0,False,0.0,lowest_ordered_candidate_on_exact_tie
sensitivity,4,20,ridge_sgd_l2,L2 one-vs-rest logistic,0,True,"{""alpha"":0.3333333333333333,""average"":false,""batch_size"":64,""epochs"":50,""eta0"":0.01,""fit_intercept"":true,""frozen"":true,""implementation"":""sklearn.linear_model.SGDClassifier"",""learning_rate"":""optimal"",""loss"":""log_loss"",""penalty"":""l2"",""pilot_source"":""results/sweep_5_config.json""}",851f14fb6b5ecda88baab0b92a7a36c949fdd0437766fc7d2433f329e2fde2f3,0.014474392031528819,9.45188937697094,1379260171,,False,False,4,False,0.0,lowest_ordered_candidate_on_exact_tie
sensitivity,4,20,ridge_sgd_l2,L2 one-vs-rest logistic,1,False,"{""alpha"":10.0,""average"":false,""batch_size"":64,""epochs"":50,""eta0"":0.01,""fit_intercept"":true,""frozen"":true,""implementation"":""sklearn.linear_model.SGDClassifier"",""learning_rate"":""optimal"",""loss"":""log_loss"",""penalty"":""l2"",""pilot_source"":""results/sweep_5_config.json""}",dc2707c60c369df46e9b424fa8a1ebc5b23e4a351ced0c10e7e7dc66c6076d51,0.021181686533096305,9.272751398966648,1379260171,,False,False,4,False,0.0,lowest_ordered_candidate_on_exact_tie
sensitivity,4,20,ridge_sgd_l2,L2 one-vs-rest logistic,2,False,"{""alpha"":3.3333333333333335,""average"":false,""batch_size"":64,""epochs"":50,""eta0"":0.01,""fit_intercept"":true,""frozen"":true,""implementation"":""sklearn.linear_model.SGDClassifier"",""learning_rate"":""optimal"",""loss"":""log_loss"",""penalty"":""l2"",""pilot_source"":""results/sweep_5_config.json""}",7aa5dba8ad015c8682db23cb59b805649b89895bc1121de465bef1e495573967,0.016707871558470287,9.261005667038262,1379260171,,False,False,4,False,0.0,lowest_ordered_candidate_on_exact_tie
sensitivity,4,20,ridge_sgd_l2,L2 one-vs-rest logistic,3,False,"{""alpha"":1.0,""average"":false,""batch_size"":64,""epochs"":50,""eta0"":0.01,""fit_intercept"":true,""frozen"":true,""implementation"":""sklearn.linear_model.SGDClassifier"",""learning_rate"":""optimal"",""loss"":""log_loss"",""penalty"":""l2"",""pilot_source"":""results/sweep_5_config.json""}",f1028920c45a062ceb93b6bb97df161e827da764972699d89f7ccc787385a0de,0.014945615932407966,9.278807620052248,1379260171,,False,False,4,False,0.0,lowest_ordered_candidate_on_exact_tie
sensitivity,4,20,ridge_sgd_l2,L2 one-vs-rest logistic,4,False,"{""alpha"":0.1,""average"":false,""batch_size"":64,""epochs"":50,""eta0"":0.01,""fit_intercept"":true,""frozen"":true,""implementation"":""sklearn.linear_model.SGDClassifier"",""learning_rate"":""optimal"",""loss"":""log_loss"",""penalty"":""l2"",""pilot_source"":""results/sweep_5_config.json""}",724a1fea14c056996c0474f9106b8177856f64794ebcc3fc1e458f6a8e12dc05,0.014344743621362782,9.225833903998137,1379260171,,True,False,4,True,0.0,lowest_ordered_candidate_on_exact_tie
sensitivity,4,20,set_transformer,Set Transformer,0,True,"{""batch_size"":64,""d_model"":64,""dense_units"":[64,16],""dropout"":0.3,""expected_parameters"":157416,""ff_dim"":256,""frozen"":true,""implementation"":""neural_models.get_set_transformer"",""input_shape"":[22,10],""key_dim"":32,""learning_rate"":0.001,""max_epochs"":50,""num_heads"":2,""num_layers"":3,""output_units"":80,""patience"":10,""pilot_source"":""results/sweep_5.csv"",""pooling"":""global_average""}",6f4dec421d8ca8a60ca233da0707302c871aa8127caae786bc585c163e11c567,0.014271233365550674,24.092029609018937,107800108,2038964667.0,False,False,3,False,0.0,lowest_ordered_candidate_on_exact_tie
sensitivity,4,20,set_transformer,Set Transformer,1,False,"{""batch_size"":64,""d_model"":64,""dense_units"":[64,16],""dropout"":0.1,""expected_parameters"":157416,""ff_dim"":256,""frozen"":true,""implementation"":""neural_models.get_set_transformer"",""input_shape"":[22,10],""key_dim"":32,""learning_rate"":0.0003,""max_epochs"":50,""num_heads"":2,""num_layers"":3,""output_units"":80,""patience"":10,""pilot_source"":""results/sweep_5.csv"",""pooling"":""global_average""}",fe204fdf1e84832e477e9c76ffec174e32677e8d5a5f24b670abbf7a3b8c7db1,0.014497944823586998,28.72390458197333,107800108,2038964667.0,False,False,3,False,0.0,lowest_ordered_candidate_on_exact_tie
sensitivity,4,20,set_transformer,Set Transformer,2,False,"{""batch_size"":64,""d_model"":64,""dense_units"":[64,16],""dropout"":0.3,""expected_parameters"":157416,""ff_dim"":256,""frozen"":true,""implementation"":""neural_models.get_set_transformer"",""input_shape"":[22,10],""key_dim"":32,""learning_rate"":0.0003,""max_epochs"":50,""num_heads"":2,""num_layers"":3,""output_units"":80,""patience"":10,""pilot_source"":""results/sweep_5.csv"",""pooling"":""global_average""}",98491dd6370054dad3bab81748034d9978d93498b7569cee08e9b098dc1ba9e5,0.014503741724064163,29.323073264909908,107800108,2038964667.0,False,False,3,False,0.0,lowest_ordered_candidate_on_exact_tie
sensitivity,4,20,set_transformer,Set Transformer,3,False,"{""batch_size"":64,""d_model"":64,""dense_units"":[64,16],""dropout"":0.1,""expected_parameters"":157416,""ff_dim"":256,""frozen"":true,""implementation"":""neural_models.get_set_transformer"",""input_shape"":[22,10],""key_dim"":32,""learning_rate"":0.001,""max_epochs"":50,""num_heads"":2,""num_layers"":3,""output_units"":80,""patience"":10,""pilot_source"":""results/sweep_5.csv"",""pooling"":""global_average""}",6003534a6fb6f7c259ea7485f50597481535337902a4fc1efeb39ec80445d6d6,0.01426872048195152,27.406547066988423,107800108,2038964667.0,True,False,3,True,0.0,lowest_ordered_candidate_on_exact_tie
sensitivity,4,20,zoo_cnn,Zoo CNN,0,True,"{""batch_size"":64,""conv1d_filters"":[160,96,96],""conv2d_filters"":[128,160,128],""dense_units"":[96,256],""dropout"":0.3,""expected_parameters"":145584,""frozen"":true,""implementation"":""neural_models.get_conv_net"",""input_shape"":[11,10,10],""learning_rate"":0.001,""max_epochs"":50,""output_units"":80,""patience"":10,""pilot_source"":""original Zoo architecture and results/sweep_5.csv"",""pooling_weights"":{""average"":0.7,""max"":0.3}}",219344d288a1f6230782c6839c7a9758e13c3625ddae1b87e29779a206a56278,0.016607330620012548,13.028868177905679,1429093312,40277405.0,False,False,1,False,0.0,lowest_ordered_candidate_on_exact_tie
sensitivity,4,20,zoo_cnn,Zoo CNN,1,False,"{""batch_size"":64,""conv1d_filters"":[160,96,96],""conv2d_filters"":[128,160,128],""dense_units"":[96,256],""dropout"":0.1,""expected_parameters"":145584,""frozen"":true,""implementation"":""neural_models.get_conv_net"",""input_shape"":[11,10,10],""learning_rate"":0.0003,""max_epochs"":50,""output_units"":80,""patience"":10,""pilot_source"":""original Zoo architecture and results/sweep_5.csv"",""pooling_weights"":{""average"":0.7,""max"":0.3}}",abbc846d863092760291bfa1d382563580835324df5f7f6ce46a6fbed3da8072,0.016424770888479462,12.353745409054682,1429093312,40277405.0,True,False,1,True,0.0,lowest_ordered_candidate_on_exact_tie
sensitivity,4,20,zoo_cnn,Zoo CNN,2,False,"{""batch_size"":64,""conv1d_filters"":[160,96,96],""conv2d_filters"":[128,160,128],""dense_units"":[96,256],""dropout"":0.3,""expected_parameters"":145584,""frozen"":true,""implementation"":""neural_models.get_conv_net"",""input_shape"":[11,10,10],""learning_rate"":0.0003,""max_epochs"":50,""output_units"":80,""patience"":10,""pilot_source"":""original Zoo architecture and results/sweep_5.csv"",""pooling_weights"":{""average"":0.7,""max"":0.3}}",36cfcc45679e2e31725ccf0dedf1ff567692c99678381161175d0aef95c9aead,0.01664170622136255,12.553939363919199,1429093312,40277405.0,False,False,1,False,0.0,lowest_ordered_candidate_on_exact_tie
sensitivity,4,20,zoo_cnn,Zoo CNN,3,False,"{""batch_size"":64,""conv1d_filters"":[160,96,96],""conv2d_filters"":[128,160,128],""dense_units"":[96,256],""dropout"":0.1,""expected_parameters"":145584,""frozen"":true,""implementation"":""neural_models.get_conv_net"",""input_shape"":[11,10,10],""learning_rate"":0.001,""max_epochs"":50,""output_units"":80,""patience"":10,""pilot_source"":""original Zoo architecture and results/sweep_5.csv"",""pooling_weights"":{""average"":0.7,""max"":0.3}}",0b22203ab4438c16191482ac13e31621a615cbaa6cf409114e6377f1bec3dc7b,0.017237122888375596,9.946511188987643,1429093312,40277405.0,False,False,1,False,0.0,lowest_ordered_candidate_on_exact_tie
sensitivity,4,160,lightgbm_multiclass,LightGBM,0,True,"{""boosting_type"":""gbdt"",""colsample_bytree"":1.0,""frozen"":true,""implementation"":""lightgbm.LGBMClassifier"",""learning_rate"":0.05,""max_depth"":5,""min_child_samples"":50,""min_child_weight"":0.001,""min_split_gain"":0.0,""n_estimators"":200,""n_jobs"":1,""num_class"":80,""num_leaves"":31,""objective"":""multiclass"",""pilot_source"":""results/sweep_5_config.json"",""reg_alpha"":0.5,""reg_lambda"":0.5,""subsample"":1.0,""subsample_freq"":0}",5689446e19bdea1df411111e1e4b5cc50183c270622d0757b33c51d0a5938a1c,0.013928460766968383,14.731627923087217,1755112995,,True,True,0,True,0.0,lowest_ordered_candidate_on_exact_tie
sensitivity,4,160,lightgbm_multiclass,LightGBM,1,False,"{""boosting_type"":""gbdt"",""colsample_bytree"":1.0,""frozen"":true,""implementation"":""lightgbm.LGBMClassifier"",""learning_rate"":0.05,""max_depth"":5,""min_child_samples"":20,""min_child_weight"":0.001,""min_split_gain"":0.0,""n_estimators"":200,""n_jobs"":1,""num_class"":80,""num_leaves"":31,""objective"":""multiclass"",""pilot_source"":""results/sweep_5_config.json"",""reg_alpha"":0.1,""reg_lambda"":0.1,""subsample"":1.0,""subsample_freq"":0}",cb116d2e0b5ef62830f7ca0d63c0d488226c533f44349af3605ff4acd0a2aebc,0.014177930536775315,15.87622174702119,1755112995,,False,True,0,False,0.0,lowest_ordered_candidate_on_exact_tie
sensitivity,4,160,lightgbm_multiclass,LightGBM,2,False,"{""boosting_type"":""gbdt"",""colsample_bytree"":1.0,""frozen"":true,""implementation"":""lightgbm.LGBMClassifier"",""learning_rate"":0.05,""max_depth"":7,""min_child_samples"":20,""min_child_weight"":0.001,""min_split_gain"":0.0,""n_estimators"":200,""n_jobs"":1,""num_class"":80,""num_leaves"":31,""objective"":""multiclass"",""pilot_source"":""results/sweep_5_config.json"",""reg_alpha"":0.1,""reg_lambda"":0.1,""subsample"":1.0,""subsample_freq"":0}",cae2276bc5c6ec1a3d72ce53c46697dc247ba4430ea98e1f609b624c98c8365e,0.014446580685568276,21.220493116998114,1755112995,,False,True,0,False,0.0,lowest_ordered_candidate_on_exact_tie
sensitivity,4,160,lightgbm_multiclass,LightGBM,3,False,"{""boosting_type"":""gbdt"",""colsample_bytree"":1.0,""frozen"":true,""implementation"":""lightgbm.LGBMClassifier"",""learning_rate"":0.1,""max_depth"":5,""min_child_samples"":20,""min_child_weight"":0.001,""min_split_gain"":0.0,""n_estimators"":200,""n_jobs"":1,""num_class"":80,""num_leaves"":31,""objective"":""multiclass"",""pilot_source"":""results/sweep_5_config.json"",""reg_alpha"":0.1,""reg_lambda"":0.1,""subsample"":1.0,""subsample_freq"":0}",c698b699f6c7cf18743346c4dd2691d8b650e657ec9a021d53142751ecc58407,0.014700123711686844,14.32259509107098,1755112995,,False,True,0,False,0.0,lowest_ordered_candidate_on_exact_tie
sensitivity,4,160,ridge_sgd_l2,L2 one-vs-rest logistic,0,True,"{""alpha"":0.3333333333333333,""average"":false,""batch_size"":64,""epochs"":50,""eta0"":0.01,""fit_intercept"":true,""frozen"":true,""implementation"":""sklearn.linear_model.SGDClassifier"",""learning_rate"":""optimal"",""loss"":""log_loss"",""penalty"":""l2"",""pilot_source"":""results/sweep_5_config.json""}",851f14fb6b5ecda88baab0b92a7a36c949fdd0437766fc7d2433f329e2fde2f3,0.014477789296792278,71.06750164099503,495228874,,False,False,4,False,0.0,lowest_ordered_candidate_on_exact_tie
sensitivity,4,160,ridge_sgd_l2,L2 one-vs-rest logistic,1,False,"{""alpha"":10.0,""average"":false,""batch_size"":64,""epochs"":50,""eta0"":0.01,""fit_intercept"":true,""frozen"":true,""implementation"":""sklearn.linear_model.SGDClassifier"",""learning_rate"":""optimal"",""loss"":""log_loss"",""penalty"":""l2"",""pilot_source"":""results/sweep_5_config.json""}",dc2707c60c369df46e9b424fa8a1ebc5b23e4a351ced0c10e7e7dc66c6076d51,0.021295748335470113,70.82618330500554,495228874,,False,False,4,False,0.0,lowest_ordered_candidate_on_exact_tie
sensitivity,4,160,ridge_sgd_l2,L2 one-vs-rest logistic,2,False,"{""alpha"":3.3333333333333335,""average"":false,""batch_size"":64,""epochs"":50,""eta0"":0.01,""fit_intercept"":true,""frozen"":true,""implementation"":""sklearn.linear_model.SGDClassifier"",""learning_rate"":""optimal"",""loss"":""log_loss"",""penalty"":""l2"",""pilot_source"":""results/sweep_5_config.json""}",7aa5dba8ad015c8682db23cb59b805649b89895bc1121de465bef1e495573967,0.01680633661182242,70.90745791909285,495228874,,False,False,4,False,0.0,lowest_ordered_candidate_on_exact_tie
sensitivity,4,160,ridge_sgd_l2,L2 one-vs-rest logistic,3,False,"{""alpha"":1.0,""average"":false,""batch_size"":64,""epochs"":50,""eta0"":0.01,""fit_intercept"":true,""frozen"":true,""implementation"":""sklearn.linear_model.SGDClassifier"",""learning_rate"":""optimal"",""loss"":""log_loss"",""penalty"":""l2"",""pilot_source"":""results/sweep_5_config.json""}",f1028920c45a062ceb93b6bb97df161e827da764972699d89f7ccc787385a0de,0.01500225669059541,70.97695186396595,495228874,,False,False,4,False,0.0,lowest_ordered_candidate_on_exact_tie
sensitivity,4,160,ridge_sgd_l2,L2 one-vs-rest logistic,4,False,"{""alpha"":0.1,""average"":false,""batch_size"":64,""epochs"":50,""eta0"":0.01,""fit_intercept"":true,""frozen"":true,""implementation"":""sklearn.linear_model.SGDClassifier"",""learning_rate"":""optimal"",""loss"":""log_loss"",""penalty"":""l2"",""pilot_source"":""results/sweep_5_config.json""}",724a1fea14c056996c0474f9106b8177856f64794ebcc3fc1e458f6a8e12dc05,0.014214690093202195,70.91772654291708,495228874,,True,False,4,True,0.0,lowest_ordered_candidate_on_exact_tie
sensitivity,4,160,set_transformer,Set Transformer,0,True,"{""batch_size"":64,""d_model"":64,""dense_units"":[64,16],""dropout"":0.3,""expected_parameters"":157416,""ff_dim"":256,""frozen"":true,""implementation"":""neural_models.get_set_transformer"",""input_shape"":[22,10],""key_dim"":32,""learning_rate"":0.001,""max_epochs"":50,""num_heads"":2,""num_layers"":3,""output_units"":80,""patience"":10,""pilot_source"":""results/sweep_5.csv"",""pooling"":""global_average""}",6f4dec421d8ca8a60ca233da0707302c871aa8127caae786bc585c163e11c567,0.013059439721231272,110.64880069182254,892531374,1515320262.0,False,False,2,False,0.0,lowest_ordered_candidate_on_exact_tie
sensitivity,4,160,set_transformer,Set Transformer,1,False,"{""batch_size"":64,""d_model"":64,""dense_units"":[64,16],""dropout"":0.1,""expected_parameters"":157416,""ff_dim"":256,""frozen"":true,""implementation"":""neural_models.get_set_transformer"",""input_shape"":[22,10],""key_dim"":32,""learning_rate"":0.0003,""max_epochs"":50,""num_heads"":2,""num_layers"":3,""output_units"":80,""patience"":10,""pilot_source"":""results/sweep_5.csv"",""pooling"":""global_average""}",fe204fdf1e84832e477e9c76ffec174e32677e8d5a5f24b670abbf7a3b8c7db1,0.013066271430192096,112.0931068030186,892531374,1515320262.0,False,False,2,False,0.0,lowest_ordered_candidate_on_exact_tie
sensitivity,4,160,set_transformer,Set Transformer,2,False,"{""batch_size"":64,""d_model"":64,""dense_units"":[64,16],""dropout"":0.3,""expected_parameters"":157416,""ff_dim"":256,""frozen"":true,""implementation"":""neural_models.get_set_transformer"",""input_shape"":[22,10],""key_dim"":32,""learning_rate"":0.0003,""max_epochs"":50,""num_heads"":2,""num_layers"":3,""output_units"":80,""patience"":10,""pilot_source"":""results/sweep_5.csv"",""pooling"":""global_average""}",98491dd6370054dad3bab81748034d9978d93498b7569cee08e9b098dc1ba9e5,0.0129732867775856,114.24998867604882,892531374,1515320262.0,True,False,2,True,0.0,lowest_ordered_candidate_on_exact_tie
sensitivity,4,160,set_transformer,Set Transformer,3,False,"{""batch_size"":64,""d_model"":64,""dense_units"":[64,16],""dropout"":0.1,""expected_parameters"":157416,""ff_dim"":256,""frozen"":true,""implementation"":""neural_models.get_set_transformer"",""input_shape"":[22,10],""key_dim"":32,""learning_rate"":0.001,""max_epochs"":50,""num_heads"":2,""num_layers"":3,""output_units"":80,""patience"":10,""pilot_source"":""results/sweep_5.csv"",""pooling"":""global_average""}",6003534a6fb6f7c259ea7485f50597481535337902a4fc1efeb39ec80445d6d6,0.0133001885685976,104.57983467588201,892531374,1515320262.0,False,False,2,False,0.0,lowest_ordered_candidate_on_exact_tie
sensitivity,4,160,zoo_cnn,Zoo CNN,0,True,"{""batch_size"":64,""conv1d_filters"":[160,96,96],""conv2d_filters"":[128,160,128],""dense_units"":[96,256],""dropout"":0.3,""expected_parameters"":145584,""frozen"":true,""implementation"":""neural_models.get_conv_net"",""input_shape"":[11,10,10],""learning_rate"":0.001,""max_epochs"":50,""output_units"":80,""patience"":10,""pilot_source"":""original Zoo architecture and results/sweep_5.csv"",""pooling_weights"":{""average"":0.7,""max"":0.3}}",219344d288a1f6230782c6839c7a9758e13c3625ddae1b87e29779a206a56278,0.013232025600273643,30.514780829893425,146845457,1997722387.0,True,True,0,True,0.0,lowest_ordered_candidate_on_exact_tie
sensitivity,4,160,zoo_cnn,Zoo CNN,1,False,"{""batch_size"":64,""conv1d_filters"":[160,96,96],""conv2d_filters"":[128,160,128],""dense_units"":[96,256],""dropout"":0.1,""expected_parameters"":145584,""frozen"":true,""implementation"":""neural_models.get_conv_net"",""input_shape"":[11,10,10],""learning_rate"":0.0003,""max_epochs"":50,""output_units"":80,""patience"":10,""pilot_source"":""original Zoo architecture and results/sweep_5.csv"",""pooling_weights"":{""average"":0.7,""max"":0.3}}",abbc846d863092760291bfa1d382563580835324df5f7f6ce46a6fbed3da8072,0.014092404578087657,23.883460611104965,146845457,1997722387.0,False,True,0,False,0.0,lowest_ordered_candidate_on_exact_tie
sensitivity,4,160,zoo_cnn,Zoo CNN,2,False,"{""batch_size"":64,""conv1d_filters"":[160,96,96],""conv2d_filters"":[128,160,128],""dense_units"":[96,256],""dropout"":0.3,""expected_parameters"":145584,""frozen"":true,""implementation"":""neural_models.get_conv_net"",""input_shape"":[11,10,10],""learning_rate"":0.0003,""max_epochs"":50,""output_units"":80,""patience"":10,""pilot_source"":""original Zoo architecture and results/sweep_5.csv"",""pooling_weights"":{""average"":0.7,""max"":0.3}}",36cfcc45679e2e31725ccf0dedf1ff567692c99678381161175d0aef95c9aead,0.014426180147751363,22.543356425128877,146845457,1997722387.0,False,True,0,False,0.0,lowest_ordered_candidate_on_exact_tie
sensitivity,4,160,zoo_cnn,Zoo CNN,3,False,"{""batch_size"":64,""conv1d_filters"":[160,96,96],""conv2d_filters"":[128,160,128],""dense_units"":[96,256],""dropout"":0.1,""expected_parameters"":145584,""frozen"":true,""implementation"":""neural_models.get_conv_net"",""input_shape"":[11,10,10],""learning_rate"":0.001,""max_epochs"":50,""output_units"":80,""patience"":10,""pilot_source"":""original Zoo architecture and results/sweep_5.csv"",""pooling_weights"":{""average"":0.7,""max"":0.3}}",0b22203ab4438c16191482ac13e31621a615cbaa6cf409114e6377f1bec3dc7b,0.015116742052561305,30.613714781822637,146845457,1997722387.0,False,True,0,False,0.0,lowest_ordered_candidate_on_exact_tie
sensitivity,4,360,lightgbm_multiclass,LightGBM,0,True,"{""boosting_type"":""gbdt"",""colsample_bytree"":1.0,""frozen"":true,""implementation"":""lightgbm.LGBMClassifier"",""learning_rate"":0.05,""max_depth"":5,""min_child_samples"":50,""min_child_weight"":0.001,""min_split_gain"":0.0,""n_estimators"":200,""n_jobs"":1,""num_class"":80,""num_leaves"":31,""objective"":""multiclass"",""pilot_source"":""results/sweep_5_config.json"",""reg_alpha"":0.5,""reg_lambda"":0.5,""subsample"":1.0,""subsample_freq"":0}",5689446e19bdea1df411111e1e4b5cc50183c270622d0757b33c51d0a5938a1c,0.013772498301238684,26.607538226991892,242267263,,True,True,0,True,0.0,lowest_ordered_candidate_on_exact_tie
sensitivity,4,360,lightgbm_multiclass,LightGBM,1,False,"{""boosting_type"":""gbdt"",""colsample_bytree"":1.0,""frozen"":true,""implementation"":""lightgbm.LGBMClassifier"",""learning_rate"":0.05,""max_depth"":5,""min_child_samples"":20,""min_child_weight"":0.001,""min_split_gain"":0.0,""n_estimators"":200,""n_jobs"":1,""num_class"":80,""num_leaves"":31,""objective"":""multiclass"",""pilot_source"":""results/sweep_5_config.json"",""reg_alpha"":0.1,""reg_lambda"":0.1,""subsample"":1.0,""subsample_freq"":0}",cb116d2e0b5ef62830f7ca0d63c0d488226c533f44349af3605ff4acd0a2aebc,0.013868650370068293,27.906317076995037,242267263,,False,True,0,False,0.0,lowest_ordered_candidate_on_exact_tie
sensitivity,4,360,lightgbm_multiclass,LightGBM,2,False,"{""boosting_type"":""gbdt"",""colsample_bytree"":1.0,""frozen"":true,""implementation"":""lightgbm.LGBMClassifier"",""learning_rate"":0.05,""max_depth"":7,""min_child_samples"":20,""min_child_weight"":0.001,""min_split_gain"":0.0,""n_estimators"":200,""n_jobs"":1,""num_class"":80,""num_leaves"":31,""objective"":""multiclass"",""pilot_source"":""results/sweep_5_config.json"",""reg_alpha"":0.1,""reg_lambda"":0.1,""subsample"":1.0,""subsample_freq"":0}",cae2276bc5c6ec1a3d72ce53c46697dc247ba4430ea98e1f609b624c98c8365e,0.014072953936424446,35.495709978975356,242267263,,False,True,0,False,0.0,lowest_ordered_candidate_on_exact_tie
sensitivity,4,360,lightgbm_multiclass,LightGBM,3,False,"{""boosting_type"":""gbdt"",""colsample_bytree"":1.0,""frozen"":true,""implementation"":""lightgbm.LGBMClassifier"",""learning_rate"":0.1,""max_depth"":5,""min_child_samples"":20,""min_child_weight"":0.001,""min_split_gain"":0.0,""n_estimators"":200,""n_jobs"":1,""num_class"":80,""num_leaves"":31,""objective"":""multiclass"",""pilot_source"":""results/sweep_5_config.json"",""reg_alpha"":0.1,""reg_lambda"":0.1,""subsample"":1.0,""subsample_freq"":0}",c698b699f6c7cf18743346c4dd2691d8b650e657ec9a021d53142751ecc58407,0.014284815301152732,25.186984376050532,242267263,,False,True,0,False,0.0,lowest_ordered_candidate_on_exact_tie
sensitivity,4,360,ridge_sgd_l2,L2 one-vs-rest logistic,0,True,"{""alpha"":0.3333333333333333,""average"":false,""batch_size"":64,""epochs"":50,""eta0"":0.01,""fit_intercept"":true,""frozen"":true,""implementation"":""sklearn.linear_model.SGDClassifier"",""learning_rate"":""optimal"",""loss"":""log_loss"",""penalty"":""l2"",""pilot_source"":""results/sweep_5_config.json""}",851f14fb6b5ecda88baab0b92a7a36c949fdd0437766fc7d2433f329e2fde2f3,0.014461942064214325,158.84103453403804,137725842,,False,False,4,False,0.0,lowest_ordered_candidate_on_exact_tie
sensitivity,4,360,ridge_sgd_l2,L2 one-vs-rest logistic,1,False,"{""alpha"":10.0,""average"":false,""batch_size"":64,""epochs"":50,""eta0"":0.01,""fit_intercept"":true,""frozen"":true,""implementation"":""sklearn.linear_model.SGDClassifier"",""learning_rate"":""optimal"",""loss"":""log_loss"",""penalty"":""l2"",""pilot_source"":""results/sweep_5_config.json""}",dc2707c60c369df46e9b424fa8a1ebc5b23e4a351ced0c10e7e7dc66c6076d51,0.021263209092063414,158.0602595640812,137725842,,False,False,4,False,0.0,lowest_ordered_candidate_on_exact_tie
sensitivity,4,360,ridge_sgd_l2,L2 one-vs-rest logistic,2,False,"{""alpha"":3.3333333333333335,""average"":false,""batch_size"":64,""epochs"":50,""eta0"":0.01,""fit_intercept"":true,""frozen"":true,""implementation"":""sklearn.linear_model.SGDClassifier"",""learning_rate"":""optimal"",""loss"":""log_loss"",""penalty"":""l2"",""pilot_source"":""results/sweep_5_config.json""}",7aa5dba8ad015c8682db23cb59b805649b89895bc1121de465bef1e495573967,0.01675736322060106,158.4746100800112,137725842,,False,False,4,False,0.0,lowest_ordered_candidate_on_exact_tie
sensitivity,4,360,ridge_sgd_l2,L2 one-vs-rest logistic,3,False,"{""alpha"":1.0,""average"":false,""batch_size"":64,""epochs"":50,""eta0"":0.01,""fit_intercept"":true,""frozen"":true,""implementation"":""sklearn.linear_model.SGDClassifier"",""learning_rate"":""optimal"",""loss"":""log_loss"",""penalty"":""l2"",""pilot_source"":""results/sweep_5_config.json""}",f1028920c45a062ceb93b6bb97df161e827da764972699d89f7ccc787385a0de,0.014971310211493753,158.34904729295522,137725842,,False,False,4,False,0.0,lowest_ordered_candidate_on_exact_tie
sensitivity,4,360,ridge_sgd_l2,L2 one-vs-rest logistic,4,False,"{""alpha"":0.1,""average"":false,""batch_size"":64,""epochs"":50,""eta0"":0.01,""fit_intercept"":true,""frozen"":true,""implementation"":""sklearn.linear_model.SGDClassifier"",""learning_rate"":""optimal"",""loss"":""log_loss"",""penalty"":""l2"",""pilot_source"":""results/sweep_5_config.json""}",724a1fea14c056996c0474f9106b8177856f64794ebcc3fc1e458f6a8e12dc05,0.014173109922102554,158.0750395579962,137725842,,True,False,4,True,0.0,lowest_ordered_candidate_on_exact_tie
sensitivity,4,360,set_transformer,Set Transformer,0,True,"{""batch_size"":64,""d_model"":64,""dense_units"":[64,16],""dropout"":0.3,""expected_parameters"":157416,""ff_dim"":256,""frozen"":true,""implementation"":""neural_models.get_set_transformer"",""input_shape"":[22,10],""key_dim"":32,""learning_rate"":0.001,""max_epochs"":50,""num_heads"":2,""num_layers"":3,""output_units"":80,""patience"":10,""pilot_source"":""results/sweep_5.csv"",""pooling"":""global_average""}",6f4dec421d8ca8a60ca233da0707302c871aa8127caae786bc585c163e11c567,0.012835869644548503,182.87485235696658,226367345,746266032.0,False,False,1,False,0.0,lowest_ordered_candidate_on_exact_tie
sensitivity,4,360,set_transformer,Set Transformer,1,False,"{""batch_size"":64,""d_model"":64,""dense_units"":[64,16],""dropout"":0.1,""expected_parameters"":157416,""ff_dim"":256,""frozen"":true,""implementation"":""neural_models.get_set_transformer"",""input_shape"":[22,10],""key_dim"":32,""learning_rate"":0.0003,""max_epochs"":50,""num_heads"":2,""num_layers"":3,""output_units"":80,""patience"":10,""pilot_source"":""results/sweep_5.csv"",""pooling"":""global_average""}",fe204fdf1e84832e477e9c76ffec174e32677e8d5a5f24b670abbf7a3b8c7db1,0.012739763535825262,174.96402478590608,226367345,746266032.0,True,False,1,True,0.0,lowest_ordered_candidate_on_exact_tie
sensitivity,4,360,set_transformer,Set Transformer,2,False,"{""batch_size"":64,""d_model"":64,""dense_units"":[64,16],""dropout"":0.3,""expected_parameters"":157416,""ff_dim"":256,""frozen"":true,""implementation"":""neural_models.get_set_transformer"",""input_shape"":[22,10],""key_dim"":32,""learning_rate"":0.0003,""max_epochs"":50,""num_heads"":2,""num_layers"":3,""output_units"":80,""patience"":10,""pilot_source"":""results/sweep_5.csv"",""pooling"":""global_average""}",98491dd6370054dad3bab81748034d9978d93498b7569cee08e9b098dc1ba9e5,0.012754852162700546,226.98683847812936,226367345,746266032.0,False,False,1,False,0.0,lowest_ordered_candidate_on_exact_tie
sensitivity,4,360,set_transformer,Set Transformer,3,False,"{""batch_size"":64,""d_model"":64,""dense_units"":[64,16],""dropout"":0.1,""expected_parameters"":157416,""ff_dim"":256,""frozen"":true,""implementation"":""neural_models.get_set_transformer"",""input_shape"":[22,10],""key_dim"":32,""learning_rate"":0.001,""max_epochs"":50,""num_heads"":2,""num_layers"":3,""output_units"":80,""patience"":10,""pilot_source"":""results/sweep_5.csv"",""pooling"":""global_average""}",6003534a6fb6f7c259ea7485f50597481535337902a4fc1efeb39ec80445d6d6,0.013016395308355872,151.1514274701476,226367345,746266032.0,False,False,1,False,0.0,lowest_ordered_candidate_on_exact_tie
sensitivity,4,360,zoo_cnn,Zoo CNN,0,True,"{""batch_size"":64,""conv1d_filters"":[160,96,96],""conv2d_filters"":[128,160,128],""dense_units"":[96,256],""dropout"":0.3,""expected_parameters"":145584,""frozen"":true,""implementation"":""neural_models.get_conv_net"",""input_shape"":[11,10,10],""learning_rate"":0.001,""max_epochs"":50,""output_units"":80,""patience"":10,""pilot_source"":""original Zoo architecture and results/sweep_5.csv"",""pooling_weights"":{""average"":0.7,""max"":0.3}}",219344d288a1f6230782c6839c7a9758e13c3625ddae1b87e29779a206a56278,0.014154117951652502,75.64811191288754,564711328,586196656.0,False,False,2,False,0.0,lowest_ordered_candidate_on_exact_tie
sensitivity,4,360,zoo_cnn,Zoo CNN,1,False,"{""batch_size"":64,""conv1d_filters"":[160,96,96],""conv2d_filters"":[128,160,128],""dense_units"":[96,256],""dropout"":0.1,""expected_parameters"":145584,""frozen"":true,""implementation"":""neural_models.get_conv_net"",""input_shape"":[11,10,10],""learning_rate"":0.0003,""max_epochs"":50,""output_units"":80,""patience"":10,""pilot_source"":""original Zoo architecture and results/sweep_5.csv"",""pooling_weights"":{""average"":0.7,""max"":0.3}}",abbc846d863092760291bfa1d382563580835324df5f7f6ce46a6fbed3da8072,0.013768499043911277,58.037561072036624,564711328,586196656.0,False,False,2,False,0.0,lowest_ordered_candidate_on_exact_tie
sensitivity,4,360,zoo_cnn,Zoo CNN,2,False,"{""batch_size"":64,""conv1d_filters"":[160,96,96],""conv2d_filters"":[128,160,128],""dense_units"":[96,256],""dropout"":0.3,""expected_parameters"":145584,""frozen"":true,""implementation"":""neural_models.get_conv_net"",""input_shape"":[11,10,10],""learning_rate"":0.0003,""max_epochs"":50,""output_units"":80,""patience"":10,""pilot_source"":""original Zoo architecture and results/sweep_5.csv"",""pooling_weights"":{""average"":0.7,""max"":0.3}}",36cfcc45679e2e31725ccf0dedf1ff567692c99678381161175d0aef95c9aead,0.013427921283867215,66.63165423693135,564711328,586196656.0,True,False,2,True,0.0,lowest_ordered_candidate_on_exact_tie
sensitivity,4,360,zoo_cnn,Zoo CNN,3,False,"{""batch_size"":64,""conv1d_filters"":[160,96,96],""conv2d_filters"":[128,160,128],""dense_units"":[96,256],""dropout"":0.1,""expected_parameters"":145584,""frozen"":true,""implementation"":""neural_models.get_conv_net"",""input_shape"":[11,10,10],""learning_rate"":0.001,""max_epochs"":50,""output_units"":80,""patience"":10,""pilot_source"":""original Zoo architecture and results/sweep_5.csv"",""pooling_weights"":{""average"":0.7,""max"":0.3}}",0b22203ab4438c16191482ac13e31621a615cbaa6cf409114e6377f1bec3dc7b,0.013619366639495938,80.97894091205671,564711328,586196656.0,False,False,2,False,0.0,lowest_ordered_candidate_on_exact_tie
sensitivity,5,20,lightgbm_multiclass,LightGBM,0,True,"{""boosting_type"":""gbdt"",""colsample_bytree"":1.0,""frozen"":true,""implementation"":""lightgbm.LGBMClassifier"",""learning_rate"":0.05,""max_depth"":5,""min_child_samples"":50,""min_child_weight"":0.001,""min_split_gain"":0.0,""n_estimators"":200,""n_jobs"":1,""num_class"":80,""num_leaves"":31,""objective"":""multiclass"",""pilot_source"":""results/sweep_5_config.json"",""reg_alpha"":0.5,""reg_lambda"":0.5,""subsample"":1.0,""subsample_freq"":0}",5689446e19bdea1df411111e1e4b5cc50183c270622d0757b33c51d0a5938a1c,0.014100280798257557,3.4287667700555176,1274298768,,True,True,0,True,0.0,lowest_ordered_candidate_on_exact_tie
sensitivity,5,20,lightgbm_multiclass,LightGBM,1,False,"{""boosting_type"":""gbdt"",""colsample_bytree"":1.0,""frozen"":true,""implementation"":""lightgbm.LGBMClassifier"",""learning_rate"":0.05,""max_depth"":5,""min_child_samples"":20,""min_child_weight"":0.001,""min_split_gain"":0.0,""n_estimators"":200,""n_jobs"":1,""num_class"":80,""num_leaves"":31,""objective"":""multiclass"",""pilot_source"":""results/sweep_5_config.json"",""reg_alpha"":0.1,""reg_lambda"":0.1,""subsample"":1.0,""subsample_freq"":0}",cb116d2e0b5ef62830f7ca0d63c0d488226c533f44349af3605ff4acd0a2aebc,0.014470989940641187,4.303140984033234,1274298768,,False,True,0,False,0.0,lowest_ordered_candidate_on_exact_tie
sensitivity,5,20,lightgbm_multiclass,LightGBM,2,False,"{""boosting_type"":""gbdt"",""colsample_bytree"":1.0,""frozen"":true,""implementation"":""lightgbm.LGBMClassifier"",""learning_rate"":0.05,""max_depth"":7,""min_child_samples"":20,""min_child_weight"":0.001,""min_split_gain"":0.0,""n_estimators"":200,""n_jobs"":1,""num_class"":80,""num_leaves"":31,""objective"":""multiclass"",""pilot_source"":""results/sweep_5_config.json"",""reg_alpha"":0.1,""reg_lambda"":0.1,""subsample"":1.0,""subsample_freq"":0}",cae2276bc5c6ec1a3d72ce53c46697dc247ba4430ea98e1f609b624c98c8365e,0.014651225349547745,4.631912597920746,1274298768,,False,True,0,False,0.0,lowest_ordered_candidate_on_exact_tie
sensitivity,5,20,lightgbm_multiclass,LightGBM,3,False,"{""boosting_type"":""gbdt"",""colsample_bytree"":1.0,""frozen"":true,""implementation"":""lightgbm.LGBMClassifier"",""learning_rate"":0.1,""max_depth"":5,""min_child_samples"":20,""min_child_weight"":0.001,""min_split_gain"":0.0,""n_estimators"":200,""n_jobs"":1,""num_class"":80,""num_leaves"":31,""objective"":""multiclass"",""pilot_source"":""results/sweep_5_config.json"",""reg_alpha"":0.1,""reg_lambda"":0.1,""subsample"":1.0,""subsample_freq"":0}",c698b699f6c7cf18743346c4dd2691d8b650e657ec9a021d53142751ecc58407,0.014867482877039753,2.8441411529202014,1274298768,,False,True,0,False,0.0,lowest_ordered_candidate_on_exact_tie
sensitivity,5,20,ridge_sgd_l2,L2 one-vs-rest logistic,0,True,"{""alpha"":0.3333333333333333,""average"":false,""batch_size"":64,""epochs"":50,""eta0"":0.01,""fit_intercept"":true,""frozen"":true,""implementation"":""sklearn.linear_model.SGDClassifier"",""learning_rate"":""optimal"",""loss"":""log_loss"",""penalty"":""l2"",""pilot_source"":""results/sweep_5_config.json""}",851f14fb6b5ecda88baab0b92a7a36c949fdd0437766fc7d2433f329e2fde2f3,0.0144286622387486,8.835219366010278,2047007534,,False,False,4,False,0.0,lowest_ordered_candidate_on_exact_tie
sensitivity,5,20,ridge_sgd_l2,L2 one-vs-rest logistic,1,False,"{""alpha"":10.0,""average"":false,""batch_size"":64,""epochs"":50,""eta0"":0.01,""fit_intercept"":true,""frozen"":true,""implementation"":""sklearn.linear_model.SGDClassifier"",""learning_rate"":""optimal"",""loss"":""log_loss"",""penalty"":""l2"",""pilot_source"":""results/sweep_5_config.json""}",dc2707c60c369df46e9b424fa8a1ebc5b23e4a351ced0c10e7e7dc66c6076d51,0.021639005669184214,8.68145564198494,2047007534,,False,False,4,False,0.0,lowest_ordered_candidate_on_exact_tie
sensitivity,5,20,ridge_sgd_l2,L2 one-vs-rest logistic,2,False,"{""alpha"":3.3333333333333335,""average"":false,""batch_size"":64,""epochs"":50,""eta0"":0.01,""fit_intercept"":true,""frozen"":true,""implementation"":""sklearn.linear_model.SGDClassifier"",""learning_rate"":""optimal"",""loss"":""log_loss"",""penalty"":""l2"",""pilot_source"":""results/sweep_5_config.json""}",7aa5dba8ad015c8682db23cb59b805649b89895bc1121de465bef1e495573967,0.016977356400816983,8.673224605969153,2047007534,,False,False,4,False,0.0,lowest_ordered_candidate_on_exact_tie
sensitivity,5,20,ridge_sgd_l2,L2 one-vs-rest logistic,3,False,"{""alpha"":1.0,""average"":false,""batch_size"":64,""epochs"":50,""eta0"":0.01,""fit_intercept"":true,""frozen"":true,""implementation"":""sklearn.linear_model.SGDClassifier"",""learning_rate"":""optimal"",""loss"":""log_loss"",""penalty"":""l2"",""pilot_source"":""results/sweep_5_config.json""}",f1028920c45a062ceb93b6bb97df161e827da764972699d89f7ccc787385a0de,0.015020306115098303,8.690643926966004,2047007534,,False,False,4,False,0.0,lowest_ordered_candidate_on_exact_tie
sensitivity,5,20,ridge_sgd_l2,L2 one-vs-rest logistic,4,False,"{""alpha"":0.1,""average"":false,""batch_size"":64,""epochs"":50,""eta0"":0.01,""fit_intercept"":true,""frozen"":true,""implementation"":""sklearn.linear_model.SGDClassifier"",""learning_rate"":""optimal"",""loss"":""log_loss"",""penalty"":""l2"",""pilot_source"":""results/sweep_5_config.json""}",724a1fea14c056996c0474f9106b8177856f64794ebcc3fc1e458f6a8e12dc05,0.014171399083065485,8.687573701958172,2047007534,,True,False,4,True,0.0,lowest_ordered_candidate_on_exact_tie
sensitivity,5,20,set_transformer,Set Transformer,0,True,"{""batch_size"":64,""d_model"":64,""dense_units"":[64,16],""dropout"":0.3,""expected_parameters"":157416,""ff_dim"":256,""frozen"":true,""implementation"":""neural_models.get_set_transformer"",""input_shape"":[22,10],""key_dim"":32,""learning_rate"":0.001,""max_epochs"":50,""num_heads"":2,""num_layers"":3,""output_units"":80,""patience"":10,""pilot_source"":""results/sweep_5.csv"",""pooling"":""global_average""}",6f4dec421d8ca8a60ca233da0707302c871aa8127caae786bc585c163e11c567,0.013973916000748017,24.402623237809166,872482401,53242573.0,True,True,0,True,0.0,lowest_ordered_candidate_on_exact_tie
sensitivity,5,20,set_transformer,Set Transformer,1,False,"{""batch_size"":64,""d_model"":64,""dense_units"":[64,16],""dropout"":0.1,""expected_parameters"":157416,""ff_dim"":256,""frozen"":true,""implementation"":""neural_models.get_set_transformer"",""input_shape"":[22,10],""key_dim"":32,""learning_rate"":0.0003,""max_epochs"":50,""num_heads"":2,""num_layers"":3,""output_units"":80,""patience"":10,""pilot_source"":""results/sweep_5.csv"",""pooling"":""global_average""}",fe204fdf1e84832e477e9c76ffec174e32677e8d5a5f24b670abbf7a3b8c7db1,0.015841215169074205,28.51969607011415,872482401,53242573.0,False,True,0,False,0.0,lowest_ordered_candidate_on_exact_tie
sensitivity,5,20,set_transformer,Set Transformer,2,False,"{""batch_size"":64,""d_model"":64,""dense_units"":[64,16],""dropout"":0.3,""expected_parameters"":157416,""ff_dim"":256,""frozen"":true,""implementation"":""neural_models.get_set_transformer"",""input_shape"":[22,10],""key_dim"":32,""learning_rate"":0.0003,""max_epochs"":50,""num_heads"":2,""num_layers"":3,""output_units"":80,""patience"":10,""pilot_source"":""results/sweep_5.csv"",""pooling"":""global_average""}",98491dd6370054dad3bab81748034d9978d93498b7569cee08e9b098dc1ba9e5,0.014092195056462604,31.966956434072927,872482401,53242573.0,False,True,0,False,0.0,lowest_ordered_candidate_on_exact_tie
sensitivity,5,20,set_transformer,Set Transformer,3,False,"{""batch_size"":64,""d_model"":64,""dense_units"":[64,16],""dropout"":0.1,""expected_parameters"":157416,""ff_dim"":256,""frozen"":true,""implementation"":""neural_models.get_set_transformer"",""input_shape"":[22,10],""key_dim"":32,""learning_rate"":0.001,""max_epochs"":50,""num_heads"":2,""num_layers"":3,""output_units"":80,""patience"":10,""pilot_source"":""results/sweep_5.csv"",""pooling"":""global_average""}",6003534a6fb6f7c259ea7485f50597481535337902a4fc1efeb39ec80445d6d6,0.014361092141117703,26.096149964956567,872482401,53242573.0,False,True,0,False,0.0,lowest_ordered_candidate_on_exact_tie
sensitivity,5,20,zoo_cnn,Zoo CNN,0,True,"{""batch_size"":64,""conv1d_filters"":[160,96,96],""conv2d_filters"":[128,160,128],""dense_units"":[96,256],""dropout"":0.3,""expected_parameters"":145584,""frozen"":true,""implementation"":""neural_models.get_conv_net"",""input_shape"":[11,10,10],""learning_rate"":0.001,""max_epochs"":50,""output_units"":80,""patience"":10,""pilot_source"":""original Zoo architecture and results/sweep_5.csv"",""pooling_weights"":{""average"":0.7,""max"":0.3}}",219344d288a1f6230782c6839c7a9758e13c3625ddae1b87e29779a206a56278,0.019106559697732176,11.96245418000035,748737748,2127327548.0,False,False,3,False,0.0,lowest_ordered_candidate_on_exact_tie
sensitivity,5,20,zoo_cnn,Zoo CNN,1,False,"{""batch_size"":64,""conv1d_filters"":[160,96,96],""conv2d_filters"":[128,160,128],""dense_units"":[96,256],""dropout"":0.1,""expected_parameters"":145584,""frozen"":true,""implementation"":""neural_models.get_conv_net"",""input_shape"":[11,10,10],""learning_rate"":0.0003,""max_epochs"":50,""output_units"":80,""patience"":10,""pilot_source"":""original Zoo architecture and results/sweep_5.csv"",""pooling_weights"":{""average"":0.7,""max"":0.3}}",abbc846d863092760291bfa1d382563580835324df5f7f6ce46a6fbed3da8072,0.017340371337676574,14.845581645844504,748737748,2127327548.0,False,False,3,False,0.0,lowest_ordered_candidate_on_exact_tie
sensitivity,5,20,zoo_cnn,Zoo CNN,2,False,"{""batch_size"":64,""conv1d_filters"":[160,96,96],""conv2d_filters"":[128,160,128],""dense_units"":[96,256],""dropout"":0.3,""expected_parameters"":145584,""frozen"":true,""implementation"":""neural_models.get_conv_net"",""input_shape"":[11,10,10],""learning_rate"":0.0003,""max_epochs"":50,""output_units"":80,""patience"":10,""pilot_source"":""original Zoo architecture and results/sweep_5.csv"",""pooling_weights"":{""average"":0.7,""max"":0.3}}",36cfcc45679e2e31725ccf0dedf1ff567692c99678381161175d0aef95c9aead,0.017300390930581337,16.362147926120088,748737748,2127327548.0,False,False,3,False,0.0,lowest_ordered_candidate_on_exact_tie
sensitivity,5,20,zoo_cnn,Zoo CNN,3,False,"{""batch_size"":64,""conv1d_filters"":[160,96,96],""conv2d_filters"":[128,160,128],""dense_units"":[96,256],""dropout"":0.1,""expected_parameters"":145584,""frozen"":true,""implementation"":""neural_models.get_conv_net"",""input_shape"":[11,10,10],""learning_rate"":0.001,""max_epochs"":50,""output_units"":80,""patience"":10,""pilot_source"":""original Zoo architecture and results/sweep_5.csv"",""pooling_weights"":{""average"":0.7,""max"":0.3}}",0b22203ab4438c16191482ac13e31621a615cbaa6cf409114e6377f1bec3dc7b,0.016284730543598976,12.052110270829871,748737748,2127327548.0,True,False,3,True,0.0,lowest_ordered_candidate_on_exact_tie
sensitivity,5,160,lightgbm_multiclass,LightGBM,0,True,"{""boosting_type"":""gbdt"",""colsample_bytree"":1.0,""frozen"":true,""implementation"":""lightgbm.LGBMClassifier"",""learning_rate"":0.05,""max_depth"":5,""min_child_samples"":50,""min_child_weight"":0.001,""min_split_gain"":0.0,""n_estimators"":200,""n_jobs"":1,""num_class"":80,""num_leaves"":31,""objective"":""multiclass"",""pilot_source"":""results/sweep_5_config.json"",""reg_alpha"":0.5,""reg_lambda"":0.5,""subsample"":1.0,""subsample_freq"":0}",5689446e19bdea1df411111e1e4b5cc50183c270622d0757b33c51d0a5938a1c,0.013519386928701305,14.61469055491034,1360128710,,True,True,0,True,0.0,lowest_ordered_candidate_on_exact_tie
sensitivity,5,160,lightgbm_multiclass,LightGBM,1,False,"{""boosting_type"":""gbdt"",""colsample_bytree"":1.0,""frozen"":true,""implementation"":""lightgbm.LGBMClassifier"",""learning_rate"":0.05,""max_depth"":5,""min_child_samples"":20,""min_child_weight"":0.001,""min_split_gain"":0.0,""n_estimators"":200,""n_jobs"":1,""num_class"":80,""num_leaves"":31,""objective"":""multiclass"",""pilot_source"":""results/sweep_5_config.json"",""reg_alpha"":0.1,""reg_lambda"":0.1,""subsample"":1.0,""subsample_freq"":0}",cb116d2e0b5ef62830f7ca0d63c0d488226c533f44349af3605ff4acd0a2aebc,0.013770178043634692,15.91264052700717,1360128710,,False,True,0,False,0.0,lowest_ordered_candidate_on_exact_tie
sensitivity,5,160,lightgbm_multiclass,LightGBM,2,False,"{""boosting_type"":""gbdt"",""colsample_bytree"":1.0,""frozen"":true,""implementation"":""lightgbm.LGBMClassifier"",""learning_rate"":0.05,""max_depth"":7,""min_child_samples"":20,""min_child_weight"":0.001,""min_split_gain"":0.0,""n_estimators"":200,""n_jobs"":1,""num_class"":80,""num_leaves"":31,""objective"":""multiclass"",""pilot_source"":""results/sweep_5_config.json"",""reg_alpha"":0.1,""reg_lambda"":0.1,""subsample"":1.0,""subsample_freq"":0}",cae2276bc5c6ec1a3d72ce53c46697dc247ba4430ea98e1f609b624c98c8365e,0.014020848367090978,20.934447182924487,1360128710,,False,True,0,False,0.0,lowest_ordered_candidate_on_exact_tie
sensitivity,5,160,lightgbm_multiclass,LightGBM,3,False,"{""boosting_type"":""gbdt"",""colsample_bytree"":1.0,""frozen"":true,""implementation"":""lightgbm.LGBMClassifier"",""learning_rate"":0.1,""max_depth"":5,""min_child_samples"":20,""min_child_weight"":0.001,""min_split_gain"":0.0,""n_estimators"":200,""n_jobs"":1,""num_class"":80,""num_leaves"":31,""objective"":""multiclass"",""pilot_source"":""results/sweep_5_config.json"",""reg_alpha"":0.1,""reg_lambda"":0.1,""subsample"":1.0,""subsample_freq"":0}",c698b699f6c7cf18743346c4dd2691d8b650e657ec9a021d53142751ecc58407,0.014267829992396517,14.149332715081982,1360128710,,False,True,0,False,0.0,lowest_ordered_candidate_on_exact_tie
sensitivity,5,160,ridge_sgd_l2,L2 one-vs-rest logistic,0,True,"{""alpha"":0.3333333333333333,""average"":false,""batch_size"":64,""epochs"":50,""eta0"":0.01,""fit_intercept"":true,""frozen"":true,""implementation"":""sklearn.linear_model.SGDClassifier"",""learning_rate"":""optimal"",""loss"":""log_loss"",""penalty"":""l2"",""pilot_source"":""results/sweep_5_config.json""}",851f14fb6b5ecda88baab0b92a7a36c949fdd0437766fc7d2433f329e2fde2f3,0.014272360757376033,70.47484820103273,634688675,,False,False,4,False,0.0,lowest_ordered_candidate_on_exact_tie
sensitivity,5,160,ridge_sgd_l2,L2 one-vs-rest logistic,1,False,"{""alpha"":10.0,""average"":false,""batch_size"":64,""epochs"":50,""eta0"":0.01,""fit_intercept"":true,""frozen"":true,""implementation"":""sklearn.linear_model.SGDClassifier"",""learning_rate"":""optimal"",""loss"":""log_loss"",""penalty"":""l2"",""pilot_source"":""results/sweep_5_config.json""}",dc2707c60c369df46e9b424fa8a1ebc5b23e4a351ced0c10e7e7dc66c6076d51,0.021351205715591664,70.3740962370066,634688675,,False,False,4,False,0.0,lowest_ordered_candidate_on_exact_tie
sensitivity,5,160,ridge_sgd_l2,L2 one-vs-rest logistic,2,False,"{""alpha"":3.3333333333333335,""average"":false,""batch_size"":64,""epochs"":50,""eta0"":0.01,""fit_intercept"":true,""frozen"":true,""implementation"":""sklearn.linear_model.SGDClassifier"",""learning_rate"":""optimal"",""loss"":""log_loss"",""penalty"":""l2"",""pilot_source"":""results/sweep_5_config.json""}",7aa5dba8ad015c8682db23cb59b805649b89895bc1121de465bef1e495573967,0.016775593875363246,70.19836470601149,634688675,,False,False,4,False,0.0,lowest_ordered_candidate_on_exact_tie
sensitivity,5,160,ridge_sgd_l2,L2 one-vs-rest logistic,3,False,"{""alpha"":1.0,""average"":false,""batch_size"":64,""epochs"":50,""eta0"":0.01,""fit_intercept"":true,""frozen"":true,""implementation"":""sklearn.linear_model.SGDClassifier"",""learning_rate"":""optimal"",""loss"":""log_loss"",""penalty"":""l2"",""pilot_source"":""results/sweep_5_config.json""}",f1028920c45a062ceb93b6bb97df161e827da764972699d89f7ccc787385a0de,0.014861395545565792,70.32579446502496,634688675,,False,False,4,False,0.0,lowest_ordered_candidate_on_exact_tie
sensitivity,5,160,ridge_sgd_l2,L2 one-vs-rest logistic,4,False,"{""alpha"":0.1,""average"":false,""batch_size"":64,""epochs"":50,""eta0"":0.01,""fit_intercept"":true,""frozen"":true,""implementation"":""sklearn.linear_model.SGDClassifier"",""learning_rate"":""optimal"",""loss"":""log_loss"",""penalty"":""l2"",""pilot_source"":""results/sweep_5_config.json""}",724a1fea14c056996c0474f9106b8177856f64794ebcc3fc1e458f6a8e12dc05,0.013934227703977108,70.13457922206726,634688675,,True,False,4,True,0.0,lowest_ordered_candidate_on_exact_tie
sensitivity,5,160,set_transformer,Set Transformer,0,True,"{""batch_size"":64,""d_model"":64,""dense_units"":[64,16],""dropout"":0.3,""expected_parameters"":157416,""ff_dim"":256,""frozen"":true,""implementation"":""neural_models.get_set_transformer"",""input_shape"":[22,10],""key_dim"":32,""learning_rate"":0.001,""max_epochs"":50,""num_heads"":2,""num_layers"":3,""output_units"":80,""patience"":10,""pilot_source"":""results/sweep_5.csv"",""pooling"":""global_average""}",6f4dec421d8ca8a60ca233da0707302c871aa8127caae786bc585c163e11c567,0.013010265827108725,111.99679527897388,122438821,286629081.0,False,False,2,False,0.0,lowest_ordered_candidate_on_exact_tie
sensitivity,5,160,set_transformer,Set Transformer,1,False,"{""batch_size"":64,""d_model"":64,""dense_units"":[64,16],""dropout"":0.1,""expected_parameters"":157416,""ff_dim"":256,""frozen"":true,""implementation"":""neural_models.get_set_transformer"",""input_shape"":[22,10],""key_dim"":32,""learning_rate"":0.0003,""max_epochs"":50,""num_heads"":2,""num_layers"":3,""output_units"":80,""patience"":10,""pilot_source"":""results/sweep_5.csv"",""pooling"":""global_average""}",fe204fdf1e84832e477e9c76ffec174e32677e8d5a5f24b670abbf7a3b8c7db1,0.013177670222580139,117.05952501413412,122438821,286629081.0,False,False,2,False,0.0,lowest_ordered_candidate_on_exact_tie
sensitivity,5,160,set_transformer,Set Transformer,2,False,"{""batch_size"":64,""d_model"":64,""dense_units"":[64,16],""dropout"":0.3,""expected_parameters"":157416,""ff_dim"":256,""frozen"":true,""implementation"":""neural_models.get_set_transformer"",""input_shape"":[22,10],""key_dim"":32,""learning_rate"":0.0003,""max_epochs"":50,""num_heads"":2,""num_layers"":3,""output_units"":80,""patience"":10,""pilot_source"":""results/sweep_5.csv"",""pooling"":""global_average""}",98491dd6370054dad3bab81748034d9978d93498b7569cee08e9b098dc1ba9e5,0.012861544304249012,112.71095081791282,122438821,286629081.0,True,False,2,True,0.0,lowest_ordered_candidate_on_exact_tie
sensitivity,5,160,set_transformer,Set Transformer,3,False,"{""batch_size"":64,""d_model"":64,""dense_units"":[64,16],""dropout"":0.1,""expected_parameters"":157416,""ff_dim"":256,""frozen"":true,""implementation"":""neural_models.get_set_transformer"",""input_shape"":[22,10],""key_dim"":32,""learning_rate"":0.001,""max_epochs"":50,""num_heads"":2,""num_layers"":3,""output_units"":80,""patience"":10,""pilot_source"":""results/sweep_5.csv"",""pooling"":""global_average""}",6003534a6fb6f7c259ea7485f50597481535337902a4fc1efeb39ec80445d6d6,0.013009905830206708,66.26833759387955,122438821,286629081.0,False,False,2,False,0.0,lowest_ordered_candidate_on_exact_tie
sensitivity,5,160,zoo_cnn,Zoo CNN,0,True,"{""batch_size"":64,""conv1d_filters"":[160,96,96],""conv2d_filters"":[128,160,128],""dense_units"":[96,256],""dropout"":0.3,""expected_parameters"":145584,""frozen"":true,""implementation"":""neural_models.get_conv_net"",""input_shape"":[11,10,10],""learning_rate"":0.001,""max_epochs"":50,""output_units"":80,""patience"":10,""pilot_source"":""original Zoo architecture and results/sweep_5.csv"",""pooling_weights"":{""average"":0.7,""max"":0.3}}",219344d288a1f6230782c6839c7a9758e13c3625ddae1b87e29779a206a56278,0.01339651453949982,32.44439657009207,397456675,804784794.0,True,True,0,True,0.0,lowest_ordered_candidate_on_exact_tie
sensitivity,5,160,zoo_cnn,Zoo CNN,1,False,"{""batch_size"":64,""conv1d_filters"":[160,96,96],""conv2d_filters"":[128,160,128],""dense_units"":[96,256],""dropout"":0.1,""expected_parameters"":145584,""frozen"":true,""implementation"":""neural_models.get_conv_net"",""input_shape"":[11,10,10],""learning_rate"":0.0003,""max_epochs"":50,""output_units"":80,""patience"":10,""pilot_source"":""original Zoo architecture and results/sweep_5.csv"",""pooling_weights"":{""average"":0.7,""max"":0.3}}",abbc846d863092760291bfa1d382563580835324df5f7f6ce46a6fbed3da8072,0.014909049336876966,34.81463698204607,397456675,804784794.0,False,True,0,False,0.0,lowest_ordered_candidate_on_exact_tie
sensitivity,5,160,zoo_cnn,Zoo CNN,2,False,"{""batch_size"":64,""conv1d_filters"":[160,96,96],""conv2d_filters"":[128,160,128],""dense_units"":[96,256],""dropout"":0.3,""expected_parameters"":145584,""frozen"":true,""implementation"":""neural_models.get_conv_net"",""input_shape"":[11,10,10],""learning_rate"":0.0003,""max_epochs"":50,""output_units"":80,""patience"":10,""pilot_source"":""original Zoo architecture and results/sweep_5.csv"",""pooling_weights"":{""average"":0.7,""max"":0.3}}",36cfcc45679e2e31725ccf0dedf1ff567692c99678381161175d0aef95c9aead,0.013940282568174263,24.18077014107257,397456675,804784794.0,False,True,0,False,0.0,lowest_ordered_candidate_on_exact_tie
sensitivity,5,160,zoo_cnn,Zoo CNN,3,False,"{""batch_size"":64,""conv1d_filters"":[160,96,96],""conv2d_filters"":[128,160,128],""dense_units"":[96,256],""dropout"":0.1,""expected_parameters"":145584,""frozen"":true,""implementation"":""neural_models.get_conv_net"",""input_shape"":[11,10,10],""learning_rate"":0.001,""max_epochs"":50,""output_units"":80,""patience"":10,""pilot_source"":""original Zoo architecture and results/sweep_5.csv"",""pooling_weights"":{""average"":0.7,""max"":0.3}}",0b22203ab4438c16191482ac13e31621a615cbaa6cf409114e6377f1bec3dc7b,0.013830207260462335,33.544741629157215,397456675,804784794.0,False,True,0,False,0.0,lowest_ordered_candidate_on_exact_tie
sensitivity,5,360,lightgbm_multiclass,LightGBM,0,True,"{""boosting_type"":""gbdt"",""colsample_bytree"":1.0,""frozen"":true,""implementation"":""lightgbm.LGBMClassifier"",""learning_rate"":0.05,""max_depth"":5,""min_child_samples"":50,""min_child_weight"":0.001,""min_split_gain"":0.0,""n_estimators"":200,""n_jobs"":1,""num_class"":80,""num_leaves"":31,""objective"":""multiclass"",""pilot_source"":""results/sweep_5_config.json"",""reg_alpha"":0.5,""reg_lambda"":0.5,""subsample"":1.0,""subsample_freq"":0}",5689446e19bdea1df411111e1e4b5cc50183c270622d0757b33c51d0a5938a1c,0.013230411150825811,26.25929180101957,1762576241,,True,True,0,True,0.0,lowest_ordered_candidate_on_exact_tie
sensitivity,5,360,lightgbm_multiclass,LightGBM,1,False,"{""boosting_type"":""gbdt"",""colsample_bytree"":1.0,""frozen"":true,""implementation"":""lightgbm.LGBMClassifier"",""learning_rate"":0.05,""max_depth"":5,""min_child_samples"":20,""min_child_weight"":0.001,""min_split_gain"":0.0,""n_estimators"":200,""n_jobs"":1,""num_class"":80,""num_leaves"":31,""objective"":""multiclass"",""pilot_source"":""results/sweep_5_config.json"",""reg_alpha"":0.1,""reg_lambda"":0.1,""subsample"":1.0,""subsample_freq"":0}",cb116d2e0b5ef62830f7ca0d63c0d488226c533f44349af3605ff4acd0a2aebc,0.013322914638768965,27.501668969984166,1762576241,,False,True,0,False,0.0,lowest_ordered_candidate_on_exact_tie
sensitivity,5,360,lightgbm_multiclass,LightGBM,2,False,"{""boosting_type"":""gbdt"",""colsample_bytree"":1.0,""frozen"":true,""implementation"":""lightgbm.LGBMClassifier"",""learning_rate"":0.05,""max_depth"":7,""min_child_samples"":20,""min_child_weight"":0.001,""min_split_gain"":0.0,""n_estimators"":200,""n_jobs"":1,""num_class"":80,""num_leaves"":31,""objective"":""multiclass"",""pilot_source"":""results/sweep_5_config.json"",""reg_alpha"":0.1,""reg_lambda"":0.1,""subsample"":1.0,""subsample_freq"":0}",cae2276bc5c6ec1a3d72ce53c46697dc247ba4430ea98e1f609b624c98c8365e,0.013553667061193167,35.260930233984254,1762576241,,False,True,0,False,0.0,lowest_ordered_candidate_on_exact_tie
sensitivity,5,360,lightgbm_multiclass,LightGBM,3,False,"{""boosting_type"":""gbdt"",""colsample_bytree"":1.0,""frozen"":true,""implementation"":""lightgbm.LGBMClassifier"",""learning_rate"":0.1,""max_depth"":5,""min_child_samples"":20,""min_child_weight"":0.001,""min_split_gain"":0.0,""n_estimators"":200,""n_jobs"":1,""num_class"":80,""num_leaves"":31,""objective"":""multiclass"",""pilot_source"":""results/sweep_5_config.json"",""reg_alpha"":0.1,""reg_lambda"":0.1,""subsample"":1.0,""subsample_freq"":0}",c698b699f6c7cf18743346c4dd2691d8b650e657ec9a021d53142751ecc58407,0.013798815079556643,25.565025671967305,1762576241,,False,True,0,False,0.0,lowest_ordered_candidate_on_exact_tie
sensitivity,5,360,ridge_sgd_l2,L2 one-vs-rest logistic,0,True,"{""alpha"":0.3333333333333333,""average"":false,""batch_size"":64,""epochs"":50,""eta0"":0.01,""fit_intercept"":true,""frozen"":true,""implementation"":""sklearn.linear_model.SGDClassifier"",""learning_rate"":""optimal"",""loss"":""log_loss"",""penalty"":""l2"",""pilot_source"":""results/sweep_5_config.json""}",851f14fb6b5ecda88baab0b92a7a36c949fdd0437766fc7d2433f329e2fde2f3,0.014282076636865683,158.94435403402895,1788442911,,False,False,4,False,0.0,lowest_ordered_candidate_on_exact_tie
sensitivity,5,360,ridge_sgd_l2,L2 one-vs-rest logistic,1,False,"{""alpha"":10.0,""average"":false,""batch_size"":64,""epochs"":50,""eta0"":0.01,""fit_intercept"":true,""frozen"":true,""implementation"":""sklearn.linear_model.SGDClassifier"",""learning_rate"":""optimal"",""loss"":""log_loss"",""penalty"":""l2"",""pilot_source"":""results/sweep_5_config.json""}",dc2707c60c369df46e9b424fa8a1ebc5b23e4a351ced0c10e7e7dc66c6076d51,0.021344229408431222,158.9866185989231,1788442911,,False,False,4,False,0.0,lowest_ordered_candidate_on_exact_tie
sensitivity,5,360,ridge_sgd_l2,L2 one-vs-rest logistic,2,False,"{""alpha"":3.3333333333333335,""average"":false,""batch_size"":64,""epochs"":50,""eta0"":0.01,""fit_intercept"":true,""frozen"":true,""implementation"":""sklearn.linear_model.SGDClassifier"",""learning_rate"":""optimal"",""loss"":""log_loss"",""penalty"":""l2"",""pilot_source"":""results/sweep_5_config.json""}",7aa5dba8ad015c8682db23cb59b805649b89895bc1121de465bef1e495573967,0.0167744609163865,159.01084613299463,1788442911,,False,False,4,False,0.0,lowest_ordered_candidate_on_exact_tie
sensitivity,5,360,ridge_sgd_l2,L2 one-vs-rest logistic,3,False,"{""alpha"":1.0,""average"":false,""batch_size"":64,""epochs"":50,""eta0"":0.01,""fit_intercept"":true,""frozen"":true,""implementation"":""sklearn.linear_model.SGDClassifier"",""learning_rate"":""optimal"",""loss"":""log_loss"",""penalty"":""l2"",""pilot_source"":""results/sweep_5_config.json""}",f1028920c45a062ceb93b6bb97df161e827da764972699d89f7ccc787385a0de,0.014874030415897178,158.9965362260118,1788442911,,False,False,4,False,0.0,lowest_ordered_candidate_on_exact_tie
sensitivity,5,360,ridge_sgd_l2,L2 one-vs-rest logistic,4,False,"{""alpha"":0.1,""average"":false,""batch_size"":64,""epochs"":50,""eta0"":0.01,""fit_intercept"":true,""frozen"":true,""implementation"":""sklearn.linear_model.SGDClassifier"",""learning_rate"":""optimal"",""loss"":""log_loss"",""penalty"":""l2"",""pilot_source"":""results/sweep_5_config.json""}",724a1fea14c056996c0474f9106b8177856f64794ebcc3fc1e458f6a8e12dc05,0.013922723506866755,158.8051321739331,1788442911,,True,False,4,True,0.0,lowest_ordered_candidate_on_exact_tie
sensitivity,5,360,set_transformer,Set Transformer,0,True,"{""batch_size"":64,""d_model"":64,""dense_units"":[64,16],""dropout"":0.3,""expected_parameters"":157416,""ff_dim"":256,""frozen"":true,""implementation"":""neural_models.get_set_transformer"",""input_shape"":[22,10],""key_dim"":32,""learning_rate"":0.001,""max_epochs"":50,""num_heads"":2,""num_layers"":3,""output_units"":80,""patience"":10,""pilot_source"":""results/sweep_5.csv"",""pooling"":""global_average""}",6f4dec421d8ca8a60ca233da0707302c871aa8127caae786bc585c163e11c567,0.012593704873141338,180.06394500588067,1167835653,1389944337.0,False,False,2,False,0.0,lowest_ordered_candidate_on_exact_tie
sensitivity,5,360,set_transformer,Set Transformer,1,False,"{""batch_size"":64,""d_model"":64,""dense_units"":[64,16],""dropout"":0.1,""expected_parameters"":157416,""ff_dim"":256,""frozen"":true,""implementation"":""neural_models.get_set_transformer"",""input_shape"":[22,10],""key_dim"":32,""learning_rate"":0.0003,""max_epochs"":50,""num_heads"":2,""num_layers"":3,""output_units"":80,""patience"":10,""pilot_source"":""results/sweep_5.csv"",""pooling"":""global_average""}",fe204fdf1e84832e477e9c76ffec174e32677e8d5a5f24b670abbf7a3b8c7db1,0.012641868720539623,123.39202029700391,1167835653,1389944337.0,False,False,2,False,0.0,lowest_ordered_candidate_on_exact_tie
sensitivity,5,360,set_transformer,Set Transformer,2,False,"{""batch_size"":64,""d_model"":64,""dense_units"":[64,16],""dropout"":0.3,""expected_parameters"":157416,""ff_dim"":256,""frozen"":true,""implementation"":""neural_models.get_set_transformer"",""input_shape"":[22,10],""key_dim"":32,""learning_rate"":0.0003,""max_epochs"":50,""num_heads"":2,""num_layers"":3,""output_units"":80,""patience"":10,""pilot_source"":""results/sweep_5.csv"",""pooling"":""global_average""}",98491dd6370054dad3bab81748034d9978d93498b7569cee08e9b098dc1ba9e5,0.012546433201471741,248.054870699998,1167835653,1389944337.0,True,False,2,True,0.0,lowest_ordered_candidate_on_exact_tie
sensitivity,5,360,set_transformer,Set Transformer,3,False,"{""batch_size"":64,""d_model"":64,""dense_units"":[64,16],""dropout"":0.1,""expected_parameters"":157416,""ff_dim"":256,""frozen"":true,""implementation"":""neural_models.get_set_transformer"",""input_shape"":[22,10],""key_dim"":32,""learning_rate"":0.001,""max_epochs"":50,""num_heads"":2,""num_layers"":3,""output_units"":80,""patience"":10,""pilot_source"":""results/sweep_5.csv"",""pooling"":""global_average""}",6003534a6fb6f7c259ea7485f50597481535337902a4fc1efeb39ec80445d6d6,0.012558272191281568,173.24317669309676,1167835653,1389944337.0,False,False,2,False,0.0,lowest_ordered_candidate_on_exact_tie
sensitivity,5,360,zoo_cnn,Zoo CNN,0,True,"{""batch_size"":64,""conv1d_filters"":[160,96,96],""conv2d_filters"":[128,160,128],""dense_units"":[96,256],""dropout"":0.3,""expected_parameters"":145584,""frozen"":true,""implementation"":""neural_models.get_conv_net"",""input_shape"":[11,10,10],""learning_rate"":0.001,""max_epochs"":50,""output_units"":80,""patience"":10,""pilot_source"":""original Zoo architecture and results/sweep_5.csv"",""pooling_weights"":{""average"":0.7,""max"":0.3}}",219344d288a1f6230782c6839c7a9758e13c3625ddae1b87e29779a206a56278,0.013368790614911365,70.47762591205537,675035766,932772996.0,True,True,0,True,0.0,lowest_ordered_candidate_on_exact_tie
sensitivity,5,360,zoo_cnn,Zoo CNN,1,False,"{""batch_size"":64,""conv1d_filters"":[160,96,96],""conv2d_filters"":[128,160,128],""dense_units"":[96,256],""dropout"":0.1,""expected_parameters"":145584,""frozen"":true,""implementation"":""neural_models.get_conv_net"",""input_shape"":[11,10,10],""learning_rate"":0.0003,""max_epochs"":50,""output_units"":80,""patience"":10,""pilot_source"":""original Zoo architecture and results/sweep_5.csv"",""pooling_weights"":{""average"":0.7,""max"":0.3}}",abbc846d863092760291bfa1d382563580835324df5f7f6ce46a6fbed3da8072,0.013682206386836112,82.18709526397288,675035766,932772996.0,False,True,0,False,0.0,lowest_ordered_candidate_on_exact_tie
sensitivity,5,360,zoo_cnn,Zoo CNN,2,False,"{""batch_size"":64,""conv1d_filters"":[160,96,96],""conv2d_filters"":[128,160,128],""dense_units"":[96,256],""dropout"":0.3,""expected_parameters"":145584,""frozen"":true,""implementation"":""neural_models.get_conv_net"",""input_shape"":[11,10,10],""learning_rate"":0.0003,""max_epochs"":50,""output_units"":80,""patience"":10,""pilot_source"":""original Zoo architecture and results/sweep_5.csv"",""pooling_weights"":{""average"":0.7,""max"":0.3}}",36cfcc45679e2e31725ccf0dedf1ff567692c99678381161175d0aef95c9aead,0.013537919959406418,50.3175514920149,675035766,932772996.0,False,True,0,False,0.0,lowest_ordered_candidate_on_exact_tie
sensitivity,5,360,zoo_cnn,Zoo CNN,3,False,"{""batch_size"":64,""conv1d_filters"":[160,96,96],""conv2d_filters"":[128,160,128],""dense_units"":[96,256],""dropout"":0.1,""expected_parameters"":145584,""frozen"":true,""implementation"":""neural_models.get_conv_net"",""input_shape"":[11,10,10],""learning_rate"":0.001,""max_epochs"":50,""output_units"":80,""patience"":10,""pilot_source"":""original Zoo architecture and results/sweep_5.csv"",""pooling_weights"":{""average"":0.7,""max"":0.3}}",0b22203ab4438c16191482ac13e31621a615cbaa6cf409114e6377f1bec3dc7b,0.013803689575234849,82.22475241287611,675035766,932772996.0,False,True,0,False,0.0,lowest_ordered_candidate_on_exact_tie
sensitivity,6,20,lightgbm_multiclass,LightGBM,0,True,"{""boosting_type"":""gbdt"",""colsample_bytree"":1.0,""frozen"":true,""implementation"":""lightgbm.LGBMClassifier"",""learning_rate"":0.05,""max_depth"":5,""min_child_samples"":50,""min_child_weight"":0.001,""min_split_gain"":0.0,""n_estimators"":200,""n_jobs"":1,""num_class"":80,""num_leaves"":31,""objective"":""multiclass"",""pilot_source"":""results/sweep_5_config.json"",""reg_alpha"":0.5,""reg_lambda"":0.5,""subsample"":1.0,""subsample_freq"":0}",5689446e19bdea1df411111e1e4b5cc50183c270622d0757b33c51d0a5938a1c,0.014929900500819946,3.284764282987453,769808763,,True,True,0,True,0.0,lowest_ordered_candidate_on_exact_tie
sensitivity,6,20,lightgbm_multiclass,LightGBM,1,False,"{""boosting_type"":""gbdt"",""colsample_bytree"":1.0,""frozen"":true,""implementation"":""lightgbm.LGBMClassifier"",""learning_rate"":0.05,""max_depth"":5,""min_child_samples"":20,""min_child_weight"":0.001,""min_split_gain"":0.0,""n_estimators"":200,""n_jobs"":1,""num_class"":80,""num_leaves"":31,""objective"":""multiclass"",""pilot_source"":""results/sweep_5_config.json"",""reg_alpha"":0.1,""reg_lambda"":0.1,""subsample"":1.0,""subsample_freq"":0}",cb116d2e0b5ef62830f7ca0d63c0d488226c533f44349af3605ff4acd0a2aebc,0.01558167504332901,4.116782464087009,769808763,,False,True,0,False,0.0,lowest_ordered_candidate_on_exact_tie
sensitivity,6,20,lightgbm_multiclass,LightGBM,2,False,"{""boosting_type"":""gbdt"",""colsample_bytree"":1.0,""frozen"":true,""implementation"":""lightgbm.LGBMClassifier"",""learning_rate"":0.05,""max_depth"":7,""min_child_samples"":20,""min_child_weight"":0.001,""min_split_gain"":0.0,""n_estimators"":200,""n_jobs"":1,""num_class"":80,""num_leaves"":31,""objective"":""multiclass"",""pilot_source"":""results/sweep_5_config.json"",""reg_alpha"":0.1,""reg_lambda"":0.1,""subsample"":1.0,""subsample_freq"":0}",cae2276bc5c6ec1a3d72ce53c46697dc247ba4430ea98e1f609b624c98c8365e,0.015354186433617318,4.49245979601983,769808763,,False,True,0,False,0.0,lowest_ordered_candidate_on_exact_tie
sensitivity,6,20,lightgbm_multiclass,LightGBM,3,False,"{""boosting_type"":""gbdt"",""colsample_bytree"":1.0,""frozen"":true,""implementation"":""lightgbm.LGBMClassifier"",""learning_rate"":0.1,""max_depth"":5,""min_child_samples"":20,""min_child_weight"":0.001,""min_split_gain"":0.0,""n_estimators"":200,""n_jobs"":1,""num_class"":80,""num_leaves"":31,""objective"":""multiclass"",""pilot_source"":""results/sweep_5_config.json"",""reg_alpha"":0.1,""reg_lambda"":0.1,""subsample"":1.0,""subsample_freq"":0}",c698b699f6c7cf18743346c4dd2691d8b650e657ec9a021d53142751ecc58407,0.01569532313055788,2.876667891978286,769808763,,False,True,0,False,0.0,lowest_ordered_candidate_on_exact_tie
sensitivity,6,20,ridge_sgd_l2,L2 one-vs-rest logistic,0,True,"{""alpha"":0.3333333333333333,""average"":false,""batch_size"":64,""epochs"":50,""eta0"":0.01,""fit_intercept"":true,""frozen"":true,""implementation"":""sklearn.linear_model.SGDClassifier"",""learning_rate"":""optimal"",""loss"":""log_loss"",""penalty"":""l2"",""pilot_source"":""results/sweep_5_config.json""}",851f14fb6b5ecda88baab0b92a7a36c949fdd0437766fc7d2433f329e2fde2f3,0.014850322147173573,9.41892581502907,1497473269,,False,False,4,False,0.0,lowest_ordered_candidate_on_exact_tie
sensitivity,6,20,ridge_sgd_l2,L2 one-vs-rest logistic,1,False,"{""alpha"":10.0,""average"":false,""batch_size"":64,""epochs"":50,""eta0"":0.01,""fit_intercept"":true,""frozen"":true,""implementation"":""sklearn.linear_model.SGDClassifier"",""learning_rate"":""optimal"",""loss"":""log_loss"",""penalty"":""l2"",""pilot_source"":""results/sweep_5_config.json""}",dc2707c60c369df46e9b424fa8a1ebc5b23e4a351ced0c10e7e7dc66c6076d51,0.02149322304312813,9.220535601023585,1497473269,,False,False,4,False,0.0,lowest_ordered_candidate_on_exact_tie
sensitivity,6,20,ridge_sgd_l2,L2 one-vs-rest logistic,2,False,"{""alpha"":3.3333333333333335,""average"":false,""batch_size"":64,""epochs"":50,""eta0"":0.01,""fit_intercept"":true,""frozen"":true,""implementation"":""sklearn.linear_model.SGDClassifier"",""learning_rate"":""optimal"",""loss"":""log_loss"",""penalty"":""l2"",""pilot_source"":""results/sweep_5_config.json""}",7aa5dba8ad015c8682db23cb59b805649b89895bc1121de465bef1e495573967,0.017019287292267354,9.240202069049701,1497473269,,False,False,4,False,0.0,lowest_ordered_candidate_on_exact_tie
sensitivity,6,20,ridge_sgd_l2,L2 one-vs-rest logistic,3,False,"{""alpha"":1.0,""average"":false,""batch_size"":64,""epochs"":50,""eta0"":0.01,""fit_intercept"":true,""frozen"":true,""implementation"":""sklearn.linear_model.SGDClassifier"",""learning_rate"":""optimal"",""loss"":""log_loss"",""penalty"":""l2"",""pilot_source"":""results/sweep_5_config.json""}",f1028920c45a062ceb93b6bb97df161e827da764972699d89f7ccc787385a0de,0.015240283007444514,9.255627023987472,1497473269,,False,False,4,False,0.0,lowest_ordered_candidate_on_exact_tie
sensitivity,6,20,ridge_sgd_l2,L2 one-vs-rest logistic,4,False,"{""alpha"":0.1,""average"":false,""batch_size"":64,""epochs"":50,""eta0"":0.01,""fit_intercept"":true,""frozen"":true,""implementation"":""sklearn.linear_model.SGDClassifier"",""learning_rate"":""optimal"",""loss"":""log_loss"",""penalty"":""l2"",""pilot_source"":""results/sweep_5_config.json""}",724a1fea14c056996c0474f9106b8177856f64794ebcc3fc1e458f6a8e12dc05,0.014811553063130686,9.227117754053324,1497473269,,True,False,4,True,0.0,lowest_ordered_candidate_on_exact_tie
sensitivity,6,20,set_transformer,Set Transformer,0,True,"{""batch_size"":64,""d_model"":64,""dense_units"":[64,16],""dropout"":0.3,""expected_parameters"":157416,""ff_dim"":256,""frozen"":true,""implementation"":""neural_models.get_set_transformer"",""input_shape"":[22,10],""key_dim"":32,""learning_rate"":0.001,""max_epochs"":50,""num_heads"":2,""num_layers"":3,""output_units"":80,""patience"":10,""pilot_source"":""results/sweep_5.csv"",""pooling"":""global_average""}",6f4dec421d8ca8a60ca233da0707302c871aa8127caae786bc585c163e11c567,0.01432999786463854,23.977862311992794,502375230,303975721.0,True,True,0,True,0.0,lowest_ordered_candidate_on_exact_tie
sensitivity,6,20,set_transformer,Set Transformer,1,False,"{""batch_size"":64,""d_model"":64,""dense_units"":[64,16],""dropout"":0.1,""expected_parameters"":157416,""ff_dim"":256,""frozen"":true,""implementation"":""neural_models.get_set_transformer"",""input_shape"":[22,10],""key_dim"":32,""learning_rate"":0.0003,""max_epochs"":50,""num_heads"":2,""num_layers"":3,""output_units"":80,""patience"":10,""pilot_source"":""results/sweep_5.csv"",""pooling"":""global_average""}",fe204fdf1e84832e477e9c76ffec174e32677e8d5a5f24b670abbf7a3b8c7db1,0.014474709991723464,30.696077747968957,502375230,303975721.0,False,True,0,False,0.0,lowest_ordered_candidate_on_exact_tie
sensitivity,6,20,set_transformer,Set Transformer,2,False,"{""batch_size"":64,""d_model"":64,""dense_units"":[64,16],""dropout"":0.3,""expected_parameters"":157416,""ff_dim"":256,""frozen"":true,""implementation"":""neural_models.get_set_transformer"",""input_shape"":[22,10],""key_dim"":32,""learning_rate"":0.0003,""max_epochs"":50,""num_heads"":2,""num_layers"":3,""output_units"":80,""patience"":10,""pilot_source"":""results/sweep_5.csv"",""pooling"":""global_average""}",98491dd6370054dad3bab81748034d9978d93498b7569cee08e9b098dc1ba9e5,0.014459834700946788,32.297708878992125,502375230,303975721.0,False,True,0,False,0.0,lowest_ordered_candidate_on_exact_tie
sensitivity,6,20,set_transformer,Set Transformer,3,False,"{""batch_size"":64,""d_model"":64,""dense_units"":[64,16],""dropout"":0.1,""expected_parameters"":157416,""ff_dim"":256,""frozen"":true,""implementation"":""neural_models.get_set_transformer"",""input_shape"":[22,10],""key_dim"":32,""learning_rate"":0.001,""max_epochs"":50,""num_heads"":2,""num_layers"":3,""output_units"":80,""patience"":10,""pilot_source"":""results/sweep_5.csv"",""pooling"":""global_average""}",6003534a6fb6f7c259ea7485f50597481535337902a4fc1efeb39ec80445d6d6,0.01448557937302594,24.66821547690779,502375230,303975721.0,False,True,0,False,0.0,lowest_ordered_candidate_on_exact_tie
sensitivity,6,20,zoo_cnn,Zoo CNN,0,True,"{""batch_size"":64,""conv1d_filters"":[160,96,96],""conv2d_filters"":[128,160,128],""dense_units"":[96,256],""dropout"":0.3,""expected_parameters"":145584,""frozen"":true,""implementation"":""neural_models.get_conv_net"",""input_shape"":[11,10,10],""learning_rate"":0.001,""max_epochs"":50,""output_units"":80,""patience"":10,""pilot_source"":""original Zoo architecture and results/sweep_5.csv"",""pooling_weights"":{""average"":0.7,""max"":0.3}}",219344d288a1f6230782c6839c7a9758e13c3625ddae1b87e29779a206a56278,0.016085332660510657,14.165006269933656,1108056523,170578062.0,True,True,0,True,0.0,lowest_ordered_candidate_on_exact_tie
sensitivity,6,20,zoo_cnn,Zoo CNN,1,False,"{""batch_size"":64,""conv1d_filters"":[160,96,96],""conv2d_filters"":[128,160,128],""dense_units"":[96,256],""dropout"":0.1,""expected_parameters"":145584,""frozen"":true,""implementation"":""neural_models.get_conv_net"",""input_shape"":[11,10,10],""learning_rate"":0.0003,""max_epochs"":50,""output_units"":80,""patience"":10,""pilot_source"":""original Zoo architecture and results/sweep_5.csv"",""pooling_weights"":{""average"":0.7,""max"":0.3}}",abbc846d863092760291bfa1d382563580835324df5f7f6ce46a6fbed3da8072,0.016821266461467175,16.21890379488468,1108056523,170578062.0,False,True,0,False,0.0,lowest_ordered_candidate_on_exact_tie
sensitivity,6,20,zoo_cnn,Zoo CNN,2,False,"{""batch_size"":64,""conv1d_filters"":[160,96,96],""conv2d_filters"":[128,160,128],""dense_units"":[96,256],""dropout"":0.3,""expected_parameters"":145584,""frozen"":true,""implementation"":""neural_models.get_conv_net"",""input_shape"":[11,10,10],""learning_rate"":0.0003,""max_epochs"":50,""output_units"":80,""patience"":10,""pilot_source"":""original Zoo architecture and results/sweep_5.csv"",""pooling_weights"":{""average"":0.7,""max"":0.3}}",36cfcc45679e2e31725ccf0dedf1ff567692c99678381161175d0aef95c9aead,0.017677004378549934,17.878209449118003,1108056523,170578062.0,False,True,0,False,0.0,lowest_ordered_candidate_on_exact_tie
sensitivity,6,20,zoo_cnn,Zoo CNN,3,False,"{""batch_size"":64,""conv1d_filters"":[160,96,96],""conv2d_filters"":[128,160,128],""dense_units"":[96,256],""dropout"":0.1,""expected_parameters"":145584,""frozen"":true,""implementation"":""neural_models.get_conv_net"",""input_shape"":[11,10,10],""learning_rate"":0.001,""max_epochs"":50,""output_units"":80,""patience"":10,""pilot_source"":""original Zoo architecture and results/sweep_5.csv"",""pooling_weights"":{""average"":0.7,""max"":0.3}}",0b22203ab4438c16191482ac13e31621a615cbaa6cf409114e6377f1bec3dc7b,0.01706839815028385,14.56081789615564,1108056523,170578062.0,False,True,0,False,0.0,lowest_ordered_candidate_on_exact_tie
sensitivity,6,160,lightgbm_multiclass,LightGBM,0,True,"{""boosting_type"":""gbdt"",""colsample_bytree"":1.0,""frozen"":true,""implementation"":""lightgbm.LGBMClassifier"",""learning_rate"":0.05,""max_depth"":5,""min_child_samples"":50,""min_child_weight"":0.001,""min_split_gain"":0.0,""n_estimators"":200,""n_jobs"":1,""num_class"":80,""num_leaves"":31,""objective"":""multiclass"",""pilot_source"":""results/sweep_5_config.json"",""reg_alpha"":0.5,""reg_lambda"":0.5,""subsample"":1.0,""subsample_freq"":0}",5689446e19bdea1df411111e1e4b5cc50183c270622d0757b33c51d0a5938a1c,0.01423203314110387,14.287602388998494,340528244,,True,True,0,True,0.0,lowest_ordered_candidate_on_exact_tie
sensitivity,6,160,lightgbm_multiclass,LightGBM,1,False,"{""boosting_type"":""gbdt"",""colsample_bytree"":1.0,""frozen"":true,""implementation"":""lightgbm.LGBMClassifier"",""learning_rate"":0.05,""max_depth"":5,""min_child_samples"":20,""min_child_weight"":0.001,""min_split_gain"":0.0,""n_estimators"":200,""n_jobs"":1,""num_class"":80,""num_leaves"":31,""objective"":""multiclass"",""pilot_source"":""results/sweep_5_config.json"",""reg_alpha"":0.1,""reg_lambda"":0.1,""subsample"":1.0,""subsample_freq"":0}",cb116d2e0b5ef62830f7ca0d63c0d488226c533f44349af3605ff4acd0a2aebc,0.01450700581430621,15.684999109013006,340528244,,False,True,0,False,0.0,lowest_ordered_candidate_on_exact_tie
sensitivity,6,160,lightgbm_multiclass,LightGBM,2,False,"{""boosting_type"":""gbdt"",""colsample_bytree"":1.0,""frozen"":true,""implementation"":""lightgbm.LGBMClassifier"",""learning_rate"":0.05,""max_depth"":7,""min_child_samples"":20,""min_child_weight"":0.001,""min_split_gain"":0.0,""n_estimators"":200,""n_jobs"":1,""num_class"":80,""num_leaves"":31,""objective"":""multiclass"",""pilot_source"":""results/sweep_5_config.json"",""reg_alpha"":0.1,""reg_lambda"":0.1,""subsample"":1.0,""subsample_freq"":0}",cae2276bc5c6ec1a3d72ce53c46697dc247ba4430ea98e1f609b624c98c8365e,0.014811721395625765,20.412520646932535,340528244,,False,True,0,False,0.0,lowest_ordered_candidate_on_exact_tie
sensitivity,6,160,lightgbm_multiclass,LightGBM,3,False,"{""boosting_type"":""gbdt"",""colsample_bytree"":1.0,""frozen"":true,""implementation"":""lightgbm.LGBMClassifier"",""learning_rate"":0.1,""max_depth"":5,""min_child_samples"":20,""min_child_weight"":0.001,""min_split_gain"":0.0,""n_estimators"":200,""n_jobs"":1,""num_class"":80,""num_leaves"":31,""objective"":""multiclass"",""pilot_source"":""results/sweep_5_config.json"",""reg_alpha"":0.1,""reg_lambda"":0.1,""subsample"":1.0,""subsample_freq"":0}",c698b699f6c7cf18743346c4dd2691d8b650e657ec9a021d53142751ecc58407,0.015079830630834347,13.74262345500756,340528244,,False,True,0,False,0.0,lowest_ordered_candidate_on_exact_tie
sensitivity,6,160,ridge_sgd_l2,L2 one-vs-rest logistic,0,True,"{""alpha"":0.3333333333333333,""average"":false,""batch_size"":64,""epochs"":50,""eta0"":0.01,""fit_intercept"":true,""frozen"":true,""implementation"":""sklearn.linear_model.SGDClassifier"",""learning_rate"":""optimal"",""loss"":""log_loss"",""penalty"":""l2"",""pilot_source"":""results/sweep_5_config.json""}",851f14fb6b5ecda88baab0b92a7a36c949fdd0437766fc7d2433f329e2fde2f3,0.014719660483991235,68.70592674799263,365677401,,False,False,4,False,0.0,lowest_ordered_candidate_on_exact_tie
sensitivity,6,160,ridge_sgd_l2,L2 one-vs-rest logistic,1,False,"{""alpha"":10.0,""average"":false,""batch_size"":64,""epochs"":50,""eta0"":0.01,""fit_intercept"":true,""frozen"":true,""implementation"":""sklearn.linear_model.SGDClassifier"",""learning_rate"":""optimal"",""loss"":""log_loss"",""penalty"":""l2"",""pilot_source"":""results/sweep_5_config.json""}",dc2707c60c369df46e9b424fa8a1ebc5b23e4a351ced0c10e7e7dc66c6076d51,0.021685350303128296,68.87810094107408,365677401,,False,False,4,False,0.0,lowest_ordered_candidate_on_exact_tie
sensitivity,6,160,ridge_sgd_l2,L2 one-vs-rest logistic,2,False,"{""alpha"":3.3333333333333335,""average"":false,""batch_size"":64,""epochs"":50,""eta0"":0.01,""fit_intercept"":true,""frozen"":true,""implementation"":""sklearn.linear_model.SGDClassifier"",""learning_rate"":""optimal"",""loss"":""log_loss"",""penalty"":""l2"",""pilot_source"":""results/sweep_5_config.json""}",7aa5dba8ad015c8682db23cb59b805649b89895bc1121de465bef1e495573967,0.017150231640521298,68.81415567698423,365677401,,False,False,4,False,0.0,lowest_ordered_candidate_on_exact_tie
sensitivity,6,160,ridge_sgd_l2,L2 one-vs-rest logistic,3,False,"{""alpha"":1.0,""average"":false,""batch_size"":64,""epochs"":50,""eta0"":0.01,""fit_intercept"":true,""frozen"":true,""implementation"":""sklearn.linear_model.SGDClassifier"",""learning_rate"":""optimal"",""loss"":""log_loss"",""penalty"":""l2"",""pilot_source"":""results/sweep_5_config.json""}",f1028920c45a062ceb93b6bb97df161e827da764972699d89f7ccc787385a0de,0.01527910005387262,68.81722768303007,365677401,,False,False,4,False,0.0,lowest_ordered_candidate_on_exact_tie
sensitivity,6,160,ridge_sgd_l2,L2 one-vs-rest logistic,4,False,"{""alpha"":0.1,""average"":false,""batch_size"":64,""epochs"":50,""eta0"":0.01,""fit_intercept"":true,""frozen"":true,""implementation"":""sklearn.linear_model.SGDClassifier"",""learning_rate"":""optimal"",""loss"":""log_loss"",""penalty"":""l2"",""pilot_source"":""results/sweep_5_config.json""}",724a1fea14c056996c0474f9106b8177856f64794ebcc3fc1e458f6a8e12dc05,0.014419245857283002,68.79282022605184,365677401,,True,False,4,True,0.0,lowest_ordered_candidate_on_exact_tie
sensitivity,6,160,set_transformer,Set Transformer,0,True,"{""batch_size"":64,""d_model"":64,""dense_units"":[64,16],""dropout"":0.3,""expected_parameters"":157416,""ff_dim"":256,""frozen"":true,""implementation"":""neural_models.get_set_transformer"",""input_shape"":[22,10],""key_dim"":32,""learning_rate"":0.001,""max_epochs"":50,""num_heads"":2,""num_layers"":3,""output_units"":80,""patience"":10,""pilot_source"":""results/sweep_5.csv"",""pooling"":""global_average""}",6f4dec421d8ca8a60ca233da0707302c871aa8127caae786bc585c163e11c567,0.013487963581746774,113.3000472499989,1695254212,2082080389.0,False,False,2,False,0.0,lowest_ordered_candidate_on_exact_tie
sensitivity,6,160,set_transformer,Set Transformer,1,False,"{""batch_size"":64,""d_model"":64,""dense_units"":[64,16],""dropout"":0.1,""expected_parameters"":157416,""ff_dim"":256,""frozen"":true,""implementation"":""neural_models.get_set_transformer"",""input_shape"":[22,10],""key_dim"":32,""learning_rate"":0.0003,""max_epochs"":50,""num_heads"":2,""num_layers"":3,""output_units"":80,""patience"":10,""pilot_source"":""results/sweep_5.csv"",""pooling"":""global_average""}",fe204fdf1e84832e477e9c76ffec174e32677e8d5a5f24b670abbf7a3b8c7db1,0.013439483500910577,107.35329846595414,1695254212,2082080389.0,False,False,2,False,0.0,lowest_ordered_candidate_on_exact_tie
sensitivity,6,160,set_transformer,Set Transformer,2,False,"{""batch_size"":64,""d_model"":64,""dense_units"":[64,16],""dropout"":0.3,""expected_parameters"":157416,""ff_dim"":256,""frozen"":true,""implementation"":""neural_models.get_set_transformer"",""input_shape"":[22,10],""key_dim"":32,""learning_rate"":0.0003,""max_epochs"":50,""num_heads"":2,""num_layers"":3,""output_units"":80,""patience"":10,""pilot_source"":""results/sweep_5.csv"",""pooling"":""global_average""}",98491dd6370054dad3bab81748034d9978d93498b7569cee08e9b098dc1ba9e5,0.013327169596234268,113.47991133690812,1695254212,2082080389.0,True,False,2,True,0.0,lowest_ordered_candidate_on_exact_tie
sensitivity,6,160,set_transformer,Set Transformer,3,False,"{""batch_size"":64,""d_model"":64,""dense_units"":[64,16],""dropout"":0.1,""expected_parameters"":157416,""ff_dim"":256,""frozen"":true,""implementation"":""neural_models.get_set_transformer"",""input_shape"":[22,10],""key_dim"":32,""learning_rate"":0.001,""max_epochs"":50,""num_heads"":2,""num_layers"":3,""output_units"":80,""patience"":10,""pilot_source"":""results/sweep_5.csv"",""pooling"":""global_average""}",6003534a6fb6f7c259ea7485f50597481535337902a4fc1efeb39ec80445d6d6,0.013369317098155635,108.4984366109129,1695254212,2082080389.0,False,False,2,False,0.0,lowest_ordered_candidate_on_exact_tie
sensitivity,6,160,zoo_cnn,Zoo CNN,0,True,"{""batch_size"":64,""conv1d_filters"":[160,96,96],""conv2d_filters"":[128,160,128],""dense_units"":[96,256],""dropout"":0.3,""expected_parameters"":145584,""frozen"":true,""implementation"":""neural_models.get_conv_net"",""input_shape"":[11,10,10],""learning_rate"":0.001,""max_epochs"":50,""output_units"":80,""patience"":10,""pilot_source"":""original Zoo architecture and results/sweep_5.csv"",""pooling_weights"":{""average"":0.7,""max"":0.3}}",219344d288a1f6230782c6839c7a9758e13c3625ddae1b87e29779a206a56278,0.013762615423888144,30.53613190399483,694636446,1099911467.0,True,True,0,True,0.0,lowest_ordered_candidate_on_exact_tie
sensitivity,6,160,zoo_cnn,Zoo CNN,1,False,"{""batch_size"":64,""conv1d_filters"":[160,96,96],""conv2d_filters"":[128,160,128],""dense_units"":[96,256],""dropout"":0.1,""expected_parameters"":145584,""frozen"":true,""implementation"":""neural_models.get_conv_net"",""input_shape"":[11,10,10],""learning_rate"":0.0003,""max_epochs"":50,""output_units"":80,""patience"":10,""pilot_source"":""original Zoo architecture and results/sweep_5.csv"",""pooling_weights"":{""average"":0.7,""max"":0.3}}",abbc846d863092760291bfa1d382563580835324df5f7f6ce46a6fbed3da8072,0.014799226431383454,24.70686515979469,694636446,1099911467.0,False,True,0,False,0.0,lowest_ordered_candidate_on_exact_tie
sensitivity,6,160,zoo_cnn,Zoo CNN,2,False,"{""batch_size"":64,""conv1d_filters"":[160,96,96],""conv2d_filters"":[128,160,128],""dense_units"":[96,256],""dropout"":0.3,""expected_parameters"":145584,""frozen"":true,""implementation"":""neural_models.get_conv_net"",""input_shape"":[11,10,10],""learning_rate"":0.0003,""max_epochs"":50,""output_units"":80,""patience"":10,""pilot_source"":""original Zoo architecture and results/sweep_5.csv"",""pooling_weights"":{""average"":0.7,""max"":0.3}}",36cfcc45679e2e31725ccf0dedf1ff567692c99678381161175d0aef95c9aead,0.014590119118673167,30.642903062980622,694636446,1099911467.0,False,True,0,False,0.0,lowest_ordered_candidate_on_exact_tie
sensitivity,6,160,zoo_cnn,Zoo CNN,3,False,"{""batch_size"":64,""conv1d_filters"":[160,96,96],""conv2d_filters"":[128,160,128],""dense_units"":[96,256],""dropout"":0.1,""expected_parameters"":145584,""frozen"":true,""implementation"":""neural_models.get_conv_net"",""input_shape"":[11,10,10],""learning_rate"":0.001,""max_epochs"":50,""output_units"":80,""patience"":10,""pilot_source"":""original Zoo architecture and results/sweep_5.csv"",""pooling_weights"":{""average"":0.7,""max"":0.3}}",0b22203ab4438c16191482ac13e31621a615cbaa6cf409114e6377f1bec3dc7b,0.014621757207942019,25.77755127591081,694636446,1099911467.0,False,True,0,False,0.0,lowest_ordered_candidate_on_exact_tie
sensitivity,6,360,lightgbm_multiclass,LightGBM,0,True,"{""boosting_type"":""gbdt"",""colsample_bytree"":1.0,""frozen"":true,""implementation"":""lightgbm.LGBMClassifier"",""learning_rate"":0.05,""max_depth"":5,""min_child_samples"":50,""min_child_weight"":0.001,""min_split_gain"":0.0,""n_estimators"":200,""n_jobs"":1,""num_class"":80,""num_leaves"":31,""objective"":""multiclass"",""pilot_source"":""results/sweep_5_config.json"",""reg_alpha"":0.5,""reg_lambda"":0.5,""subsample"":1.0,""subsample_freq"":0}",5689446e19bdea1df411111e1e4b5cc50183c270622d0757b33c51d0a5938a1c,0.013917984682686213,26.00156177196186,525669351,,True,True,0,True,0.0,lowest_ordered_candidate_on_exact_tie
sensitivity,6,360,lightgbm_multiclass,LightGBM,1,False,"{""boosting_type"":""gbdt"",""colsample_bytree"":1.0,""frozen"":true,""implementation"":""lightgbm.LGBMClassifier"",""learning_rate"":0.05,""max_depth"":5,""min_child_samples"":20,""min_child_weight"":0.001,""min_split_gain"":0.0,""n_estimators"":200,""n_jobs"":1,""num_class"":80,""num_leaves"":31,""objective"":""multiclass"",""pilot_source"":""results/sweep_5_config.json"",""reg_alpha"":0.1,""reg_lambda"":0.1,""subsample"":1.0,""subsample_freq"":0}",cb116d2e0b5ef62830f7ca0d63c0d488226c533f44349af3605ff4acd0a2aebc,0.014038367824877149,27.436666126013733,525669351,,False,True,0,False,0.0,lowest_ordered_candidate_on_exact_tie
sensitivity,6,360,lightgbm_multiclass,LightGBM,2,False,"{""boosting_type"":""gbdt"",""colsample_bytree"":1.0,""frozen"":true,""implementation"":""lightgbm.LGBMClassifier"",""learning_rate"":0.05,""max_depth"":7,""min_child_samples"":20,""min_child_weight"":0.001,""min_split_gain"":0.0,""n_estimators"":200,""n_jobs"":1,""num_class"":80,""num_leaves"":31,""objective"":""multiclass"",""pilot_source"":""results/sweep_5_config.json"",""reg_alpha"":0.1,""reg_lambda"":0.1,""subsample"":1.0,""subsample_freq"":0}",cae2276bc5c6ec1a3d72ce53c46697dc247ba4430ea98e1f609b624c98c8365e,0.01429118484675908,34.86137537402101,525669351,,False,True,0,False,0.0,lowest_ordered_candidate_on_exact_tie
sensitivity,6,360,lightgbm_multiclass,LightGBM,3,False,"{""boosting_type"":""gbdt"",""colsample_bytree"":1.0,""frozen"":true,""implementation"":""lightgbm.LGBMClassifier"",""learning_rate"":0.1,""max_depth"":5,""min_child_samples"":20,""min_child_weight"":0.001,""min_split_gain"":0.0,""n_estimators"":200,""n_jobs"":1,""num_class"":80,""num_leaves"":31,""objective"":""multiclass"",""pilot_source"":""results/sweep_5_config.json"",""reg_alpha"":0.1,""reg_lambda"":0.1,""subsample"":1.0,""subsample_freq"":0}",c698b699f6c7cf18743346c4dd2691d8b650e657ec9a021d53142751ecc58407,0.014461857419665443,24.57497598498594,525669351,,False,True,0,False,0.0,lowest_ordered_candidate_on_exact_tie
sensitivity,6,360,ridge_sgd_l2,L2 one-vs-rest logistic,0,True,"{""alpha"":0.3333333333333333,""average"":false,""batch_size"":64,""epochs"":50,""eta0"":0.01,""fit_intercept"":true,""frozen"":true,""implementation"":""sklearn.linear_model.SGDClassifier"",""learning_rate"":""optimal"",""loss"":""log_loss"",""penalty"":""l2"",""pilot_source"":""results/sweep_5_config.json""}",851f14fb6b5ecda88baab0b92a7a36c949fdd0437766fc7d2433f329e2fde2f3,0.014696752600846946,156.9967009118991,1141181494,,False,False,4,False,0.0,lowest_ordered_candidate_on_exact_tie
sensitivity,6,360,ridge_sgd_l2,L2 one-vs-rest logistic,1,False,"{""alpha"":10.0,""average"":false,""batch_size"":64,""epochs"":50,""eta0"":0.01,""fit_intercept"":true,""frozen"":true,""implementation"":""sklearn.linear_model.SGDClassifier"",""learning_rate"":""optimal"",""loss"":""log_loss"",""penalty"":""l2"",""pilot_source"":""results/sweep_5_config.json""}",dc2707c60c369df46e9b424fa8a1ebc5b23e4a351ced0c10e7e7dc66c6076d51,0.02168962495229893,156.90617752703838,1141181494,,False,False,4,False,0.0,lowest_ordered_candidate_on_exact_tie
sensitivity,6,360,ridge_sgd_l2,L2 one-vs-rest logistic,2,False,"{""alpha"":3.3333333333333335,""average"":false,""batch_size"":64,""epochs"":50,""eta0"":0.01,""fit_intercept"":true,""frozen"":true,""implementation"":""sklearn.linear_model.SGDClassifier"",""learning_rate"":""optimal"",""loss"":""log_loss"",""penalty"":""l2"",""pilot_source"":""results/sweep_5_config.json""}",7aa5dba8ad015c8682db23cb59b805649b89895bc1121de465bef1e495573967,0.017144305269830143,156.87820307794027,1141181494,,False,False,4,False,0.0,lowest_ordered_candidate_on_exact_tie
sensitivity,6,360,ridge_sgd_l2,L2 one-vs-rest logistic,3,False,"{""alpha"":1.0,""average"":false,""batch_size"":64,""epochs"":50,""eta0"":0.01,""fit_intercept"":true,""frozen"":true,""implementation"":""sklearn.linear_model.SGDClassifier"",""learning_rate"":""optimal"",""loss"":""log_loss"",""penalty"":""l2"",""pilot_source"":""results/sweep_5_config.json""}",f1028920c45a062ceb93b6bb97df161e827da764972699d89f7ccc787385a0de,0.015264822281952643,157.034178800066,1141181494,,False,False,4,False,0.0,lowest_ordered_candidate_on_exact_tie
sensitivity,6,360,ridge_sgd_l2,L2 one-vs-rest logistic,4,False,"{""alpha"":0.1,""average"":false,""batch_size"":64,""epochs"":50,""eta0"":0.01,""fit_intercept"":true,""frozen"":true,""implementation"":""sklearn.linear_model.SGDClassifier"",""learning_rate"":""optimal"",""loss"":""log_loss"",""penalty"":""l2"",""pilot_source"":""results/sweep_5_config.json""}",724a1fea14c056996c0474f9106b8177856f64794ebcc3fc1e458f6a8e12dc05,0.014371626312697483,156.8227912579896,1141181494,,True,False,4,True,0.0,lowest_ordered_candidate_on_exact_tie
sensitivity,6,360,set_transformer,Set Transformer,0,True,"{""batch_size"":64,""d_model"":64,""dense_units"":[64,16],""dropout"":0.3,""expected_parameters"":157416,""ff_dim"":256,""frozen"":true,""implementation"":""neural_models.get_set_transformer"",""input_shape"":[22,10],""key_dim"":32,""learning_rate"":0.001,""max_epochs"":50,""num_heads"":2,""num_layers"":3,""output_units"":80,""patience"":10,""pilot_source"":""results/sweep_5.csv"",""pooling"":""global_average""}",6f4dec421d8ca8a60ca233da0707302c871aa8127caae786bc585c163e11c567,0.012778807594091795,238.65621857298538,1047722165,2011402757.0,True,True,0,True,0.0,lowest_ordered_candidate_on_exact_tie
sensitivity,6,360,set_transformer,Set Transformer,1,False,"{""batch_size"":64,""d_model"":64,""dense_units"":[64,16],""dropout"":0.1,""expected_parameters"":157416,""ff_dim"":256,""frozen"":true,""implementation"":""neural_models.get_set_transformer"",""input_shape"":[22,10],""key_dim"":32,""learning_rate"":0.0003,""max_epochs"":50,""num_heads"":2,""num_layers"":3,""output_units"":80,""patience"":10,""pilot_source"":""results/sweep_5.csv"",""pooling"":""global_average""}",fe204fdf1e84832e477e9c76ffec174e32677e8d5a5f24b670abbf7a3b8c7db1,0.012818177930045097,196.18328361399472,1047722165,2011402757.0,False,True,0,False,0.0,lowest_ordered_candidate_on_exact_tie
sensitivity,6,360,set_transformer,Set Transformer,2,False,"{""batch_size"":64,""d_model"":64,""dense_units"":[64,16],""dropout"":0.3,""expected_parameters"":157416,""ff_dim"":256,""frozen"":true,""implementation"":""neural_models.get_set_transformer"",""input_shape"":[22,10],""key_dim"":32,""learning_rate"":0.0003,""max_epochs"":50,""num_heads"":2,""num_layers"":3,""output_units"":80,""patience"":10,""pilot_source"":""results/sweep_5.csv"",""pooling"":""global_average""}",98491dd6370054dad3bab81748034d9978d93498b7569cee08e9b098dc1ba9e5,0.012824069278022356,239.28701051604003,1047722165,2011402757.0,False,True,0,False,0.0,lowest_ordered_candidate_on_exact_tie
sensitivity,6,360,set_transformer,Set Transformer,3,False,"{""batch_size"":64,""d_model"":64,""dense_units"":[64,16],""dropout"":0.1,""expected_parameters"":157416,""ff_dim"":256,""frozen"":true,""implementation"":""neural_models.get_set_transformer"",""input_shape"":[22,10],""key_dim"":32,""learning_rate"":0.001,""max_epochs"":50,""num_heads"":2,""num_layers"":3,""output_units"":80,""patience"":10,""pilot_source"":""results/sweep_5.csv"",""pooling"":""global_average""}",6003534a6fb6f7c259ea7485f50597481535337902a4fc1efeb39ec80445d6d6,0.012960003258600444,164.57765363389626,1047722165,2011402757.0,False,True,0,False,0.0,lowest_ordered_candidate_on_exact_tie
sensitivity,6,360,zoo_cnn,Zoo CNN,0,True,"{""batch_size"":64,""conv1d_filters"":[160,96,96],""conv2d_filters"":[128,160,128],""dense_units"":[96,256],""dropout"":0.3,""expected_parameters"":145584,""frozen"":true,""implementation"":""neural_models.get_conv_net"",""input_shape"":[11,10,10],""learning_rate"":0.001,""max_epochs"":50,""output_units"":80,""patience"":10,""pilot_source"":""original Zoo architecture and results/sweep_5.csv"",""pooling_weights"":{""average"":0.7,""max"":0.3}}",219344d288a1f6230782c6839c7a9758e13c3625ddae1b87e29779a206a56278,0.013702971973649463,76.83246703096665,1346513966,1822793228.0,False,False,3,False,0.0,lowest_ordered_candidate_on_exact_tie
sensitivity,6,360,zoo_cnn,Zoo CNN,1,False,"{""batch_size"":64,""conv1d_filters"":[160,96,96],""conv2d_filters"":[128,160,128],""dense_units"":[96,256],""dropout"":0.1,""expected_parameters"":145584,""frozen"":true,""implementation"":""neural_models.get_conv_net"",""input_shape"":[11,10,10],""learning_rate"":0.0003,""max_epochs"":50,""output_units"":80,""patience"":10,""pilot_source"":""original Zoo architecture and results/sweep_5.csv"",""pooling_weights"":{""average"":0.7,""max"":0.3}}",abbc846d863092760291bfa1d382563580835324df5f7f6ce46a6fbed3da8072,0.013715921744918138,42.15289784804918,1346513966,1822793228.0,False,False,3,False,0.0,lowest_ordered_candidate_on_exact_tie
sensitivity,6,360,zoo_cnn,Zoo CNN,2,False,"{""batch_size"":64,""conv1d_filters"":[160,96,96],""conv2d_filters"":[128,160,128],""dense_units"":[96,256],""dropout"":0.3,""expected_parameters"":145584,""frozen"":true,""implementation"":""neural_models.get_conv_net"",""input_shape"":[11,10,10],""learning_rate"":0.0003,""max_epochs"":50,""output_units"":80,""patience"":10,""pilot_source"":""original Zoo architecture and results/sweep_5.csv"",""pooling_weights"":{""average"":0.7,""max"":0.3}}",36cfcc45679e2e31725ccf0dedf1ff567692c99678381161175d0aef95c9aead,0.013835527378886348,82.21313367504627,1346513966,1822793228.0,False,False,3,False,0.0,lowest_ordered_candidate_on_exact_tie
sensitivity,6,360,zoo_cnn,Zoo CNN,3,False,"{""batch_size"":64,""conv1d_filters"":[160,96,96],""conv2d_filters"":[128,160,128],""dense_units"":[96,256],""dropout"":0.1,""expected_parameters"":145584,""frozen"":true,""implementation"":""neural_models.get_conv_net"",""input_shape"":[11,10,10],""learning_rate"":0.001,""max_epochs"":50,""output_units"":80,""patience"":10,""pilot_source"":""original Zoo architecture and results/sweep_5.csv"",""pooling_weights"":{""average"":0.7,""max"":0.3}}",0b22203ab4438c16191482ac13e31621a615cbaa6cf409114e6377f1bec3dc7b,0.013497287275876875,45.38054440799169,1346513966,1822793228.0,True,False,3,True,0.0,lowest_ordered_candidate_on_exact_tie
sensitivity,7,20,lightgbm_multiclass,LightGBM,0,True,"{""boosting_type"":""gbdt"",""colsample_bytree"":1.0,""frozen"":true,""implementation"":""lightgbm.LGBMClassifier"",""learning_rate"":0.05,""max_depth"":5,""min_child_samples"":50,""min_child_weight"":0.001,""min_split_gain"":0.0,""n_estimators"":200,""n_jobs"":1,""num_class"":80,""num_leaves"":31,""objective"":""multiclass"",""pilot_source"":""results/sweep_5_config.json"",""reg_alpha"":0.5,""reg_lambda"":0.5,""subsample"":1.0,""subsample_freq"":0}",5689446e19bdea1df411111e1e4b5cc50183c270622d0757b33c51d0a5938a1c,0.014719911919522231,3.2906630779616535,1560311973,,True,True,0,True,0.0,lowest_ordered_candidate_on_exact_tie
sensitivity,7,20,lightgbm_multiclass,LightGBM,1,False,"{""boosting_type"":""gbdt"",""colsample_bytree"":1.0,""frozen"":true,""implementation"":""lightgbm.LGBMClassifier"",""learning_rate"":0.05,""max_depth"":5,""min_child_samples"":20,""min_child_weight"":0.001,""min_split_gain"":0.0,""n_estimators"":200,""n_jobs"":1,""num_class"":80,""num_leaves"":31,""objective"":""multiclass"",""pilot_source"":""results/sweep_5_config.json"",""reg_alpha"":0.1,""reg_lambda"":0.1,""subsample"":1.0,""subsample_freq"":0}",cb116d2e0b5ef62830f7ca0d63c0d488226c533f44349af3605ff4acd0a2aebc,0.015372341724544056,4.496716039022431,1560311973,,False,True,0,False,0.0,lowest_ordered_candidate_on_exact_tie
sensitivity,7,20,lightgbm_multiclass,LightGBM,2,False,"{""boosting_type"":""gbdt"",""colsample_bytree"":1.0,""frozen"":true,""implementation"":""lightgbm.LGBMClassifier"",""learning_rate"":0.05,""max_depth"":7,""min_child_samples"":20,""min_child_weight"":0.001,""min_split_gain"":0.0,""n_estimators"":200,""n_jobs"":1,""num_class"":80,""num_leaves"":31,""objective"":""multiclass"",""pilot_source"":""results/sweep_5_config.json"",""reg_alpha"":0.1,""reg_lambda"":0.1,""subsample"":1.0,""subsample_freq"":0}",cae2276bc5c6ec1a3d72ce53c46697dc247ba4430ea98e1f609b624c98c8365e,0.015227510279334515,4.4554335930151865,1560311973,,False,True,0,False,0.0,lowest_ordered_candidate_on_exact_tie
sensitivity,7,20,lightgbm_multiclass,LightGBM,3,False,"{""boosting_type"":""gbdt"",""colsample_bytree"":1.0,""frozen"":true,""implementation"":""lightgbm.LGBMClassifier"",""learning_rate"":0.1,""max_depth"":5,""min_child_samples"":20,""min_child_weight"":0.001,""min_split_gain"":0.0,""n_estimators"":200,""n_jobs"":1,""num_class"":80,""num_leaves"":31,""objective"":""multiclass"",""pilot_source"":""results/sweep_5_config.json"",""reg_alpha"":0.1,""reg_lambda"":0.1,""subsample"":1.0,""subsample_freq"":0}",c698b699f6c7cf18743346c4dd2691d8b650e657ec9a021d53142751ecc58407,0.015403824668804104,2.8250823579728603,1560311973,,False,True,0,False,0.0,lowest_ordered_candidate_on_exact_tie
sensitivity,7,20,ridge_sgd_l2,L2 one-vs-rest logistic,0,True,"{""alpha"":0.3333333333333333,""average"":false,""batch_size"":64,""epochs"":50,""eta0"":0.01,""fit_intercept"":true,""frozen"":true,""implementation"":""sklearn.linear_model.SGDClassifier"",""learning_rate"":""optimal"",""loss"":""log_loss"",""penalty"":""l2"",""pilot_source"":""results/sweep_5_config.json""}",851f14fb6b5ecda88baab0b92a7a36c949fdd0437766fc7d2433f329e2fde2f3,0.01477194338064578,8.799686984042637,1896070167,,False,False,4,False,0.0,lowest_ordered_candidate_on_exact_tie
sensitivity,7,20,ridge_sgd_l2,L2 one-vs-rest logistic,1,False,"{""alpha"":10.0,""average"":false,""batch_size"":64,""epochs"":50,""eta0"":0.01,""fit_intercept"":true,""frozen"":true,""implementation"":""sklearn.linear_model.SGDClassifier"",""learning_rate"":""optimal"",""loss"":""log_loss"",""penalty"":""l2"",""pilot_source"":""results/sweep_5_config.json""}",dc2707c60c369df46e9b424fa8a1ebc5b23e4a351ced0c10e7e7dc66c6076d51,0.021467363795582048,8.665354049066082,1896070167,,False,False,4,False,0.0,lowest_ordered_candidate_on_exact_tie
sensitivity,7,20,ridge_sgd_l2,L2 one-vs-rest logistic,2,False,"{""alpha"":3.3333333333333335,""average"":false,""batch_size"":64,""epochs"":50,""eta0"":0.01,""fit_intercept"":true,""frozen"":true,""implementation"":""sklearn.linear_model.SGDClassifier"",""learning_rate"":""optimal"",""loss"":""log_loss"",""penalty"":""l2"",""pilot_source"":""results/sweep_5_config.json""}",7aa5dba8ad015c8682db23cb59b805649b89895bc1121de465bef1e495573967,0.017053256938695523,8.646973526920192,1896070167,,False,False,4,False,0.0,lowest_ordered_candidate_on_exact_tie
sensitivity,7,20,ridge_sgd_l2,L2 one-vs-rest logistic,3,False,"{""alpha"":1.0,""average"":false,""batch_size"":64,""epochs"":50,""eta0"":0.01,""fit_intercept"":true,""frozen"":true,""implementation"":""sklearn.linear_model.SGDClassifier"",""learning_rate"":""optimal"",""loss"":""log_loss"",""penalty"":""l2"",""pilot_source"":""results/sweep_5_config.json""}",f1028920c45a062ceb93b6bb97df161e827da764972699d89f7ccc787385a0de,0.01528710686315686,8.681641328963451,1896070167,,False,False,4,False,0.0,lowest_ordered_candidate_on_exact_tie
sensitivity,7,20,ridge_sgd_l2,L2 one-vs-rest logistic,4,False,"{""alpha"":0.1,""average"":false,""batch_size"":64,""epochs"":50,""eta0"":0.01,""fit_intercept"":true,""frozen"":true,""implementation"":""sklearn.linear_model.SGDClassifier"",""learning_rate"":""optimal"",""loss"":""log_loss"",""penalty"":""l2"",""pilot_source"":""results/sweep_5_config.json""}",724a1fea14c056996c0474f9106b8177856f64794ebcc3fc1e458f6a8e12dc05,0.014626422917148696,8.662070216960274,1896070167,,True,False,4,True,0.0,lowest_ordered_candidate_on_exact_tie
sensitivity,7,20,set_transformer,Set Transformer,0,True,"{""batch_size"":64,""d_model"":64,""dense_units"":[64,16],""dropout"":0.3,""expected_parameters"":157416,""ff_dim"":256,""frozen"":true,""implementation"":""neural_models.get_set_transformer"",""input_shape"":[22,10],""key_dim"":32,""learning_rate"":0.001,""max_epochs"":50,""num_heads"":2,""num_layers"":3,""output_units"":80,""patience"":10,""pilot_source"":""results/sweep_5.csv"",""pooling"":""global_average""}",6f4dec421d8ca8a60ca233da0707302c871aa8127caae786bc585c163e11c567,0.014320230819875438,35.619483520975336,1698919835,1684612078.0,False,False,3,False,0.0,lowest_ordered_candidate_on_exact_tie
sensitivity,7,20,set_transformer,Set Transformer,1,False,"{""batch_size"":64,""d_model"":64,""dense_units"":[64,16],""dropout"":0.1,""expected_parameters"":157416,""ff_dim"":256,""frozen"":true,""implementation"":""neural_models.get_set_transformer"",""input_shape"":[22,10],""key_dim"":32,""learning_rate"":0.0003,""max_epochs"":50,""num_heads"":2,""num_layers"":3,""output_units"":80,""patience"":10,""pilot_source"":""results/sweep_5.csv"",""pooling"":""global_average""}",fe204fdf1e84832e477e9c76ffec174e32677e8d5a5f24b670abbf7a3b8c7db1,0.014410737389158044,41.004362790845335,1698919835,1684612078.0,False,False,3,False,0.0,lowest_ordered_candidate_on_exact_tie
sensitivity,7,20,set_transformer,Set Transformer,2,False,"{""batch_size"":64,""d_model"":64,""dense_units"":[64,16],""dropout"":0.3,""expected_parameters"":157416,""ff_dim"":256,""frozen"":true,""implementation"":""neural_models.get_set_transformer"",""input_shape"":[22,10],""key_dim"":32,""learning_rate"":0.0003,""max_epochs"":50,""num_heads"":2,""num_layers"":3,""output_units"":80,""patience"":10,""pilot_source"":""results/sweep_5.csv"",""pooling"":""global_average""}",98491dd6370054dad3bab81748034d9978d93498b7569cee08e9b098dc1ba9e5,0.014497199501703402,42.00151931983419,1698919835,1684612078.0,False,False,3,False,0.0,lowest_ordered_candidate_on_exact_tie
sensitivity,7,20,set_transformer,Set Transformer,3,False,"{""batch_size"":64,""d_model"":64,""dense_units"":[64,16],""dropout"":0.1,""expected_parameters"":157416,""ff_dim"":256,""frozen"":true,""implementation"":""neural_models.get_set_transformer"",""input_shape"":[22,10],""key_dim"":32,""learning_rate"":0.001,""max_epochs"":50,""num_heads"":2,""num_layers"":3,""output_units"":80,""patience"":10,""pilot_source"":""results/sweep_5.csv"",""pooling"":""global_average""}",6003534a6fb6f7c259ea7485f50597481535337902a4fc1efeb39ec80445d6d6,0.014244366490285768,33.69752730312757,1698919835,1684612078.0,True,False,3,True,0.0,lowest_ordered_candidate_on_exact_tie
sensitivity,7,20,zoo_cnn,Zoo CNN,0,True,"{""batch_size"":64,""conv1d_filters"":[160,96,96],""conv2d_filters"":[128,160,128],""dense_units"":[96,256],""dropout"":0.3,""expected_parameters"":145584,""frozen"":true,""implementation"":""neural_models.get_conv_net"",""input_shape"":[11,10,10],""learning_rate"":0.001,""max_epochs"":50,""output_units"":80,""patience"":10,""pilot_source"":""original Zoo architecture and results/sweep_5.csv"",""pooling_weights"":{""average"":0.7,""max"":0.3}}",219344d288a1f6230782c6839c7a9758e13c3625ddae1b87e29779a206a56278,0.016784029890418568,19.810483583947644,1992274787,1911071721.0,False,False,3,False,0.0,lowest_ordered_candidate_on_exact_tie
sensitivity,7,20,zoo_cnn,Zoo CNN,1,False,"{""batch_size"":64,""conv1d_filters"":[160,96,96],""conv2d_filters"":[128,160,128],""dense_units"":[96,256],""dropout"":0.1,""expected_parameters"":145584,""frozen"":true,""implementation"":""neural_models.get_conv_net"",""input_shape"":[11,10,10],""learning_rate"":0.0003,""max_epochs"":50,""output_units"":80,""patience"":10,""pilot_source"":""original Zoo architecture and results/sweep_5.csv"",""pooling_weights"":{""average"":0.7,""max"":0.3}}",abbc846d863092760291bfa1d382563580835324df5f7f6ce46a6fbed3da8072,0.016181125651968196,16.77455570991151,1992274787,1911071721.0,False,False,3,False,0.0,lowest_ordered_candidate_on_exact_tie
sensitivity,7,20,zoo_cnn,Zoo CNN,2,False,"{""batch_size"":64,""conv1d_filters"":[160,96,96],""conv2d_filters"":[128,160,128],""dense_units"":[96,256],""dropout"":0.3,""expected_parameters"":145584,""frozen"":true,""implementation"":""neural_models.get_conv_net"",""input_shape"":[11,10,10],""learning_rate"":0.0003,""max_epochs"":50,""output_units"":80,""patience"":10,""pilot_source"":""original Zoo architecture and results/sweep_5.csv"",""pooling_weights"":{""average"":0.7,""max"":0.3}}",36cfcc45679e2e31725ccf0dedf1ff567692c99678381161175d0aef95c9aead,0.017005021885400966,22.644866711925715,1992274787,1911071721.0,False,False,3,False,0.0,lowest_ordered_candidate_on_exact_tie
sensitivity,7,20,zoo_cnn,Zoo CNN,3,False,"{""batch_size"":64,""conv1d_filters"":[160,96,96],""conv2d_filters"":[128,160,128],""dense_units"":[96,256],""dropout"":0.1,""expected_parameters"":145584,""frozen"":true,""implementation"":""neural_models.get_conv_net"",""input_shape"":[11,10,10],""learning_rate"":0.001,""max_epochs"":50,""output_units"":80,""patience"":10,""pilot_source"":""original Zoo architecture and results/sweep_5.csv"",""pooling_weights"":{""average"":0.7,""max"":0.3}}",0b22203ab4438c16191482ac13e31621a615cbaa6cf409114e6377f1bec3dc7b,0.016069671265003214,15.121395766967908,1992274787,1911071721.0,True,False,3,True,0.0,lowest_ordered_candidate_on_exact_tie
sensitivity,7,160,lightgbm_multiclass,LightGBM,0,True,"{""boosting_type"":""gbdt"",""colsample_bytree"":1.0,""frozen"":true,""implementation"":""lightgbm.LGBMClassifier"",""learning_rate"":0.05,""max_depth"":5,""min_child_samples"":50,""min_child_weight"":0.001,""min_split_gain"":0.0,""n_estimators"":200,""n_jobs"":1,""num_class"":80,""num_leaves"":31,""objective"":""multiclass"",""pilot_source"":""results/sweep_5_config.json"",""reg_alpha"":0.5,""reg_lambda"":0.5,""subsample"":1.0,""subsample_freq"":0}",5689446e19bdea1df411111e1e4b5cc50183c270622d0757b33c51d0a5938a1c,0.01415628018390257,14.992547598085366,1198032840,,True,True,0,True,0.0,lowest_ordered_candidate_on_exact_tie
sensitivity,7,160,lightgbm_multiclass,LightGBM,1,False,"{""boosting_type"":""gbdt"",""colsample_bytree"":1.0,""frozen"":true,""implementation"":""lightgbm.LGBMClassifier"",""learning_rate"":0.05,""max_depth"":5,""min_child_samples"":20,""min_child_weight"":0.001,""min_split_gain"":0.0,""n_estimators"":200,""n_jobs"":1,""num_class"":80,""num_leaves"":31,""objective"":""multiclass"",""pilot_source"":""results/sweep_5_config.json"",""reg_alpha"":0.1,""reg_lambda"":0.1,""subsample"":1.0,""subsample_freq"":0}",cb116d2e0b5ef62830f7ca0d63c0d488226c533f44349af3605ff4acd0a2aebc,0.01437281652037132,15.108260042965412,1198032840,,False,True,0,False,0.0,lowest_ordered_candidate_on_exact_tie
sensitivity,7,160,lightgbm_multiclass,LightGBM,2,False,"{""boosting_type"":""gbdt"",""colsample_bytree"":1.0,""frozen"":true,""implementation"":""lightgbm.LGBMClassifier"",""learning_rate"":0.05,""max_depth"":7,""min_child_samples"":20,""min_child_weight"":0.001,""min_split_gain"":0.0,""n_estimators"":200,""n_jobs"":1,""num_class"":80,""num_leaves"":31,""objective"":""multiclass"",""pilot_source"":""results/sweep_5_config.json"",""reg_alpha"":0.1,""reg_lambda"":0.1,""subsample"":1.0,""subsample_freq"":0}",cae2276bc5c6ec1a3d72ce53c46697dc247ba4430ea98e1f609b624c98c8365e,0.014682661015842834,20.056583800935186,1198032840,,False,True,0,False,0.0,lowest_ordered_candidate_on_exact_tie
sensitivity,7,160,lightgbm_multiclass,LightGBM,3,False,"{""boosting_type"":""gbdt"",""colsample_bytree"":1.0,""frozen"":true,""implementation"":""lightgbm.LGBMClassifier"",""learning_rate"":0.1,""max_depth"":5,""min_child_samples"":20,""min_child_weight"":0.001,""min_split_gain"":0.0,""n_estimators"":200,""n_jobs"":1,""num_class"":80,""num_leaves"":31,""objective"":""multiclass"",""pilot_source"":""results/sweep_5_config.json"",""reg_alpha"":0.1,""reg_lambda"":0.1,""subsample"":1.0,""subsample_freq"":0}",c698b699f6c7cf18743346c4dd2691d8b650e657ec9a021d53142751ecc58407,0.014843169110211723,13.413848886964843,1198032840,,False,True,0,False,0.0,lowest_ordered_candidate_on_exact_tie
sensitivity,7,160,ridge_sgd_l2,L2 one-vs-rest logistic,0,True,"{""alpha"":0.3333333333333333,""average"":false,""batch_size"":64,""epochs"":50,""eta0"":0.01,""fit_intercept"":true,""frozen"":true,""implementation"":""sklearn.linear_model.SGDClassifier"",""learning_rate"":""optimal"",""loss"":""log_loss"",""penalty"":""l2"",""pilot_source"":""results/sweep_5_config.json""}",851f14fb6b5ecda88baab0b92a7a36c949fdd0437766fc7d2433f329e2fde2f3,0.014702292187036727,69.80145705200266,1761512920,,False,False,4,False,0.0,lowest_ordered_candidate_on_exact_tie
sensitivity,7,160,ridge_sgd_l2,L2 one-vs-rest logistic,1,False,"{""alpha"":10.0,""average"":false,""batch_size"":64,""epochs"":50,""eta0"":0.01,""fit_intercept"":true,""frozen"":true,""implementation"":""sklearn.linear_model.SGDClassifier"",""learning_rate"":""optimal"",""loss"":""log_loss"",""penalty"":""l2"",""pilot_source"":""results/sweep_5_config.json""}",dc2707c60c369df46e9b424fa8a1ebc5b23e4a351ced0c10e7e7dc66c6076d51,0.021372996218331133,69.63767725194339,1761512920,,False,False,4,False,0.0,lowest_ordered_candidate_on_exact_tie
sensitivity,7,160,ridge_sgd_l2,L2 one-vs-rest logistic,2,False,"{""alpha"":3.3333333333333335,""average"":false,""batch_size"":64,""epochs"":50,""eta0"":0.01,""fit_intercept"":true,""frozen"":true,""implementation"":""sklearn.linear_model.SGDClassifier"",""learning_rate"":""optimal"",""loss"":""log_loss"",""penalty"":""l2"",""pilot_source"":""results/sweep_5_config.json""}",7aa5dba8ad015c8682db23cb59b805649b89895bc1121de465bef1e495573967,0.016937094625591582,69.58417244500015,1761512920,,False,False,4,False,0.0,lowest_ordered_candidate_on_exact_tie
sensitivity,7,160,ridge_sgd_l2,L2 one-vs-rest logistic,3,False,"{""alpha"":1.0,""average"":false,""batch_size"":64,""epochs"":50,""eta0"":0.01,""fit_intercept"":true,""frozen"":true,""implementation"":""sklearn.linear_model.SGDClassifier"",""learning_rate"":""optimal"",""loss"":""log_loss"",""penalty"":""l2"",""pilot_source"":""results/sweep_5_config.json""}",f1028920c45a062ceb93b6bb97df161e827da764972699d89f7ccc787385a0de,0.01520080598585686,75.49080298107583,1761512920,,False,False,4,False,0.0,lowest_ordered_candidate_on_exact_tie
sensitivity,7,160,ridge_sgd_l2,L2 one-vs-rest logistic,4,False,"{""alpha"":0.1,""average"":false,""batch_size"":64,""epochs"":50,""eta0"":0.01,""fit_intercept"":true,""frozen"":true,""implementation"":""sklearn.linear_model.SGDClassifier"",""learning_rate"":""optimal"",""loss"":""log_loss"",""penalty"":""l2"",""pilot_source"":""results/sweep_5_config.json""}",724a1fea14c056996c0474f9106b8177856f64794ebcc3fc1e458f6a8e12dc05,0.0144255341789751,69.38547524705064,1761512920,,True,False,4,True,0.0,lowest_ordered_candidate_on_exact_tie
sensitivity,7,160,set_transformer,Set Transformer,0,True,"{""batch_size"":64,""d_model"":64,""dense_units"":[64,16],""dropout"":0.3,""expected_parameters"":157416,""ff_dim"":256,""frozen"":true,""implementation"":""neural_models.get_set_transformer"",""input_shape"":[22,10],""key_dim"":32,""learning_rate"":0.001,""max_epochs"":50,""num_heads"":2,""num_layers"":3,""output_units"":80,""patience"":10,""pilot_source"":""results/sweep_5.csv"",""pooling"":""global_average""}",6f4dec421d8ca8a60ca233da0707302c871aa8127caae786bc585c163e11c567,0.01350474703588906,149.97573891002685,1140773775,501641819.0,False,False,2,False,0.0,lowest_ordered_candidate_on_exact_tie
sensitivity,7,160,set_transformer,Set Transformer,1,False,"{""batch_size"":64,""d_model"":64,""dense_units"":[64,16],""dropout"":0.1,""expected_parameters"":157416,""ff_dim"":256,""frozen"":true,""implementation"":""neural_models.get_set_transformer"",""input_shape"":[22,10],""key_dim"":32,""learning_rate"":0.0003,""max_epochs"":50,""num_heads"":2,""num_layers"":3,""output_units"":80,""patience"":10,""pilot_source"":""results/sweep_5.csv"",""pooling"":""global_average""}",fe204fdf1e84832e477e9c76ffec174e32677e8d5a5f24b670abbf7a3b8c7db1,0.013565396218511746,155.57850863714702,1140773775,501641819.0,False,False,2,False,0.0,lowest_ordered_candidate_on_exact_tie
sensitivity,7,160,set_transformer,Set Transformer,2,False,"{""batch_size"":64,""d_model"":64,""dense_units"":[64,16],""dropout"":0.3,""expected_parameters"":157416,""ff_dim"":256,""frozen"":true,""implementation"":""neural_models.get_set_transformer"",""input_shape"":[22,10],""key_dim"":32,""learning_rate"":0.0003,""max_epochs"":50,""num_heads"":2,""num_layers"":3,""output_units"":80,""patience"":10,""pilot_source"":""results/sweep_5.csv"",""pooling"":""global_average""}",98491dd6370054dad3bab81748034d9978d93498b7569cee08e9b098dc1ba9e5,0.013441963630279151,177.13200063887052,1140773775,501641819.0,True,False,2,True,0.0,lowest_ordered_candidate_on_exact_tie
sensitivity,7,160,set_transformer,Set Transformer,3,False,"{""batch_size"":64,""d_model"":64,""dense_units"":[64,16],""dropout"":0.1,""expected_parameters"":157416,""ff_dim"":256,""frozen"":true,""implementation"":""neural_models.get_set_transformer"",""input_shape"":[22,10],""key_dim"":32,""learning_rate"":0.001,""max_epochs"":50,""num_heads"":2,""num_layers"":3,""output_units"":80,""patience"":10,""pilot_source"":""results/sweep_5.csv"",""pooling"":""global_average""}",6003534a6fb6f7c259ea7485f50597481535337902a4fc1efeb39ec80445d6d6,0.013520520556889168,144.4281217160169,1140773775,501641819.0,False,False,2,False,0.0,lowest_ordered_candidate_on_exact_tie
sensitivity,7,160,zoo_cnn,Zoo CNN,0,True,"{""batch_size"":64,""conv1d_filters"":[160,96,96],""conv2d_filters"":[128,160,128],""dense_units"":[96,256],""dropout"":0.3,""expected_parameters"":145584,""frozen"":true,""implementation"":""neural_models.get_conv_net"",""input_shape"":[11,10,10],""learning_rate"":0.001,""max_epochs"":50,""output_units"":80,""patience"":10,""pilot_source"":""original Zoo architecture and results/sweep_5.csv"",""pooling_weights"":{""average"":0.7,""max"":0.3}}",219344d288a1f6230782c6839c7a9758e13c3625ddae1b87e29779a206a56278,0.013987662381606788,43.66848365799524,745471743,515556440.0,True,True,0,True,0.0,lowest_ordered_candidate_on_exact_tie
sensitivity,7,160,zoo_cnn,Zoo CNN,1,False,"{""batch_size"":64,""conv1d_filters"":[160,96,96],""conv2d_filters"":[128,160,128],""dense_units"":[96,256],""dropout"":0.1,""expected_parameters"":145584,""frozen"":true,""implementation"":""neural_models.get_conv_net"",""input_shape"":[11,10,10],""learning_rate"":0.0003,""max_epochs"":50,""output_units"":80,""patience"":10,""pilot_source"":""original Zoo architecture and results/sweep_5.csv"",""pooling_weights"":{""average"":0.7,""max"":0.3}}",abbc846d863092760291bfa1d382563580835324df5f7f6ce46a6fbed3da8072,0.014904716914157505,32.142454894958064,745471743,515556440.0,False,True,0,False,0.0,lowest_ordered_candidate_on_exact_tie
sensitivity,7,160,zoo_cnn,Zoo CNN,2,False,"{""batch_size"":64,""conv1d_filters"":[160,96,96],""conv2d_filters"":[128,160,128],""dense_units"":[96,256],""dropout"":0.3,""expected_parameters"":145584,""frozen"":true,""implementation"":""neural_models.get_conv_net"",""input_shape"":[11,10,10],""learning_rate"":0.0003,""max_epochs"":50,""output_units"":80,""patience"":10,""pilot_source"":""original Zoo architecture and results/sweep_5.csv"",""pooling_weights"":{""average"":0.7,""max"":0.3}}",36cfcc45679e2e31725ccf0dedf1ff567692c99678381161175d0aef95c9aead,0.014506581262451535,41.59991048206575,745471743,515556440.0,False,True,0,False,0.0,lowest_ordered_candidate_on_exact_tie
sensitivity,7,160,zoo_cnn,Zoo CNN,3,False,"{""batch_size"":64,""conv1d_filters"":[160,96,96],""conv2d_filters"":[128,160,128],""dense_units"":[96,256],""dropout"":0.1,""expected_parameters"":145584,""frozen"":true,""implementation"":""neural_models.get_conv_net"",""input_shape"":[11,10,10],""learning_rate"":0.001,""max_epochs"":50,""output_units"":80,""patience"":10,""pilot_source"":""original Zoo architecture and results/sweep_5.csv"",""pooling_weights"":{""average"":0.7,""max"":0.3}}",0b22203ab4438c16191482ac13e31621a615cbaa6cf409114e6377f1bec3dc7b,0.014229376923932686,33.07855595694855,745471743,515556440.0,False,True,0,False,0.0,lowest_ordered_candidate_on_exact_tie
sensitivity,7,360,lightgbm_multiclass,LightGBM,0,True,"{""boosting_type"":""gbdt"",""colsample_bytree"":1.0,""frozen"":true,""implementation"":""lightgbm.LGBMClassifier"",""learning_rate"":0.05,""max_depth"":5,""min_child_samples"":50,""min_child_weight"":0.001,""min_split_gain"":0.0,""n_estimators"":200,""n_jobs"":1,""num_class"":80,""num_leaves"":31,""objective"":""multiclass"",""pilot_source"":""results/sweep_5_config.json"",""reg_alpha"":0.5,""reg_lambda"":0.5,""subsample"":1.0,""subsample_freq"":0}",5689446e19bdea1df411111e1e4b5cc50183c270622d0757b33c51d0a5938a1c,0.013873880350021765,25.51011653698515,319404436,,True,True,0,True,0.0,lowest_ordered_candidate_on_exact_tie
sensitivity,7,360,lightgbm_multiclass,LightGBM,1,False,"{""boosting_type"":""gbdt"",""colsample_bytree"":1.0,""frozen"":true,""implementation"":""lightgbm.LGBMClassifier"",""learning_rate"":0.05,""max_depth"":5,""min_child_samples"":20,""min_child_weight"":0.001,""min_split_gain"":0.0,""n_estimators"":200,""n_jobs"":1,""num_class"":80,""num_leaves"":31,""objective"":""multiclass"",""pilot_source"":""results/sweep_5_config.json"",""reg_alpha"":0.1,""reg_lambda"":0.1,""subsample"":1.0,""subsample_freq"":0}",cb116d2e0b5ef62830f7ca0d63c0d488226c533f44349af3605ff4acd0a2aebc,0.013999473211684847,26.451043688924983,319404436,,False,True,0,False,0.0,lowest_ordered_candidate_on_exact_tie
sensitivity,7,360,lightgbm_multiclass,LightGBM,2,False,"{""boosting_type"":""gbdt"",""colsample_bytree"":1.0,""frozen"":true,""implementation"":""lightgbm.LGBMClassifier"",""learning_rate"":0.05,""max_depth"":7,""min_child_samples"":20,""min_child_weight"":0.001,""min_split_gain"":0.0,""n_estimators"":200,""n_jobs"":1,""num_class"":80,""num_leaves"":31,""objective"":""multiclass"",""pilot_source"":""results/sweep_5_config.json"",""reg_alpha"":0.1,""reg_lambda"":0.1,""subsample"":1.0,""subsample_freq"":0}",cae2276bc5c6ec1a3d72ce53c46697dc247ba4430ea98e1f609b624c98c8365e,0.014230960757712968,33.72642812109552,319404436,,False,True,0,False,0.0,lowest_ordered_candidate_on_exact_tie
sensitivity,7,360,lightgbm_multiclass,LightGBM,3,False,"{""boosting_type"":""gbdt"",""colsample_bytree"":1.0,""frozen"":true,""implementation"":""lightgbm.LGBMClassifier"",""learning_rate"":0.1,""max_depth"":5,""min_child_samples"":20,""min_child_weight"":0.001,""min_split_gain"":0.0,""n_estimators"":200,""n_jobs"":1,""num_class"":80,""num_leaves"":31,""objective"":""multiclass"",""pilot_source"":""results/sweep_5_config.json"",""reg_alpha"":0.1,""reg_lambda"":0.1,""subsample"":1.0,""subsample_freq"":0}",c698b699f6c7cf18743346c4dd2691d8b650e657ec9a021d53142751ecc58407,0.014355996127776268,23.878587314975448,319404436,,False,True,0,False,0.0,lowest_ordered_candidate_on_exact_tie
sensitivity,7,360,ridge_sgd_l2,L2 one-vs-rest logistic,0,True,"{""alpha"":0.3333333333333333,""average"":false,""batch_size"":64,""epochs"":50,""eta0"":0.01,""fit_intercept"":true,""frozen"":true,""implementation"":""sklearn.linear_model.SGDClassifier"",""learning_rate"":""optimal"",""loss"":""log_loss"",""penalty"":""l2"",""pilot_source"":""results/sweep_5_config.json""}",851f14fb6b5ecda88baab0b92a7a36c949fdd0437766fc7d2433f329e2fde2f3,0.01471371529245679,156.5667980350554,548789262,,False,False,4,False,0.0,lowest_ordered_candidate_on_exact_tie
sensitivity,7,360,ridge_sgd_l2,L2 one-vs-rest logistic,1,False,"{""alpha"":10.0,""average"":false,""batch_size"":64,""epochs"":50,""eta0"":0.01,""fit_intercept"":true,""frozen"":true,""implementation"":""sklearn.linear_model.SGDClassifier"",""learning_rate"":""optimal"",""loss"":""log_loss"",""penalty"":""l2"",""pilot_source"":""results/sweep_5_config.json""}",dc2707c60c369df46e9b424fa8a1ebc5b23e4a351ced0c10e7e7dc66c6076d51,0.021412511039685528,156.85015068098437,548789262,,False,False,4,False,0.0,lowest_ordered_candidate_on_exact_tie
sensitivity,7,360,ridge_sgd_l2,L2 one-vs-rest logistic,2,False,"{""alpha"":3.3333333333333335,""average"":false,""batch_size"":64,""epochs"":50,""eta0"":0.01,""fit_intercept"":true,""frozen"":true,""implementation"":""sklearn.linear_model.SGDClassifier"",""learning_rate"":""optimal"",""loss"":""log_loss"",""penalty"":""l2"",""pilot_source"":""results/sweep_5_config.json""}",7aa5dba8ad015c8682db23cb59b805649b89895bc1121de465bef1e495573967,0.01697925523923511,156.59120063099544,548789262,,False,False,4,False,0.0,lowest_ordered_candidate_on_exact_tie
sensitivity,7,360,ridge_sgd_l2,L2 one-vs-rest logistic,3,False,"{""alpha"":1.0,""average"":false,""batch_size"":64,""epochs"":50,""eta0"":0.01,""fit_intercept"":true,""frozen"":true,""implementation"":""sklearn.linear_model.SGDClassifier"",""learning_rate"":""optimal"",""loss"":""log_loss"",""penalty"":""l2"",""pilot_source"":""results/sweep_5_config.json""}",f1028920c45a062ceb93b6bb97df161e827da764972699d89f7ccc787385a0de,0.015224128399586024,156.92195402702782,548789262,,False,False,4,False,0.0,lowest_ordered_candidate_on_exact_tie
sensitivity,7,360,ridge_sgd_l2,L2 one-vs-rest logistic,4,False,"{""alpha"":0.1,""average"":false,""batch_size"":64,""epochs"":50,""eta0"":0.01,""fit_intercept"":true,""frozen"":true,""implementation"":""sklearn.linear_model.SGDClassifier"",""learning_rate"":""optimal"",""loss"":""log_loss"",""penalty"":""l2"",""pilot_source"":""results/sweep_5_config.json""}",724a1fea14c056996c0474f9106b8177856f64794ebcc3fc1e458f6a8e12dc05,0.014415614652376316,157.24533947301097,548789262,,True,False,4,True,0.0,lowest_ordered_candidate_on_exact_tie
sensitivity,7,360,set_transformer,Set Transformer,0,True,"{""batch_size"":64,""d_model"":64,""dense_units"":[64,16],""dropout"":0.3,""expected_parameters"":157416,""ff_dim"":256,""frozen"":true,""implementation"":""neural_models.get_set_transformer"",""input_shape"":[22,10],""key_dim"":32,""learning_rate"":0.001,""max_epochs"":50,""num_heads"":2,""num_layers"":3,""output_units"":80,""patience"":10,""pilot_source"":""results/sweep_5.csv"",""pooling"":""global_average""}",6f4dec421d8ca8a60ca233da0707302c871aa8127caae786bc585c163e11c567,0.013043783035298554,376.2185473199934,1735835039,1603725748.0,False,False,2,False,0.0,lowest_ordered_candidate_on_exact_tie
sensitivity,7,360,set_transformer,Set Transformer,1,False,"{""batch_size"":64,""d_model"":64,""dense_units"":[64,16],""dropout"":0.1,""expected_parameters"":157416,""ff_dim"":256,""frozen"":true,""implementation"":""neural_models.get_set_transformer"",""input_shape"":[22,10],""key_dim"":32,""learning_rate"":0.0003,""max_epochs"":50,""num_heads"":2,""num_layers"":3,""output_units"":80,""patience"":10,""pilot_source"":""results/sweep_5.csv"",""pooling"":""global_average""}",fe204fdf1e84832e477e9c76ffec174e32677e8d5a5f24b670abbf7a3b8c7db1,0.013186503478075722,151.04802082385868,1735835039,1603725748.0,False,False,2,False,0.0,lowest_ordered_candidate_on_exact_tie
sensitivity,7,360,set_transformer,Set Transformer,2,False,"{""batch_size"":64,""d_model"":64,""dense_units"":[64,16],""dropout"":0.3,""expected_parameters"":157416,""ff_dim"":256,""frozen"":true,""implementation"":""neural_models.get_set_transformer"",""input_shape"":[22,10],""key_dim"":32,""learning_rate"":0.0003,""max_epochs"":50,""num_heads"":2,""num_layers"":3,""output_units"":80,""patience"":10,""pilot_source"":""results/sweep_5.csv"",""pooling"":""global_average""}",98491dd6370054dad3bab81748034d9978d93498b7569cee08e9b098dc1ba9e5,0.012915312842291334,367.7837475789711,1735835039,1603725748.0,True,False,2,True,0.0,lowest_ordered_candidate_on_exact_tie
sensitivity,7,360,set_transformer,Set Transformer,3,False,"{""batch_size"":64,""d_model"":64,""dense_units"":[64,16],""dropout"":0.1,""expected_parameters"":157416,""ff_dim"":256,""frozen"":true,""implementation"":""neural_models.get_set_transformer"",""input_shape"":[22,10],""key_dim"":32,""learning_rate"":0.001,""max_epochs"":50,""num_heads"":2,""num_layers"":3,""output_units"":80,""patience"":10,""pilot_source"":""results/sweep_5.csv"",""pooling"":""global_average""}",6003534a6fb6f7c259ea7485f50597481535337902a4fc1efeb39ec80445d6d6,0.013203339855097604,220.4410109370947,1735835039,1603725748.0,False,False,2,False,0.0,lowest_ordered_candidate_on_exact_tie
sensitivity,7,360,zoo_cnn,Zoo CNN,0,True,"{""batch_size"":64,""conv1d_filters"":[160,96,96],""conv2d_filters"":[128,160,128],""dense_units"":[96,256],""dropout"":0.3,""expected_parameters"":145584,""frozen"":true,""implementation"":""neural_models.get_conv_net"",""input_shape"":[11,10,10],""learning_rate"":0.001,""max_epochs"":50,""output_units"":80,""patience"":10,""pilot_source"":""original Zoo architecture and results/sweep_5.csv"",""pooling_weights"":{""average"":0.7,""max"":0.3}}",219344d288a1f6230782c6839c7a9758e13c3625ddae1b87e29779a206a56278,0.013978753942883696,85.09764886205085,1547615178,616820040.0,False,False,3,False,0.0,lowest_ordered_candidate_on_exact_tie
sensitivity,7,360,zoo_cnn,Zoo CNN,1,False,"{""batch_size"":64,""conv1d_filters"":[160,96,96],""conv2d_filters"":[128,160,128],""dense_units"":[96,256],""dropout"":0.1,""expected_parameters"":145584,""frozen"":true,""implementation"":""neural_models.get_conv_net"",""input_shape"":[11,10,10],""learning_rate"":0.0003,""max_epochs"":50,""output_units"":80,""patience"":10,""pilot_source"":""original Zoo architecture and results/sweep_5.csv"",""pooling_weights"":{""average"":0.7,""max"":0.3}}",abbc846d863092760291bfa1d382563580835324df5f7f6ce46a6fbed3da8072,0.01401232274102716,73.66910106013529,1547615178,616820040.0,False,False,3,False,0.0,lowest_ordered_candidate_on_exact_tie
sensitivity,7,360,zoo_cnn,Zoo CNN,2,False,"{""batch_size"":64,""conv1d_filters"":[160,96,96],""conv2d_filters"":[128,160,128],""dense_units"":[96,256],""dropout"":0.3,""expected_parameters"":145584,""frozen"":true,""implementation"":""neural_models.get_conv_net"",""input_shape"":[11,10,10],""learning_rate"":0.0003,""max_epochs"":50,""output_units"":80,""patience"":10,""pilot_source"":""original Zoo architecture and results/sweep_5.csv"",""pooling_weights"":{""average"":0.7,""max"":0.3}}",36cfcc45679e2e31725ccf0dedf1ff567692c99678381161175d0aef95c9aead,0.013878665548129417,130.18942161207087,1547615178,616820040.0,False,False,3,False,0.0,lowest_ordered_candidate_on_exact_tie
sensitivity,7,360,zoo_cnn,Zoo CNN,3,False,"{""batch_size"":64,""conv1d_filters"":[160,96,96],""conv2d_filters"":[128,160,128],""dense_units"":[96,256],""dropout"":0.1,""expected_parameters"":145584,""frozen"":true,""implementation"":""neural_models.get_conv_net"",""input_shape"":[11,10,10],""learning_rate"":0.001,""max_epochs"":50,""output_units"":80,""patience"":10,""pilot_source"":""original Zoo architecture and results/sweep_5.csv"",""pooling_weights"":{""average"":0.7,""max"":0.3}}",0b22203ab4438c16191482ac13e31621a615cbaa6cf409114e6377f1bec3dc7b,0.013863802486704649,108.87315148091875,1547615178,616820040.0,True,False,3,True,0.0,lowest_ordered_candidate_on_exact_tie
sensitivity,8,20,lightgbm_multiclass,LightGBM,0,True,"{""boosting_type"":""gbdt"",""colsample_bytree"":1.0,""frozen"":true,""implementation"":""lightgbm.LGBMClassifier"",""learning_rate"":0.05,""max_depth"":5,""min_child_samples"":50,""min_child_weight"":0.001,""min_split_gain"":0.0,""n_estimators"":200,""n_jobs"":1,""num_class"":80,""num_leaves"":31,""objective"":""multiclass"",""pilot_source"":""results/sweep_5_config.json"",""reg_alpha"":0.5,""reg_lambda"":0.5,""subsample"":1.0,""subsample_freq"":0}",5689446e19bdea1df411111e1e4b5cc50183c270622d0757b33c51d0a5938a1c,0.014241085776775428,3.241964756976813,705622391,,True,True,0,True,0.0,lowest_ordered_candidate_on_exact_tie
sensitivity,8,20,lightgbm_multiclass,LightGBM,1,False,"{""boosting_type"":""gbdt"",""colsample_bytree"":1.0,""frozen"":true,""implementation"":""lightgbm.LGBMClassifier"",""learning_rate"":0.05,""max_depth"":5,""min_child_samples"":20,""min_child_weight"":0.001,""min_split_gain"":0.0,""n_estimators"":200,""n_jobs"":1,""num_class"":80,""num_leaves"":31,""objective"":""multiclass"",""pilot_source"":""results/sweep_5_config.json"",""reg_alpha"":0.1,""reg_lambda"":0.1,""subsample"":1.0,""subsample_freq"":0}",cb116d2e0b5ef62830f7ca0d63c0d488226c533f44349af3605ff4acd0a2aebc,0.01494889938641978,4.138717120978981,705622391,,False,True,0,False,0.0,lowest_ordered_candidate_on_exact_tie
sensitivity,8,20,lightgbm_multiclass,LightGBM,2,False,"{""boosting_type"":""gbdt"",""colsample_bytree"":1.0,""frozen"":true,""implementation"":""lightgbm.LGBMClassifier"",""learning_rate"":0.05,""max_depth"":7,""min_child_samples"":20,""min_child_weight"":0.001,""min_split_gain"":0.0,""n_estimators"":200,""n_jobs"":1,""num_class"":80,""num_leaves"":31,""objective"":""multiclass"",""pilot_source"":""results/sweep_5_config.json"",""reg_alpha"":0.1,""reg_lambda"":0.1,""subsample"":1.0,""subsample_freq"":0}",cae2276bc5c6ec1a3d72ce53c46697dc247ba4430ea98e1f609b624c98c8365e,0.014921200920671056,4.449350566952489,705622391,,False,True,0,False,0.0,lowest_ordered_candidate_on_exact_tie
sensitivity,8,20,lightgbm_multiclass,LightGBM,3,False,"{""boosting_type"":""gbdt"",""colsample_bytree"":1.0,""frozen"":true,""implementation"":""lightgbm.LGBMClassifier"",""learning_rate"":0.1,""max_depth"":5,""min_child_samples"":20,""min_child_weight"":0.001,""min_split_gain"":0.0,""n_estimators"":200,""n_jobs"":1,""num_class"":80,""num_leaves"":31,""objective"":""multiclass"",""pilot_source"":""results/sweep_5_config.json"",""reg_alpha"":0.1,""reg_lambda"":0.1,""subsample"":1.0,""subsample_freq"":0}",c698b699f6c7cf18743346c4dd2691d8b650e657ec9a021d53142751ecc58407,0.015147206973300128,2.7279460090212524,705622391,,False,True,0,False,0.0,lowest_ordered_candidate_on_exact_tie
sensitivity,8,20,ridge_sgd_l2,L2 one-vs-rest logistic,0,True,"{""alpha"":0.3333333333333333,""average"":false,""batch_size"":64,""epochs"":50,""eta0"":0.01,""fit_intercept"":true,""frozen"":true,""implementation"":""sklearn.linear_model.SGDClassifier"",""learning_rate"":""optimal"",""loss"":""log_loss"",""penalty"":""l2"",""pilot_source"":""results/sweep_5_config.json""}",851f14fb6b5ecda88baab0b92a7a36c949fdd0437766fc7d2433f329e2fde2f3,0.014651879642431141,8.842984064947814,722618602,,False,False,4,False,0.0,lowest_ordered_candidate_on_exact_tie
sensitivity,8,20,ridge_sgd_l2,L2 one-vs-rest logistic,1,False,"{""alpha"":10.0,""average"":false,""batch_size"":64,""epochs"":50,""eta0"":0.01,""fit_intercept"":true,""frozen"":true,""implementation"":""sklearn.linear_model.SGDClassifier"",""learning_rate"":""optimal"",""loss"":""log_loss"",""penalty"":""l2"",""pilot_source"":""results/sweep_5_config.json""}",dc2707c60c369df46e9b424fa8a1ebc5b23e4a351ced0c10e7e7dc66c6076d51,0.021609312287949958,8.661592481075786,722618602,,False,False,4,False,0.0,lowest_ordered_candidate_on_exact_tie
sensitivity,8,20,ridge_sgd_l2,L2 one-vs-rest logistic,2,False,"{""alpha"":3.3333333333333335,""average"":false,""batch_size"":64,""epochs"":50,""eta0"":0.01,""fit_intercept"":true,""frozen"":true,""implementation"":""sklearn.linear_model.SGDClassifier"",""learning_rate"":""optimal"",""loss"":""log_loss"",""penalty"":""l2"",""pilot_source"":""results/sweep_5_config.json""}",7aa5dba8ad015c8682db23cb59b805649b89895bc1121de465bef1e495573967,0.017006303859699316,8.664025027072057,722618602,,False,False,4,False,0.0,lowest_ordered_candidate_on_exact_tie
sensitivity,8,20,ridge_sgd_l2,L2 one-vs-rest logistic,3,False,"{""alpha"":1.0,""average"":false,""batch_size"":64,""epochs"":50,""eta0"":0.01,""fit_intercept"":true,""frozen"":true,""implementation"":""sklearn.linear_model.SGDClassifier"",""learning_rate"":""optimal"",""loss"":""log_loss"",""penalty"":""l2"",""pilot_source"":""results/sweep_5_config.json""}",f1028920c45a062ceb93b6bb97df161e827da764972699d89f7ccc787385a0de,0.015140511558273704,8.664377276902087,722618602,,False,False,4,False,0.0,lowest_ordered_candidate_on_exact_tie
sensitivity,8,20,ridge_sgd_l2,L2 one-vs-rest logistic,4,False,"{""alpha"":0.1,""average"":false,""batch_size"":64,""epochs"":50,""eta0"":0.01,""fit_intercept"":true,""frozen"":true,""implementation"":""sklearn.linear_model.SGDClassifier"",""learning_rate"":""optimal"",""loss"":""log_loss"",""penalty"":""l2"",""pilot_source"":""results/sweep_5_config.json""}",724a1fea14c056996c0474f9106b8177856f64794ebcc3fc1e458f6a8e12dc05,0.014426717647398061,8.646303947083652,722618602,,True,False,4,True,0.0,lowest_ordered_candidate_on_exact_tie
sensitivity,8,20,set_transformer,Set Transformer,0,True,"{""batch_size"":64,""d_model"":64,""dense_units"":[64,16],""dropout"":0.3,""expected_parameters"":157416,""ff_dim"":256,""frozen"":true,""implementation"":""neural_models.get_set_transformer"",""input_shape"":[22,10],""key_dim"":32,""learning_rate"":0.001,""max_epochs"":50,""num_heads"":2,""num_layers"":3,""output_units"":80,""patience"":10,""pilot_source"":""results/sweep_5.csv"",""pooling"":""global_average""}",6f4dec421d8ca8a60ca233da0707302c871aa8127caae786bc585c163e11c567,0.014104518339308265,26.80406286404468,497822109,1618207591.0,True,True,0,True,0.0,lowest_ordered_candidate_on_exact_tie
sensitivity,8,20,set_transformer,Set Transformer,1,False,"{""batch_size"":64,""d_model"":64,""dense_units"":[64,16],""dropout"":0.1,""expected_parameters"":157416,""ff_dim"":256,""frozen"":true,""implementation"":""neural_models.get_set_transformer"",""input_shape"":[22,10],""key_dim"":32,""learning_rate"":0.0003,""max_epochs"":50,""num_heads"":2,""num_layers"":3,""output_units"":80,""patience"":10,""pilot_source"":""results/sweep_5.csv"",""pooling"":""global_average""}",fe204fdf1e84832e477e9c76ffec174e32677e8d5a5f24b670abbf7a3b8c7db1,0.01442295928831489,30.985894322162494,497822109,1618207591.0,False,True,0,False,0.0,lowest_ordered_candidate_on_exact_tie
sensitivity,8,20,set_transformer,Set Transformer,2,False,"{""batch_size"":64,""d_model"":64,""dense_units"":[64,16],""dropout"":0.3,""expected_parameters"":157416,""ff_dim"":256,""frozen"":true,""implementation"":""neural_models.get_set_transformer"",""input_shape"":[22,10],""key_dim"":32,""learning_rate"":0.0003,""max_epochs"":50,""num_heads"":2,""num_layers"":3,""output_units"":80,""patience"":10,""pilot_source"":""results/sweep_5.csv"",""pooling"":""global_average""}",98491dd6370054dad3bab81748034d9978d93498b7569cee08e9b098dc1ba9e5,0.01421001577024509,31.45868190494366,497822109,1618207591.0,False,True,0,False,0.0,lowest_ordered_candidate_on_exact_tie
sensitivity,8,20,set_transformer,Set Transformer,3,False,"{""batch_size"":64,""d_model"":64,""dense_units"":[64,16],""dropout"":0.1,""expected_parameters"":157416,""ff_dim"":256,""frozen"":true,""implementation"":""neural_models.get_set_transformer"",""input_shape"":[22,10],""key_dim"":32,""learning_rate"":0.001,""max_epochs"":50,""num_heads"":2,""num_layers"":3,""output_units"":80,""patience"":10,""pilot_source"":""results/sweep_5.csv"",""pooling"":""global_average""}",6003534a6fb6f7c259ea7485f50597481535337902a4fc1efeb39ec80445d6d6,0.014539000562047938,26.46596703492105,497822109,1618207591.0,False,True,0,False,0.0,lowest_ordered_candidate_on_exact_tie
sensitivity,8,20,zoo_cnn,Zoo CNN,0,True,"{""batch_size"":64,""conv1d_filters"":[160,96,96],""conv2d_filters"":[128,160,128],""dense_units"":[96,256],""dropout"":0.3,""expected_parameters"":145584,""frozen"":true,""implementation"":""neural_models.get_conv_net"",""input_shape"":[11,10,10],""learning_rate"":0.001,""max_epochs"":50,""output_units"":80,""patience"":10,""pilot_source"":""original Zoo architecture and results/sweep_5.csv"",""pooling_weights"":{""average"":0.7,""max"":0.3}}",219344d288a1f6230782c6839c7a9758e13c3625ddae1b87e29779a206a56278,0.016380670712021962,13.582774690818042,715453311,379482026.0,False,False,3,False,0.0,lowest_ordered_candidate_on_exact_tie
sensitivity,8,20,zoo_cnn,Zoo CNN,1,False,"{""batch_size"":64,""conv1d_filters"":[160,96,96],""conv2d_filters"":[128,160,128],""dense_units"":[96,256],""dropout"":0.1,""expected_parameters"":145584,""frozen"":true,""implementation"":""neural_models.get_conv_net"",""input_shape"":[11,10,10],""learning_rate"":0.0003,""max_epochs"":50,""output_units"":80,""patience"":10,""pilot_source"":""original Zoo architecture and results/sweep_5.csv"",""pooling_weights"":{""average"":0.7,""max"":0.3}}",abbc846d863092760291bfa1d382563580835324df5f7f6ce46a6fbed3da8072,0.01584941443776822,12.768480029888451,715453311,379482026.0,False,False,3,False,0.0,lowest_ordered_candidate_on_exact_tie
sensitivity,8,20,zoo_cnn,Zoo CNN,2,False,"{""batch_size"":64,""conv1d_filters"":[160,96,96],""conv2d_filters"":[128,160,128],""dense_units"":[96,256],""dropout"":0.3,""expected_parameters"":145584,""frozen"":true,""implementation"":""neural_models.get_conv_net"",""input_shape"":[11,10,10],""learning_rate"":0.0003,""max_epochs"":50,""output_units"":80,""patience"":10,""pilot_source"":""original Zoo architecture and results/sweep_5.csv"",""pooling_weights"":{""average"":0.7,""max"":0.3}}",36cfcc45679e2e31725ccf0dedf1ff567692c99678381161175d0aef95c9aead,0.0167813743800206,16.19543922599405,715453311,379482026.0,False,False,3,False,0.0,lowest_ordered_candidate_on_exact_tie
sensitivity,8,20,zoo_cnn,Zoo CNN,3,False,"{""batch_size"":64,""conv1d_filters"":[160,96,96],""conv2d_filters"":[128,160,128],""dense_units"":[96,256],""dropout"":0.1,""expected_parameters"":145584,""frozen"":true,""implementation"":""neural_models.get_conv_net"",""input_shape"":[11,10,10],""learning_rate"":0.001,""max_epochs"":50,""output_units"":80,""patience"":10,""pilot_source"":""original Zoo architecture and results/sweep_5.csv"",""pooling_weights"":{""average"":0.7,""max"":0.3}}",0b22203ab4438c16191482ac13e31621a615cbaa6cf409114e6377f1bec3dc7b,0.015615960975866747,12.071263452991843,715453311,379482026.0,True,False,3,True,0.0,lowest_ordered_candidate_on_exact_tie
sensitivity,8,160,lightgbm_multiclass,LightGBM,0,True,"{""boosting_type"":""gbdt"",""colsample_bytree"":1.0,""frozen"":true,""implementation"":""lightgbm.LGBMClassifier"",""learning_rate"":0.05,""max_depth"":5,""min_child_samples"":50,""min_child_weight"":0.001,""min_split_gain"":0.0,""n_estimators"":200,""n_jobs"":1,""num_class"":80,""num_leaves"":31,""objective"":""multiclass"",""pilot_source"":""results/sweep_5_config.json"",""reg_alpha"":0.5,""reg_lambda"":0.5,""subsample"":1.0,""subsample_freq"":0}",5689446e19bdea1df411111e1e4b5cc50183c270622d0757b33c51d0a5938a1c,0.013816456779678354,14.392737295944244,56962809,,True,True,0,True,0.0,lowest_ordered_candidate_on_exact_tie
sensitivity,8,160,lightgbm_multiclass,LightGBM,1,False,"{""boosting_type"":""gbdt"",""colsample_bytree"":1.0,""frozen"":true,""implementation"":""lightgbm.LGBMClassifier"",""learning_rate"":0.05,""max_depth"":5,""min_child_samples"":20,""min_child_weight"":0.001,""min_split_gain"":0.0,""n_estimators"":200,""n_jobs"":1,""num_class"":80,""num_leaves"":31,""objective"":""multiclass"",""pilot_source"":""results/sweep_5_config.json"",""reg_alpha"":0.1,""reg_lambda"":0.1,""subsample"":1.0,""subsample_freq"":0}",cb116d2e0b5ef62830f7ca0d63c0d488226c533f44349af3605ff4acd0a2aebc,0.014064582585866146,15.811243046075106,56962809,,False,True,0,False,0.0,lowest_ordered_candidate_on_exact_tie
sensitivity,8,160,lightgbm_multiclass,LightGBM,2,False,"{""boosting_type"":""gbdt"",""colsample_bytree"":1.0,""frozen"":true,""implementation"":""lightgbm.LGBMClassifier"",""learning_rate"":0.05,""max_depth"":7,""min_child_samples"":20,""min_child_weight"":0.001,""min_split_gain"":0.0,""n_estimators"":200,""n_jobs"":1,""num_class"":80,""num_leaves"":31,""objective"":""multiclass"",""pilot_source"":""results/sweep_5_config.json"",""reg_alpha"":0.1,""reg_lambda"":0.1,""subsample"":1.0,""subsample_freq"":0}",cae2276bc5c6ec1a3d72ce53c46697dc247ba4430ea98e1f609b624c98c8365e,0.01433712949836782,20.792528685065918,56962809,,False,True,0,False,0.0,lowest_ordered_candidate_on_exact_tie
sensitivity,8,160,lightgbm_multiclass,LightGBM,3,False,"{""boosting_type"":""gbdt"",""colsample_bytree"":1.0,""frozen"":true,""implementation"":""lightgbm.LGBMClassifier"",""learning_rate"":0.1,""max_depth"":5,""min_child_samples"":20,""min_child_weight"":0.001,""min_split_gain"":0.0,""n_estimators"":200,""n_jobs"":1,""num_class"":80,""num_leaves"":31,""objective"":""multiclass"",""pilot_source"":""results/sweep_5_config.json"",""reg_alpha"":0.1,""reg_lambda"":0.1,""subsample"":1.0,""subsample_freq"":0}",c698b699f6c7cf18743346c4dd2691d8b650e657ec9a021d53142751ecc58407,0.014547450748505757,13.884727912954986,56962809,,False,True,0,False,0.0,lowest_ordered_candidate_on_exact_tie
sensitivity,8,160,ridge_sgd_l2,L2 one-vs-rest logistic,0,True,"{""alpha"":0.3333333333333333,""average"":false,""batch_size"":64,""epochs"":50,""eta0"":0.01,""fit_intercept"":true,""frozen"":true,""implementation"":""sklearn.linear_model.SGDClassifier"",""learning_rate"":""optimal"",""loss"":""log_loss"",""penalty"":""l2"",""pilot_source"":""results/sweep_5_config.json""}",851f14fb6b5ecda88baab0b92a7a36c949fdd0437766fc7d2433f329e2fde2f3,0.014570755586681507,69.68651765398681,1391495740,,False,False,4,False,0.0,lowest_ordered_candidate_on_exact_tie
sensitivity,8,160,ridge_sgd_l2,L2 one-vs-rest logistic,1,False,"{""alpha"":10.0,""average"":false,""batch_size"":64,""epochs"":50,""eta0"":0.01,""fit_intercept"":true,""frozen"":true,""implementation"":""sklearn.linear_model.SGDClassifier"",""learning_rate"":""optimal"",""loss"":""log_loss"",""penalty"":""l2"",""pilot_source"":""results/sweep_5_config.json""}",dc2707c60c369df46e9b424fa8a1ebc5b23e4a351ced0c10e7e7dc66c6076d51,0.021636137642710305,69.81449997692835,1391495740,,False,False,4,False,0.0,lowest_ordered_candidate_on_exact_tie
sensitivity,8,160,ridge_sgd_l2,L2 one-vs-rest logistic,2,False,"{""alpha"":3.3333333333333335,""average"":false,""batch_size"":64,""epochs"":50,""eta0"":0.01,""fit_intercept"":true,""frozen"":true,""implementation"":""sklearn.linear_model.SGDClassifier"",""learning_rate"":""optimal"",""loss"":""log_loss"",""penalty"":""l2"",""pilot_source"":""results/sweep_5_config.json""}",7aa5dba8ad015c8682db23cb59b805649b89895bc1121de465bef1e495573967,0.017069429469069686,69.85454590094741,1391495740,,False,False,4,False,0.0,lowest_ordered_candidate_on_exact_tie
sensitivity,8,160,ridge_sgd_l2,L2 one-vs-rest logistic,3,False,"{""alpha"":1.0,""average"":false,""batch_size"":64,""epochs"":50,""eta0"":0.01,""fit_intercept"":true,""frozen"":true,""implementation"":""sklearn.linear_model.SGDClassifier"",""learning_rate"":""optimal"",""loss"":""log_loss"",""penalty"":""l2"",""pilot_source"":""results/sweep_5_config.json""}",f1028920c45a062ceb93b6bb97df161e827da764972699d89f7ccc787385a0de,0.015161943169909932,69.83912695292383,1391495740,,False,False,4,False,0.0,lowest_ordered_candidate_on_exact_tie
sensitivity,8,160,ridge_sgd_l2,L2 one-vs-rest logistic,4,False,"{""alpha"":0.1,""average"":false,""batch_size"":64,""epochs"":50,""eta0"":0.01,""fit_intercept"":true,""frozen"":true,""implementation"":""sklearn.linear_model.SGDClassifier"",""learning_rate"":""optimal"",""loss"":""log_loss"",""penalty"":""l2"",""pilot_source"":""results/sweep_5_config.json""}",724a1fea14c056996c0474f9106b8177856f64794ebcc3fc1e458f6a8e12dc05,0.014210225810271915,69.81999138195533,1391495740,,True,False,4,True,0.0,lowest_ordered_candidate_on_exact_tie
sensitivity,8,160,set_transformer,Set Transformer,0,True,"{""batch_size"":64,""d_model"":64,""dense_units"":[64,16],""dropout"":0.3,""expected_parameters"":157416,""ff_dim"":256,""frozen"":true,""implementation"":""neural_models.get_set_transformer"",""input_shape"":[22,10],""key_dim"":32,""learning_rate"":0.001,""max_epochs"":50,""num_heads"":2,""num_layers"":3,""output_units"":80,""patience"":10,""pilot_source"":""results/sweep_5.csv"",""pooling"":""global_average""}",6f4dec421d8ca8a60ca233da0707302c871aa8127caae786bc585c163e11c567,0.013073114425823248,103.69369497615844,1725105307,1028039515.0,False,False,2,False,0.0,lowest_ordered_candidate_on_exact_tie
sensitivity,8,160,set_transformer,Set Transformer,1,False,"{""batch_size"":64,""d_model"":64,""dense_units"":[64,16],""dropout"":0.1,""expected_parameters"":157416,""ff_dim"":256,""frozen"":true,""implementation"":""neural_models.get_set_transformer"",""input_shape"":[22,10],""key_dim"":32,""learning_rate"":0.0003,""max_epochs"":50,""num_heads"":2,""num_layers"":3,""output_units"":80,""patience"":10,""pilot_source"":""results/sweep_5.csv"",""pooling"":""global_average""}",fe204fdf1e84832e477e9c76ffec174e32677e8d5a5f24b670abbf7a3b8c7db1,0.01307089331726242,105.07188159809448,1725105307,1028039515.0,False,False,2,False,0.0,lowest_ordered_candidate_on_exact_tie
sensitivity,8,160,set_transformer,Set Transformer,2,False,"{""batch_size"":64,""d_model"":64,""dense_units"":[64,16],""dropout"":0.3,""expected_parameters"":157416,""ff_dim"":256,""frozen"":true,""implementation"":""neural_models.get_set_transformer"",""input_shape"":[22,10],""key_dim"":32,""learning_rate"":0.0003,""max_epochs"":50,""num_heads"":2,""num_layers"":3,""output_units"":80,""patience"":10,""pilot_source"":""results/sweep_5.csv"",""pooling"":""global_average""}",98491dd6370054dad3bab81748034d9978d93498b7569cee08e9b098dc1ba9e5,0.012931482077058437,113.87043670006096,1725105307,1028039515.0,True,False,2,True,0.0,lowest_ordered_candidate_on_exact_tie
sensitivity,8,160,set_transformer,Set Transformer,3,False,"{""batch_size"":64,""d_model"":64,""dense_units"":[64,16],""dropout"":0.1,""expected_parameters"":157416,""ff_dim"":256,""frozen"":true,""implementation"":""neural_models.get_set_transformer"",""input_shape"":[22,10],""key_dim"":32,""learning_rate"":0.001,""max_epochs"":50,""num_heads"":2,""num_layers"":3,""output_units"":80,""patience"":10,""pilot_source"":""results/sweep_5.csv"",""pooling"":""global_average""}",6003534a6fb6f7c259ea7485f50597481535337902a4fc1efeb39ec80445d6d6,0.013113155012175744,75.4680331829004,1725105307,1028039515.0,False,False,2,False,0.0,lowest_ordered_candidate_on_exact_tie
sensitivity,8,160,zoo_cnn,Zoo CNN,0,True,"{""batch_size"":64,""conv1d_filters"":[160,96,96],""conv2d_filters"":[128,160,128],""dense_units"":[96,256],""dropout"":0.3,""expected_parameters"":145584,""frozen"":true,""implementation"":""neural_models.get_conv_net"",""input_shape"":[11,10,10],""learning_rate"":0.001,""max_epochs"":50,""output_units"":80,""patience"":10,""pilot_source"":""original Zoo architecture and results/sweep_5.csv"",""pooling_weights"":{""average"":0.7,""max"":0.3}}",219344d288a1f6230782c6839c7a9758e13c3625ddae1b87e29779a206a56278,0.013680454863585151,39.385559282964095,1929594949,722242486.0,True,True,0,True,0.0,lowest_ordered_candidate_on_exact_tie
sensitivity,8,160,zoo_cnn,Zoo CNN,1,False,"{""batch_size"":64,""conv1d_filters"":[160,96,96],""conv2d_filters"":[128,160,128],""dense_units"":[96,256],""dropout"":0.1,""expected_parameters"":145584,""frozen"":true,""implementation"":""neural_models.get_conv_net"",""input_shape"":[11,10,10],""learning_rate"":0.0003,""max_epochs"":50,""output_units"":80,""patience"":10,""pilot_source"":""original Zoo architecture and results/sweep_5.csv"",""pooling_weights"":{""average"":0.7,""max"":0.3}}",abbc846d863092760291bfa1d382563580835324df5f7f6ce46a6fbed3da8072,0.014342312951560882,24.45157164800912,1929594949,722242486.0,False,True,0,False,0.0,lowest_ordered_candidate_on_exact_tie
sensitivity,8,160,zoo_cnn,Zoo CNN,2,False,"{""batch_size"":64,""conv1d_filters"":[160,96,96],""conv2d_filters"":[128,160,128],""dense_units"":[96,256],""dropout"":0.3,""expected_parameters"":145584,""frozen"":true,""implementation"":""neural_models.get_conv_net"",""input_shape"":[11,10,10],""learning_rate"":0.0003,""max_epochs"":50,""output_units"":80,""patience"":10,""pilot_source"":""original Zoo architecture and results/sweep_5.csv"",""pooling_weights"":{""average"":0.7,""max"":0.3}}",36cfcc45679e2e31725ccf0dedf1ff567692c99678381161175d0aef95c9aead,0.014295442133097068,25.375505483942106,1929594949,722242486.0,False,True,0,False,0.0,lowest_ordered_candidate_on_exact_tie
sensitivity,8,160,zoo_cnn,Zoo CNN,3,False,"{""batch_size"":64,""conv1d_filters"":[160,96,96],""conv2d_filters"":[128,160,128],""dense_units"":[96,256],""dropout"":0.1,""expected_parameters"":145584,""frozen"":true,""implementation"":""neural_models.get_conv_net"",""input_shape"":[11,10,10],""learning_rate"":0.001,""max_epochs"":50,""output_units"":80,""patience"":10,""pilot_source"":""original Zoo architecture and results/sweep_5.csv"",""pooling_weights"":{""average"":0.7,""max"":0.3}}",0b22203ab4438c16191482ac13e31621a615cbaa6cf409114e6377f1bec3dc7b,0.014542245014200515,35.59342500008643,1929594949,722242486.0,False,True,0,False,0.0,lowest_ordered_candidate_on_exact_tie
sensitivity,8,360,lightgbm_multiclass,LightGBM,0,True,"{""boosting_type"":""gbdt"",""colsample_bytree"":1.0,""frozen"":true,""implementation"":""lightgbm.LGBMClassifier"",""learning_rate"":0.05,""max_depth"":5,""min_child_samples"":50,""min_child_weight"":0.001,""min_split_gain"":0.0,""n_estimators"":200,""n_jobs"":1,""num_class"":80,""num_leaves"":31,""objective"":""multiclass"",""pilot_source"":""results/sweep_5_config.json"",""reg_alpha"":0.5,""reg_lambda"":0.5,""subsample"":1.0,""subsample_freq"":0}",5689446e19bdea1df411111e1e4b5cc50183c270622d0757b33c51d0a5938a1c,0.013518006683987628,25.5242248569848,1856571405,,True,True,0,True,0.0,lowest_ordered_candidate_on_exact_tie
sensitivity,8,360,lightgbm_multiclass,LightGBM,1,False,"{""boosting_type"":""gbdt"",""colsample_bytree"":1.0,""frozen"":true,""implementation"":""lightgbm.LGBMClassifier"",""learning_rate"":0.05,""max_depth"":5,""min_child_samples"":20,""min_child_weight"":0.001,""min_split_gain"":0.0,""n_estimators"":200,""n_jobs"":1,""num_class"":80,""num_leaves"":31,""objective"":""multiclass"",""pilot_source"":""results/sweep_5_config.json"",""reg_alpha"":0.1,""reg_lambda"":0.1,""subsample"":1.0,""subsample_freq"":0}",cb116d2e0b5ef62830f7ca0d63c0d488226c533f44349af3605ff4acd0a2aebc,0.013629211747721996,26.7929189769784,1856571405,,False,True,0,False,0.0,lowest_ordered_candidate_on_exact_tie
sensitivity,8,360,lightgbm_multiclass,LightGBM,2,False,"{""boosting_type"":""gbdt"",""colsample_bytree"":1.0,""frozen"":true,""implementation"":""lightgbm.LGBMClassifier"",""learning_rate"":0.05,""max_depth"":7,""min_child_samples"":20,""min_child_weight"":0.001,""min_split_gain"":0.0,""n_estimators"":200,""n_jobs"":1,""num_class"":80,""num_leaves"":31,""objective"":""multiclass"",""pilot_source"":""results/sweep_5_config.json"",""reg_alpha"":0.1,""reg_lambda"":0.1,""subsample"":1.0,""subsample_freq"":0}",cae2276bc5c6ec1a3d72ce53c46697dc247ba4430ea98e1f609b624c98c8365e,0.01386985025250113,34.51162516500335,1856571405,,False,True,0,False,0.0,lowest_ordered_candidate_on_exact_tie
sensitivity,8,360,lightgbm_multiclass,LightGBM,3,False,"{""boosting_type"":""gbdt"",""colsample_bytree"":1.0,""frozen"":true,""implementation"":""lightgbm.LGBMClassifier"",""learning_rate"":0.1,""max_depth"":5,""min_child_samples"":20,""min_child_weight"":0.001,""min_split_gain"":0.0,""n_estimators"":200,""n_jobs"":1,""num_class"":80,""num_leaves"":31,""objective"":""multiclass"",""pilot_source"":""results/sweep_5_config.json"",""reg_alpha"":0.1,""reg_lambda"":0.1,""subsample"":1.0,""subsample_freq"":0}",c698b699f6c7cf18743346c4dd2691d8b650e657ec9a021d53142751ecc58407,0.014058574105390527,24.464529782999307,1856571405,,False,True,0,False,0.0,lowest_ordered_candidate_on_exact_tie
sensitivity,8,360,ridge_sgd_l2,L2 one-vs-rest logistic,0,True,"{""alpha"":0.3333333333333333,""average"":false,""batch_size"":64,""epochs"":50,""eta0"":0.01,""fit_intercept"":true,""frozen"":true,""implementation"":""sklearn.linear_model.SGDClassifier"",""learning_rate"":""optimal"",""loss"":""log_loss"",""penalty"":""l2"",""pilot_source"":""results/sweep_5_config.json""}",851f14fb6b5ecda88baab0b92a7a36c949fdd0437766fc7d2433f329e2fde2f3,0.01454386721612508,158.26236232195515,851538846,,False,False,4,False,0.0,lowest_ordered_candidate_on_exact_tie
sensitivity,8,360,ridge_sgd_l2,L2 one-vs-rest logistic,1,False,"{""alpha"":10.0,""average"":false,""batch_size"":64,""epochs"":50,""eta0"":0.01,""fit_intercept"":true,""frozen"":true,""implementation"":""sklearn.linear_model.SGDClassifier"",""learning_rate"":""optimal"",""loss"":""log_loss"",""penalty"":""l2"",""pilot_source"":""results/sweep_5_config.json""}",dc2707c60c369df46e9b424fa8a1ebc5b23e4a351ced0c10e7e7dc66c6076d51,0.021604772455380554,157.97514327196404,851538846,,False,False,4,False,0.0,lowest_ordered_candidate_on_exact_tie
sensitivity,8,360,ridge_sgd_l2,L2 one-vs-rest logistic,2,False,"{""alpha"":3.3333333333333335,""average"":false,""batch_size"":64,""epochs"":50,""eta0"":0.01,""fit_intercept"":true,""frozen"":true,""implementation"":""sklearn.linear_model.SGDClassifier"",""learning_rate"":""optimal"",""loss"":""log_loss"",""penalty"":""l2"",""pilot_source"":""results/sweep_5_config.json""}",7aa5dba8ad015c8682db23cb59b805649b89895bc1121de465bef1e495573967,0.01703188595922608,157.6130332580069,851538846,,False,False,4,False,0.0,lowest_ordered_candidate_on_exact_tie
sensitivity,8,360,ridge_sgd_l2,L2 one-vs-rest logistic,3,False,"{""alpha"":1.0,""average"":false,""batch_size"":64,""epochs"":50,""eta0"":0.01,""fit_intercept"":true,""frozen"":true,""implementation"":""sklearn.linear_model.SGDClassifier"",""learning_rate"":""optimal"",""loss"":""log_loss"",""penalty"":""l2"",""pilot_source"":""results/sweep_5_config.json""}",f1028920c45a062ceb93b6bb97df161e827da764972699d89f7ccc787385a0de,0.015135617953359954,158.9524724649964,851538846,,False,False,4,False,0.0,lowest_ordered_candidate_on_exact_tie
sensitivity,8,360,ridge_sgd_l2,L2 one-vs-rest logistic,4,False,"{""alpha"":0.1,""average"":false,""batch_size"":64,""epochs"":50,""eta0"":0.01,""fit_intercept"":true,""frozen"":true,""implementation"":""sklearn.linear_model.SGDClassifier"",""learning_rate"":""optimal"",""loss"":""log_loss"",""penalty"":""l2"",""pilot_source"":""results/sweep_5_config.json""}",724a1fea14c056996c0474f9106b8177856f64794ebcc3fc1e458f6a8e12dc05,0.014168764431935403,157.51885173795745,851538846,,True,False,4,True,0.0,lowest_ordered_candidate_on_exact_tie
sensitivity,8,360,set_transformer,Set Transformer,0,True,"{""batch_size"":64,""d_model"":64,""dense_units"":[64,16],""dropout"":0.3,""expected_parameters"":157416,""ff_dim"":256,""frozen"":true,""implementation"":""neural_models.get_set_transformer"",""input_shape"":[22,10],""key_dim"":32,""learning_rate"":0.001,""max_epochs"":50,""num_heads"":2,""num_layers"":3,""output_units"":80,""patience"":10,""pilot_source"":""results/sweep_5.csv"",""pooling"":""global_average""}",6f4dec421d8ca8a60ca233da0707302c871aa8127caae786bc585c163e11c567,0.012651018735081027,211.84373301407322,1516803617,1037797281.0,False,False,2,False,0.0,lowest_ordered_candidate_on_exact_tie
sensitivity,8,360,set_transformer,Set Transformer,1,False,"{""batch_size"":64,""d_model"":64,""dense_units"":[64,16],""dropout"":0.1,""expected_parameters"":157416,""ff_dim"":256,""frozen"":true,""implementation"":""neural_models.get_set_transformer"",""input_shape"":[22,10],""key_dim"":32,""learning_rate"":0.0003,""max_epochs"":50,""num_heads"":2,""num_layers"":3,""output_units"":80,""patience"":10,""pilot_source"":""results/sweep_5.csv"",""pooling"":""global_average""}",fe204fdf1e84832e477e9c76ffec174e32677e8d5a5f24b670abbf7a3b8c7db1,0.012667488601295995,141.94764123298228,1516803617,1037797281.0,False,False,2,False,0.0,lowest_ordered_candidate_on_exact_tie
sensitivity,8,360,set_transformer,Set Transformer,2,False,"{""batch_size"":64,""d_model"":64,""dense_units"":[64,16],""dropout"":0.3,""expected_parameters"":157416,""ff_dim"":256,""frozen"":true,""implementation"":""neural_models.get_set_transformer"",""input_shape"":[22,10],""key_dim"":32,""learning_rate"":0.0003,""max_epochs"":50,""num_heads"":2,""num_layers"":3,""output_units"":80,""patience"":10,""pilot_source"":""results/sweep_5.csv"",""pooling"":""global_average""}",98491dd6370054dad3bab81748034d9978d93498b7569cee08e9b098dc1ba9e5,0.0124947915709416,241.56615228112787,1516803617,1037797281.0,True,False,2,True,0.0,lowest_ordered_candidate_on_exact_tie
sensitivity,8,360,set_transformer,Set Transformer,3,False,"{""batch_size"":64,""d_model"":64,""dense_units"":[64,16],""dropout"":0.1,""expected_parameters"":157416,""ff_dim"":256,""frozen"":true,""implementation"":""neural_models.get_set_transformer"",""input_shape"":[22,10],""key_dim"":32,""learning_rate"":0.001,""max_epochs"":50,""num_heads"":2,""num_layers"":3,""output_units"":80,""patience"":10,""pilot_source"":""results/sweep_5.csv"",""pooling"":""global_average""}",6003534a6fb6f7c259ea7485f50597481535337902a4fc1efeb39ec80445d6d6,0.012793358997319492,153.3403855629731,1516803617,1037797281.0,False,False,2,False,0.0,lowest_ordered_candidate_on_exact_tie
sensitivity,8,360,zoo_cnn,Zoo CNN,0,True,"{""batch_size"":64,""conv1d_filters"":[160,96,96],""conv2d_filters"":[128,160,128],""dense_units"":[96,256],""dropout"":0.3,""expected_parameters"":145584,""frozen"":true,""implementation"":""neural_models.get_conv_net"",""input_shape"":[11,10,10],""learning_rate"":0.001,""max_epochs"":50,""output_units"":80,""patience"":10,""pilot_source"":""original Zoo architecture and results/sweep_5.csv"",""pooling_weights"":{""average"":0.7,""max"":0.3}}",219344d288a1f6230782c6839c7a9758e13c3625ddae1b87e29779a206a56278,0.012835681357573464,47.663086879998446,1761090780,22311310.0,True,True,0,True,0.0,lowest_ordered_candidate_on_exact_tie
sensitivity,8,360,zoo_cnn,Zoo CNN,1,False,"{""batch_size"":64,""conv1d_filters"":[160,96,96],""conv2d_filters"":[128,160,128],""dense_units"":[96,256],""dropout"":0.1,""expected_parameters"":145584,""frozen"":true,""implementation"":""neural_models.get_conv_net"",""input_shape"":[11,10,10],""learning_rate"":0.0003,""max_epochs"":50,""output_units"":80,""patience"":10,""pilot_source"":""original Zoo architecture and results/sweep_5.csv"",""pooling_weights"":{""average"":0.7,""max"":0.3}}",abbc846d863092760291bfa1d382563580835324df5f7f6ce46a6fbed3da8072,0.013230181497477098,41.84100767597556,1761090780,22311310.0,False,True,0,False,0.0,lowest_ordered_candidate_on_exact_tie
sensitivity,8,360,zoo_cnn,Zoo CNN,2,False,"{""batch_size"":64,""conv1d_filters"":[160,96,96],""conv2d_filters"":[128,160,128],""dense_units"":[96,256],""dropout"":0.3,""expected_parameters"":145584,""frozen"":true,""implementation"":""neural_models.get_conv_net"",""input_shape"":[11,10,10],""learning_rate"":0.0003,""max_epochs"":50,""output_units"":80,""patience"":10,""pilot_source"":""original Zoo architecture and results/sweep_5.csv"",""pooling_weights"":{""average"":0.7,""max"":0.3}}",36cfcc45679e2e31725ccf0dedf1ff567692c99678381161175d0aef95c9aead,0.013176682558395743,55.358616296900436,1761090780,22311310.0,False,True,0,False,0.0,lowest_ordered_candidate_on_exact_tie
sensitivity,8,360,zoo_cnn,Zoo CNN,3,False,"{""batch_size"":64,""conv1d_filters"":[160,96,96],""conv2d_filters"":[128,160,128],""dense_units"":[96,256],""dropout"":0.1,""expected_parameters"":145584,""frozen"":true,""implementation"":""neural_models.get_conv_net"",""input_shape"":[11,10,10],""learning_rate"":0.001,""max_epochs"":50,""output_units"":80,""patience"":10,""pilot_source"":""original Zoo architecture and results/sweep_5.csv"",""pooling_weights"":{""average"":0.7,""max"":0.3}}",0b22203ab4438c16191482ac13e31621a615cbaa6cf409114e6377f1bec3dc7b,0.013076274714231274,63.957493955036625,1761090780,22311310.0,False,True,0,False,0.0,lowest_ordered_candidate_on_exact_tie
sensitivity,9,20,lightgbm_multiclass,LightGBM,0,True,"{""boosting_type"":""gbdt"",""colsample_bytree"":1.0,""frozen"":true,""implementation"":""lightgbm.LGBMClassifier"",""learning_rate"":0.05,""max_depth"":5,""min_child_samples"":50,""min_child_weight"":0.001,""min_split_gain"":0.0,""n_estimators"":200,""n_jobs"":1,""num_class"":80,""num_leaves"":31,""objective"":""multiclass"",""pilot_source"":""results/sweep_5_config.json"",""reg_alpha"":0.5,""reg_lambda"":0.5,""subsample"":1.0,""subsample_freq"":0}",5689446e19bdea1df411111e1e4b5cc50183c270622d0757b33c51d0a5938a1c,0.014376216999496177,3.1650834809988737,1241741866,,True,True,0,True,0.0,lowest_ordered_candidate_on_exact_tie
sensitivity,9,20,lightgbm_multiclass,LightGBM,1,False,"{""boosting_type"":""gbdt"",""colsample_bytree"":1.0,""frozen"":true,""implementation"":""lightgbm.LGBMClassifier"",""learning_rate"":0.05,""max_depth"":5,""min_child_samples"":20,""min_child_weight"":0.001,""min_split_gain"":0.0,""n_estimators"":200,""n_jobs"":1,""num_class"":80,""num_leaves"":31,""objective"":""multiclass"",""pilot_source"":""results/sweep_5_config.json"",""reg_alpha"":0.1,""reg_lambda"":0.1,""subsample"":1.0,""subsample_freq"":0}",cb116d2e0b5ef62830f7ca0d63c0d488226c533f44349af3605ff4acd0a2aebc,0.015178358850846533,3.9948282641125843,1241741866,,False,True,0,False,0.0,lowest_ordered_candidate_on_exact_tie
sensitivity,9,20,lightgbm_multiclass,LightGBM,2,False,"{""boosting_type"":""gbdt"",""colsample_bytree"":1.0,""frozen"":true,""implementation"":""lightgbm.LGBMClassifier"",""learning_rate"":0.05,""max_depth"":7,""min_child_samples"":20,""min_child_weight"":0.001,""min_split_gain"":0.0,""n_estimators"":200,""n_jobs"":1,""num_class"":80,""num_leaves"":31,""objective"":""multiclass"",""pilot_source"":""results/sweep_5_config.json"",""reg_alpha"":0.1,""reg_lambda"":0.1,""subsample"":1.0,""subsample_freq"":0}",cae2276bc5c6ec1a3d72ce53c46697dc247ba4430ea98e1f609b624c98c8365e,0.015122338155894338,4.326091677998193,1241741866,,False,True,0,False,0.0,lowest_ordered_candidate_on_exact_tie
sensitivity,9,20,lightgbm_multiclass,LightGBM,3,False,"{""boosting_type"":""gbdt"",""colsample_bytree"":1.0,""frozen"":true,""implementation"":""lightgbm.LGBMClassifier"",""learning_rate"":0.1,""max_depth"":5,""min_child_samples"":20,""min_child_weight"":0.001,""min_split_gain"":0.0,""n_estimators"":200,""n_jobs"":1,""num_class"":80,""num_leaves"":31,""objective"":""multiclass"",""pilot_source"":""results/sweep_5_config.json"",""reg_alpha"":0.1,""reg_lambda"":0.1,""subsample"":1.0,""subsample_freq"":0}",c698b699f6c7cf18743346c4dd2691d8b650e657ec9a021d53142751ecc58407,0.015307539380176195,2.7398580389562994,1241741866,,False,True,0,False,0.0,lowest_ordered_candidate_on_exact_tie
sensitivity,9,20,ridge_sgd_l2,L2 one-vs-rest logistic,0,True,"{""alpha"":0.3333333333333333,""average"":false,""batch_size"":64,""epochs"":50,""eta0"":0.01,""fit_intercept"":true,""frozen"":true,""implementation"":""sklearn.linear_model.SGDClassifier"",""learning_rate"":""optimal"",""loss"":""log_loss"",""penalty"":""l2"",""pilot_source"":""results/sweep_5_config.json""}",851f14fb6b5ecda88baab0b92a7a36c949fdd0437766fc7d2433f329e2fde2f3,0.014440677122452004,8.842725962982513,376893673,,False,False,4,False,0.0,lowest_ordered_candidate_on_exact_tie
sensitivity,9,20,ridge_sgd_l2,L2 one-vs-rest logistic,1,False,"{""alpha"":10.0,""average"":false,""batch_size"":64,""epochs"":50,""eta0"":0.01,""fit_intercept"":true,""frozen"":true,""implementation"":""sklearn.linear_model.SGDClassifier"",""learning_rate"":""optimal"",""loss"":""log_loss"",""penalty"":""l2"",""pilot_source"":""results/sweep_5_config.json""}",dc2707c60c369df46e9b424fa8a1ebc5b23e4a351ced0c10e7e7dc66c6076d51,0.02120023031785988,8.663583375047892,376893673,,False,False,4,False,0.0,lowest_ordered_candidate_on_exact_tie
sensitivity,9,20,ridge_sgd_l2,L2 one-vs-rest logistic,2,False,"{""alpha"":3.3333333333333335,""average"":false,""batch_size"":64,""epochs"":50,""eta0"":0.01,""fit_intercept"":true,""frozen"":true,""implementation"":""sklearn.linear_model.SGDClassifier"",""learning_rate"":""optimal"",""loss"":""log_loss"",""penalty"":""l2"",""pilot_source"":""results/sweep_5_config.json""}",7aa5dba8ad015c8682db23cb59b805649b89895bc1121de465bef1e495573967,0.01666468931734014,8.691446586046368,376893673,,False,False,4,False,0.0,lowest_ordered_candidate_on_exact_tie
sensitivity,9,20,ridge_sgd_l2,L2 one-vs-rest logistic,3,False,"{""alpha"":1.0,""average"":false,""batch_size"":64,""epochs"":50,""eta0"":0.01,""fit_intercept"":true,""frozen"":true,""implementation"":""sklearn.linear_model.SGDClassifier"",""learning_rate"":""optimal"",""loss"":""log_loss"",""penalty"":""l2"",""pilot_source"":""results/sweep_5_config.json""}",f1028920c45a062ceb93b6bb97df161e827da764972699d89f7ccc787385a0de,0.014902248279634213,8.699583905050531,376893673,,False,False,4,False,0.0,lowest_ordered_candidate_on_exact_tie
sensitivity,9,20,ridge_sgd_l2,L2 one-vs-rest logistic,4,False,"{""alpha"":0.1,""average"":false,""batch_size"":64,""epochs"":50,""eta0"":0.01,""fit_intercept"":true,""frozen"":true,""implementation"":""sklearn.linear_model.SGDClassifier"",""learning_rate"":""optimal"",""loss"":""log_loss"",""penalty"":""l2"",""pilot_source"":""results/sweep_5_config.json""}",724a1fea14c056996c0474f9106b8177856f64794ebcc3fc1e458f6a8e12dc05,0.014189560485498798,8.646264537004754,376893673,,True,False,4,True,0.0,lowest_ordered_candidate_on_exact_tie
sensitivity,9,20,set_transformer,Set Transformer,0,True,"{""batch_size"":64,""d_model"":64,""dense_units"":[64,16],""dropout"":0.3,""expected_parameters"":157416,""ff_dim"":256,""frozen"":true,""implementation"":""neural_models.get_set_transformer"",""input_shape"":[22,10],""key_dim"":32,""learning_rate"":0.001,""max_epochs"":50,""num_heads"":2,""num_layers"":3,""output_units"":80,""patience"":10,""pilot_source"":""results/sweep_5.csv"",""pooling"":""global_average""}",6f4dec421d8ca8a60ca233da0707302c871aa8127caae786bc585c163e11c567,0.014075654794966223,30.344174465863034,488274225,653036441.0,False,False,3,False,0.0,lowest_ordered_candidate_on_exact_tie
sensitivity,9,20,set_transformer,Set Transformer,1,False,"{""batch_size"":64,""d_model"":64,""dense_units"":[64,16],""dropout"":0.1,""expected_parameters"":157416,""ff_dim"":256,""frozen"":true,""implementation"":""neural_models.get_set_transformer"",""input_shape"":[22,10],""key_dim"":32,""learning_rate"":0.0003,""max_epochs"":50,""num_heads"":2,""num_layers"":3,""output_units"":80,""patience"":10,""pilot_source"":""results/sweep_5.csv"",""pooling"":""global_average""}",fe204fdf1e84832e477e9c76ffec174e32677e8d5a5f24b670abbf7a3b8c7db1,0.014335683129635318,38.59572090394795,488274225,653036441.0,False,False,3,False,0.0,lowest_ordered_candidate_on_exact_tie
sensitivity,9,20,set_transformer,Set Transformer,2,False,"{""batch_size"":64,""d_model"":64,""dense_units"":[64,16],""dropout"":0.3,""expected_parameters"":157416,""ff_dim"":256,""frozen"":true,""implementation"":""neural_models.get_set_transformer"",""input_shape"":[22,10],""key_dim"":32,""learning_rate"":0.0003,""max_epochs"":50,""num_heads"":2,""num_layers"":3,""output_units"":80,""patience"":10,""pilot_source"":""results/sweep_5.csv"",""pooling"":""global_average""}",98491dd6370054dad3bab81748034d9978d93498b7569cee08e9b098dc1ba9e5,0.014067645656928595,39.64115533186123,488274225,653036441.0,False,False,3,False,0.0,lowest_ordered_candidate_on_exact_tie
sensitivity,9,20,set_transformer,Set Transformer,3,False,"{""batch_size"":64,""d_model"":64,""dense_units"":[64,16],""dropout"":0.1,""expected_parameters"":157416,""ff_dim"":256,""frozen"":true,""implementation"":""neural_models.get_set_transformer"",""input_shape"":[22,10],""key_dim"":32,""learning_rate"":0.001,""max_epochs"":50,""num_heads"":2,""num_layers"":3,""output_units"":80,""patience"":10,""pilot_source"":""results/sweep_5.csv"",""pooling"":""global_average""}",6003534a6fb6f7c259ea7485f50597481535337902a4fc1efeb39ec80445d6d6,0.014034140938083152,31.56652587186545,488274225,653036441.0,True,False,3,True,0.0,lowest_ordered_candidate_on_exact_tie
sensitivity,9,20,zoo_cnn,Zoo CNN,0,True,"{""batch_size"":64,""conv1d_filters"":[160,96,96],""conv2d_filters"":[128,160,128],""dense_units"":[96,256],""dropout"":0.3,""expected_parameters"":145584,""frozen"":true,""implementation"":""neural_models.get_conv_net"",""input_shape"":[11,10,10],""learning_rate"":0.001,""max_epochs"":50,""output_units"":80,""patience"":10,""pilot_source"":""original Zoo architecture and results/sweep_5.csv"",""pooling_weights"":{""average"":0.7,""max"":0.3}}",219344d288a1f6230782c6839c7a9758e13c3625ddae1b87e29779a206a56278,0.02021006008125774,14.967063390882686,510979869,1788078878.0,False,False,1,False,0.0,lowest_ordered_candidate_on_exact_tie
sensitivity,9,20,zoo_cnn,Zoo CNN,1,False,"{""batch_size"":64,""conv1d_filters"":[160,96,96],""conv2d_filters"":[128,160,128],""dense_units"":[96,256],""dropout"":0.1,""expected_parameters"":145584,""frozen"":true,""implementation"":""neural_models.get_conv_net"",""input_shape"":[11,10,10],""learning_rate"":0.0003,""max_epochs"":50,""output_units"":80,""patience"":10,""pilot_source"":""original Zoo architecture and results/sweep_5.csv"",""pooling_weights"":{""average"":0.7,""max"":0.3}}",abbc846d863092760291bfa1d382563580835324df5f7f6ce46a6fbed3da8072,0.015984997204906936,15.031154093099758,510979869,1788078878.0,True,False,1,True,0.0,lowest_ordered_candidate_on_exact_tie
sensitivity,9,20,zoo_cnn,Zoo CNN,2,False,"{""batch_size"":64,""conv1d_filters"":[160,96,96],""conv2d_filters"":[128,160,128],""dense_units"":[96,256],""dropout"":0.3,""expected_parameters"":145584,""frozen"":true,""implementation"":""neural_models.get_conv_net"",""input_shape"":[11,10,10],""learning_rate"":0.0003,""max_epochs"":50,""output_units"":80,""patience"":10,""pilot_source"":""original Zoo architecture and results/sweep_5.csv"",""pooling_weights"":{""average"":0.7,""max"":0.3}}",36cfcc45679e2e31725ccf0dedf1ff567692c99678381161175d0aef95c9aead,0.017216114576188806,10.781506350031123,510979869,1788078878.0,False,False,1,False,0.0,lowest_ordered_candidate_on_exact_tie
sensitivity,9,20,zoo_cnn,Zoo CNN,3,False,"{""batch_size"":64,""conv1d_filters"":[160,96,96],""conv2d_filters"":[128,160,128],""dense_units"":[96,256],""dropout"":0.1,""expected_parameters"":145584,""frozen"":true,""implementation"":""neural_models.get_conv_net"",""input_shape"":[11,10,10],""learning_rate"":0.001,""max_epochs"":50,""output_units"":80,""patience"":10,""pilot_source"":""original Zoo architecture and results/sweep_5.csv"",""pooling_weights"":{""average"":0.7,""max"":0.3}}",0b22203ab4438c16191482ac13e31621a615cbaa6cf409114e6377f1bec3dc7b,0.01701336121659187,13.158722413005307,510979869,1788078878.0,False,False,1,False,0.0,lowest_ordered_candidate_on_exact_tie
sensitivity,9,160,lightgbm_multiclass,LightGBM,0,True,"{""boosting_type"":""gbdt"",""colsample_bytree"":1.0,""frozen"":true,""implementation"":""lightgbm.LGBMClassifier"",""learning_rate"":0.05,""max_depth"":5,""min_child_samples"":50,""min_child_weight"":0.001,""min_split_gain"":0.0,""n_estimators"":200,""n_jobs"":1,""num_class"":80,""num_leaves"":31,""objective"":""multiclass"",""pilot_source"":""results/sweep_5_config.json"",""reg_alpha"":0.5,""reg_lambda"":0.5,""subsample"":1.0,""subsample_freq"":0}",5689446e19bdea1df411111e1e4b5cc50183c270622d0757b33c51d0a5938a1c,0.013838054992099,14.509498444967903,1061239754,,True,True,0,True,0.0,lowest_ordered_candidate_on_exact_tie
sensitivity,9,160,lightgbm_multiclass,LightGBM,1,False,"{""boosting_type"":""gbdt"",""colsample_bytree"":1.0,""frozen"":true,""implementation"":""lightgbm.LGBMClassifier"",""learning_rate"":0.05,""max_depth"":5,""min_child_samples"":20,""min_child_weight"":0.001,""min_split_gain"":0.0,""n_estimators"":200,""n_jobs"":1,""num_class"":80,""num_leaves"":31,""objective"":""multiclass"",""pilot_source"":""results/sweep_5_config.json"",""reg_alpha"":0.1,""reg_lambda"":0.1,""subsample"":1.0,""subsample_freq"":0}",cb116d2e0b5ef62830f7ca0d63c0d488226c533f44349af3605ff4acd0a2aebc,0.014060043461477134,15.899515436962247,1061239754,,False,True,0,False,0.0,lowest_ordered_candidate_on_exact_tie
sensitivity,9,160,lightgbm_multiclass,LightGBM,2,False,"{""boosting_type"":""gbdt"",""colsample_bytree"":1.0,""frozen"":true,""implementation"":""lightgbm.LGBMClassifier"",""learning_rate"":0.05,""max_depth"":7,""min_child_samples"":20,""min_child_weight"":0.001,""min_split_gain"":0.0,""n_estimators"":200,""n_jobs"":1,""num_class"":80,""num_leaves"":31,""objective"":""multiclass"",""pilot_source"":""results/sweep_5_config.json"",""reg_alpha"":0.1,""reg_lambda"":0.1,""subsample"":1.0,""subsample_freq"":0}",cae2276bc5c6ec1a3d72ce53c46697dc247ba4430ea98e1f609b624c98c8365e,0.014381765981421352,20.9761460009031,1061239754,,False,True,0,False,0.0,lowest_ordered_candidate_on_exact_tie
sensitivity,9,160,lightgbm_multiclass,LightGBM,3,False,"{""boosting_type"":""gbdt"",""colsample_bytree"":1.0,""frozen"":true,""implementation"":""lightgbm.LGBMClassifier"",""learning_rate"":0.1,""max_depth"":5,""min_child_samples"":20,""min_child_weight"":0.001,""min_split_gain"":0.0,""n_estimators"":200,""n_jobs"":1,""num_class"":80,""num_leaves"":31,""objective"":""multiclass"",""pilot_source"":""results/sweep_5_config.json"",""reg_alpha"":0.1,""reg_lambda"":0.1,""subsample"":1.0,""subsample_freq"":0}",c698b699f6c7cf18743346c4dd2691d8b650e657ec9a021d53142751ecc58407,0.014596494528717531,14.087189092999324,1061239754,,False,True,0,False,0.0,lowest_ordered_candidate_on_exact_tie
sensitivity,9,160,ridge_sgd_l2,L2 one-vs-rest logistic,0,True,"{""alpha"":0.3333333333333333,""average"":false,""batch_size"":64,""epochs"":50,""eta0"":0.01,""fit_intercept"":true,""frozen"":true,""implementation"":""sklearn.linear_model.SGDClassifier"",""learning_rate"":""optimal"",""loss"":""log_loss"",""penalty"":""l2"",""pilot_source"":""results/sweep_5_config.json""}",851f14fb6b5ecda88baab0b92a7a36c949fdd0437766fc7d2433f329e2fde2f3,0.014425724727906902,69.72347540501505,2137692779,,False,False,4,False,0.0,lowest_ordered_candidate_on_exact_tie
sensitivity,9,160,ridge_sgd_l2,L2 one-vs-rest logistic,1,False,"{""alpha"":10.0,""average"":false,""batch_size"":64,""epochs"":50,""eta0"":0.01,""fit_intercept"":true,""frozen"":true,""implementation"":""sklearn.linear_model.SGDClassifier"",""learning_rate"":""optimal"",""loss"":""log_loss"",""penalty"":""l2"",""pilot_source"":""results/sweep_5_config.json""}",dc2707c60c369df46e9b424fa8a1ebc5b23e4a351ced0c10e7e7dc66c6076d51,0.02139305541595223,69.81336473592091,2137692779,,False,False,4,False,0.0,lowest_ordered_candidate_on_exact_tie
sensitivity,9,160,ridge_sgd_l2,L2 one-vs-rest logistic,2,False,"{""alpha"":3.3333333333333335,""average"":false,""batch_size"":64,""epochs"":50,""eta0"":0.01,""fit_intercept"":true,""frozen"":true,""implementation"":""sklearn.linear_model.SGDClassifier"",""learning_rate"":""optimal"",""loss"":""log_loss"",""penalty"":""l2"",""pilot_source"":""results/sweep_5_config.json""}",7aa5dba8ad015c8682db23cb59b805649b89895bc1121de465bef1e495573967,0.016813816111801952,69.78744576801546,2137692779,,False,False,4,False,0.0,lowest_ordered_candidate_on_exact_tie
sensitivity,9,160,ridge_sgd_l2,L2 one-vs-rest logistic,3,False,"{""alpha"":1.0,""average"":false,""batch_size"":64,""epochs"":50,""eta0"":0.01,""fit_intercept"":true,""frozen"":true,""implementation"":""sklearn.linear_model.SGDClassifier"",""learning_rate"":""optimal"",""loss"":""log_loss"",""penalty"":""l2"",""pilot_source"":""results/sweep_5_config.json""}",f1028920c45a062ceb93b6bb97df161e827da764972699d89f7ccc787385a0de,0.014957772399470893,69.8413310078904,2137692779,,False,False,4,False,0.0,lowest_ordered_candidate_on_exact_tie
sensitivity,9,160,ridge_sgd_l2,L2 one-vs-rest logistic,4,False,"{""alpha"":0.1,""average"":false,""batch_size"":64,""epochs"":50,""eta0"":0.01,""fit_intercept"":true,""frozen"":true,""implementation"":""sklearn.linear_model.SGDClassifier"",""learning_rate"":""optimal"",""loss"":""log_loss"",""penalty"":""l2"",""pilot_source"":""results/sweep_5_config.json""}",724a1fea14c056996c0474f9106b8177856f64794ebcc3fc1e458f6a8e12dc05,0.014116232535046451,69.7958639159333,2137692779,,True,False,4,True,0.0,lowest_ordered_candidate_on_exact_tie
sensitivity,9,160,set_transformer,Set Transformer,0,True,"{""batch_size"":64,""d_model"":64,""dense_units"":[64,16],""dropout"":0.3,""expected_parameters"":157416,""ff_dim"":256,""frozen"":true,""implementation"":""neural_models.get_set_transformer"",""input_shape"":[22,10],""key_dim"":32,""learning_rate"":0.001,""max_epochs"":50,""num_heads"":2,""num_layers"":3,""output_units"":80,""patience"":10,""pilot_source"":""results/sweep_5.csv"",""pooling"":""global_average""}",6f4dec421d8ca8a60ca233da0707302c871aa8127caae786bc585c163e11c567,0.013180371416820623,117.24613515310921,1001827120,1378254192.0,True,True,0,True,0.0,lowest_ordered_candidate_on_exact_tie
sensitivity,9,160,set_transformer,Set Transformer,1,False,"{""batch_size"":64,""d_model"":64,""dense_units"":[64,16],""dropout"":0.1,""expected_parameters"":157416,""ff_dim"":256,""frozen"":true,""implementation"":""neural_models.get_set_transformer"",""input_shape"":[22,10],""key_dim"":32,""learning_rate"":0.0003,""max_epochs"":50,""num_heads"":2,""num_layers"":3,""output_units"":80,""patience"":10,""pilot_source"":""results/sweep_5.csv"",""pooling"":""global_average""}",fe204fdf1e84832e477e9c76ffec174e32677e8d5a5f24b670abbf7a3b8c7db1,0.013431311204459962,96.80960413999856,1001827120,1378254192.0,False,True,0,False,0.0,lowest_ordered_candidate_on_exact_tie
sensitivity,9,160,set_transformer,Set Transformer,2,False,"{""batch_size"":64,""d_model"":64,""dense_units"":[64,16],""dropout"":0.3,""expected_parameters"":157416,""ff_dim"":256,""frozen"":true,""implementation"":""neural_models.get_set_transformer"",""input_shape"":[22,10],""key_dim"":32,""learning_rate"":0.0003,""max_epochs"":50,""num_heads"":2,""num_layers"":3,""output_units"":80,""patience"":10,""pilot_source"":""results/sweep_5.csv"",""pooling"":""global_average""}",98491dd6370054dad3bab81748034d9978d93498b7569cee08e9b098dc1ba9e5,0.013276081782081542,115.72265088395216,1001827120,1378254192.0,False,True,0,False,0.0,lowest_ordered_candidate_on_exact_tie
sensitivity,9,160,set_transformer,Set Transformer,3,False,"{""batch_size"":64,""d_model"":64,""dense_units"":[64,16],""dropout"":0.1,""expected_parameters"":157416,""ff_dim"":256,""frozen"":true,""implementation"":""neural_models.get_set_transformer"",""input_shape"":[22,10],""key_dim"":32,""learning_rate"":0.001,""max_epochs"":50,""num_heads"":2,""num_layers"":3,""output_units"":80,""patience"":10,""pilot_source"":""results/sweep_5.csv"",""pooling"":""global_average""}",6003534a6fb6f7c259ea7485f50597481535337902a4fc1efeb39ec80445d6d6,0.013617620889447608,86.52020565001294,1001827120,1378254192.0,False,True,0,False,0.0,lowest_ordered_candidate_on_exact_tie
sensitivity,9,160,zoo_cnn,Zoo CNN,0,True,"{""batch_size"":64,""conv1d_filters"":[160,96,96],""conv2d_filters"":[128,160,128],""dense_units"":[96,256],""dropout"":0.3,""expected_parameters"":145584,""frozen"":true,""implementation"":""neural_models.get_conv_net"",""input_shape"":[11,10,10],""learning_rate"":0.001,""max_epochs"":50,""output_units"":80,""patience"":10,""pilot_source"":""original Zoo architecture and results/sweep_5.csv"",""pooling_weights"":{""average"":0.7,""max"":0.3}}",219344d288a1f6230782c6839c7a9758e13c3625ddae1b87e29779a206a56278,0.013388910475178489,37.28263038606383,1926410816,678777327.0,True,True,0,True,0.0,lowest_ordered_candidate_on_exact_tie
sensitivity,9,160,zoo_cnn,Zoo CNN,1,False,"{""batch_size"":64,""conv1d_filters"":[160,96,96],""conv2d_filters"":[128,160,128],""dense_units"":[96,256],""dropout"":0.1,""expected_parameters"":145584,""frozen"":true,""implementation"":""neural_models.get_conv_net"",""input_shape"":[11,10,10],""learning_rate"":0.0003,""max_epochs"":50,""output_units"":80,""patience"":10,""pilot_source"":""original Zoo architecture and results/sweep_5.csv"",""pooling_weights"":{""average"":0.7,""max"":0.3}}",abbc846d863092760291bfa1d382563580835324df5f7f6ce46a6fbed3da8072,0.014222896908346529,24.08642438100651,1926410816,678777327.0,False,True,0,False,0.0,lowest_ordered_candidate_on_exact_tie
sensitivity,9,160,zoo_cnn,Zoo CNN,2,False,"{""batch_size"":64,""conv1d_filters"":[160,96,96],""conv2d_filters"":[128,160,128],""dense_units"":[96,256],""dropout"":0.3,""expected_parameters"":145584,""frozen"":true,""implementation"":""neural_models.get_conv_net"",""input_shape"":[11,10,10],""learning_rate"":0.0003,""max_epochs"":50,""output_units"":80,""patience"":10,""pilot_source"":""original Zoo architecture and results/sweep_5.csv"",""pooling_weights"":{""average"":0.7,""max"":0.3}}",36cfcc45679e2e31725ccf0dedf1ff567692c99678381161175d0aef95c9aead,0.014166956838572706,23.7288782261312,1926410816,678777327.0,False,True,0,False,0.0,lowest_ordered_candidate_on_exact_tie
sensitivity,9,160,zoo_cnn,Zoo CNN,3,False,"{""batch_size"":64,""conv1d_filters"":[160,96,96],""conv2d_filters"":[128,160,128],""dense_units"":[96,256],""dropout"":0.1,""expected_parameters"":145584,""frozen"":true,""implementation"":""neural_models.get_conv_net"",""input_shape"":[11,10,10],""learning_rate"":0.001,""max_epochs"":50,""output_units"":80,""patience"":10,""pilot_source"":""original Zoo architecture and results/sweep_5.csv"",""pooling_weights"":{""average"":0.7,""max"":0.3}}",0b22203ab4438c16191482ac13e31621a615cbaa6cf409114e6377f1bec3dc7b,0.013548853256435449,24.583103115903214,1926410816,678777327.0,False,True,0,False,0.0,lowest_ordered_candidate_on_exact_tie
sensitivity,9,360,lightgbm_multiclass,LightGBM,0,True,"{""boosting_type"":""gbdt"",""colsample_bytree"":1.0,""frozen"":true,""implementation"":""lightgbm.LGBMClassifier"",""learning_rate"":0.05,""max_depth"":5,""min_child_samples"":50,""min_child_weight"":0.001,""min_split_gain"":0.0,""n_estimators"":200,""n_jobs"":1,""num_class"":80,""num_leaves"":31,""objective"":""multiclass"",""pilot_source"":""results/sweep_5_config.json"",""reg_alpha"":0.5,""reg_lambda"":0.5,""subsample"":1.0,""subsample_freq"":0}",5689446e19bdea1df411111e1e4b5cc50183c270622d0757b33c51d0a5938a1c,0.01357932197043727,25.89381312590558,1688823954,,True,True,0,True,0.0,lowest_ordered_candidate_on_exact_tie
sensitivity,9,360,lightgbm_multiclass,LightGBM,1,False,"{""boosting_type"":""gbdt"",""colsample_bytree"":1.0,""frozen"":true,""implementation"":""lightgbm.LGBMClassifier"",""learning_rate"":0.05,""max_depth"":5,""min_child_samples"":20,""min_child_weight"":0.001,""min_split_gain"":0.0,""n_estimators"":200,""n_jobs"":1,""num_class"":80,""num_leaves"":31,""objective"":""multiclass"",""pilot_source"":""results/sweep_5_config.json"",""reg_alpha"":0.1,""reg_lambda"":0.1,""subsample"":1.0,""subsample_freq"":0}",cb116d2e0b5ef62830f7ca0d63c0d488226c533f44349af3605ff4acd0a2aebc,0.013675175616273818,27.24224824702833,1688823954,,False,True,0,False,0.0,lowest_ordered_candidate_on_exact_tie
sensitivity,9,360,lightgbm_multiclass,LightGBM,2,False,"{""boosting_type"":""gbdt"",""colsample_bytree"":1.0,""frozen"":true,""implementation"":""lightgbm.LGBMClassifier"",""learning_rate"":0.05,""max_depth"":7,""min_child_samples"":20,""min_child_weight"":0.001,""min_split_gain"":0.0,""n_estimators"":200,""n_jobs"":1,""num_class"":80,""num_leaves"":31,""objective"":""multiclass"",""pilot_source"":""results/sweep_5_config.json"",""reg_alpha"":0.1,""reg_lambda"":0.1,""subsample"":1.0,""subsample_freq"":0}",cae2276bc5c6ec1a3d72ce53c46697dc247ba4430ea98e1f609b624c98c8365e,0.013909732425078564,34.95739443495404,1688823954,,False,True,0,False,0.0,lowest_ordered_candidate_on_exact_tie
sensitivity,9,360,lightgbm_multiclass,LightGBM,3,False,"{""boosting_type"":""gbdt"",""colsample_bytree"":1.0,""frozen"":true,""implementation"":""lightgbm.LGBMClassifier"",""learning_rate"":0.1,""max_depth"":5,""min_child_samples"":20,""min_child_weight"":0.001,""min_split_gain"":0.0,""n_estimators"":200,""n_jobs"":1,""num_class"":80,""num_leaves"":31,""objective"":""multiclass"",""pilot_source"":""results/sweep_5_config.json"",""reg_alpha"":0.1,""reg_lambda"":0.1,""subsample"":1.0,""subsample_freq"":0}",c698b699f6c7cf18743346c4dd2691d8b650e657ec9a021d53142751ecc58407,0.014090946133086629,24.549410440027714,1688823954,,False,True,0,False,0.0,lowest_ordered_candidate_on_exact_tie
sensitivity,9,360,ridge_sgd_l2,L2 one-vs-rest logistic,0,True,"{""alpha"":0.3333333333333333,""average"":false,""batch_size"":64,""epochs"":50,""eta0"":0.01,""fit_intercept"":true,""frozen"":true,""implementation"":""sklearn.linear_model.SGDClassifier"",""learning_rate"":""optimal"",""loss"":""log_loss"",""penalty"":""l2"",""pilot_source"":""results/sweep_5_config.json""}",851f14fb6b5ecda88baab0b92a7a36c949fdd0437766fc7d2433f329e2fde2f3,0.014382813220507705,158.11892212706152,12403168,,False,False,4,False,0.0,lowest_ordered_candidate_on_exact_tie
sensitivity,9,360,ridge_sgd_l2,L2 one-vs-rest logistic,1,False,"{""alpha"":10.0,""average"":false,""batch_size"":64,""epochs"":50,""eta0"":0.01,""fit_intercept"":true,""frozen"":true,""implementation"":""sklearn.linear_model.SGDClassifier"",""learning_rate"":""optimal"",""loss"":""log_loss"",""penalty"":""l2"",""pilot_source"":""results/sweep_5_config.json""}",dc2707c60c369df46e9b424fa8a1ebc5b23e4a351ced0c10e7e7dc66c6076d51,0.02130973200594414,158.37041265505832,12403168,,False,False,4,False,0.0,lowest_ordered_candidate_on_exact_tie
sensitivity,9,360,ridge_sgd_l2,L2 one-vs-rest logistic,2,False,"{""alpha"":3.3333333333333335,""average"":false,""batch_size"":64,""epochs"":50,""eta0"":0.01,""fit_intercept"":true,""frozen"":true,""implementation"":""sklearn.linear_model.SGDClassifier"",""learning_rate"":""optimal"",""loss"":""log_loss"",""penalty"":""l2"",""pilot_source"":""results/sweep_5_config.json""}",7aa5dba8ad015c8682db23cb59b805649b89895bc1121de465bef1e495573967,0.016734828556538576,158.3779193169903,12403168,,False,False,4,False,0.0,lowest_ordered_candidate_on_exact_tie
sensitivity,9,360,ridge_sgd_l2,L2 one-vs-rest logistic,3,False,"{""alpha"":1.0,""average"":false,""batch_size"":64,""epochs"":50,""eta0"":0.01,""fit_intercept"":true,""frozen"":true,""implementation"":""sklearn.linear_model.SGDClassifier"",""learning_rate"":""optimal"",""loss"":""log_loss"",""penalty"":""l2"",""pilot_source"":""results/sweep_5_config.json""}",f1028920c45a062ceb93b6bb97df161e827da764972699d89f7ccc787385a0de,0.014902762032938355,158.17815496202093,12403168,,False,False,4,False,0.0,lowest_ordered_candidate_on_exact_tie
sensitivity,9,360,ridge_sgd_l2,L2 one-vs-rest logistic,4,False,"{""alpha"":0.1,""average"":false,""batch_size"":64,""epochs"":50,""eta0"":0.01,""fit_intercept"":true,""frozen"":true,""implementation"":""sklearn.linear_model.SGDClassifier"",""learning_rate"":""optimal"",""loss"":""log_loss"",""penalty"":""l2"",""pilot_source"":""results/sweep_5_config.json""}",724a1fea14c056996c0474f9106b8177856f64794ebcc3fc1e458f6a8e12dc05,0.014086920571330411,158.14924189005978,12403168,,True,False,4,True,0.0,lowest_ordered_candidate_on_exact_tie
sensitivity,9,360,set_transformer,Set Transformer,0,True,"{""batch_size"":64,""d_model"":64,""dense_units"":[64,16],""dropout"":0.3,""expected_parameters"":157416,""ff_dim"":256,""frozen"":true,""implementation"":""neural_models.get_set_transformer"",""input_shape"":[22,10],""key_dim"":32,""learning_rate"":0.001,""max_epochs"":50,""num_heads"":2,""num_layers"":3,""output_units"":80,""patience"":10,""pilot_source"":""results/sweep_5.csv"",""pooling"":""global_average""}",6f4dec421d8ca8a60ca233da0707302c871aa8127caae786bc585c163e11c567,0.01281411467773831,232.3184225379955,2089407136,1504526107.0,False,False,2,False,0.0,lowest_ordered_candidate_on_exact_tie
sensitivity,9,360,set_transformer,Set Transformer,1,False,"{""batch_size"":64,""d_model"":64,""dense_units"":[64,16],""dropout"":0.1,""expected_parameters"":157416,""ff_dim"":256,""frozen"":true,""implementation"":""neural_models.get_set_transformer"",""input_shape"":[22,10],""key_dim"":32,""learning_rate"":0.0003,""max_epochs"":50,""num_heads"":2,""num_layers"":3,""output_units"":80,""patience"":10,""pilot_source"":""results/sweep_5.csv"",""pooling"":""global_average""}",fe204fdf1e84832e477e9c76ffec174e32677e8d5a5f24b670abbf7a3b8c7db1,0.012920424418171785,149.81021484499797,2089407136,1504526107.0,False,False,2,False,0.0,lowest_ordered_candidate_on_exact_tie
sensitivity,9,360,set_transformer,Set Transformer,2,False,"{""batch_size"":64,""d_model"":64,""dense_units"":[64,16],""dropout"":0.3,""expected_parameters"":157416,""ff_dim"":256,""frozen"":true,""implementation"":""neural_models.get_set_transformer"",""input_shape"":[22,10],""key_dim"":32,""learning_rate"":0.0003,""max_epochs"":50,""num_heads"":2,""num_layers"":3,""output_units"":80,""patience"":10,""pilot_source"":""results/sweep_5.csv"",""pooling"":""global_average""}",98491dd6370054dad3bab81748034d9978d93498b7569cee08e9b098dc1ba9e5,0.012788675331089195,222.35325530916452,2089407136,1504526107.0,True,False,2,True,0.0,lowest_ordered_candidate_on_exact_tie
sensitivity,9,360,set_transformer,Set Transformer,3,False,"{""batch_size"":64,""d_model"":64,""dense_units"":[64,16],""dropout"":0.1,""expected_parameters"":157416,""ff_dim"":256,""frozen"":true,""implementation"":""neural_models.get_set_transformer"",""input_shape"":[22,10],""key_dim"":32,""learning_rate"":0.001,""max_epochs"":50,""num_heads"":2,""num_layers"":3,""output_units"":80,""patience"":10,""pilot_source"":""results/sweep_5.csv"",""pooling"":""global_average""}",6003534a6fb6f7c259ea7485f50597481535337902a4fc1efeb39ec80445d6d6,0.012917595217716703,186.94089386891574,2089407136,1504526107.0,False,False,2,False,0.0,lowest_ordered_candidate_on_exact_tie
sensitivity,9,360,zoo_cnn,Zoo CNN,0,True,"{""batch_size"":64,""conv1d_filters"":[160,96,96],""conv2d_filters"":[128,160,128],""dense_units"":[96,256],""dropout"":0.3,""expected_parameters"":145584,""frozen"":true,""implementation"":""neural_models.get_conv_net"",""input_shape"":[11,10,10],""learning_rate"":0.001,""max_epochs"":50,""output_units"":80,""patience"":10,""pilot_source"":""original Zoo architecture and results/sweep_5.csv"",""pooling_weights"":{""average"":0.7,""max"":0.3}}",219344d288a1f6230782c6839c7a9758e13c3625ddae1b87e29779a206a56278,0.01320352583879291,73.48371449299157,1436939191,255283534.0,False,False,3,False,0.0,lowest_ordered_candidate_on_exact_tie
sensitivity,9,360,zoo_cnn,Zoo CNN,1,False,"{""batch_size"":64,""conv1d_filters"":[160,96,96],""conv2d_filters"":[128,160,128],""dense_units"":[96,256],""dropout"":0.1,""expected_parameters"":145584,""frozen"":true,""implementation"":""neural_models.get_conv_net"",""input_shape"":[11,10,10],""learning_rate"":0.0003,""max_epochs"":50,""output_units"":80,""patience"":10,""pilot_source"":""original Zoo architecture and results/sweep_5.csv"",""pooling_weights"":{""average"":0.7,""max"":0.3}}",abbc846d863092760291bfa1d382563580835324df5f7f6ce46a6fbed3da8072,0.013575100872635297,46.35332740587182,1436939191,255283534.0,False,False,3,False,0.0,lowest_ordered_candidate_on_exact_tie
sensitivity,9,360,zoo_cnn,Zoo CNN,2,False,"{""batch_size"":64,""conv1d_filters"":[160,96,96],""conv2d_filters"":[128,160,128],""dense_units"":[96,256],""dropout"":0.3,""expected_parameters"":145584,""frozen"":true,""implementation"":""neural_models.get_conv_net"",""input_shape"":[11,10,10],""learning_rate"":0.0003,""max_epochs"":50,""output_units"":80,""patience"":10,""pilot_source"":""original Zoo architecture and results/sweep_5.csv"",""pooling_weights"":{""average"":0.7,""max"":0.3}}",36cfcc45679e2e31725ccf0dedf1ff567692c99678381161175d0aef95c9aead,0.013269247992497528,64.0311403060332,1436939191,255283534.0,False,False,3,False,0.0,lowest_ordered_candidate_on_exact_tie
sensitivity,9,360,zoo_cnn,Zoo CNN,3,False,"{""batch_size"":64,""conv1d_filters"":[160,96,96],""conv2d_filters"":[128,160,128],""dense_units"":[96,256],""dropout"":0.1,""expected_parameters"":145584,""frozen"":true,""implementation"":""neural_models.get_conv_net"",""input_shape"":[11,10,10],""learning_rate"":0.001,""max_epochs"":50,""output_units"":80,""patience"":10,""pilot_source"":""original Zoo architecture and results/sweep_5.csv"",""pooling_weights"":{""average"":0.7,""max"":0.3}}",0b22203ab4438c16191482ac13e31621a615cbaa6cf409114e6377f1bec3dc7b,0.013059050548357052,53.55729031399824,1436939191,255283534.0,True,False,3,True,0.0,lowest_ordered_candidate_on_exact_tie
sensitivity,10,20,lightgbm_multiclass,LightGBM,0,True,"{""boosting_type"":""gbdt"",""colsample_bytree"":1.0,""frozen"":true,""implementation"":""lightgbm.LGBMClassifier"",""learning_rate"":0.05,""max_depth"":5,""min_child_samples"":50,""min_child_weight"":0.001,""min_split_gain"":0.0,""n_estimators"":200,""n_jobs"":1,""num_class"":80,""num_leaves"":31,""objective"":""multiclass"",""pilot_source"":""results/sweep_5_config.json"",""reg_alpha"":0.5,""reg_lambda"":0.5,""subsample"":1.0,""subsample_freq"":0}",5689446e19bdea1df411111e1e4b5cc50183c270622d0757b33c51d0a5938a1c,0.015308459898529886,3.3387096150545403,1360048312,,True,True,0,True,0.0,lowest_ordered_candidate_on_exact_tie
sensitivity,10,20,lightgbm_multiclass,LightGBM,1,False,"{""boosting_type"":""gbdt"",""colsample_bytree"":1.0,""frozen"":true,""implementation"":""lightgbm.LGBMClassifier"",""learning_rate"":0.05,""max_depth"":5,""min_child_samples"":20,""min_child_weight"":0.001,""min_split_gain"":0.0,""n_estimators"":200,""n_jobs"":1,""num_class"":80,""num_leaves"":31,""objective"":""multiclass"",""pilot_source"":""results/sweep_5_config.json"",""reg_alpha"":0.1,""reg_lambda"":0.1,""subsample"":1.0,""subsample_freq"":0}",cb116d2e0b5ef62830f7ca0d63c0d488226c533f44349af3605ff4acd0a2aebc,0.015772580243299122,4.2278140699490905,1360048312,,False,True,0,False,0.0,lowest_ordered_candidate_on_exact_tie
sensitivity,10,20,lightgbm_multiclass,LightGBM,2,False,"{""boosting_type"":""gbdt"",""colsample_bytree"":1.0,""frozen"":true,""implementation"":""lightgbm.LGBMClassifier"",""learning_rate"":0.05,""max_depth"":7,""min_child_samples"":20,""min_child_weight"":0.001,""min_split_gain"":0.0,""n_estimators"":200,""n_jobs"":1,""num_class"":80,""num_leaves"":31,""objective"":""multiclass"",""pilot_source"":""results/sweep_5_config.json"",""reg_alpha"":0.1,""reg_lambda"":0.1,""subsample"":1.0,""subsample_freq"":0}",cae2276bc5c6ec1a3d72ce53c46697dc247ba4430ea98e1f609b624c98c8365e,0.015645115386969288,4.618629447068088,1360048312,,False,True,0,False,0.0,lowest_ordered_candidate_on_exact_tie
sensitivity,10,20,lightgbm_multiclass,LightGBM,3,False,"{""boosting_type"":""gbdt"",""colsample_bytree"":1.0,""frozen"":true,""implementation"":""lightgbm.LGBMClassifier"",""learning_rate"":0.1,""max_depth"":5,""min_child_samples"":20,""min_child_weight"":0.001,""min_split_gain"":0.0,""n_estimators"":200,""n_jobs"":1,""num_class"":80,""num_leaves"":31,""objective"":""multiclass"",""pilot_source"":""results/sweep_5_config.json"",""reg_alpha"":0.1,""reg_lambda"":0.1,""subsample"":1.0,""subsample_freq"":0}",c698b699f6c7cf18743346c4dd2691d8b650e657ec9a021d53142751ecc58407,0.015951551535026805,2.8643923280760646,1360048312,,False,True,0,False,0.0,lowest_ordered_candidate_on_exact_tie
sensitivity,10,20,ridge_sgd_l2,L2 one-vs-rest logistic,0,True,"{""alpha"":0.3333333333333333,""average"":false,""batch_size"":64,""epochs"":50,""eta0"":0.01,""fit_intercept"":true,""frozen"":true,""implementation"":""sklearn.linear_model.SGDClassifier"",""learning_rate"":""optimal"",""loss"":""log_loss"",""penalty"":""l2"",""pilot_source"":""results/sweep_5_config.json""}",851f14fb6b5ecda88baab0b92a7a36c949fdd0437766fc7d2433f329e2fde2f3,0.015354703025599383,9.445605729008093,1033061361,,False,False,4,False,0.0,lowest_ordered_candidate_on_exact_tie
sensitivity,10,20,ridge_sgd_l2,L2 one-vs-rest logistic,1,False,"{""alpha"":10.0,""average"":false,""batch_size"":64,""epochs"":50,""eta0"":0.01,""fit_intercept"":true,""frozen"":true,""implementation"":""sklearn.linear_model.SGDClassifier"",""learning_rate"":""optimal"",""loss"":""log_loss"",""penalty"":""l2"",""pilot_source"":""results/sweep_5_config.json""}",dc2707c60c369df46e9b424fa8a1ebc5b23e4a351ced0c10e7e7dc66c6076d51,0.021735366637159876,9.255312375025824,1033061361,,False,False,4,False,0.0,lowest_ordered_candidate_on_exact_tie
sensitivity,10,20,ridge_sgd_l2,L2 one-vs-rest logistic,2,False,"{""alpha"":3.3333333333333335,""average"":false,""batch_size"":64,""epochs"":50,""eta0"":0.01,""fit_intercept"":true,""frozen"":true,""implementation"":""sklearn.linear_model.SGDClassifier"",""learning_rate"":""optimal"",""loss"":""log_loss"",""penalty"":""l2"",""pilot_source"":""results/sweep_5_config.json""}",7aa5dba8ad015c8682db23cb59b805649b89895bc1121de465bef1e495573967,0.017431835570783438,9.27340796100907,1033061361,,False,False,4,False,0.0,lowest_ordered_candidate_on_exact_tie
sensitivity,10,20,ridge_sgd_l2,L2 one-vs-rest logistic,3,False,"{""alpha"":1.0,""average"":false,""batch_size"":64,""epochs"":50,""eta0"":0.01,""fit_intercept"":true,""frozen"":true,""implementation"":""sklearn.linear_model.SGDClassifier"",""learning_rate"":""optimal"",""loss"":""log_loss"",""penalty"":""l2"",""pilot_source"":""results/sweep_5_config.json""}",f1028920c45a062ceb93b6bb97df161e827da764972699d89f7ccc787385a0de,0.015783743931615135,9.295223164954223,1033061361,,False,False,4,False,0.0,lowest_ordered_candidate_on_exact_tie
sensitivity,10,20,ridge_sgd_l2,L2 one-vs-rest logistic,4,False,"{""alpha"":0.1,""average"":false,""batch_size"":64,""epochs"":50,""eta0"":0.01,""fit_intercept"":true,""frozen"":true,""implementation"":""sklearn.linear_model.SGDClassifier"",""learning_rate"":""optimal"",""loss"":""log_loss"",""penalty"":""l2"",""pilot_source"":""results/sweep_5_config.json""}",724a1fea14c056996c0474f9106b8177856f64794ebcc3fc1e458f6a8e12dc05,0.015135664020076139,9.283142489963211,1033061361,,True,False,4,True,0.0,lowest_ordered_candidate_on_exact_tie
sensitivity,10,20,set_transformer,Set Transformer,0,True,"{""batch_size"":64,""d_model"":64,""dense_units"":[64,16],""dropout"":0.3,""expected_parameters"":157416,""ff_dim"":256,""frozen"":true,""implementation"":""neural_models.get_set_transformer"",""input_shape"":[22,10],""key_dim"":32,""learning_rate"":0.001,""max_epochs"":50,""num_heads"":2,""num_layers"":3,""output_units"":80,""patience"":10,""pilot_source"":""results/sweep_5.csv"",""pooling"":""global_average""}",6f4dec421d8ca8a60ca233da0707302c871aa8127caae786bc585c163e11c567,0.014988793579926298,26.552607520017773,1693996656,1001753152.0,False,False,3,False,0.0,lowest_ordered_candidate_on_exact_tie
sensitivity,10,20,set_transformer,Set Transformer,1,False,"{""batch_size"":64,""d_model"":64,""dense_units"":[64,16],""dropout"":0.1,""expected_parameters"":157416,""ff_dim"":256,""frozen"":true,""implementation"":""neural_models.get_set_transformer"",""input_shape"":[22,10],""key_dim"":32,""learning_rate"":0.0003,""max_epochs"":50,""num_heads"":2,""num_layers"":3,""output_units"":80,""patience"":10,""pilot_source"":""results/sweep_5.csv"",""pooling"":""global_average""}",fe204fdf1e84832e477e9c76ffec174e32677e8d5a5f24b670abbf7a3b8c7db1,0.015122993858527934,35.394194373860955,1693996656,1001753152.0,False,False,3,False,0.0,lowest_ordered_candidate_on_exact_tie
sensitivity,10,20,set_transformer,Set Transformer,2,False,"{""batch_size"":64,""d_model"":64,""dense_units"":[64,16],""dropout"":0.3,""expected_parameters"":157416,""ff_dim"":256,""frozen"":true,""implementation"":""neural_models.get_set_transformer"",""input_shape"":[22,10],""key_dim"":32,""learning_rate"":0.0003,""max_epochs"":50,""num_heads"":2,""num_layers"":3,""output_units"":80,""patience"":10,""pilot_source"":""results/sweep_5.csv"",""pooling"":""global_average""}",98491dd6370054dad3bab81748034d9978d93498b7569cee08e9b098dc1ba9e5,0.015184367419000448,36.375252715079114,1693996656,1001753152.0,False,False,3,False,0.0,lowest_ordered_candidate_on_exact_tie
sensitivity,10,20,set_transformer,Set Transformer,3,False,"{""batch_size"":64,""d_model"":64,""dense_units"":[64,16],""dropout"":0.1,""expected_parameters"":157416,""ff_dim"":256,""frozen"":true,""implementation"":""neural_models.get_set_transformer"",""input_shape"":[22,10],""key_dim"":32,""learning_rate"":0.001,""max_epochs"":50,""num_heads"":2,""num_layers"":3,""output_units"":80,""patience"":10,""pilot_source"":""results/sweep_5.csv"",""pooling"":""global_average""}",6003534a6fb6f7c259ea7485f50597481535337902a4fc1efeb39ec80445d6d6,0.01492699760837046,31.329621479846537,1693996656,1001753152.0,True,False,3,True,0.0,lowest_ordered_candidate_on_exact_tie
sensitivity,10,20,zoo_cnn,Zoo CNN,0,True,"{""batch_size"":64,""conv1d_filters"":[160,96,96],""conv2d_filters"":[128,160,128],""dense_units"":[96,256],""dropout"":0.3,""expected_parameters"":145584,""frozen"":true,""implementation"":""neural_models.get_conv_net"",""input_shape"":[11,10,10],""learning_rate"":0.001,""max_epochs"":50,""output_units"":80,""patience"":10,""pilot_source"":""original Zoo architecture and results/sweep_5.csv"",""pooling_weights"":{""average"":0.7,""max"":0.3}}",219344d288a1f6230782c6839c7a9758e13c3625ddae1b87e29779a206a56278,0.0163495389143207,15.923033644910902,2053208218,560120305.0,True,True,0,True,0.0,lowest_ordered_candidate_on_exact_tie
sensitivity,10,20,zoo_cnn,Zoo CNN,1,False,"{""batch_size"":64,""conv1d_filters"":[160,96,96],""conv2d_filters"":[128,160,128],""dense_units"":[96,256],""dropout"":0.1,""expected_parameters"":145584,""frozen"":true,""implementation"":""neural_models.get_conv_net"",""input_shape"":[11,10,10],""learning_rate"":0.0003,""max_epochs"":50,""output_units"":80,""patience"":10,""pilot_source"":""original Zoo architecture and results/sweep_5.csv"",""pooling_weights"":{""average"":0.7,""max"":0.3}}",abbc846d863092760291bfa1d382563580835324df5f7f6ce46a6fbed3da8072,0.017248567682246804,19.812951774103567,2053208218,560120305.0,False,True,0,False,0.0,lowest_ordered_candidate_on_exact_tie
sensitivity,10,20,zoo_cnn,Zoo CNN,2,False,"{""batch_size"":64,""conv1d_filters"":[160,96,96],""conv2d_filters"":[128,160,128],""dense_units"":[96,256],""dropout"":0.3,""expected_parameters"":145584,""frozen"":true,""implementation"":""neural_models.get_conv_net"",""input_shape"":[11,10,10],""learning_rate"":0.0003,""max_epochs"":50,""output_units"":80,""patience"":10,""pilot_source"":""original Zoo architecture and results/sweep_5.csv"",""pooling_weights"":{""average"":0.7,""max"":0.3}}",36cfcc45679e2e31725ccf0dedf1ff567692c99678381161175d0aef95c9aead,0.017823235289678333,17.759929216932505,2053208218,560120305.0,False,True,0,False,0.0,lowest_ordered_candidate_on_exact_tie
sensitivity,10,20,zoo_cnn,Zoo CNN,3,False,"{""batch_size"":64,""conv1d_filters"":[160,96,96],""conv2d_filters"":[128,160,128],""dense_units"":[96,256],""dropout"":0.1,""expected_parameters"":145584,""frozen"":true,""implementation"":""neural_models.get_conv_net"",""input_shape"":[11,10,10],""learning_rate"":0.001,""max_epochs"":50,""output_units"":80,""patience"":10,""pilot_source"":""original Zoo architecture and results/sweep_5.csv"",""pooling_weights"":{""average"":0.7,""max"":0.3}}",0b22203ab4438c16191482ac13e31621a615cbaa6cf409114e6377f1bec3dc7b,0.018061939979184677,14.222469816915691,2053208218,560120305.0,False,True,0,False,0.0,lowest_ordered_candidate_on_exact_tie
sensitivity,10,160,lightgbm_multiclass,LightGBM,0,True,"{""boosting_type"":""gbdt"",""colsample_bytree"":1.0,""frozen"":true,""implementation"":""lightgbm.LGBMClassifier"",""learning_rate"":0.05,""max_depth"":5,""min_child_samples"":50,""min_child_weight"":0.001,""min_split_gain"":0.0,""n_estimators"":200,""n_jobs"":1,""num_class"":80,""num_leaves"":31,""objective"":""multiclass"",""pilot_source"":""results/sweep_5_config.json"",""reg_alpha"":0.5,""reg_lambda"":0.5,""subsample"":1.0,""subsample_freq"":0}",5689446e19bdea1df411111e1e4b5cc50183c270622d0757b33c51d0a5938a1c,0.014860256821069874,14.242655923007987,1748984687,,True,True,0,True,0.0,lowest_ordered_candidate_on_exact_tie
sensitivity,10,160,lightgbm_multiclass,LightGBM,1,False,"{""boosting_type"":""gbdt"",""colsample_bytree"":1.0,""frozen"":true,""implementation"":""lightgbm.LGBMClassifier"",""learning_rate"":0.05,""max_depth"":5,""min_child_samples"":20,""min_child_weight"":0.001,""min_split_gain"":0.0,""n_estimators"":200,""n_jobs"":1,""num_class"":80,""num_leaves"":31,""objective"":""multiclass"",""pilot_source"":""results/sweep_5_config.json"",""reg_alpha"":0.1,""reg_lambda"":0.1,""subsample"":1.0,""subsample_freq"":0}",cb116d2e0b5ef62830f7ca0d63c0d488226c533f44349af3605ff4acd0a2aebc,0.01511134808792748,15.608211828977801,1748984687,,False,True,0,False,0.0,lowest_ordered_candidate_on_exact_tie
sensitivity,10,160,lightgbm_multiclass,LightGBM,2,False,"{""boosting_type"":""gbdt"",""colsample_bytree"":1.0,""frozen"":true,""implementation"":""lightgbm.LGBMClassifier"",""learning_rate"":0.05,""max_depth"":7,""min_child_samples"":20,""min_child_weight"":0.001,""min_split_gain"":0.0,""n_estimators"":200,""n_jobs"":1,""num_class"":80,""num_leaves"":31,""objective"":""multiclass"",""pilot_source"":""results/sweep_5_config.json"",""reg_alpha"":0.1,""reg_lambda"":0.1,""subsample"":1.0,""subsample_freq"":0}",cae2276bc5c6ec1a3d72ce53c46697dc247ba4430ea98e1f609b624c98c8365e,0.015461968214697544,21.01063619100023,1748984687,,False,True,0,False,0.0,lowest_ordered_candidate_on_exact_tie
sensitivity,10,160,lightgbm_multiclass,LightGBM,3,False,"{""boosting_type"":""gbdt"",""colsample_bytree"":1.0,""frozen"":true,""implementation"":""lightgbm.LGBMClassifier"",""learning_rate"":0.1,""max_depth"":5,""min_child_samples"":20,""min_child_weight"":0.001,""min_split_gain"":0.0,""n_estimators"":200,""n_jobs"":1,""num_class"":80,""num_leaves"":31,""objective"":""multiclass"",""pilot_source"":""results/sweep_5_config.json"",""reg_alpha"":0.1,""reg_lambda"":0.1,""subsample"":1.0,""subsample_freq"":0}",c698b699f6c7cf18743346c4dd2691d8b650e657ec9a021d53142751ecc58407,0.01573456593702952,13.761305361054838,1748984687,,False,True,0,False,0.0,lowest_ordered_candidate_on_exact_tie
sensitivity,10,160,ridge_sgd_l2,L2 one-vs-rest logistic,0,True,"{""alpha"":0.3333333333333333,""average"":false,""batch_size"":64,""epochs"":50,""eta0"":0.01,""fit_intercept"":true,""frozen"":true,""implementation"":""sklearn.linear_model.SGDClassifier"",""learning_rate"":""optimal"",""loss"":""log_loss"",""penalty"":""l2"",""pilot_source"":""results/sweep_5_config.json""}",851f14fb6b5ecda88baab0b92a7a36c949fdd0437766fc7d2433f329e2fde2f3,0.01535494077055495,70.42046625795774,535512821,,False,False,4,False,0.0,lowest_ordered_candidate_on_exact_tie
sensitivity,10,160,ridge_sgd_l2,L2 one-vs-rest logistic,1,False,"{""alpha"":10.0,""average"":false,""batch_size"":64,""epochs"":50,""eta0"":0.01,""fit_intercept"":true,""frozen"":true,""implementation"":""sklearn.linear_model.SGDClassifier"",""learning_rate"":""optimal"",""loss"":""log_loss"",""penalty"":""l2"",""pilot_source"":""results/sweep_5_config.json""}",dc2707c60c369df46e9b424fa8a1ebc5b23e4a351ced0c10e7e7dc66c6076d51,0.021729889192694512,70.36032936500851,535512821,,False,False,4,False,0.0,lowest_ordered_candidate_on_exact_tie
sensitivity,10,160,ridge_sgd_l2,L2 one-vs-rest logistic,2,False,"{""alpha"":3.3333333333333335,""average"":false,""batch_size"":64,""epochs"":50,""eta0"":0.01,""fit_intercept"":true,""frozen"":true,""implementation"":""sklearn.linear_model.SGDClassifier"",""learning_rate"":""optimal"",""loss"":""log_loss"",""penalty"":""l2"",""pilot_source"":""results/sweep_5_config.json""}",7aa5dba8ad015c8682db23cb59b805649b89895bc1121de465bef1e495573967,0.017456209037229792,70.29990106297191,535512821,,False,False,4,False,0.0,lowest_ordered_candidate_on_exact_tie
sensitivity,10,160,ridge_sgd_l2,L2 one-vs-rest logistic,3,False,"{""alpha"":1.0,""average"":false,""batch_size"":64,""epochs"":50,""eta0"":0.01,""fit_intercept"":true,""frozen"":true,""implementation"":""sklearn.linear_model.SGDClassifier"",""learning_rate"":""optimal"",""loss"":""log_loss"",""penalty"":""l2"",""pilot_source"":""results/sweep_5_config.json""}",f1028920c45a062ceb93b6bb97df161e827da764972699d89f7ccc787385a0de,0.015821368526909615,70.41285060998052,535512821,,False,False,4,False,0.0,lowest_ordered_candidate_on_exact_tie
sensitivity,10,160,ridge_sgd_l2,L2 one-vs-rest logistic,4,False,"{""alpha"":0.1,""average"":false,""batch_size"":64,""epochs"":50,""eta0"":0.01,""fit_intercept"":true,""frozen"":true,""implementation"":""sklearn.linear_model.SGDClassifier"",""learning_rate"":""optimal"",""loss"":""log_loss"",""penalty"":""l2"",""pilot_source"":""results/sweep_5_config.json""}",724a1fea14c056996c0474f9106b8177856f64794ebcc3fc1e458f6a8e12dc05,0.015084809334618015,70.36024598206859,535512821,,True,False,4,True,0.0,lowest_ordered_candidate_on_exact_tie
sensitivity,10,160,set_transformer,Set Transformer,0,True,"{""batch_size"":64,""d_model"":64,""dense_units"":[64,16],""dropout"":0.3,""expected_parameters"":157416,""ff_dim"":256,""frozen"":true,""implementation"":""neural_models.get_set_transformer"",""input_shape"":[22,10],""key_dim"":32,""learning_rate"":0.001,""max_epochs"":50,""num_heads"":2,""num_layers"":3,""output_units"":80,""patience"":10,""pilot_source"":""results/sweep_5.csv"",""pooling"":""global_average""}",6f4dec421d8ca8a60ca233da0707302c871aa8127caae786bc585c163e11c567,0.01409559057918766,68.99650189001113,1322970673,1205672019.0,False,False,2,False,0.0,lowest_ordered_candidate_on_exact_tie
sensitivity,10,160,set_transformer,Set Transformer,1,False,"{""batch_size"":64,""d_model"":64,""dense_units"":[64,16],""dropout"":0.1,""expected_parameters"":157416,""ff_dim"":256,""frozen"":true,""implementation"":""neural_models.get_set_transformer"",""input_shape"":[22,10],""key_dim"":32,""learning_rate"":0.0003,""max_epochs"":50,""num_heads"":2,""num_layers"":3,""output_units"":80,""patience"":10,""pilot_source"":""results/sweep_5.csv"",""pooling"":""global_average""}",fe204fdf1e84832e477e9c76ffec174e32677e8d5a5f24b670abbf7a3b8c7db1,0.01393419302598739,96.29260731791146,1322970673,1205672019.0,False,False,2,False,0.0,lowest_ordered_candidate_on_exact_tie
sensitivity,10,160,set_transformer,Set Transformer,2,False,"{""batch_size"":64,""d_model"":64,""dense_units"":[64,16],""dropout"":0.3,""expected_parameters"":157416,""ff_dim"":256,""frozen"":true,""implementation"":""neural_models.get_set_transformer"",""input_shape"":[22,10],""key_dim"":32,""learning_rate"":0.0003,""max_epochs"":50,""num_heads"":2,""num_layers"":3,""output_units"":80,""patience"":10,""pilot_source"":""results/sweep_5.csv"",""pooling"":""global_average""}",98491dd6370054dad3bab81748034d9978d93498b7569cee08e9b098dc1ba9e5,0.0139051251412825,121.06292904005386,1322970673,1205672019.0,True,False,2,True,0.0,lowest_ordered_candidate_on_exact_tie
sensitivity,10,160,set_transformer,Set Transformer,3,False,"{""batch_size"":64,""d_model"":64,""dense_units"":[64,16],""dropout"":0.1,""expected_parameters"":157416,""ff_dim"":256,""frozen"":true,""implementation"":""neural_models.get_set_transformer"",""input_shape"":[22,10],""key_dim"":32,""learning_rate"":0.001,""max_epochs"":50,""num_heads"":2,""num_layers"":3,""output_units"":80,""patience"":10,""pilot_source"":""results/sweep_5.csv"",""pooling"":""global_average""}",6003534a6fb6f7c259ea7485f50597481535337902a4fc1efeb39ec80445d6d6,0.014234915159940742,103.7634840500541,1322970673,1205672019.0,False,False,2,False,0.0,lowest_ordered_candidate_on_exact_tie
sensitivity,10,160,zoo_cnn,Zoo CNN,0,True,"{""batch_size"":64,""conv1d_filters"":[160,96,96],""conv2d_filters"":[128,160,128],""dense_units"":[96,256],""dropout"":0.3,""expected_parameters"":145584,""frozen"":true,""implementation"":""neural_models.get_conv_net"",""input_shape"":[11,10,10],""learning_rate"":0.001,""max_epochs"":50,""output_units"":80,""patience"":10,""pilot_source"":""original Zoo architecture and results/sweep_5.csv"",""pooling_weights"":{""average"":0.7,""max"":0.3}}",219344d288a1f6230782c6839c7a9758e13c3625ddae1b87e29779a206a56278,0.014955159307175584,37.73013266804628,1261441113,2107101586.0,False,False,3,False,0.0,lowest_ordered_candidate_on_exact_tie
sensitivity,10,160,zoo_cnn,Zoo CNN,1,False,"{""batch_size"":64,""conv1d_filters"":[160,96,96],""conv2d_filters"":[128,160,128],""dense_units"":[96,256],""dropout"":0.1,""expected_parameters"":145584,""frozen"":true,""implementation"":""neural_models.get_conv_net"",""input_shape"":[11,10,10],""learning_rate"":0.0003,""max_epochs"":50,""output_units"":80,""patience"":10,""pilot_source"":""original Zoo architecture and results/sweep_5.csv"",""pooling_weights"":{""average"":0.7,""max"":0.3}}",abbc846d863092760291bfa1d382563580835324df5f7f6ce46a6fbed3da8072,0.015023940584720048,22.8404190170113,1261441113,2107101586.0,False,False,3,False,0.0,lowest_ordered_candidate_on_exact_tie
sensitivity,10,160,zoo_cnn,Zoo CNN,2,False,"{""batch_size"":64,""conv1d_filters"":[160,96,96],""conv2d_filters"":[128,160,128],""dense_units"":[96,256],""dropout"":0.3,""expected_parameters"":145584,""frozen"":true,""implementation"":""neural_models.get_conv_net"",""input_shape"":[11,10,10],""learning_rate"":0.0003,""max_epochs"":50,""output_units"":80,""patience"":10,""pilot_source"":""original Zoo architecture and results/sweep_5.csv"",""pooling_weights"":{""average"":0.7,""max"":0.3}}",36cfcc45679e2e31725ccf0dedf1ff567692c99678381161175d0aef95c9aead,0.014838165891145205,29.36014180420898,1261441113,2107101586.0,False,False,3,False,0.0,lowest_ordered_candidate_on_exact_tie
sensitivity,10,160,zoo_cnn,Zoo CNN,3,False,"{""batch_size"":64,""conv1d_filters"":[160,96,96],""conv2d_filters"":[128,160,128],""dense_units"":[96,256],""dropout"":0.1,""expected_parameters"":145584,""frozen"":true,""implementation"":""neural_models.get_conv_net"",""input_shape"":[11,10,10],""learning_rate"":0.001,""max_epochs"":50,""output_units"":80,""patience"":10,""pilot_source"":""original Zoo architecture and results/sweep_5.csv"",""pooling_weights"":{""average"":0.7,""max"":0.3}}",0b22203ab4438c16191482ac13e31621a615cbaa6cf409114e6377f1bec3dc7b,0.014509775055639587,23.71504869987257,1261441113,2107101586.0,True,False,3,True,0.0,lowest_ordered_candidate_on_exact_tie
sensitivity,10,360,lightgbm_multiclass,LightGBM,0,True,"{""boosting_type"":""gbdt"",""colsample_bytree"":1.0,""frozen"":true,""implementation"":""lightgbm.LGBMClassifier"",""learning_rate"":0.05,""max_depth"":5,""min_child_samples"":50,""min_child_weight"":0.001,""min_split_gain"":0.0,""n_estimators"":200,""n_jobs"":1,""num_class"":80,""num_leaves"":31,""objective"":""multiclass"",""pilot_source"":""results/sweep_5_config.json"",""reg_alpha"":0.5,""reg_lambda"":0.5,""subsample"":1.0,""subsample_freq"":0}",5689446e19bdea1df411111e1e4b5cc50183c270622d0757b33c51d0a5938a1c,0.01461161142020581,25.927311270032078,1122974343,,True,True,0,True,0.0,lowest_ordered_candidate_on_exact_tie
sensitivity,10,360,lightgbm_multiclass,LightGBM,1,False,"{""boosting_type"":""gbdt"",""colsample_bytree"":1.0,""frozen"":true,""implementation"":""lightgbm.LGBMClassifier"",""learning_rate"":0.05,""max_depth"":5,""min_child_samples"":20,""min_child_weight"":0.001,""min_split_gain"":0.0,""n_estimators"":200,""n_jobs"":1,""num_class"":80,""num_leaves"":31,""objective"":""multiclass"",""pilot_source"":""results/sweep_5_config.json"",""reg_alpha"":0.1,""reg_lambda"":0.1,""subsample"":1.0,""subsample_freq"":0}",cb116d2e0b5ef62830f7ca0d63c0d488226c533f44349af3605ff4acd0a2aebc,0.014740074002656553,27.249424838926643,1122974343,,False,True,0,False,0.0,lowest_ordered_candidate_on_exact_tie
sensitivity,10,360,lightgbm_multiclass,LightGBM,2,False,"{""boosting_type"":""gbdt"",""colsample_bytree"":1.0,""frozen"":true,""implementation"":""lightgbm.LGBMClassifier"",""learning_rate"":0.05,""max_depth"":7,""min_child_samples"":20,""min_child_weight"":0.001,""min_split_gain"":0.0,""n_estimators"":200,""n_jobs"":1,""num_class"":80,""num_leaves"":31,""objective"":""multiclass"",""pilot_source"":""results/sweep_5_config.json"",""reg_alpha"":0.1,""reg_lambda"":0.1,""subsample"":1.0,""subsample_freq"":0}",cae2276bc5c6ec1a3d72ce53c46697dc247ba4430ea98e1f609b624c98c8365e,0.015060200204139403,34.85084417602047,1122974343,,False,True,0,False,0.0,lowest_ordered_candidate_on_exact_tie
sensitivity,10,360,lightgbm_multiclass,LightGBM,3,False,"{""boosting_type"":""gbdt"",""colsample_bytree"":1.0,""frozen"":true,""implementation"":""lightgbm.LGBMClassifier"",""learning_rate"":0.1,""max_depth"":5,""min_child_samples"":20,""min_child_weight"":0.001,""min_split_gain"":0.0,""n_estimators"":200,""n_jobs"":1,""num_class"":80,""num_leaves"":31,""objective"":""multiclass"",""pilot_source"":""results/sweep_5_config.json"",""reg_alpha"":0.1,""reg_lambda"":0.1,""subsample"":1.0,""subsample_freq"":0}",c698b699f6c7cf18743346c4dd2691d8b650e657ec9a021d53142751ecc58407,0.01524692370363931,24.690701571060345,1122974343,,False,True,0,False,0.0,lowest_ordered_candidate_on_exact_tie
sensitivity,10,360,ridge_sgd_l2,L2 one-vs-rest logistic,0,True,"{""alpha"":0.3333333333333333,""average"":false,""batch_size"":64,""epochs"":50,""eta0"":0.01,""fit_intercept"":true,""frozen"":true,""implementation"":""sklearn.linear_model.SGDClassifier"",""learning_rate"":""optimal"",""loss"":""log_loss"",""penalty"":""l2"",""pilot_source"":""results/sweep_5_config.json""}",851f14fb6b5ecda88baab0b92a7a36c949fdd0437766fc7d2433f329e2fde2f3,0.01535625157874328,157.4391802039463,860381689,,False,False,4,False,0.0,lowest_ordered_candidate_on_exact_tie
sensitivity,10,360,ridge_sgd_l2,L2 one-vs-rest logistic,1,False,"{""alpha"":10.0,""average"":false,""batch_size"":64,""epochs"":50,""eta0"":0.01,""fit_intercept"":true,""frozen"":true,""implementation"":""sklearn.linear_model.SGDClassifier"",""learning_rate"":""optimal"",""loss"":""log_loss"",""penalty"":""l2"",""pilot_source"":""results/sweep_5_config.json""}",dc2707c60c369df46e9b424fa8a1ebc5b23e4a351ced0c10e7e7dc66c6076d51,0.021647227607666568,157.87017798691522,860381689,,False,False,4,False,0.0,lowest_ordered_candidate_on_exact_tie
sensitivity,10,360,ridge_sgd_l2,L2 one-vs-rest logistic,2,False,"{""alpha"":3.3333333333333335,""average"":false,""batch_size"":64,""epochs"":50,""eta0"":0.01,""fit_intercept"":true,""frozen"":true,""implementation"":""sklearn.linear_model.SGDClassifier"",""learning_rate"":""optimal"",""loss"":""log_loss"",""penalty"":""l2"",""pilot_source"":""results/sweep_5_config.json""}",7aa5dba8ad015c8682db23cb59b805649b89895bc1121de465bef1e495573967,0.01737323928549568,158.17598118900787,860381689,,False,False,4,False,0.0,lowest_ordered_candidate_on_exact_tie
sensitivity,10,360,ridge_sgd_l2,L2 one-vs-rest logistic,3,False,"{""alpha"":1.0,""average"":false,""batch_size"":64,""epochs"":50,""eta0"":0.01,""fit_intercept"":true,""frozen"":true,""implementation"":""sklearn.linear_model.SGDClassifier"",""learning_rate"":""optimal"",""loss"":""log_loss"",""penalty"":""l2"",""pilot_source"":""results/sweep_5_config.json""}",f1028920c45a062ceb93b6bb97df161e827da764972699d89f7ccc787385a0de,0.015772847113237235,158.16607060201932,860381689,,False,False,4,False,0.0,lowest_ordered_candidate_on_exact_tie
sensitivity,10,360,ridge_sgd_l2,L2 one-vs-rest logistic,4,False,"{""alpha"":0.1,""average"":false,""batch_size"":64,""epochs"":50,""eta0"":0.01,""fit_intercept"":true,""frozen"":true,""implementation"":""sklearn.linear_model.SGDClassifier"",""learning_rate"":""optimal"",""loss"":""log_loss"",""penalty"":""l2"",""pilot_source"":""results/sweep_5_config.json""}",724a1fea14c056996c0474f9106b8177856f64794ebcc3fc1e458f6a8e12dc05,0.015121395790086539,158.4080487160245,860381689,,True,False,4,True,0.0,lowest_ordered_candidate_on_exact_tie
sensitivity,10,360,set_transformer,Set Transformer,0,True,"{""batch_size"":64,""d_model"":64,""dense_units"":[64,16],""dropout"":0.3,""expected_parameters"":157416,""ff_dim"":256,""frozen"":true,""implementation"":""neural_models.get_set_transformer"",""input_shape"":[22,10],""key_dim"":32,""learning_rate"":0.001,""max_epochs"":50,""num_heads"":2,""num_layers"":3,""output_units"":80,""patience"":10,""pilot_source"":""results/sweep_5.csv"",""pooling"":""global_average""}",6f4dec421d8ca8a60ca233da0707302c871aa8127caae786bc585c163e11c567,0.013607725560866544,226.31062135705724,1400072372,1914911789.0,False,False,2,False,0.0,lowest_ordered_candidate_on_exact_tie
sensitivity,10,360,set_transformer,Set Transformer,1,False,"{""batch_size"":64,""d_model"":64,""dense_units"":[64,16],""dropout"":0.1,""expected_parameters"":157416,""ff_dim"":256,""frozen"":true,""implementation"":""neural_models.get_set_transformer"",""input_shape"":[22,10],""key_dim"":32,""learning_rate"":0.0003,""max_epochs"":50,""num_heads"":2,""num_layers"":3,""output_units"":80,""patience"":10,""pilot_source"":""results/sweep_5.csv"",""pooling"":""global_average""}",fe204fdf1e84832e477e9c76ffec174e32677e8d5a5f24b670abbf7a3b8c7db1,0.013696185718586286,200.69276931299828,1400072372,1914911789.0,False,False,2,False,0.0,lowest_ordered_candidate_on_exact_tie
sensitivity,10,360,set_transformer,Set Transformer,2,False,"{""batch_size"":64,""d_model"":64,""dense_units"":[64,16],""dropout"":0.3,""expected_parameters"":157416,""ff_dim"":256,""frozen"":true,""implementation"":""neural_models.get_set_transformer"",""input_shape"":[22,10],""key_dim"":32,""learning_rate"":0.0003,""max_epochs"":50,""num_heads"":2,""num_layers"":3,""output_units"":80,""patience"":10,""pilot_source"":""results/sweep_5.csv"",""pooling"":""global_average""}",98491dd6370054dad3bab81748034d9978d93498b7569cee08e9b098dc1ba9e5,0.013520809484029471,228.38437969912775,1400072372,1914911789.0,True,False,2,True,0.0,lowest_ordered_candidate_on_exact_tie
sensitivity,10,360,set_transformer,Set Transformer,3,False,"{""batch_size"":64,""d_model"":64,""dense_units"":[64,16],""dropout"":0.1,""expected_parameters"":157416,""ff_dim"":256,""frozen"":true,""implementation"":""neural_models.get_set_transformer"",""input_shape"":[22,10],""key_dim"":32,""learning_rate"":0.001,""max_epochs"":50,""num_heads"":2,""num_layers"":3,""output_units"":80,""patience"":10,""pilot_source"":""results/sweep_5.csv"",""pooling"":""global_average""}",6003534a6fb6f7c259ea7485f50597481535337902a4fc1efeb39ec80445d6d6,0.01359933783934288,163.78038190002553,1400072372,1914911789.0,False,False,2,False,0.0,lowest_ordered_candidate_on_exact_tie
sensitivity,10,360,zoo_cnn,Zoo CNN,0,True,"{""batch_size"":64,""conv1d_filters"":[160,96,96],""conv2d_filters"":[128,160,128],""dense_units"":[96,256],""dropout"":0.3,""expected_parameters"":145584,""frozen"":true,""implementation"":""neural_models.get_conv_net"",""input_shape"":[11,10,10],""learning_rate"":0.001,""max_epochs"":50,""output_units"":80,""patience"":10,""pilot_source"":""original Zoo architecture and results/sweep_5.csv"",""pooling_weights"":{""average"":0.7,""max"":0.3}}",219344d288a1f6230782c6839c7a9758e13c3625ddae1b87e29779a206a56278,0.013482473592794706,61.49544733390212,84971216,327852713.0,True,True,0,True,0.0,lowest_ordered_candidate_on_exact_tie
sensitivity,10,360,zoo_cnn,Zoo CNN,1,False,"{""batch_size"":64,""conv1d_filters"":[160,96,96],""conv2d_filters"":[128,160,128],""dense_units"":[96,256],""dropout"":0.1,""expected_parameters"":145584,""frozen"":true,""implementation"":""neural_models.get_conv_net"",""input_shape"":[11,10,10],""learning_rate"":0.0003,""max_epochs"":50,""output_units"":80,""patience"":10,""pilot_source"":""original Zoo architecture and results/sweep_5.csv"",""pooling_weights"":{""average"":0.7,""max"":0.3}}",abbc846d863092760291bfa1d382563580835324df5f7f6ce46a6fbed3da8072,0.014357095828196656,58.38945104693994,84971216,327852713.0,False,True,0,False,0.0,lowest_ordered_candidate_on_exact_tie
sensitivity,10,360,zoo_cnn,Zoo CNN,2,False,"{""batch_size"":64,""conv1d_filters"":[160,96,96],""conv2d_filters"":[128,160,128],""dense_units"":[96,256],""dropout"":0.3,""expected_parameters"":145584,""frozen"":true,""implementation"":""neural_models.get_conv_net"",""input_shape"":[11,10,10],""learning_rate"":0.0003,""max_epochs"":50,""output_units"":80,""patience"":10,""pilot_source"":""original Zoo architecture and results/sweep_5.csv"",""pooling_weights"":{""average"":0.7,""max"":0.3}}",36cfcc45679e2e31725ccf0dedf1ff567692c99678381161175d0aef95c9aead,0.014015141172824638,55.359061955008656,84971216,327852713.0,False,True,0,False,0.0,lowest_ordered_candidate_on_exact_tie
sensitivity,10,360,zoo_cnn,Zoo CNN,3,False,"{""batch_size"":64,""conv1d_filters"":[160,96,96],""conv2d_filters"":[128,160,128],""dense_units"":[96,256],""dropout"":0.1,""expected_parameters"":145584,""frozen"":true,""implementation"":""neural_models.get_conv_net"",""input_shape"":[11,10,10],""learning_rate"":0.001,""max_epochs"":50,""output_units"":80,""patience"":10,""pilot_source"":""original Zoo architecture and results/sweep_5.csv"",""pooling_weights"":{""average"":0.7,""max"":0.3}}",0b22203ab4438c16191482ac13e31621a615cbaa6cf409114e6377f1bec3dc7b,0.01424425484722858,53.25981136690825,84971216,327852713.0,False,True,0,False,0.0,lowest_ordered_candidate_on_exact_tie
sensitivity,11,20,lightgbm_multiclass,LightGBM,0,True,"{""boosting_type"":""gbdt"",""colsample_bytree"":1.0,""frozen"":true,""implementation"":""lightgbm.LGBMClassifier"",""learning_rate"":0.05,""max_depth"":5,""min_child_samples"":50,""min_child_weight"":0.001,""min_split_gain"":0.0,""n_estimators"":200,""n_jobs"":1,""num_class"":80,""num_leaves"":31,""objective"":""multiclass"",""pilot_source"":""results/sweep_5_config.json"",""reg_alpha"":0.5,""reg_lambda"":0.5,""subsample"":1.0,""subsample_freq"":0}",5689446e19bdea1df411111e1e4b5cc50183c270622d0757b33c51d0a5938a1c,0.013880586031894706,3.6446630459977314,894084334,,True,True,0,True,0.0,lowest_ordered_candidate_on_exact_tie
sensitivity,11,20,lightgbm_multiclass,LightGBM,1,False,"{""boosting_type"":""gbdt"",""colsample_bytree"":1.0,""frozen"":true,""implementation"":""lightgbm.LGBMClassifier"",""learning_rate"":0.05,""max_depth"":5,""min_child_samples"":20,""min_child_weight"":0.001,""min_split_gain"":0.0,""n_estimators"":200,""n_jobs"":1,""num_class"":80,""num_leaves"":31,""objective"":""multiclass"",""pilot_source"":""results/sweep_5_config.json"",""reg_alpha"":0.1,""reg_lambda"":0.1,""subsample"":1.0,""subsample_freq"":0}",cb116d2e0b5ef62830f7ca0d63c0d488226c533f44349af3605ff4acd0a2aebc,0.014446217981328887,4.547253372962587,894084334,,False,True,0,False,0.0,lowest_ordered_candidate_on_exact_tie
sensitivity,11,20,lightgbm_multiclass,LightGBM,2,False,"{""boosting_type"":""gbdt"",""colsample_bytree"":1.0,""frozen"":true,""implementation"":""lightgbm.LGBMClassifier"",""learning_rate"":0.05,""max_depth"":7,""min_child_samples"":20,""min_child_weight"":0.001,""min_split_gain"":0.0,""n_estimators"":200,""n_jobs"":1,""num_class"":80,""num_leaves"":31,""objective"":""multiclass"",""pilot_source"":""results/sweep_5_config.json"",""reg_alpha"":0.1,""reg_lambda"":0.1,""subsample"":1.0,""subsample_freq"":0}",cae2276bc5c6ec1a3d72ce53c46697dc247ba4430ea98e1f609b624c98c8365e,0.01450086757146052,4.970209936029278,894084334,,False,True,0,False,0.0,lowest_ordered_candidate_on_exact_tie
sensitivity,11,20,lightgbm_multiclass,LightGBM,3,False,"{""boosting_type"":""gbdt"",""colsample_bytree"":1.0,""frozen"":true,""implementation"":""lightgbm.LGBMClassifier"",""learning_rate"":0.1,""max_depth"":5,""min_child_samples"":20,""min_child_weight"":0.001,""min_split_gain"":0.0,""n_estimators"":200,""n_jobs"":1,""num_class"":80,""num_leaves"":31,""objective"":""multiclass"",""pilot_source"":""results/sweep_5_config.json"",""reg_alpha"":0.1,""reg_lambda"":0.1,""subsample"":1.0,""subsample_freq"":0}",c698b699f6c7cf18743346c4dd2691d8b650e657ec9a021d53142751ecc58407,0.014742972271399112,3.1665046400157735,894084334,,False,True,0,False,0.0,lowest_ordered_candidate_on_exact_tie
sensitivity,11,20,ridge_sgd_l2,L2 one-vs-rest logistic,0,True,"{""alpha"":0.3333333333333333,""average"":false,""batch_size"":64,""epochs"":50,""eta0"":0.01,""fit_intercept"":true,""frozen"":true,""implementation"":""sklearn.linear_model.SGDClassifier"",""learning_rate"":""optimal"",""loss"":""log_loss"",""penalty"":""l2"",""pilot_source"":""results/sweep_5_config.json""}",851f14fb6b5ecda88baab0b92a7a36c949fdd0437766fc7d2433f329e2fde2f3,0.014025813114897968,9.446516075986437,83781221,,False,False,4,False,0.0,lowest_ordered_candidate_on_exact_tie
sensitivity,11,20,ridge_sgd_l2,L2 one-vs-rest logistic,1,False,"{""alpha"":10.0,""average"":false,""batch_size"":64,""epochs"":50,""eta0"":0.01,""fit_intercept"":true,""frozen"":true,""implementation"":""sklearn.linear_model.SGDClassifier"",""learning_rate"":""optimal"",""loss"":""log_loss"",""penalty"":""l2"",""pilot_source"":""results/sweep_5_config.json""}",dc2707c60c369df46e9b424fa8a1ebc5b23e4a351ced0c10e7e7dc66c6076d51,0.021262189999110292,9.275270398007706,83781221,,False,False,4,False,0.0,lowest_ordered_candidate_on_exact_tie
sensitivity,11,20,ridge_sgd_l2,L2 one-vs-rest logistic,2,False,"{""alpha"":3.3333333333333335,""average"":false,""batch_size"":64,""epochs"":50,""eta0"":0.01,""fit_intercept"":true,""frozen"":true,""implementation"":""sklearn.linear_model.SGDClassifier"",""learning_rate"":""optimal"",""loss"":""log_loss"",""penalty"":""l2"",""pilot_source"":""results/sweep_5_config.json""}",7aa5dba8ad015c8682db23cb59b805649b89895bc1121de465bef1e495573967,0.016603723357606723,9.303917453042232,83781221,,False,False,4,False,0.0,lowest_ordered_candidate_on_exact_tie
sensitivity,11,20,ridge_sgd_l2,L2 one-vs-rest logistic,3,False,"{""alpha"":1.0,""average"":false,""batch_size"":64,""epochs"":50,""eta0"":0.01,""fit_intercept"":true,""frozen"":true,""implementation"":""sklearn.linear_model.SGDClassifier"",""learning_rate"":""optimal"",""loss"":""log_loss"",""penalty"":""l2"",""pilot_source"":""results/sweep_5_config.json""}",f1028920c45a062ceb93b6bb97df161e827da764972699d89f7ccc787385a0de,0.014602195026568749,9.248326676897705,83781221,,False,False,4,False,0.0,lowest_ordered_candidate_on_exact_tie
sensitivity,11,20,ridge_sgd_l2,L2 one-vs-rest logistic,4,False,"{""alpha"":0.1,""average"":false,""batch_size"":64,""epochs"":50,""eta0"":0.01,""fit_intercept"":true,""frozen"":true,""implementation"":""sklearn.linear_model.SGDClassifier"",""learning_rate"":""optimal"",""loss"":""log_loss"",""penalty"":""l2"",""pilot_source"":""results/sweep_5_config.json""}",724a1fea14c056996c0474f9106b8177856f64794ebcc3fc1e458f6a8e12dc05,0.013819517205620822,9.287136040977202,83781221,,True,False,4,True,0.0,lowest_ordered_candidate_on_exact_tie
sensitivity,11,20,set_transformer,Set Transformer,0,True,"{""batch_size"":64,""d_model"":64,""dense_units"":[64,16],""dropout"":0.3,""expected_parameters"":157416,""ff_dim"":256,""frozen"":true,""implementation"":""neural_models.get_set_transformer"",""input_shape"":[22,10],""key_dim"":32,""learning_rate"":0.001,""max_epochs"":50,""num_heads"":2,""num_layers"":3,""output_units"":80,""patience"":10,""pilot_source"":""results/sweep_5.csv"",""pooling"":""global_average""}",6f4dec421d8ca8a60ca233da0707302c871aa8127caae786bc585c163e11c567,0.013819923793457351,26.3805076808203,1254038437,245332361.0,False,False,2,False,0.0,lowest_ordered_candidate_on_exact_tie
sensitivity,11,20,set_transformer,Set Transformer,1,False,"{""batch_size"":64,""d_model"":64,""dense_units"":[64,16],""dropout"":0.1,""expected_parameters"":157416,""ff_dim"":256,""frozen"":true,""implementation"":""neural_models.get_set_transformer"",""input_shape"":[22,10],""key_dim"":32,""learning_rate"":0.0003,""max_epochs"":50,""num_heads"":2,""num_layers"":3,""output_units"":80,""patience"":10,""pilot_source"":""results/sweep_5.csv"",""pooling"":""global_average""}",fe204fdf1e84832e477e9c76ffec174e32677e8d5a5f24b670abbf7a3b8c7db1,0.013838099526065836,42.05394361400977,1254038437,245332361.0,False,False,2,False,0.0,lowest_ordered_candidate_on_exact_tie
sensitivity,11,20,set_transformer,Set Transformer,2,False,"{""batch_size"":64,""d_model"":64,""dense_units"":[64,16],""dropout"":0.3,""expected_parameters"":157416,""ff_dim"":256,""frozen"":true,""implementation"":""neural_models.get_set_transformer"",""input_shape"":[22,10],""key_dim"":32,""learning_rate"":0.0003,""max_epochs"":50,""num_heads"":2,""num_layers"":3,""output_units"":80,""patience"":10,""pilot_source"":""results/sweep_5.csv"",""pooling"":""global_average""}",98491dd6370054dad3bab81748034d9978d93498b7569cee08e9b098dc1ba9e5,0.01363748633377958,43.376924090087414,1254038437,245332361.0,True,False,2,True,0.0,lowest_ordered_candidate_on_exact_tie
sensitivity,11,20,set_transformer,Set Transformer,3,False,"{""batch_size"":64,""d_model"":64,""dense_units"":[64,16],""dropout"":0.1,""expected_parameters"":157416,""ff_dim"":256,""frozen"":true,""implementation"":""neural_models.get_set_transformer"",""input_shape"":[22,10],""key_dim"":32,""learning_rate"":0.001,""max_epochs"":50,""num_heads"":2,""num_layers"":3,""output_units"":80,""patience"":10,""pilot_source"":""results/sweep_5.csv"",""pooling"":""global_average""}",6003534a6fb6f7c259ea7485f50597481535337902a4fc1efeb39ec80445d6d6,0.014052294036408395,36.01452631899156,1254038437,245332361.0,False,False,2,False,0.0,lowest_ordered_candidate_on_exact_tie
sensitivity,11,20,zoo_cnn,Zoo CNN,0,True,"{""batch_size"":64,""conv1d_filters"":[160,96,96],""conv2d_filters"":[128,160,128],""dense_units"":[96,256],""dropout"":0.3,""expected_parameters"":145584,""frozen"":true,""implementation"":""neural_models.get_conv_net"",""input_shape"":[11,10,10],""learning_rate"":0.001,""max_epochs"":50,""output_units"":80,""patience"":10,""pilot_source"":""original Zoo architecture and results/sweep_5.csv"",""pooling_weights"":{""average"":0.7,""max"":0.3}}",219344d288a1f6230782c6839c7a9758e13c3625ddae1b87e29779a206a56278,0.015840601158210486,15.39497611997649,1719507426,1543285316.0,True,True,0,True,0.0,lowest_ordered_candidate_on_exact_tie
sensitivity,11,20,zoo_cnn,Zoo CNN,1,False,"{""batch_size"":64,""conv1d_filters"":[160,96,96],""conv2d_filters"":[128,160,128],""dense_units"":[96,256],""dropout"":0.1,""expected_parameters"":145584,""frozen"":true,""implementation"":""neural_models.get_conv_net"",""input_shape"":[11,10,10],""learning_rate"":0.0003,""max_epochs"":50,""output_units"":80,""patience"":10,""pilot_source"":""original Zoo architecture and results/sweep_5.csv"",""pooling_weights"":{""average"":0.7,""max"":0.3}}",abbc846d863092760291bfa1d382563580835324df5f7f6ce46a6fbed3da8072,0.019277655209444942,12.679837834788486,1719507426,1543285316.0,False,True,0,False,0.0,lowest_ordered_candidate_on_exact_tie
sensitivity,11,20,zoo_cnn,Zoo CNN,2,False,"{""batch_size"":64,""conv1d_filters"":[160,96,96],""conv2d_filters"":[128,160,128],""dense_units"":[96,256],""dropout"":0.3,""expected_parameters"":145584,""frozen"":true,""implementation"":""neural_models.get_conv_net"",""input_shape"":[11,10,10],""learning_rate"":0.0003,""max_epochs"":50,""output_units"":80,""patience"":10,""pilot_source"":""original Zoo architecture and results/sweep_5.csv"",""pooling_weights"":{""average"":0.7,""max"":0.3}}",36cfcc45679e2e31725ccf0dedf1ff567692c99678381161175d0aef95c9aead,0.016144636471698937,20.85977041395381,1719507426,1543285316.0,False,True,0,False,0.0,lowest_ordered_candidate_on_exact_tie
sensitivity,11,20,zoo_cnn,Zoo CNN,3,False,"{""batch_size"":64,""conv1d_filters"":[160,96,96],""conv2d_filters"":[128,160,128],""dense_units"":[96,256],""dropout"":0.1,""expected_parameters"":145584,""frozen"":true,""implementation"":""neural_models.get_conv_net"",""input_shape"":[11,10,10],""learning_rate"":0.001,""max_epochs"":50,""output_units"":80,""patience"":10,""pilot_source"":""original Zoo architecture and results/sweep_5.csv"",""pooling_weights"":{""average"":0.7,""max"":0.3}}",0b22203ab4438c16191482ac13e31621a615cbaa6cf409114e6377f1bec3dc7b,0.017205407597910886,18.816977764014155,1719507426,1543285316.0,False,True,0,False,0.0,lowest_ordered_candidate_on_exact_tie
sensitivity,11,160,lightgbm_multiclass,LightGBM,0,True,"{""boosting_type"":""gbdt"",""colsample_bytree"":1.0,""frozen"":true,""implementation"":""lightgbm.LGBMClassifier"",""learning_rate"":0.05,""max_depth"":5,""min_child_samples"":50,""min_child_weight"":0.001,""min_split_gain"":0.0,""n_estimators"":200,""n_jobs"":1,""num_class"":80,""num_leaves"":31,""objective"":""multiclass"",""pilot_source"":""results/sweep_5_config.json"",""reg_alpha"":0.5,""reg_lambda"":0.5,""subsample"":1.0,""subsample_freq"":0}",5689446e19bdea1df411111e1e4b5cc50183c270622d0757b33c51d0a5938a1c,0.01351706851543938,14.805541436071508,309350983,,True,True,0,True,0.0,lowest_ordered_candidate_on_exact_tie
sensitivity,11,160,lightgbm_multiclass,LightGBM,1,False,"{""boosting_type"":""gbdt"",""colsample_bytree"":1.0,""frozen"":true,""implementation"":""lightgbm.LGBMClassifier"",""learning_rate"":0.05,""max_depth"":5,""min_child_samples"":20,""min_child_weight"":0.001,""min_split_gain"":0.0,""n_estimators"":200,""n_jobs"":1,""num_class"":80,""num_leaves"":31,""objective"":""multiclass"",""pilot_source"":""results/sweep_5_config.json"",""reg_alpha"":0.1,""reg_lambda"":0.1,""subsample"":1.0,""subsample_freq"":0}",cb116d2e0b5ef62830f7ca0d63c0d488226c533f44349af3605ff4acd0a2aebc,0.013778733359736879,16.086835970985703,309350983,,False,True,0,False,0.0,lowest_ordered_candidate_on_exact_tie
sensitivity,11,160,lightgbm_multiclass,LightGBM,2,False,"{""boosting_type"":""gbdt"",""colsample_bytree"":1.0,""frozen"":true,""implementation"":""lightgbm.LGBMClassifier"",""learning_rate"":0.05,""max_depth"":7,""min_child_samples"":20,""min_child_weight"":0.001,""min_split_gain"":0.0,""n_estimators"":200,""n_jobs"":1,""num_class"":80,""num_leaves"":31,""objective"":""multiclass"",""pilot_source"":""results/sweep_5_config.json"",""reg_alpha"":0.1,""reg_lambda"":0.1,""subsample"":1.0,""subsample_freq"":0}",cae2276bc5c6ec1a3d72ce53c46697dc247ba4430ea98e1f609b624c98c8365e,0.014060285362274251,20.97437791491393,309350983,,False,True,0,False,0.0,lowest_ordered_candidate_on_exact_tie
sensitivity,11,160,lightgbm_multiclass,LightGBM,3,False,"{""boosting_type"":""gbdt"",""colsample_bytree"":1.0,""frozen"":true,""implementation"":""lightgbm.LGBMClassifier"",""learning_rate"":0.1,""max_depth"":5,""min_child_samples"":20,""min_child_weight"":0.001,""min_split_gain"":0.0,""n_estimators"":200,""n_jobs"":1,""num_class"":80,""num_leaves"":31,""objective"":""multiclass"",""pilot_source"":""results/sweep_5_config.json"",""reg_alpha"":0.1,""reg_lambda"":0.1,""subsample"":1.0,""subsample_freq"":0}",c698b699f6c7cf18743346c4dd2691d8b650e657ec9a021d53142751ecc58407,0.014304862732239828,14.08315942902118,309350983,,False,True,0,False,0.0,lowest_ordered_candidate_on_exact_tie
sensitivity,11,160,ridge_sgd_l2,L2 one-vs-rest logistic,0,True,"{""alpha"":0.3333333333333333,""average"":false,""batch_size"":64,""epochs"":50,""eta0"":0.01,""fit_intercept"":true,""frozen"":true,""implementation"":""sklearn.linear_model.SGDClassifier"",""learning_rate"":""optimal"",""loss"":""log_loss"",""penalty"":""l2"",""pilot_source"":""results/sweep_5_config.json""}",851f14fb6b5ecda88baab0b92a7a36c949fdd0437766fc7d2433f329e2fde2f3,0.013997612187527719,70.10529946396127,869623955,,False,False,4,False,0.0,lowest_ordered_candidate_on_exact_tie
sensitivity,11,160,ridge_sgd_l2,L2 one-vs-rest logistic,1,False,"{""alpha"":10.0,""average"":false,""batch_size"":64,""epochs"":50,""eta0"":0.01,""fit_intercept"":true,""frozen"":true,""implementation"":""sklearn.linear_model.SGDClassifier"",""learning_rate"":""optimal"",""loss"":""log_loss"",""penalty"":""l2"",""pilot_source"":""results/sweep_5_config.json""}",dc2707c60c369df46e9b424fa8a1ebc5b23e4a351ced0c10e7e7dc66c6076d51,0.021152906952220742,70.00112095591612,869623955,,False,False,4,False,0.0,lowest_ordered_candidate_on_exact_tie
sensitivity,11,160,ridge_sgd_l2,L2 one-vs-rest logistic,2,False,"{""alpha"":3.3333333333333335,""average"":false,""batch_size"":64,""epochs"":50,""eta0"":0.01,""fit_intercept"":true,""frozen"":true,""implementation"":""sklearn.linear_model.SGDClassifier"",""learning_rate"":""optimal"",""loss"":""log_loss"",""penalty"":""l2"",""pilot_source"":""results/sweep_5_config.json""}",7aa5dba8ad015c8682db23cb59b805649b89895bc1121de465bef1e495573967,0.01652996542273178,69.99112040898763,869623955,,False,False,4,False,0.0,lowest_ordered_candidate_on_exact_tie
sensitivity,11,160,ridge_sgd_l2,L2 one-vs-rest logistic,3,False,"{""alpha"":1.0,""average"":false,""batch_size"":64,""epochs"":50,""eta0"":0.01,""fit_intercept"":true,""frozen"":true,""implementation"":""sklearn.linear_model.SGDClassifier"",""learning_rate"":""optimal"",""loss"":""log_loss"",""penalty"":""l2"",""pilot_source"":""results/sweep_5_config.json""}",f1028920c45a062ceb93b6bb97df161e827da764972699d89f7ccc787385a0de,0.014589049960484891,70.16646991297603,869623955,,False,False,4,False,0.0,lowest_ordered_candidate_on_exact_tie
sensitivity,11,160,ridge_sgd_l2,L2 one-vs-rest logistic,4,False,"{""alpha"":0.1,""average"":false,""batch_size"":64,""epochs"":50,""eta0"":0.01,""fit_intercept"":true,""frozen"":true,""implementation"":""sklearn.linear_model.SGDClassifier"",""learning_rate"":""optimal"",""loss"":""log_loss"",""penalty"":""l2"",""pilot_source"":""results/sweep_5_config.json""}",724a1fea14c056996c0474f9106b8177856f64794ebcc3fc1e458f6a8e12dc05,0.013673269682183393,70.09138056496158,869623955,,True,False,4,True,0.0,lowest_ordered_candidate_on_exact_tie
sensitivity,11,160,set_transformer,Set Transformer,0,True,"{""batch_size"":64,""d_model"":64,""dense_units"":[64,16],""dropout"":0.3,""expected_parameters"":157416,""ff_dim"":256,""frozen"":true,""implementation"":""neural_models.get_set_transformer"",""input_shape"":[22,10],""key_dim"":32,""learning_rate"":0.001,""max_epochs"":50,""num_heads"":2,""num_layers"":3,""output_units"":80,""patience"":10,""pilot_source"":""results/sweep_5.csv"",""pooling"":""global_average""}",6f4dec421d8ca8a60ca233da0707302c871aa8127caae786bc585c163e11c567,0.012723840482353775,190.09644835302606,51555997,1485467181.0,True,True,0,True,0.0,lowest_ordered_candidate_on_exact_tie
sensitivity,11,160,set_transformer,Set Transformer,1,False,"{""batch_size"":64,""d_model"":64,""dense_units"":[64,16],""dropout"":0.1,""expected_parameters"":157416,""ff_dim"":256,""frozen"":true,""implementation"":""neural_models.get_set_transformer"",""input_shape"":[22,10],""key_dim"":32,""learning_rate"":0.0003,""max_epochs"":50,""num_heads"":2,""num_layers"":3,""output_units"":80,""patience"":10,""pilot_source"":""results/sweep_5.csv"",""pooling"":""global_average""}",fe204fdf1e84832e477e9c76ffec174e32677e8d5a5f24b670abbf7a3b8c7db1,0.013055020275426578,156.468760574935,51555997,1485467181.0,False,True,0,False,0.0,lowest_ordered_candidate_on_exact_tie
sensitivity,11,160,set_transformer,Set Transformer,2,False,"{""batch_size"":64,""d_model"":64,""dense_units"":[64,16],""dropout"":0.3,""expected_parameters"":157416,""ff_dim"":256,""frozen"":true,""implementation"":""neural_models.get_set_transformer"",""input_shape"":[22,10],""key_dim"":32,""learning_rate"":0.0003,""max_epochs"":50,""num_heads"":2,""num_layers"":3,""output_units"":80,""patience"":10,""pilot_source"":""results/sweep_5.csv"",""pooling"":""global_average""}",98491dd6370054dad3bab81748034d9978d93498b7569cee08e9b098dc1ba9e5,0.012882036371991085,181.53942739008926,51555997,1485467181.0,False,True,0,False,0.0,lowest_ordered_candidate_on_exact_tie
sensitivity,11,160,set_transformer,Set Transformer,3,False,"{""batch_size"":64,""d_model"":64,""dense_units"":[64,16],""dropout"":0.1,""expected_parameters"":157416,""ff_dim"":256,""frozen"":true,""implementation"":""neural_models.get_set_transformer"",""input_shape"":[22,10],""key_dim"":32,""learning_rate"":0.001,""max_epochs"":50,""num_heads"":2,""num_layers"":3,""output_units"":80,""patience"":10,""pilot_source"":""results/sweep_5.csv"",""pooling"":""global_average""}",6003534a6fb6f7c259ea7485f50597481535337902a4fc1efeb39ec80445d6d6,0.012852296998023982,173.0583106041886,51555997,1485467181.0,False,True,0,False,0.0,lowest_ordered_candidate_on_exact_tie
sensitivity,11,160,zoo_cnn,Zoo CNN,0,True,"{""batch_size"":64,""conv1d_filters"":[160,96,96],""conv2d_filters"":[128,160,128],""dense_units"":[96,256],""dropout"":0.3,""expected_parameters"":145584,""frozen"":true,""implementation"":""neural_models.get_conv_net"",""input_shape"":[11,10,10],""learning_rate"":0.001,""max_epochs"":50,""output_units"":80,""patience"":10,""pilot_source"":""original Zoo architecture and results/sweep_5.csv"",""pooling_weights"":{""average"":0.7,""max"":0.3}}",219344d288a1f6230782c6839c7a9758e13c3625ddae1b87e29779a206a56278,0.013611898308164009,53.531282239127904,361381997,548957954.0,False,False,1,False,0.0,lowest_ordered_candidate_on_exact_tie
sensitivity,11,160,zoo_cnn,Zoo CNN,1,False,"{""batch_size"":64,""conv1d_filters"":[160,96,96],""conv2d_filters"":[128,160,128],""dense_units"":[96,256],""dropout"":0.1,""expected_parameters"":145584,""frozen"":true,""implementation"":""neural_models.get_conv_net"",""input_shape"":[11,10,10],""learning_rate"":0.0003,""max_epochs"":50,""output_units"":80,""patience"":10,""pilot_source"":""original Zoo architecture and results/sweep_5.csv"",""pooling_weights"":{""average"":0.7,""max"":0.3}}",abbc846d863092760291bfa1d382563580835324df5f7f6ce46a6fbed3da8072,0.01351467085093006,36.73978950991295,361381997,548957954.0,True,False,1,True,0.0,lowest_ordered_candidate_on_exact_tie
sensitivity,11,160,zoo_cnn,Zoo CNN,2,False,"{""batch_size"":64,""conv1d_filters"":[160,96,96],""conv2d_filters"":[128,160,128],""dense_units"":[96,256],""dropout"":0.3,""expected_parameters"":145584,""frozen"":true,""implementation"":""neural_models.get_conv_net"",""input_shape"":[11,10,10],""learning_rate"":0.0003,""max_epochs"":50,""output_units"":80,""patience"":10,""pilot_source"":""original Zoo architecture and results/sweep_5.csv"",""pooling_weights"":{""average"":0.7,""max"":0.3}}",36cfcc45679e2e31725ccf0dedf1ff567692c99678381161175d0aef95c9aead,0.01364922281829346,49.58238497306593,361381997,548957954.0,False,False,1,False,0.0,lowest_ordered_candidate_on_exact_tie
sensitivity,11,160,zoo_cnn,Zoo CNN,3,False,"{""batch_size"":64,""conv1d_filters"":[160,96,96],""conv2d_filters"":[128,160,128],""dense_units"":[96,256],""dropout"":0.1,""expected_parameters"":145584,""frozen"":true,""implementation"":""neural_models.get_conv_net"",""input_shape"":[11,10,10],""learning_rate"":0.001,""max_epochs"":50,""output_units"":80,""patience"":10,""pilot_source"":""original Zoo architecture and results/sweep_5.csv"",""pooling_weights"":{""average"":0.7,""max"":0.3}}",0b22203ab4438c16191482ac13e31621a615cbaa6cf409114e6377f1bec3dc7b,0.013784702671760615,39.35043892590329,361381997,548957954.0,False,False,1,False,0.0,lowest_ordered_candidate_on_exact_tie
sensitivity,11,360,lightgbm_multiclass,LightGBM,0,True,"{""boosting_type"":""gbdt"",""colsample_bytree"":1.0,""frozen"":true,""implementation"":""lightgbm.LGBMClassifier"",""learning_rate"":0.05,""max_depth"":5,""min_child_samples"":50,""min_child_weight"":0.001,""min_split_gain"":0.0,""n_estimators"":200,""n_jobs"":1,""num_class"":80,""num_leaves"":31,""objective"":""multiclass"",""pilot_source"":""results/sweep_5_config.json"",""reg_alpha"":0.5,""reg_lambda"":0.5,""subsample"":1.0,""subsample_freq"":0}",5689446e19bdea1df411111e1e4b5cc50183c270622d0757b33c51d0a5938a1c,0.01314485332426673,26.087191686034203,30737523,,True,True,0,True,0.0,lowest_ordered_candidate_on_exact_tie
sensitivity,11,360,lightgbm_multiclass,LightGBM,1,False,"{""boosting_type"":""gbdt"",""colsample_bytree"":1.0,""frozen"":true,""implementation"":""lightgbm.LGBMClassifier"",""learning_rate"":0.05,""max_depth"":5,""min_child_samples"":20,""min_child_weight"":0.001,""min_split_gain"":0.0,""n_estimators"":200,""n_jobs"":1,""num_class"":80,""num_leaves"":31,""objective"":""multiclass"",""pilot_source"":""results/sweep_5_config.json"",""reg_alpha"":0.1,""reg_lambda"":0.1,""subsample"":1.0,""subsample_freq"":0}",cb116d2e0b5ef62830f7ca0d63c0d488226c533f44349af3605ff4acd0a2aebc,0.013295361118369181,27.206741273985244,30737523,,False,True,0,False,0.0,lowest_ordered_candidate_on_exact_tie
sensitivity,11,360,lightgbm_multiclass,LightGBM,2,False,"{""boosting_type"":""gbdt"",""colsample_bytree"":1.0,""frozen"":true,""implementation"":""lightgbm.LGBMClassifier"",""learning_rate"":0.05,""max_depth"":7,""min_child_samples"":20,""min_child_weight"":0.001,""min_split_gain"":0.0,""n_estimators"":200,""n_jobs"":1,""num_class"":80,""num_leaves"":31,""objective"":""multiclass"",""pilot_source"":""results/sweep_5_config.json"",""reg_alpha"":0.1,""reg_lambda"":0.1,""subsample"":1.0,""subsample_freq"":0}",cae2276bc5c6ec1a3d72ce53c46697dc247ba4430ea98e1f609b624c98c8365e,0.013497377222950089,34.781129914103076,30737523,,False,True,0,False,0.0,lowest_ordered_candidate_on_exact_tie
sensitivity,11,360,lightgbm_multiclass,LightGBM,3,False,"{""boosting_type"":""gbdt"",""colsample_bytree"":1.0,""frozen"":true,""implementation"":""lightgbm.LGBMClassifier"",""learning_rate"":0.1,""max_depth"":5,""min_child_samples"":20,""min_child_weight"":0.001,""min_split_gain"":0.0,""n_estimators"":200,""n_jobs"":1,""num_class"":80,""num_leaves"":31,""objective"":""multiclass"",""pilot_source"":""results/sweep_5_config.json"",""reg_alpha"":0.1,""reg_lambda"":0.1,""subsample"":1.0,""subsample_freq"":0}",c698b699f6c7cf18743346c4dd2691d8b650e657ec9a021d53142751ecc58407,0.013718746900041295,24.57257927604951,30737523,,False,True,0,False,0.0,lowest_ordered_candidate_on_exact_tie
sensitivity,11,360,ridge_sgd_l2,L2 one-vs-rest logistic,0,True,"{""alpha"":0.3333333333333333,""average"":false,""batch_size"":64,""epochs"":50,""eta0"":0.01,""fit_intercept"":true,""frozen"":true,""implementation"":""sklearn.linear_model.SGDClassifier"",""learning_rate"":""optimal"",""loss"":""log_loss"",""penalty"":""l2"",""pilot_source"":""results/sweep_5_config.json""}",851f14fb6b5ecda88baab0b92a7a36c949fdd0437766fc7d2433f329e2fde2f3,0.013941013823033218,157.9103904160438,2006876992,,False,False,4,False,0.0,lowest_ordered_candidate_on_exact_tie
sensitivity,11,360,ridge_sgd_l2,L2 one-vs-rest logistic,1,False,"{""alpha"":10.0,""average"":false,""batch_size"":64,""epochs"":50,""eta0"":0.01,""fit_intercept"":true,""frozen"":true,""implementation"":""sklearn.linear_model.SGDClassifier"",""learning_rate"":""optimal"",""loss"":""log_loss"",""penalty"":""l2"",""pilot_source"":""results/sweep_5_config.json""}",dc2707c60c369df46e9b424fa8a1ebc5b23e4a351ced0c10e7e7dc66c6076d51,0.02105204823653767,157.46938259794842,2006876992,,False,False,4,False,0.0,lowest_ordered_candidate_on_exact_tie
sensitivity,11,360,ridge_sgd_l2,L2 one-vs-rest logistic,2,False,"{""alpha"":3.3333333333333335,""average"":false,""batch_size"":64,""epochs"":50,""eta0"":0.01,""fit_intercept"":true,""frozen"":true,""implementation"":""sklearn.linear_model.SGDClassifier"",""learning_rate"":""optimal"",""loss"":""log_loss"",""penalty"":""l2"",""pilot_source"":""results/sweep_5_config.json""}",7aa5dba8ad015c8682db23cb59b805649b89895bc1121de465bef1e495573967,0.01643226970854183,157.40424870990682,2006876992,,False,False,4,False,0.0,lowest_ordered_candidate_on_exact_tie
sensitivity,11,360,ridge_sgd_l2,L2 one-vs-rest logistic,3,False,"{""alpha"":1.0,""average"":false,""batch_size"":64,""epochs"":50,""eta0"":0.01,""fit_intercept"":true,""frozen"":true,""implementation"":""sklearn.linear_model.SGDClassifier"",""learning_rate"":""optimal"",""loss"":""log_loss"",""penalty"":""l2"",""pilot_source"":""results/sweep_5_config.json""}",f1028920c45a062ceb93b6bb97df161e827da764972699d89f7ccc787385a0de,0.014511879396361203,157.58235599996988,2006876992,,False,False,4,False,0.0,lowest_ordered_candidate_on_exact_tie
sensitivity,11,360,ridge_sgd_l2,L2 one-vs-rest logistic,4,False,"{""alpha"":0.1,""average"":false,""batch_size"":64,""epochs"":50,""eta0"":0.01,""fit_intercept"":true,""frozen"":true,""implementation"":""sklearn.linear_model.SGDClassifier"",""learning_rate"":""optimal"",""loss"":""log_loss"",""penalty"":""l2"",""pilot_source"":""results/sweep_5_config.json""}",724a1fea14c056996c0474f9106b8177856f64794ebcc3fc1e458f6a8e12dc05,0.013616851966346263,157.09216654999182,2006876992,,True,False,4,True,0.0,lowest_ordered_candidate_on_exact_tie
sensitivity,11,360,set_transformer,Set Transformer,0,True,"{""batch_size"":64,""d_model"":64,""dense_units"":[64,16],""dropout"":0.3,""expected_parameters"":157416,""ff_dim"":256,""frozen"":true,""implementation"":""neural_models.get_set_transformer"",""input_shape"":[22,10],""key_dim"":32,""learning_rate"":0.001,""max_epochs"":50,""num_heads"":2,""num_layers"":3,""output_units"":80,""patience"":10,""pilot_source"":""results/sweep_5.csv"",""pooling"":""global_average""}",6f4dec421d8ca8a60ca233da0707302c871aa8127caae786bc585c163e11c567,0.012454457538816063,375.8347076361533,1895357000,2088741326.0,False,False,2,False,0.0,lowest_ordered_candidate_on_exact_tie
sensitivity,11,360,set_transformer,Set Transformer,1,False,"{""batch_size"":64,""d_model"":64,""dense_units"":[64,16],""dropout"":0.1,""expected_parameters"":157416,""ff_dim"":256,""frozen"":true,""implementation"":""neural_models.get_set_transformer"",""input_shape"":[22,10],""key_dim"":32,""learning_rate"":0.0003,""max_epochs"":50,""num_heads"":2,""num_layers"":3,""output_units"":80,""patience"":10,""pilot_source"":""results/sweep_5.csv"",""pooling"":""global_average""}",fe204fdf1e84832e477e9c76ffec174e32677e8d5a5f24b670abbf7a3b8c7db1,0.012282783445563841,261.53689424088225,1895357000,2088741326.0,False,False,2,False,0.0,lowest_ordered_candidate_on_exact_tie
sensitivity,11,360,set_transformer,Set Transformer,2,False,"{""batch_size"":64,""d_model"":64,""dense_units"":[64,16],""dropout"":0.3,""expected_parameters"":157416,""ff_dim"":256,""frozen"":true,""implementation"":""neural_models.get_set_transformer"",""input_shape"":[22,10],""key_dim"":32,""learning_rate"":0.0003,""max_epochs"":50,""num_heads"":2,""num_layers"":3,""output_units"":80,""patience"":10,""pilot_source"":""results/sweep_5.csv"",""pooling"":""global_average""}",98491dd6370054dad3bab81748034d9978d93498b7569cee08e9b098dc1ba9e5,0.012196916663159293,388.85695086279884,1895357000,2088741326.0,True,False,2,True,0.0,lowest_ordered_candidate_on_exact_tie
sensitivity,11,360,set_transformer,Set Transformer,3,False,"{""batch_size"":64,""d_model"":64,""dense_units"":[64,16],""dropout"":0.1,""expected_parameters"":157416,""ff_dim"":256,""frozen"":true,""implementation"":""neural_models.get_set_transformer"",""input_shape"":[22,10],""key_dim"":32,""learning_rate"":0.001,""max_epochs"":50,""num_heads"":2,""num_layers"":3,""output_units"":80,""patience"":10,""pilot_source"":""results/sweep_5.csv"",""pooling"":""global_average""}",6003534a6fb6f7c259ea7485f50597481535337902a4fc1efeb39ec80445d6d6,0.012446947076529113,278.1347642838955,1895357000,2088741326.0,False,False,2,False,0.0,lowest_ordered_candidate_on_exact_tie
sensitivity,11,360,zoo_cnn,Zoo CNN,0,True,"{""batch_size"":64,""conv1d_filters"":[160,96,96],""conv2d_filters"":[128,160,128],""dense_units"":[96,256],""dropout"":0.3,""expected_parameters"":145584,""frozen"":true,""implementation"":""neural_models.get_conv_net"",""input_shape"":[11,10,10],""learning_rate"":0.001,""max_epochs"":50,""output_units"":80,""patience"":10,""pilot_source"":""original Zoo architecture and results/sweep_5.csv"",""pooling_weights"":{""average"":0.7,""max"":0.3}}",219344d288a1f6230782c6839c7a9758e13c3625ddae1b87e29779a206a56278,0.012433227938508744,84.4547496100422,651820775,1321641060.0,True,True,0,True,0.0,lowest_ordered_candidate_on_exact_tie
sensitivity,11,360,zoo_cnn,Zoo CNN,1,False,"{""batch_size"":64,""conv1d_filters"":[160,96,96],""conv2d_filters"":[128,160,128],""dense_units"":[96,256],""dropout"":0.1,""expected_parameters"":145584,""frozen"":true,""implementation"":""neural_models.get_conv_net"",""input_shape"":[11,10,10],""learning_rate"":0.0003,""max_epochs"":50,""output_units"":80,""patience"":10,""pilot_source"":""original Zoo architecture and results/sweep_5.csv"",""pooling_weights"":{""average"":0.7,""max"":0.3}}",abbc846d863092760291bfa1d382563580835324df5f7f6ce46a6fbed3da8072,0.013008945190020738,93.94227551994845,651820775,1321641060.0,False,True,0,False,0.0,lowest_ordered_candidate_on_exact_tie
sensitivity,11,360,zoo_cnn,Zoo CNN,2,False,"{""batch_size"":64,""conv1d_filters"":[160,96,96],""conv2d_filters"":[128,160,128],""dense_units"":[96,256],""dropout"":0.3,""expected_parameters"":145584,""frozen"":true,""implementation"":""neural_models.get_conv_net"",""input_shape"":[11,10,10],""learning_rate"":0.0003,""max_epochs"":50,""output_units"":80,""patience"":10,""pilot_source"":""original Zoo architecture and results/sweep_5.csv"",""pooling_weights"":{""average"":0.7,""max"":0.3}}",36cfcc45679e2e31725ccf0dedf1ff567692c99678381161175d0aef95c9aead,0.012824968064871219,116.08901679189876,651820775,1321641060.0,False,True,0,False,0.0,lowest_ordered_candidate_on_exact_tie
sensitivity,11,360,zoo_cnn,Zoo CNN,3,False,"{""batch_size"":64,""conv1d_filters"":[160,96,96],""conv2d_filters"":[128,160,128],""dense_units"":[96,256],""dropout"":0.1,""expected_parameters"":145584,""frozen"":true,""implementation"":""neural_models.get_conv_net"",""input_shape"":[11,10,10],""learning_rate"":0.001,""max_epochs"":50,""output_units"":80,""patience"":10,""pilot_source"":""original Zoo architecture and results/sweep_5.csv"",""pooling_weights"":{""average"":0.7,""max"":0.3}}",0b22203ab4438c16191482ac13e31621a615cbaa6cf409114e6377f1bec3dc7b,0.01283071611219887,113.28042593318969,651820775,1321641060.0,False,True,0,False,0.0,lowest_ordered_candidate_on_exact_tie
sensitivity,12,20,lightgbm_multiclass,LightGBM,0,True,"{""boosting_type"":""gbdt"",""colsample_bytree"":1.0,""frozen"":true,""implementation"":""lightgbm.LGBMClassifier"",""learning_rate"":0.05,""max_depth"":5,""min_child_samples"":50,""min_child_weight"":0.001,""min_split_gain"":0.0,""n_estimators"":200,""n_jobs"":1,""num_class"":80,""num_leaves"":31,""objective"":""multiclass"",""pilot_source"":""results/sweep_5_config.json"",""reg_alpha"":0.5,""reg_lambda"":0.5,""subsample"":1.0,""subsample_freq"":0}",5689446e19bdea1df411111e1e4b5cc50183c270622d0757b33c51d0a5938a1c,0.01402579822493805,3.398662740015425,1920287397,,True,True,0,True,0.0,lowest_ordered_candidate_on_exact_tie
sensitivity,12,20,lightgbm_multiclass,LightGBM,1,False,"{""boosting_type"":""gbdt"",""colsample_bytree"":1.0,""frozen"":true,""implementation"":""lightgbm.LGBMClassifier"",""learning_rate"":0.05,""max_depth"":5,""min_child_samples"":20,""min_child_weight"":0.001,""min_split_gain"":0.0,""n_estimators"":200,""n_jobs"":1,""num_class"":80,""num_leaves"":31,""objective"":""multiclass"",""pilot_source"":""results/sweep_5_config.json"",""reg_alpha"":0.1,""reg_lambda"":0.1,""subsample"":1.0,""subsample_freq"":0}",cb116d2e0b5ef62830f7ca0d63c0d488226c533f44349af3605ff4acd0a2aebc,0.01468974822543877,4.302440467989072,1920287397,,False,True,0,False,0.0,lowest_ordered_candidate_on_exact_tie
sensitivity,12,20,lightgbm_multiclass,LightGBM,2,False,"{""boosting_type"":""gbdt"",""colsample_bytree"":1.0,""frozen"":true,""implementation"":""lightgbm.LGBMClassifier"",""learning_rate"":0.05,""max_depth"":7,""min_child_samples"":20,""min_child_weight"":0.001,""min_split_gain"":0.0,""n_estimators"":200,""n_jobs"":1,""num_class"":80,""num_leaves"":31,""objective"":""multiclass"",""pilot_source"":""results/sweep_5_config.json"",""reg_alpha"":0.1,""reg_lambda"":0.1,""subsample"":1.0,""subsample_freq"":0}",cae2276bc5c6ec1a3d72ce53c46697dc247ba4430ea98e1f609b624c98c8365e,0.014522912601769453,4.729742342955433,1920287397,,False,True,0,False,0.0,lowest_ordered_candidate_on_exact_tie
sensitivity,12,20,lightgbm_multiclass,LightGBM,3,False,"{""boosting_type"":""gbdt"",""colsample_bytree"":1.0,""frozen"":true,""implementation"":""lightgbm.LGBMClassifier"",""learning_rate"":0.1,""max_depth"":5,""min_child_samples"":20,""min_child_weight"":0.001,""min_split_gain"":0.0,""n_estimators"":200,""n_jobs"":1,""num_class"":80,""num_leaves"":31,""objective"":""multiclass"",""pilot_source"":""results/sweep_5_config.json"",""reg_alpha"":0.1,""reg_lambda"":0.1,""subsample"":1.0,""subsample_freq"":0}",c698b699f6c7cf18743346c4dd2691d8b650e657ec9a021d53142751ecc58407,0.0148663219138656,2.953223773976788,1920287397,,False,True,0,False,0.0,lowest_ordered_candidate_on_exact_tie
sensitivity,12,20,ridge_sgd_l2,L2 one-vs-rest logistic,0,True,"{""alpha"":0.3333333333333333,""average"":false,""batch_size"":64,""epochs"":50,""eta0"":0.01,""fit_intercept"":true,""frozen"":true,""implementation"":""sklearn.linear_model.SGDClassifier"",""learning_rate"":""optimal"",""loss"":""log_loss"",""penalty"":""l2"",""pilot_source"":""results/sweep_5_config.json""}",851f14fb6b5ecda88baab0b92a7a36c949fdd0437766fc7d2433f329e2fde2f3,0.014215860963788803,9.447856395039707,1581402873,,False,False,4,False,0.0,lowest_ordered_candidate_on_exact_tie
sensitivity,12,20,ridge_sgd_l2,L2 one-vs-rest logistic,1,False,"{""alpha"":10.0,""average"":false,""batch_size"":64,""epochs"":50,""eta0"":0.01,""fit_intercept"":true,""frozen"":true,""implementation"":""sklearn.linear_model.SGDClassifier"",""learning_rate"":""optimal"",""loss"":""log_loss"",""penalty"":""l2"",""pilot_source"":""results/sweep_5_config.json""}",dc2707c60c369df46e9b424fa8a1ebc5b23e4a351ced0c10e7e7dc66c6076d51,0.02132525823155193,9.573112836922519,1581402873,,False,False,4,False,0.0,lowest_ordered_candidate_on_exact_tie
sensitivity,12,20,ridge_sgd_l2,L2 one-vs-rest logistic,2,False,"{""alpha"":3.3333333333333335,""average"":false,""batch_size"":64,""epochs"":50,""eta0"":0.01,""fit_intercept"":true,""frozen"":true,""implementation"":""sklearn.linear_model.SGDClassifier"",""learning_rate"":""optimal"",""loss"":""log_loss"",""penalty"":""l2"",""pilot_source"":""results/sweep_5_config.json""}",7aa5dba8ad015c8682db23cb59b805649b89895bc1121de465bef1e495573967,0.016728193396526116,9.287931590923108,1581402873,,False,False,4,False,0.0,lowest_ordered_candidate_on_exact_tie
sensitivity,12,20,ridge_sgd_l2,L2 one-vs-rest logistic,3,False,"{""alpha"":1.0,""average"":false,""batch_size"":64,""epochs"":50,""eta0"":0.01,""fit_intercept"":true,""frozen"":true,""implementation"":""sklearn.linear_model.SGDClassifier"",""learning_rate"":""optimal"",""loss"":""log_loss"",""penalty"":""l2"",""pilot_source"":""results/sweep_5_config.json""}",f1028920c45a062ceb93b6bb97df161e827da764972699d89f7ccc787385a0de,0.014772812658485552,9.374423297005706,1581402873,,False,False,4,False,0.0,lowest_ordered_candidate_on_exact_tie
sensitivity,12,20,ridge_sgd_l2,L2 one-vs-rest logistic,4,False,"{""alpha"":0.1,""average"":false,""batch_size"":64,""epochs"":50,""eta0"":0.01,""fit_intercept"":true,""frozen"":true,""implementation"":""sklearn.linear_model.SGDClassifier"",""learning_rate"":""optimal"",""loss"":""log_loss"",""penalty"":""l2"",""pilot_source"":""results/sweep_5_config.json""}",724a1fea14c056996c0474f9106b8177856f64794ebcc3fc1e458f6a8e12dc05,0.014030061045815452,9.307532645063475,1581402873,,True,False,4,True,0.0,lowest_ordered_candidate_on_exact_tie
sensitivity,12,20,set_transformer,Set Transformer,0,True,"{""batch_size"":64,""d_model"":64,""dense_units"":[64,16],""dropout"":0.3,""expected_parameters"":157416,""ff_dim"":256,""frozen"":true,""implementation"":""neural_models.get_set_transformer"",""input_shape"":[22,10],""key_dim"":32,""learning_rate"":0.001,""max_epochs"":50,""num_heads"":2,""num_layers"":3,""output_units"":80,""patience"":10,""pilot_source"":""results/sweep_5.csv"",""pooling"":""global_average""}",6f4dec421d8ca8a60ca233da0707302c871aa8127caae786bc585c163e11c567,0.014021810195358081,37.47545299585909,446848482,684159609.0,False,False,2,False,0.0,lowest_ordered_candidate_on_exact_tie
sensitivity,12,20,set_transformer,Set Transformer,1,False,"{""batch_size"":64,""d_model"":64,""dense_units"":[64,16],""dropout"":0.1,""expected_parameters"":157416,""ff_dim"":256,""frozen"":true,""implementation"":""neural_models.get_set_transformer"",""input_shape"":[22,10],""key_dim"":32,""learning_rate"":0.0003,""max_epochs"":50,""num_heads"":2,""num_layers"":3,""output_units"":80,""patience"":10,""pilot_source"":""results/sweep_5.csv"",""pooling"":""global_average""}",fe204fdf1e84832e477e9c76ffec174e32677e8d5a5f24b670abbf7a3b8c7db1,0.01397886361664526,37.21499945805408,446848482,684159609.0,False,False,2,False,0.0,lowest_ordered_candidate_on_exact_tie
sensitivity,12,20,set_transformer,Set Transformer,2,False,"{""batch_size"":64,""d_model"":64,""dense_units"":[64,16],""dropout"":0.3,""expected_parameters"":157416,""ff_dim"":256,""frozen"":true,""implementation"":""neural_models.get_set_transformer"",""input_shape"":[22,10],""key_dim"":32,""learning_rate"":0.0003,""max_epochs"":50,""num_heads"":2,""num_layers"":3,""output_units"":80,""patience"":10,""pilot_source"":""results/sweep_5.csv"",""pooling"":""global_average""}",98491dd6370054dad3bab81748034d9978d93498b7569cee08e9b098dc1ba9e5,0.013879481052039217,33.44109324296005,446848482,684159609.0,True,False,2,True,0.0,lowest_ordered_candidate_on_exact_tie
sensitivity,12,20,set_transformer,Set Transformer,3,False,"{""batch_size"":64,""d_model"":64,""dense_units"":[64,16],""dropout"":0.1,""expected_parameters"":157416,""ff_dim"":256,""frozen"":true,""implementation"":""neural_models.get_set_transformer"",""input_shape"":[22,10],""key_dim"":32,""learning_rate"":0.001,""max_epochs"":50,""num_heads"":2,""num_layers"":3,""output_units"":80,""patience"":10,""pilot_source"":""results/sweep_5.csv"",""pooling"":""global_average""}",6003534a6fb6f7c259ea7485f50597481535337902a4fc1efeb39ec80445d6d6,0.014208164990022105,28.017013968899846,446848482,684159609.0,False,False,2,False,0.0,lowest_ordered_candidate_on_exact_tie
sensitivity,12,20,zoo_cnn,Zoo CNN,0,True,"{""batch_size"":64,""conv1d_filters"":[160,96,96],""conv2d_filters"":[128,160,128],""dense_units"":[96,256],""dropout"":0.3,""expected_parameters"":145584,""frozen"":true,""implementation"":""neural_models.get_conv_net"",""input_shape"":[11,10,10],""learning_rate"":0.001,""max_epochs"":50,""output_units"":80,""patience"":10,""pilot_source"":""original Zoo architecture and results/sweep_5.csv"",""pooling_weights"":{""average"":0.7,""max"":0.3}}",219344d288a1f6230782c6839c7a9758e13c3625ddae1b87e29779a206a56278,0.01609059243319368,19.250089601846412,1535492633,2123142988.0,False,False,3,False,0.0,lowest_ordered_candidate_on_exact_tie
sensitivity,12,20,zoo_cnn,Zoo CNN,1,False,"{""batch_size"":64,""conv1d_filters"":[160,96,96],""conv2d_filters"":[128,160,128],""dense_units"":[96,256],""dropout"":0.1,""expected_parameters"":145584,""frozen"":true,""implementation"":""neural_models.get_conv_net"",""input_shape"":[11,10,10],""learning_rate"":0.0003,""max_epochs"":50,""output_units"":80,""patience"":10,""pilot_source"":""original Zoo architecture and results/sweep_5.csv"",""pooling_weights"":{""average"":0.7,""max"":0.3}}",abbc846d863092760291bfa1d382563580835324df5f7f6ce46a6fbed3da8072,0.019493144911288143,9.623115261085331,1535492633,2123142988.0,False,False,3,False,0.0,lowest_ordered_candidate_on_exact_tie
sensitivity,12,20,zoo_cnn,Zoo CNN,2,False,"{""batch_size"":64,""conv1d_filters"":[160,96,96],""conv2d_filters"":[128,160,128],""dense_units"":[96,256],""dropout"":0.3,""expected_parameters"":145584,""frozen"":true,""implementation"":""neural_models.get_conv_net"",""input_shape"":[11,10,10],""learning_rate"":0.0003,""max_epochs"":50,""output_units"":80,""patience"":10,""pilot_source"":""original Zoo architecture and results/sweep_5.csv"",""pooling_weights"":{""average"":0.7,""max"":0.3}}",36cfcc45679e2e31725ccf0dedf1ff567692c99678381161175d0aef95c9aead,0.022961739106826876,10.702070319792256,1535492633,2123142988.0,False,False,3,False,0.0,lowest_ordered_candidate_on_exact_tie
sensitivity,12,20,zoo_cnn,Zoo CNN,3,False,"{""batch_size"":64,""conv1d_filters"":[160,96,96],""conv2d_filters"":[128,160,128],""dense_units"":[96,256],""dropout"":0.1,""expected_parameters"":145584,""frozen"":true,""implementation"":""neural_models.get_conv_net"",""input_shape"":[11,10,10],""learning_rate"":0.001,""max_epochs"":50,""output_units"":80,""patience"":10,""pilot_source"":""original Zoo architecture and results/sweep_5.csv"",""pooling_weights"":{""average"":0.7,""max"":0.3}}",0b22203ab4438c16191482ac13e31621a615cbaa6cf409114e6377f1bec3dc7b,0.01603354329415387,16.495625535957515,1535492633,2123142988.0,True,False,3,True,0.0,lowest_ordered_candidate_on_exact_tie
sensitivity,12,160,lightgbm_multiclass,LightGBM,0,True,"{""boosting_type"":""gbdt"",""colsample_bytree"":1.0,""frozen"":true,""implementation"":""lightgbm.LGBMClassifier"",""learning_rate"":0.05,""max_depth"":5,""min_child_samples"":50,""min_child_weight"":0.001,""min_split_gain"":0.0,""n_estimators"":200,""n_jobs"":1,""num_class"":80,""num_leaves"":31,""objective"":""multiclass"",""pilot_source"":""results/sweep_5_config.json"",""reg_alpha"":0.5,""reg_lambda"":0.5,""subsample"":1.0,""subsample_freq"":0}",5689446e19bdea1df411111e1e4b5cc50183c270622d0757b33c51d0a5938a1c,0.013493582333019368,14.51608416903764,401427939,,True,True,0,True,0.0,lowest_ordered_candidate_on_exact_tie
sensitivity,12,160,lightgbm_multiclass,LightGBM,1,False,"{""boosting_type"":""gbdt"",""colsample_bytree"":1.0,""frozen"":true,""implementation"":""lightgbm.LGBMClassifier"",""learning_rate"":0.05,""max_depth"":5,""min_child_samples"":20,""min_child_weight"":0.001,""min_split_gain"":0.0,""n_estimators"":200,""n_jobs"":1,""num_class"":80,""num_leaves"":31,""objective"":""multiclass"",""pilot_source"":""results/sweep_5_config.json"",""reg_alpha"":0.1,""reg_lambda"":0.1,""subsample"":1.0,""subsample_freq"":0}",cb116d2e0b5ef62830f7ca0d63c0d488226c533f44349af3605ff4acd0a2aebc,0.013724414975956223,15.740543100982904,401427939,,False,True,0,False,0.0,lowest_ordered_candidate_on_exact_tie
sensitivity,12,160,lightgbm_multiclass,LightGBM,2,False,"{""boosting_type"":""gbdt"",""colsample_bytree"":1.0,""frozen"":true,""implementation"":""lightgbm.LGBMClassifier"",""learning_rate"":0.05,""max_depth"":7,""min_child_samples"":20,""min_child_weight"":0.001,""min_split_gain"":0.0,""n_estimators"":200,""n_jobs"":1,""num_class"":80,""num_leaves"":31,""objective"":""multiclass"",""pilot_source"":""results/sweep_5_config.json"",""reg_alpha"":0.1,""reg_lambda"":0.1,""subsample"":1.0,""subsample_freq"":0}",cae2276bc5c6ec1a3d72ce53c46697dc247ba4430ea98e1f609b624c98c8365e,0.014030197662791026,20.736088896985166,401427939,,False,True,0,False,0.0,lowest_ordered_candidate_on_exact_tie
sensitivity,12,160,lightgbm_multiclass,LightGBM,3,False,"{""boosting_type"":""gbdt"",""colsample_bytree"":1.0,""frozen"":true,""implementation"":""lightgbm.LGBMClassifier"",""learning_rate"":0.1,""max_depth"":5,""min_child_samples"":20,""min_child_weight"":0.001,""min_split_gain"":0.0,""n_estimators"":200,""n_jobs"":1,""num_class"":80,""num_leaves"":31,""objective"":""multiclass"",""pilot_source"":""results/sweep_5_config.json"",""reg_alpha"":0.1,""reg_lambda"":0.1,""subsample"":1.0,""subsample_freq"":0}",c698b699f6c7cf18743346c4dd2691d8b650e657ec9a021d53142751ecc58407,0.014247870933457167,14.058601398952305,401427939,,False,True,0,False,0.0,lowest_ordered_candidate_on_exact_tie
sensitivity,12,160,ridge_sgd_l2,L2 one-vs-rest logistic,0,True,"{""alpha"":0.3333333333333333,""average"":false,""batch_size"":64,""epochs"":50,""eta0"":0.01,""fit_intercept"":true,""frozen"":true,""implementation"":""sklearn.linear_model.SGDClassifier"",""learning_rate"":""optimal"",""loss"":""log_loss"",""penalty"":""l2"",""pilot_source"":""results/sweep_5_config.json""}",851f14fb6b5ecda88baab0b92a7a36c949fdd0437766fc7d2433f329e2fde2f3,0.01416218458826529,71.10578796896152,382128957,,False,False,4,False,0.0,lowest_ordered_candidate_on_exact_tie
sensitivity,12,160,ridge_sgd_l2,L2 one-vs-rest logistic,1,False,"{""alpha"":10.0,""average"":false,""batch_size"":64,""epochs"":50,""eta0"":0.01,""fit_intercept"":true,""frozen"":true,""implementation"":""sklearn.linear_model.SGDClassifier"",""learning_rate"":""optimal"",""loss"":""log_loss"",""penalty"":""l2"",""pilot_source"":""results/sweep_5_config.json""}",dc2707c60c369df46e9b424fa8a1ebc5b23e4a351ced0c10e7e7dc66c6076d51,0.0213671976342421,71.13993353093974,382128957,,False,False,4,False,0.0,lowest_ordered_candidate_on_exact_tie
sensitivity,12,160,ridge_sgd_l2,L2 one-vs-rest logistic,2,False,"{""alpha"":3.3333333333333335,""average"":false,""batch_size"":64,""epochs"":50,""eta0"":0.01,""fit_intercept"":true,""frozen"":true,""implementation"":""sklearn.linear_model.SGDClassifier"",""learning_rate"":""optimal"",""loss"":""log_loss"",""penalty"":""l2"",""pilot_source"":""results/sweep_5_config.json""}",7aa5dba8ad015c8682db23cb59b805649b89895bc1121de465bef1e495573967,0.016760578700823543,71.40725647099316,382128957,,False,False,4,False,0.0,lowest_ordered_candidate_on_exact_tie
sensitivity,12,160,ridge_sgd_l2,L2 one-vs-rest logistic,3,False,"{""alpha"":1.0,""average"":false,""batch_size"":64,""epochs"":50,""eta0"":0.01,""fit_intercept"":true,""frozen"":true,""implementation"":""sklearn.linear_model.SGDClassifier"",""learning_rate"":""optimal"",""loss"":""log_loss"",""penalty"":""l2"",""pilot_source"":""results/sweep_5_config.json""}",f1028920c45a062ceb93b6bb97df161e827da764972699d89f7ccc787385a0de,0.0147930743094755,71.20363315602299,382128957,,False,False,4,False,0.0,lowest_ordered_candidate_on_exact_tie
sensitivity,12,160,ridge_sgd_l2,L2 one-vs-rest logistic,4,False,"{""alpha"":0.1,""average"":false,""batch_size"":64,""epochs"":50,""eta0"":0.01,""fit_intercept"":true,""frozen"":true,""implementation"":""sklearn.linear_model.SGDClassifier"",""learning_rate"":""optimal"",""loss"":""log_loss"",""penalty"":""l2"",""pilot_source"":""results/sweep_5_config.json""}",724a1fea14c056996c0474f9106b8177856f64794ebcc3fc1e458f6a8e12dc05,0.01380672561692963,71.18350773199927,382128957,,True,False,4,True,0.0,lowest_ordered_candidate_on_exact_tie
sensitivity,12,160,set_transformer,Set Transformer,0,True,"{""batch_size"":64,""d_model"":64,""dense_units"":[64,16],""dropout"":0.3,""expected_parameters"":157416,""ff_dim"":256,""frozen"":true,""implementation"":""neural_models.get_set_transformer"",""input_shape"":[22,10],""key_dim"":32,""learning_rate"":0.001,""max_epochs"":50,""num_heads"":2,""num_layers"":3,""output_units"":80,""patience"":10,""pilot_source"":""results/sweep_5.csv"",""pooling"":""global_average""}",6f4dec421d8ca8a60ca233da0707302c871aa8127caae786bc585c163e11c567,0.013002435284300127,120.58366799796931,364789452,299230549.0,False,False,2,False,0.0,lowest_ordered_candidate_on_exact_tie
sensitivity,12,160,set_transformer,Set Transformer,1,False,"{""batch_size"":64,""d_model"":64,""dense_units"":[64,16],""dropout"":0.1,""expected_parameters"":157416,""ff_dim"":256,""frozen"":true,""implementation"":""neural_models.get_set_transformer"",""input_shape"":[22,10],""key_dim"":32,""learning_rate"":0.0003,""max_epochs"":50,""num_heads"":2,""num_layers"":3,""output_units"":80,""patience"":10,""pilot_source"":""results/sweep_5.csv"",""pooling"":""global_average""}",fe204fdf1e84832e477e9c76ffec174e32677e8d5a5f24b670abbf7a3b8c7db1,0.012988402927353745,103.47280635498464,364789452,299230549.0,False,False,2,False,0.0,lowest_ordered_candidate_on_exact_tie
sensitivity,12,160,set_transformer,Set Transformer,2,False,"{""batch_size"":64,""d_model"":64,""dense_units"":[64,16],""dropout"":0.3,""expected_parameters"":157416,""ff_dim"":256,""frozen"":true,""implementation"":""neural_models.get_set_transformer"",""input_shape"":[22,10],""key_dim"":32,""learning_rate"":0.0003,""max_epochs"":50,""num_heads"":2,""num_layers"":3,""output_units"":80,""patience"":10,""pilot_source"":""results/sweep_5.csv"",""pooling"":""global_average""}",98491dd6370054dad3bab81748034d9978d93498b7569cee08e9b098dc1ba9e5,0.0129092152220651,99.447461939184,364789452,299230549.0,True,False,2,True,0.0,lowest_ordered_candidate_on_exact_tie
sensitivity,12,160,set_transformer,Set Transformer,3,False,"{""batch_size"":64,""d_model"":64,""dense_units"":[64,16],""dropout"":0.1,""expected_parameters"":157416,""ff_dim"":256,""frozen"":true,""implementation"":""neural_models.get_set_transformer"",""input_shape"":[22,10],""key_dim"":32,""learning_rate"":0.001,""max_epochs"":50,""num_heads"":2,""num_layers"":3,""output_units"":80,""patience"":10,""pilot_source"":""results/sweep_5.csv"",""pooling"":""global_average""}",6003534a6fb6f7c259ea7485f50597481535337902a4fc1efeb39ec80445d6d6,0.012920485689182562,102.12641690322198,364789452,299230549.0,False,False,2,False,0.0,lowest_ordered_candidate_on_exact_tie
sensitivity,12,160,zoo_cnn,Zoo CNN,0,True,"{""batch_size"":64,""conv1d_filters"":[160,96,96],""conv2d_filters"":[128,160,128],""dense_units"":[96,256],""dropout"":0.3,""expected_parameters"":145584,""frozen"":true,""implementation"":""neural_models.get_conv_net"",""input_shape"":[11,10,10],""learning_rate"":0.001,""max_epochs"":50,""output_units"":80,""patience"":10,""pilot_source"":""original Zoo architecture and results/sweep_5.csv"",""pooling_weights"":{""average"":0.7,""max"":0.3}}",219344d288a1f6230782c6839c7a9758e13c3625ddae1b87e29779a206a56278,0.013219216685646235,32.10496858297847,2076182078,636807401.0,True,True,0,True,0.0,lowest_ordered_candidate_on_exact_tie
sensitivity,12,160,zoo_cnn,Zoo CNN,1,False,"{""batch_size"":64,""conv1d_filters"":[160,96,96],""conv2d_filters"":[128,160,128],""dense_units"":[96,256],""dropout"":0.1,""expected_parameters"":145584,""frozen"":true,""implementation"":""neural_models.get_conv_net"",""input_shape"":[11,10,10],""learning_rate"":0.0003,""max_epochs"":50,""output_units"":80,""patience"":10,""pilot_source"":""original Zoo architecture and results/sweep_5.csv"",""pooling_weights"":{""average"":0.7,""max"":0.3}}",abbc846d863092760291bfa1d382563580835324df5f7f6ce46a6fbed3da8072,0.013744167900926864,24.32693039998412,2076182078,636807401.0,False,True,0,False,0.0,lowest_ordered_candidate_on_exact_tie
sensitivity,12,160,zoo_cnn,Zoo CNN,2,False,"{""batch_size"":64,""conv1d_filters"":[160,96,96],""conv2d_filters"":[128,160,128],""dense_units"":[96,256],""dropout"":0.3,""expected_parameters"":145584,""frozen"":true,""implementation"":""neural_models.get_conv_net"",""input_shape"":[11,10,10],""learning_rate"":0.0003,""max_epochs"":50,""output_units"":80,""patience"":10,""pilot_source"":""original Zoo architecture and results/sweep_5.csv"",""pooling_weights"":{""average"":0.7,""max"":0.3}}",36cfcc45679e2e31725ccf0dedf1ff567692c99678381161175d0aef95c9aead,0.014159785116709797,37.129609015071765,2076182078,636807401.0,False,True,0,False,0.0,lowest_ordered_candidate_on_exact_tie
sensitivity,12,160,zoo_cnn,Zoo CNN,3,False,"{""batch_size"":64,""conv1d_filters"":[160,96,96],""conv2d_filters"":[128,160,128],""dense_units"":[96,256],""dropout"":0.1,""expected_parameters"":145584,""frozen"":true,""implementation"":""neural_models.get_conv_net"",""input_shape"":[11,10,10],""learning_rate"":0.001,""max_epochs"":50,""output_units"":80,""patience"":10,""pilot_source"":""original Zoo architecture and results/sweep_5.csv"",""pooling_weights"":{""average"":0.7,""max"":0.3}}",0b22203ab4438c16191482ac13e31621a615cbaa6cf409114e6377f1bec3dc7b,0.014171523556932242,31.932045600842685,2076182078,636807401.0,False,True,0,False,0.0,lowest_ordered_candidate_on_exact_tie
sensitivity,12,360,lightgbm_multiclass,LightGBM,0,True,"{""boosting_type"":""gbdt"",""colsample_bytree"":1.0,""frozen"":true,""implementation"":""lightgbm.LGBMClassifier"",""learning_rate"":0.05,""max_depth"":5,""min_child_samples"":50,""min_child_weight"":0.001,""min_split_gain"":0.0,""n_estimators"":200,""n_jobs"":1,""num_class"":80,""num_leaves"":31,""objective"":""multiclass"",""pilot_source"":""results/sweep_5_config.json"",""reg_alpha"":0.5,""reg_lambda"":0.5,""subsample"":1.0,""subsample_freq"":0}",5689446e19bdea1df411111e1e4b5cc50183c270622d0757b33c51d0a5938a1c,0.013319997754016377,26.1980851769913,700696275,,True,True,0,True,0.0,lowest_ordered_candidate_on_exact_tie
sensitivity,12,360,lightgbm_multiclass,LightGBM,1,False,"{""boosting_type"":""gbdt"",""colsample_bytree"":1.0,""frozen"":true,""implementation"":""lightgbm.LGBMClassifier"",""learning_rate"":0.05,""max_depth"":5,""min_child_samples"":20,""min_child_weight"":0.001,""min_split_gain"":0.0,""n_estimators"":200,""n_jobs"":1,""num_class"":80,""num_leaves"":31,""objective"":""multiclass"",""pilot_source"":""results/sweep_5_config.json"",""reg_alpha"":0.1,""reg_lambda"":0.1,""subsample"":1.0,""subsample_freq"":0}",cb116d2e0b5ef62830f7ca0d63c0d488226c533f44349af3605ff4acd0a2aebc,0.013390464104839503,27.371830378076993,700696275,,False,True,0,False,0.0,lowest_ordered_candidate_on_exact_tie
sensitivity,12,360,lightgbm_multiclass,LightGBM,2,False,"{""boosting_type"":""gbdt"",""colsample_bytree"":1.0,""frozen"":true,""implementation"":""lightgbm.LGBMClassifier"",""learning_rate"":0.05,""max_depth"":7,""min_child_samples"":20,""min_child_weight"":0.001,""min_split_gain"":0.0,""n_estimators"":200,""n_jobs"":1,""num_class"":80,""num_leaves"":31,""objective"":""multiclass"",""pilot_source"":""results/sweep_5_config.json"",""reg_alpha"":0.1,""reg_lambda"":0.1,""subsample"":1.0,""subsample_freq"":0}",cae2276bc5c6ec1a3d72ce53c46697dc247ba4430ea98e1f609b624c98c8365e,0.013626023865287027,35.11576076410711,700696275,,False,True,0,False,0.0,lowest_ordered_candidate_on_exact_tie
sensitivity,12,360,lightgbm_multiclass,LightGBM,3,False,"{""boosting_type"":""gbdt"",""colsample_bytree"":1.0,""frozen"":true,""implementation"":""lightgbm.LGBMClassifier"",""learning_rate"":0.1,""max_depth"":5,""min_child_samples"":20,""min_child_weight"":0.001,""min_split_gain"":0.0,""n_estimators"":200,""n_jobs"":1,""num_class"":80,""num_leaves"":31,""objective"":""multiclass"",""pilot_source"":""results/sweep_5_config.json"",""reg_alpha"":0.1,""reg_lambda"":0.1,""subsample"":1.0,""subsample_freq"":0}",c698b699f6c7cf18743346c4dd2691d8b650e657ec9a021d53142751ecc58407,0.013818166972196733,24.936506444006227,700696275,,False,True,0,False,0.0,lowest_ordered_candidate_on_exact_tie
sensitivity,12,360,ridge_sgd_l2,L2 one-vs-rest logistic,0,True,"{""alpha"":0.3333333333333333,""average"":false,""batch_size"":64,""epochs"":50,""eta0"":0.01,""fit_intercept"":true,""frozen"":true,""implementation"":""sklearn.linear_model.SGDClassifier"",""learning_rate"":""optimal"",""loss"":""log_loss"",""penalty"":""l2"",""pilot_source"":""results/sweep_5_config.json""}",851f14fb6b5ecda88baab0b92a7a36c949fdd0437766fc7d2433f329e2fde2f3,0.014188000455665477,158.67360900901258,1287121116,,False,False,4,False,0.0,lowest_ordered_candidate_on_exact_tie
sensitivity,12,360,ridge_sgd_l2,L2 one-vs-rest logistic,1,False,"{""alpha"":10.0,""average"":false,""batch_size"":64,""epochs"":50,""eta0"":0.01,""fit_intercept"":true,""frozen"":true,""implementation"":""sklearn.linear_model.SGDClassifier"",""learning_rate"":""optimal"",""loss"":""log_loss"",""penalty"":""l2"",""pilot_source"":""results/sweep_5_config.json""}",dc2707c60c369df46e9b424fa8a1ebc5b23e4a351ced0c10e7e7dc66c6076d51,0.021359170724766258,158.15899550903123,1287121116,,False,False,4,False,0.0,lowest_ordered_candidate_on_exact_tie
sensitivity,12,360,ridge_sgd_l2,L2 one-vs-rest logistic,2,False,"{""alpha"":3.3333333333333335,""average"":false,""batch_size"":64,""epochs"":50,""eta0"":0.01,""fit_intercept"":true,""frozen"":true,""implementation"":""sklearn.linear_model.SGDClassifier"",""learning_rate"":""optimal"",""loss"":""log_loss"",""penalty"":""l2"",""pilot_source"":""results/sweep_5_config.json""}",7aa5dba8ad015c8682db23cb59b805649b89895bc1121de465bef1e495573967,0.016754919784536602,157.74128645390738,1287121116,,False,False,4,False,0.0,lowest_ordered_candidate_on_exact_tie
sensitivity,12,360,ridge_sgd_l2,L2 one-vs-rest logistic,3,False,"{""alpha"":1.0,""average"":false,""batch_size"":64,""epochs"":50,""eta0"":0.01,""fit_intercept"":true,""frozen"":true,""implementation"":""sklearn.linear_model.SGDClassifier"",""learning_rate"":""optimal"",""loss"":""log_loss"",""penalty"":""l2"",""pilot_source"":""results/sweep_5_config.json""}",f1028920c45a062ceb93b6bb97df161e827da764972699d89f7ccc787385a0de,0.014796810967970446,159.45979035506025,1287121116,,False,False,4,False,0.0,lowest_ordered_candidate_on_exact_tie
sensitivity,12,360,ridge_sgd_l2,L2 one-vs-rest logistic,4,False,"{""alpha"":0.1,""average"":false,""batch_size"":64,""epochs"":50,""eta0"":0.01,""fit_intercept"":true,""frozen"":true,""implementation"":""sklearn.linear_model.SGDClassifier"",""learning_rate"":""optimal"",""loss"":""log_loss"",""penalty"":""l2"",""pilot_source"":""results/sweep_5_config.json""}",724a1fea14c056996c0474f9106b8177856f64794ebcc3fc1e458f6a8e12dc05,0.013836407293692952,157.64961670909543,1287121116,,True,False,4,True,0.0,lowest_ordered_candidate_on_exact_tie
sensitivity,12,360,set_transformer,Set Transformer,0,True,"{""batch_size"":64,""d_model"":64,""dense_units"":[64,16],""dropout"":0.3,""expected_parameters"":157416,""ff_dim"":256,""frozen"":true,""implementation"":""neural_models.get_set_transformer"",""input_shape"":[22,10],""key_dim"":32,""learning_rate"":0.001,""max_epochs"":50,""num_heads"":2,""num_layers"":3,""output_units"":80,""patience"":10,""pilot_source"":""results/sweep_5.csv"",""pooling"":""global_average""}",6f4dec421d8ca8a60ca233da0707302c871aa8127caae786bc585c163e11c567,0.012511913862380061,220.60962038999423,455624514,1107665395.0,False,False,1,False,0.0,lowest_ordered_candidate_on_exact_tie
sensitivity,12,360,set_transformer,Set Transformer,1,False,"{""batch_size"":64,""d_model"":64,""dense_units"":[64,16],""dropout"":0.1,""expected_parameters"":157416,""ff_dim"":256,""frozen"":true,""implementation"":""neural_models.get_set_transformer"",""input_shape"":[22,10],""key_dim"":32,""learning_rate"":0.0003,""max_epochs"":50,""num_heads"":2,""num_layers"":3,""output_units"":80,""patience"":10,""pilot_source"":""results/sweep_5.csv"",""pooling"":""global_average""}",fe204fdf1e84832e477e9c76ffec174e32677e8d5a5f24b670abbf7a3b8c7db1,0.012324908334575429,199.74835557001643,455624514,1107665395.0,True,False,1,True,0.0,lowest_ordered_candidate_on_exact_tie
sensitivity,12,360,set_transformer,Set Transformer,2,False,"{""batch_size"":64,""d_model"":64,""dense_units"":[64,16],""dropout"":0.3,""expected_parameters"":157416,""ff_dim"":256,""frozen"":true,""implementation"":""neural_models.get_set_transformer"",""input_shape"":[22,10],""key_dim"":32,""learning_rate"":0.0003,""max_epochs"":50,""num_heads"":2,""num_layers"":3,""output_units"":80,""patience"":10,""pilot_source"":""results/sweep_5.csv"",""pooling"":""global_average""}",98491dd6370054dad3bab81748034d9978d93498b7569cee08e9b098dc1ba9e5,0.012421862881976227,228.37373742996715,455624514,1107665395.0,False,False,1,False,0.0,lowest_ordered_candidate_on_exact_tie
sensitivity,12,360,set_transformer,Set Transformer,3,False,"{""batch_size"":64,""d_model"":64,""dense_units"":[64,16],""dropout"":0.1,""expected_parameters"":157416,""ff_dim"":256,""frozen"":true,""implementation"":""neural_models.get_set_transformer"",""input_shape"":[22,10],""key_dim"":32,""learning_rate"":0.001,""max_epochs"":50,""num_heads"":2,""num_layers"":3,""output_units"":80,""patience"":10,""pilot_source"":""results/sweep_5.csv"",""pooling"":""global_average""}",6003534a6fb6f7c259ea7485f50597481535337902a4fc1efeb39ec80445d6d6,0.012633720961803735,156.36693018488586,455624514,1107665395.0,False,False,1,False,0.0,lowest_ordered_candidate_on_exact_tie
sensitivity,12,360,zoo_cnn,Zoo CNN,0,True,"{""batch_size"":64,""conv1d_filters"":[160,96,96],""conv2d_filters"":[128,160,128],""dense_units"":[96,256],""dropout"":0.3,""expected_parameters"":145584,""frozen"":true,""implementation"":""neural_models.get_conv_net"",""input_shape"":[11,10,10],""learning_rate"":0.001,""max_epochs"":50,""output_units"":80,""patience"":10,""pilot_source"":""original Zoo architecture and results/sweep_5.csv"",""pooling_weights"":{""average"":0.7,""max"":0.3}}",219344d288a1f6230782c6839c7a9758e13c3625ddae1b87e29779a206a56278,0.012916189627763992,54.94127018400468,1210371751,150314574.0,True,True,0,True,0.0,lowest_ordered_candidate_on_exact_tie
sensitivity,12,360,zoo_cnn,Zoo CNN,1,False,"{""batch_size"":64,""conv1d_filters"":[160,96,96],""conv2d_filters"":[128,160,128],""dense_units"":[96,256],""dropout"":0.1,""expected_parameters"":145584,""frozen"":true,""implementation"":""neural_models.get_conv_net"",""input_shape"":[11,10,10],""learning_rate"":0.0003,""max_epochs"":50,""output_units"":80,""patience"":10,""pilot_source"":""original Zoo architecture and results/sweep_5.csv"",""pooling_weights"":{""average"":0.7,""max"":0.3}}",abbc846d863092760291bfa1d382563580835324df5f7f6ce46a6fbed3da8072,0.01305650485736367,41.86737255402841,1210371751,150314574.0,False,True,0,False,0.0,lowest_ordered_candidate_on_exact_tie
sensitivity,12,360,zoo_cnn,Zoo CNN,2,False,"{""batch_size"":64,""conv1d_filters"":[160,96,96],""conv2d_filters"":[128,160,128],""dense_units"":[96,256],""dropout"":0.3,""expected_parameters"":145584,""frozen"":true,""implementation"":""neural_models.get_conv_net"",""input_shape"":[11,10,10],""learning_rate"":0.0003,""max_epochs"":50,""output_units"":80,""patience"":10,""pilot_source"":""original Zoo architecture and results/sweep_5.csv"",""pooling_weights"":{""average"":0.7,""max"":0.3}}",36cfcc45679e2e31725ccf0dedf1ff567692c99678381161175d0aef95c9aead,0.013165024211412656,54.661504512885585,1210371751,150314574.0,False,True,0,False,0.0,lowest_ordered_candidate_on_exact_tie
sensitivity,12,360,zoo_cnn,Zoo CNN,3,False,"{""batch_size"":64,""conv1d_filters"":[160,96,96],""conv2d_filters"":[128,160,128],""dense_units"":[96,256],""dropout"":0.1,""expected_parameters"":145584,""frozen"":true,""implementation"":""neural_models.get_conv_net"",""input_shape"":[11,10,10],""learning_rate"":0.001,""max_epochs"":50,""output_units"":80,""patience"":10,""pilot_source"":""original Zoo architecture and results/sweep_5.csv"",""pooling_weights"":{""average"":0.7,""max"":0.3}}",0b22203ab4438c16191482ac13e31621a615cbaa6cf409114e6377f1bec3dc7b,0.012916303413188895,52.0875113978982,1210371751,150314574.0,False,True,0,False,0.0,lowest_ordered_candidate_on_exact_tie
sensitivity,13,20,lightgbm_multiclass,LightGBM,0,True,"{""boosting_type"":""gbdt"",""colsample_bytree"":1.0,""frozen"":true,""implementation"":""lightgbm.LGBMClassifier"",""learning_rate"":0.05,""max_depth"":5,""min_child_samples"":50,""min_child_weight"":0.001,""min_split_gain"":0.0,""n_estimators"":200,""n_jobs"":1,""num_class"":80,""num_leaves"":31,""objective"":""multiclass"",""pilot_source"":""results/sweep_5_config.json"",""reg_alpha"":0.5,""reg_lambda"":0.5,""subsample"":1.0,""subsample_freq"":0}",5689446e19bdea1df411111e1e4b5cc50183c270622d0757b33c51d0a5938a1c,0.014804693947992744,3.319255238980986,1659488279,,True,True,0,True,0.0,lowest_ordered_candidate_on_exact_tie
sensitivity,13,20,lightgbm_multiclass,LightGBM,1,False,"{""boosting_type"":""gbdt"",""colsample_bytree"":1.0,""frozen"":true,""implementation"":""lightgbm.LGBMClassifier"",""learning_rate"":0.05,""max_depth"":5,""min_child_samples"":20,""min_child_weight"":0.001,""min_split_gain"":0.0,""n_estimators"":200,""n_jobs"":1,""num_class"":80,""num_leaves"":31,""objective"":""multiclass"",""pilot_source"":""results/sweep_5_config.json"",""reg_alpha"":0.1,""reg_lambda"":0.1,""subsample"":1.0,""subsample_freq"":0}",cb116d2e0b5ef62830f7ca0d63c0d488226c533f44349af3605ff4acd0a2aebc,0.015412107352812319,4.18278482905589,1659488279,,False,True,0,False,0.0,lowest_ordered_candidate_on_exact_tie
sensitivity,13,20,lightgbm_multiclass,LightGBM,2,False,"{""boosting_type"":""gbdt"",""colsample_bytree"":1.0,""frozen"":true,""implementation"":""lightgbm.LGBMClassifier"",""learning_rate"":0.05,""max_depth"":7,""min_child_samples"":20,""min_child_weight"":0.001,""min_split_gain"":0.0,""n_estimators"":200,""n_jobs"":1,""num_class"":80,""num_leaves"":31,""objective"":""multiclass"",""pilot_source"":""results/sweep_5_config.json"",""reg_alpha"":0.1,""reg_lambda"":0.1,""subsample"":1.0,""subsample_freq"":0}",cae2276bc5c6ec1a3d72ce53c46697dc247ba4430ea98e1f609b624c98c8365e,0.015280249439532158,4.550079009961337,1659488279,,False,True,0,False,0.0,lowest_ordered_candidate_on_exact_tie
sensitivity,13,20,lightgbm_multiclass,LightGBM,3,False,"{""boosting_type"":""gbdt"",""colsample_bytree"":1.0,""frozen"":true,""implementation"":""lightgbm.LGBMClassifier"",""learning_rate"":0.1,""max_depth"":5,""min_child_samples"":20,""min_child_weight"":0.001,""min_split_gain"":0.0,""n_estimators"":200,""n_jobs"":1,""num_class"":80,""num_leaves"":31,""objective"":""multiclass"",""pilot_source"":""results/sweep_5_config.json"",""reg_alpha"":0.1,""reg_lambda"":0.1,""subsample"":1.0,""subsample_freq"":0}",c698b699f6c7cf18743346c4dd2691d8b650e657ec9a021d53142751ecc58407,0.015716249369564225,2.9007164851063862,1659488279,,False,True,0,False,0.0,lowest_ordered_candidate_on_exact_tie
sensitivity,13,20,ridge_sgd_l2,L2 one-vs-rest logistic,0,True,"{""alpha"":0.3333333333333333,""average"":false,""batch_size"":64,""epochs"":50,""eta0"":0.01,""fit_intercept"":true,""frozen"":true,""implementation"":""sklearn.linear_model.SGDClassifier"",""learning_rate"":""optimal"",""loss"":""log_loss"",""penalty"":""l2"",""pilot_source"":""results/sweep_5_config.json""}",851f14fb6b5ecda88baab0b92a7a36c949fdd0437766fc7d2433f329e2fde2f3,0.014627639340911358,9.932256464962848,659464310,,False,False,4,False,0.0,lowest_ordered_candidate_on_exact_tie
sensitivity,13,20,ridge_sgd_l2,L2 one-vs-rest logistic,1,False,"{""alpha"":10.0,""average"":false,""batch_size"":64,""epochs"":50,""eta0"":0.01,""fit_intercept"":true,""frozen"":true,""implementation"":""sklearn.linear_model.SGDClassifier"",""learning_rate"":""optimal"",""loss"":""log_loss"",""penalty"":""l2"",""pilot_source"":""results/sweep_5_config.json""}",dc2707c60c369df46e9b424fa8a1ebc5b23e4a351ced0c10e7e7dc66c6076d51,0.0212928807154492,9.400490451022051,659464310,,False,False,4,False,0.0,lowest_ordered_candidate_on_exact_tie
sensitivity,13,20,ridge_sgd_l2,L2 one-vs-rest logistic,2,False,"{""alpha"":3.3333333333333335,""average"":false,""batch_size"":64,""epochs"":50,""eta0"":0.01,""fit_intercept"":true,""frozen"":true,""implementation"":""sklearn.linear_model.SGDClassifier"",""learning_rate"":""optimal"",""loss"":""log_loss"",""penalty"":""l2"",""pilot_source"":""results/sweep_5_config.json""}",7aa5dba8ad015c8682db23cb59b805649b89895bc1121de465bef1e495573967,0.0168435850412011,9.45180920092389,659464310,,False,False,4,False,0.0,lowest_ordered_candidate_on_exact_tie
sensitivity,13,20,ridge_sgd_l2,L2 one-vs-rest logistic,3,False,"{""alpha"":1.0,""average"":false,""batch_size"":64,""epochs"":50,""eta0"":0.01,""fit_intercept"":true,""frozen"":true,""implementation"":""sklearn.linear_model.SGDClassifier"",""learning_rate"":""optimal"",""loss"":""log_loss"",""penalty"":""l2"",""pilot_source"":""results/sweep_5_config.json""}",f1028920c45a062ceb93b6bb97df161e827da764972699d89f7ccc787385a0de,0.015130700743090569,9.26375801989343,659464310,,False,False,4,False,0.0,lowest_ordered_candidate_on_exact_tie
sensitivity,13,20,ridge_sgd_l2,L2 one-vs-rest logistic,4,False,"{""alpha"":0.1,""average"":false,""batch_size"":64,""epochs"":50,""eta0"":0.01,""fit_intercept"":true,""frozen"":true,""implementation"":""sklearn.linear_model.SGDClassifier"",""learning_rate"":""optimal"",""loss"":""log_loss"",""penalty"":""l2"",""pilot_source"":""results/sweep_5_config.json""}",724a1fea14c056996c0474f9106b8177856f64794ebcc3fc1e458f6a8e12dc05,0.014305780225623723,9.218555921921507,659464310,,True,False,4,True,0.0,lowest_ordered_candidate_on_exact_tie
sensitivity,13,20,set_transformer,Set Transformer,0,True,"{""batch_size"":64,""d_model"":64,""dense_units"":[64,16],""dropout"":0.3,""expected_parameters"":157416,""ff_dim"":256,""frozen"":true,""implementation"":""neural_models.get_set_transformer"",""input_shape"":[22,10],""key_dim"":32,""learning_rate"":0.001,""max_epochs"":50,""num_heads"":2,""num_layers"":3,""output_units"":80,""patience"":10,""pilot_source"":""results/sweep_5.csv"",""pooling"":""global_average""}",6f4dec421d8ca8a60ca233da0707302c871aa8127caae786bc585c163e11c567,0.014179067563545308,25.488761111861095,1236781946,681550352.0,False,False,1,False,0.0,lowest_ordered_candidate_on_exact_tie
sensitivity,13,20,set_transformer,Set Transformer,1,False,"{""batch_size"":64,""d_model"":64,""dense_units"":[64,16],""dropout"":0.1,""expected_parameters"":157416,""ff_dim"":256,""frozen"":true,""implementation"":""neural_models.get_set_transformer"",""input_shape"":[22,10],""key_dim"":32,""learning_rate"":0.0003,""max_epochs"":50,""num_heads"":2,""num_layers"":3,""output_units"":80,""patience"":10,""pilot_source"":""results/sweep_5.csv"",""pooling"":""global_average""}",fe204fdf1e84832e477e9c76ffec174e32677e8d5a5f24b670abbf7a3b8c7db1,0.014105570834539347,31.257270871894434,1236781946,681550352.0,True,False,1,True,0.0,lowest_ordered_candidate_on_exact_tie
sensitivity,13,20,set_transformer,Set Transformer,2,False,"{""batch_size"":64,""d_model"":64,""dense_units"":[64,16],""dropout"":0.3,""expected_parameters"":157416,""ff_dim"":256,""frozen"":true,""implementation"":""neural_models.get_set_transformer"",""input_shape"":[22,10],""key_dim"":32,""learning_rate"":0.0003,""max_epochs"":50,""num_heads"":2,""num_layers"":3,""output_units"":80,""patience"":10,""pilot_source"":""results/sweep_5.csv"",""pooling"":""global_average""}",98491dd6370054dad3bab81748034d9978d93498b7569cee08e9b098dc1ba9e5,0.014213903077767712,30.885779674863443,1236781946,681550352.0,False,False,1,False,0.0,lowest_ordered_candidate_on_exact_tie
sensitivity,13,20,set_transformer,Set Transformer,3,False,"{""batch_size"":64,""d_model"":64,""dense_units"":[64,16],""dropout"":0.1,""expected_parameters"":157416,""ff_dim"":256,""frozen"":true,""implementation"":""neural_models.get_set_transformer"",""input_shape"":[22,10],""key_dim"":32,""learning_rate"":0.001,""max_epochs"":50,""num_heads"":2,""num_layers"":3,""output_units"":80,""patience"":10,""pilot_source"":""results/sweep_5.csv"",""pooling"":""global_average""}",6003534a6fb6f7c259ea7485f50597481535337902a4fc1efeb39ec80445d6d6,0.014882900356731777,25.76676927995868,1236781946,681550352.0,False,False,1,False,0.0,lowest_ordered_candidate_on_exact_tie
sensitivity,13,20,zoo_cnn,Zoo CNN,0,True,"{""batch_size"":64,""conv1d_filters"":[160,96,96],""conv2d_filters"":[128,160,128],""dense_units"":[96,256],""dropout"":0.3,""expected_parameters"":145584,""frozen"":true,""implementation"":""neural_models.get_conv_net"",""input_shape"":[11,10,10],""learning_rate"":0.001,""max_epochs"":50,""output_units"":80,""patience"":10,""pilot_source"":""original Zoo architecture and results/sweep_5.csv"",""pooling_weights"":{""average"":0.7,""max"":0.3}}",219344d288a1f6230782c6839c7a9758e13c3625ddae1b87e29779a206a56278,0.01603830485492485,13.623243608977646,2138063007,502796665.0,True,True,0,True,0.0,lowest_ordered_candidate_on_exact_tie
sensitivity,13,20,zoo_cnn,Zoo CNN,1,False,"{""batch_size"":64,""conv1d_filters"":[160,96,96],""conv2d_filters"":[128,160,128],""dense_units"":[96,256],""dropout"":0.1,""expected_parameters"":145584,""frozen"":true,""implementation"":""neural_models.get_conv_net"",""input_shape"":[11,10,10],""learning_rate"":0.0003,""max_epochs"":50,""output_units"":80,""patience"":10,""pilot_source"":""original Zoo architecture and results/sweep_5.csv"",""pooling_weights"":{""average"":0.7,""max"":0.3}}",abbc846d863092760291bfa1d382563580835324df5f7f6ce46a6fbed3da8072,0.016208685425872716,11.838427922921255,2138063007,502796665.0,False,True,0,False,0.0,lowest_ordered_candidate_on_exact_tie
sensitivity,13,20,zoo_cnn,Zoo CNN,2,False,"{""batch_size"":64,""conv1d_filters"":[160,96,96],""conv2d_filters"":[128,160,128],""dense_units"":[96,256],""dropout"":0.3,""expected_parameters"":145584,""frozen"":true,""implementation"":""neural_models.get_conv_net"",""input_shape"":[11,10,10],""learning_rate"":0.0003,""max_epochs"":50,""output_units"":80,""patience"":10,""pilot_source"":""original Zoo architecture and results/sweep_5.csv"",""pooling_weights"":{""average"":0.7,""max"":0.3}}",36cfcc45679e2e31725ccf0dedf1ff567692c99678381161175d0aef95c9aead,0.01647402776798611,12.346355799818411,2138063007,502796665.0,False,True,0,False,0.0,lowest_ordered_candidate_on_exact_tie
sensitivity,13,20,zoo_cnn,Zoo CNN,3,False,"{""batch_size"":64,""conv1d_filters"":[160,96,96],""conv2d_filters"":[128,160,128],""dense_units"":[96,256],""dropout"":0.1,""expected_parameters"":145584,""frozen"":true,""implementation"":""neural_models.get_conv_net"",""input_shape"":[11,10,10],""learning_rate"":0.001,""max_epochs"":50,""output_units"":80,""patience"":10,""pilot_source"":""original Zoo architecture and results/sweep_5.csv"",""pooling_weights"":{""average"":0.7,""max"":0.3}}",0b22203ab4438c16191482ac13e31621a615cbaa6cf409114e6377f1bec3dc7b,0.018005118102112225,10.776786141796038,2138063007,502796665.0,False,True,0,False,0.0,lowest_ordered_candidate_on_exact_tie
sensitivity,13,160,lightgbm_multiclass,LightGBM,0,True,"{""boosting_type"":""gbdt"",""colsample_bytree"":1.0,""frozen"":true,""implementation"":""lightgbm.LGBMClassifier"",""learning_rate"":0.05,""max_depth"":5,""min_child_samples"":50,""min_child_weight"":0.001,""min_split_gain"":0.0,""n_estimators"":200,""n_jobs"":1,""num_class"":80,""num_leaves"":31,""objective"":""multiclass"",""pilot_source"":""results/sweep_5_config.json"",""reg_alpha"":0.5,""reg_lambda"":0.5,""subsample"":1.0,""subsample_freq"":0}",5689446e19bdea1df411111e1e4b5cc50183c270622d0757b33c51d0a5938a1c,0.013879084641372124,14.358557095052674,1134766721,,True,True,0,True,0.0,lowest_ordered_candidate_on_exact_tie
sensitivity,13,160,lightgbm_multiclass,LightGBM,1,False,"{""boosting_type"":""gbdt"",""colsample_bytree"":1.0,""frozen"":true,""implementation"":""lightgbm.LGBMClassifier"",""learning_rate"":0.05,""max_depth"":5,""min_child_samples"":20,""min_child_weight"":0.001,""min_split_gain"":0.0,""n_estimators"":200,""n_jobs"":1,""num_class"":80,""num_leaves"":31,""objective"":""multiclass"",""pilot_source"":""results/sweep_5_config.json"",""reg_alpha"":0.1,""reg_lambda"":0.1,""subsample"":1.0,""subsample_freq"":0}",cb116d2e0b5ef62830f7ca0d63c0d488226c533f44349af3605ff4acd0a2aebc,0.01413222269613534,15.722426149994135,1134766721,,False,True,0,False,0.0,lowest_ordered_candidate_on_exact_tie
sensitivity,13,160,lightgbm_multiclass,LightGBM,2,False,"{""boosting_type"":""gbdt"",""colsample_bytree"":1.0,""frozen"":true,""implementation"":""lightgbm.LGBMClassifier"",""learning_rate"":0.05,""max_depth"":7,""min_child_samples"":20,""min_child_weight"":0.001,""min_split_gain"":0.0,""n_estimators"":200,""n_jobs"":1,""num_class"":80,""num_leaves"":31,""objective"":""multiclass"",""pilot_source"":""results/sweep_5_config.json"",""reg_alpha"":0.1,""reg_lambda"":0.1,""subsample"":1.0,""subsample_freq"":0}",cae2276bc5c6ec1a3d72ce53c46697dc247ba4430ea98e1f609b624c98c8365e,0.014404445315394013,20.47952347493265,1134766721,,False,True,0,False,0.0,lowest_ordered_candidate_on_exact_tie
sensitivity,13,160,lightgbm_multiclass,LightGBM,3,False,"{""boosting_type"":""gbdt"",""colsample_bytree"":1.0,""frozen"":true,""implementation"":""lightgbm.LGBMClassifier"",""learning_rate"":0.1,""max_depth"":5,""min_child_samples"":20,""min_child_weight"":0.001,""min_split_gain"":0.0,""n_estimators"":200,""n_jobs"":1,""num_class"":80,""num_leaves"":31,""objective"":""multiclass"",""pilot_source"":""results/sweep_5_config.json"",""reg_alpha"":0.1,""reg_lambda"":0.1,""subsample"":1.0,""subsample_freq"":0}",c698b699f6c7cf18743346c4dd2691d8b650e657ec9a021d53142751ecc58407,0.01464913820909061,13.716279790038243,1134766721,,False,True,0,False,0.0,lowest_ordered_candidate_on_exact_tie
sensitivity,13,160,ridge_sgd_l2,L2 one-vs-rest logistic,0,True,"{""alpha"":0.3333333333333333,""average"":false,""batch_size"":64,""epochs"":50,""eta0"":0.01,""fit_intercept"":true,""frozen"":true,""implementation"":""sklearn.linear_model.SGDClassifier"",""learning_rate"":""optimal"",""loss"":""log_loss"",""penalty"":""l2"",""pilot_source"":""results/sweep_5_config.json""}",851f14fb6b5ecda88baab0b92a7a36c949fdd0437766fc7d2433f329e2fde2f3,0.014552098361408946,70.19812844402622,2114048094,,False,False,4,False,0.0,lowest_ordered_candidate_on_exact_tie
sensitivity,13,160,ridge_sgd_l2,L2 one-vs-rest logistic,1,False,"{""alpha"":10.0,""average"":false,""batch_size"":64,""epochs"":50,""eta0"":0.01,""fit_intercept"":true,""frozen"":true,""implementation"":""sklearn.linear_model.SGDClassifier"",""learning_rate"":""optimal"",""loss"":""log_loss"",""penalty"":""l2"",""pilot_source"":""results/sweep_5_config.json""}",dc2707c60c369df46e9b424fa8a1ebc5b23e4a351ced0c10e7e7dc66c6076d51,0.021347667381340807,70.34838165703695,2114048094,,False,False,4,False,0.0,lowest_ordered_candidate_on_exact_tie
sensitivity,13,160,ridge_sgd_l2,L2 one-vs-rest logistic,2,False,"{""alpha"":3.3333333333333335,""average"":false,""batch_size"":64,""epochs"":50,""eta0"":0.01,""fit_intercept"":true,""frozen"":true,""implementation"":""sklearn.linear_model.SGDClassifier"",""learning_rate"":""optimal"",""loss"":""log_loss"",""penalty"":""l2"",""pilot_source"":""results/sweep_5_config.json""}",7aa5dba8ad015c8682db23cb59b805649b89895bc1121de465bef1e495573967,0.016851415716083864,70.11466005293187,2114048094,,False,False,4,False,0.0,lowest_ordered_candidate_on_exact_tie
sensitivity,13,160,ridge_sgd_l2,L2 one-vs-rest logistic,3,False,"{""alpha"":1.0,""average"":false,""batch_size"":64,""epochs"":50,""eta0"":0.01,""fit_intercept"":true,""frozen"":true,""implementation"":""sklearn.linear_model.SGDClassifier"",""learning_rate"":""optimal"",""loss"":""log_loss"",""penalty"":""l2"",""pilot_source"":""results/sweep_5_config.json""}",f1028920c45a062ceb93b6bb97df161e827da764972699d89f7ccc787385a0de,0.015070028641414454,70.04202207294293,2114048094,,False,False,4,False,0.0,lowest_ordered_candidate_on_exact_tie
sensitivity,13,160,ridge_sgd_l2,L2 one-vs-rest logistic,4,False,"{""alpha"":0.1,""average"":false,""batch_size"":64,""epochs"":50,""eta0"":0.01,""fit_intercept"":true,""frozen"":true,""implementation"":""sklearn.linear_model.SGDClassifier"",""learning_rate"":""optimal"",""loss"":""log_loss"",""penalty"":""l2"",""pilot_source"":""results/sweep_5_config.json""}",724a1fea14c056996c0474f9106b8177856f64794ebcc3fc1e458f6a8e12dc05,0.014239877675354194,70.09162752202246,2114048094,,True,False,4,True,0.0,lowest_ordered_candidate_on_exact_tie
sensitivity,13,160,set_transformer,Set Transformer,0,True,"{""batch_size"":64,""d_model"":64,""dense_units"":[64,16],""dropout"":0.3,""expected_parameters"":157416,""ff_dim"":256,""frozen"":true,""implementation"":""neural_models.get_set_transformer"",""input_shape"":[22,10],""key_dim"":32,""learning_rate"":0.001,""max_epochs"":50,""num_heads"":2,""num_layers"":3,""output_units"":80,""patience"":10,""pilot_source"":""results/sweep_5.csv"",""pooling"":""global_average""}",6f4dec421d8ca8a60ca233da0707302c871aa8127caae786bc585c163e11c567,0.013412982540223595,67.17834121105261,1922878665,415207575.0,False,False,2,False,0.0,lowest_ordered_candidate_on_exact_tie
sensitivity,13,160,set_transformer,Set Transformer,1,False,"{""batch_size"":64,""d_model"":64,""dense_units"":[64,16],""dropout"":0.1,""expected_parameters"":157416,""ff_dim"":256,""frozen"":true,""implementation"":""neural_models.get_set_transformer"",""input_shape"":[22,10],""key_dim"":32,""learning_rate"":0.0003,""max_epochs"":50,""num_heads"":2,""num_layers"":3,""output_units"":80,""patience"":10,""pilot_source"":""results/sweep_5.csv"",""pooling"":""global_average""}",fe204fdf1e84832e477e9c76ffec174e32677e8d5a5f24b670abbf7a3b8c7db1,0.013242745976034292,95.94874510797672,1922878665,415207575.0,False,False,2,False,0.0,lowest_ordered_candidate_on_exact_tie
sensitivity,13,160,set_transformer,Set Transformer,2,False,"{""batch_size"":64,""d_model"":64,""dense_units"":[64,16],""dropout"":0.3,""expected_parameters"":157416,""ff_dim"":256,""frozen"":true,""implementation"":""neural_models.get_set_transformer"",""input_shape"":[22,10],""key_dim"":32,""learning_rate"":0.0003,""max_epochs"":50,""num_heads"":2,""num_layers"":3,""output_units"":80,""patience"":10,""pilot_source"":""results/sweep_5.csv"",""pooling"":""global_average""}",98491dd6370054dad3bab81748034d9978d93498b7569cee08e9b098dc1ba9e5,0.013195814880347517,113.65693492395803,1922878665,415207575.0,True,False,2,True,0.0,lowest_ordered_candidate_on_exact_tie
sensitivity,13,160,set_transformer,Set Transformer,3,False,"{""batch_size"":64,""d_model"":64,""dense_units"":[64,16],""dropout"":0.1,""expected_parameters"":157416,""ff_dim"":256,""frozen"":true,""implementation"":""neural_models.get_set_transformer"",""input_shape"":[22,10],""key_dim"":32,""learning_rate"":0.001,""max_epochs"":50,""num_heads"":2,""num_layers"":3,""output_units"":80,""patience"":10,""pilot_source"":""results/sweep_5.csv"",""pooling"":""global_average""}",6003534a6fb6f7c259ea7485f50597481535337902a4fc1efeb39ec80445d6d6,0.013272344258492627,66.53372173802927,1922878665,415207575.0,False,False,2,False,0.0,lowest_ordered_candidate_on_exact_tie
sensitivity,13,160,zoo_cnn,Zoo CNN,0,True,"{""batch_size"":64,""conv1d_filters"":[160,96,96],""conv2d_filters"":[128,160,128],""dense_units"":[96,256],""dropout"":0.3,""expected_parameters"":145584,""frozen"":true,""implementation"":""neural_models.get_conv_net"",""input_shape"":[11,10,10],""learning_rate"":0.001,""max_epochs"":50,""output_units"":80,""patience"":10,""pilot_source"":""original Zoo architecture and results/sweep_5.csv"",""pooling_weights"":{""average"":0.7,""max"":0.3}}",219344d288a1f6230782c6839c7a9758e13c3625ddae1b87e29779a206a56278,0.013652617782084864,26.576690753921866,1551397043,1497763446.0,True,True,0,True,0.0,lowest_ordered_candidate_on_exact_tie
sensitivity,13,160,zoo_cnn,Zoo CNN,1,False,"{""batch_size"":64,""conv1d_filters"":[160,96,96],""conv2d_filters"":[128,160,128],""dense_units"":[96,256],""dropout"":0.1,""expected_parameters"":145584,""frozen"":true,""implementation"":""neural_models.get_conv_net"",""input_shape"":[11,10,10],""learning_rate"":0.0003,""max_epochs"":50,""output_units"":80,""patience"":10,""pilot_source"":""original Zoo architecture and results/sweep_5.csv"",""pooling_weights"":{""average"":0.7,""max"":0.3}}",abbc846d863092760291bfa1d382563580835324df5f7f6ce46a6fbed3da8072,0.0145673112247293,21.381511363899335,1551397043,1497763446.0,False,True,0,False,0.0,lowest_ordered_candidate_on_exact_tie
sensitivity,13,160,zoo_cnn,Zoo CNN,2,False,"{""batch_size"":64,""conv1d_filters"":[160,96,96],""conv2d_filters"":[128,160,128],""dense_units"":[96,256],""dropout"":0.3,""expected_parameters"":145584,""frozen"":true,""implementation"":""neural_models.get_conv_net"",""input_shape"":[11,10,10],""learning_rate"":0.0003,""max_epochs"":50,""output_units"":80,""patience"":10,""pilot_source"":""original Zoo architecture and results/sweep_5.csv"",""pooling_weights"":{""average"":0.7,""max"":0.3}}",36cfcc45679e2e31725ccf0dedf1ff567692c99678381161175d0aef95c9aead,0.014127291285489159,26.819420006126165,1551397043,1497763446.0,False,True,0,False,0.0,lowest_ordered_candidate_on_exact_tie
sensitivity,13,160,zoo_cnn,Zoo CNN,3,False,"{""batch_size"":64,""conv1d_filters"":[160,96,96],""conv2d_filters"":[128,160,128],""dense_units"":[96,256],""dropout"":0.1,""expected_parameters"":145584,""frozen"":true,""implementation"":""neural_models.get_conv_net"",""input_shape"":[11,10,10],""learning_rate"":0.001,""max_epochs"":50,""output_units"":80,""patience"":10,""pilot_source"":""original Zoo architecture and results/sweep_5.csv"",""pooling_weights"":{""average"":0.7,""max"":0.3}}",0b22203ab4438c16191482ac13e31621a615cbaa6cf409114e6377f1bec3dc7b,0.013932950148374057,23.36731211305596,1551397043,1497763446.0,False,True,0,False,0.0,lowest_ordered_candidate_on_exact_tie
sensitivity,13,360,lightgbm_multiclass,LightGBM,0,True,"{""boosting_type"":""gbdt"",""colsample_bytree"":1.0,""frozen"":true,""implementation"":""lightgbm.LGBMClassifier"",""learning_rate"":0.05,""max_depth"":5,""min_child_samples"":50,""min_child_weight"":0.001,""min_split_gain"":0.0,""n_estimators"":200,""n_jobs"":1,""num_class"":80,""num_leaves"":31,""objective"":""multiclass"",""pilot_source"":""results/sweep_5_config.json"",""reg_alpha"":0.5,""reg_lambda"":0.5,""subsample"":1.0,""subsample_freq"":0}",5689446e19bdea1df411111e1e4b5cc50183c270622d0757b33c51d0a5938a1c,0.013669946316601948,26.26319376192987,941543950,,True,True,0,True,0.0,lowest_ordered_candidate_on_exact_tie
sensitivity,13,360,lightgbm_multiclass,LightGBM,1,False,"{""boosting_type"":""gbdt"",""colsample_bytree"":1.0,""frozen"":true,""implementation"":""lightgbm.LGBMClassifier"",""learning_rate"":0.05,""max_depth"":5,""min_child_samples"":20,""min_child_weight"":0.001,""min_split_gain"":0.0,""n_estimators"":200,""n_jobs"":1,""num_class"":80,""num_leaves"":31,""objective"":""multiclass"",""pilot_source"":""results/sweep_5_config.json"",""reg_alpha"":0.1,""reg_lambda"":0.1,""subsample"":1.0,""subsample_freq"":0}",cb116d2e0b5ef62830f7ca0d63c0d488226c533f44349af3605ff4acd0a2aebc,0.013798994334836103,27.505347647937015,941543950,,False,True,0,False,0.0,lowest_ordered_candidate_on_exact_tie
sensitivity,13,360,lightgbm_multiclass,LightGBM,2,False,"{""boosting_type"":""gbdt"",""colsample_bytree"":1.0,""frozen"":true,""implementation"":""lightgbm.LGBMClassifier"",""learning_rate"":0.05,""max_depth"":7,""min_child_samples"":20,""min_child_weight"":0.001,""min_split_gain"":0.0,""n_estimators"":200,""n_jobs"":1,""num_class"":80,""num_leaves"":31,""objective"":""multiclass"",""pilot_source"":""results/sweep_5_config.json"",""reg_alpha"":0.1,""reg_lambda"":0.1,""subsample"":1.0,""subsample_freq"":0}",cae2276bc5c6ec1a3d72ce53c46697dc247ba4430ea98e1f609b624c98c8365e,0.01404410160154916,35.15995942300651,941543950,,False,True,0,False,0.0,lowest_ordered_candidate_on_exact_tie
sensitivity,13,360,lightgbm_multiclass,LightGBM,3,False,"{""boosting_type"":""gbdt"",""colsample_bytree"":1.0,""frozen"":true,""implementation"":""lightgbm.LGBMClassifier"",""learning_rate"":0.1,""max_depth"":5,""min_child_samples"":20,""min_child_weight"":0.001,""min_split_gain"":0.0,""n_estimators"":200,""n_jobs"":1,""num_class"":80,""num_leaves"":31,""objective"":""multiclass"",""pilot_source"":""results/sweep_5_config.json"",""reg_alpha"":0.1,""reg_lambda"":0.1,""subsample"":1.0,""subsample_freq"":0}",c698b699f6c7cf18743346c4dd2691d8b650e657ec9a021d53142751ecc58407,0.014189804632282794,24.87759614503011,941543950,,False,True,0,False,0.0,lowest_ordered_candidate_on_exact_tie
sensitivity,13,360,ridge_sgd_l2,L2 one-vs-rest logistic,0,True,"{""alpha"":0.3333333333333333,""average"":false,""batch_size"":64,""epochs"":50,""eta0"":0.01,""fit_intercept"":true,""frozen"":true,""implementation"":""sklearn.linear_model.SGDClassifier"",""learning_rate"":""optimal"",""loss"":""log_loss"",""penalty"":""l2"",""pilot_source"":""results/sweep_5_config.json""}",851f14fb6b5ecda88baab0b92a7a36c949fdd0437766fc7d2433f329e2fde2f3,0.014548032712621175,158.56804336991627,783063810,,False,False,4,False,0.0,lowest_ordered_candidate_on_exact_tie
sensitivity,13,360,ridge_sgd_l2,L2 one-vs-rest logistic,1,False,"{""alpha"":10.0,""average"":false,""batch_size"":64,""epochs"":50,""eta0"":0.01,""fit_intercept"":true,""frozen"":true,""implementation"":""sklearn.linear_model.SGDClassifier"",""learning_rate"":""optimal"",""loss"":""log_loss"",""penalty"":""l2"",""pilot_source"":""results/sweep_5_config.json""}",dc2707c60c369df46e9b424fa8a1ebc5b23e4a351ced0c10e7e7dc66c6076d51,0.021400952223311,158.0851350580342,783063810,,False,False,4,False,0.0,lowest_ordered_candidate_on_exact_tie
sensitivity,13,360,ridge_sgd_l2,L2 one-vs-rest logistic,2,False,"{""alpha"":3.3333333333333335,""average"":false,""batch_size"":64,""epochs"":50,""eta0"":0.01,""fit_intercept"":true,""frozen"":true,""implementation"":""sklearn.linear_model.SGDClassifier"",""learning_rate"":""optimal"",""loss"":""log_loss"",""penalty"":""l2"",""pilot_source"":""results/sweep_5_config.json""}",7aa5dba8ad015c8682db23cb59b805649b89895bc1121de465bef1e495573967,0.01689246772811129,158.0256114329677,783063810,,False,False,4,False,0.0,lowest_ordered_candidate_on_exact_tie
sensitivity,13,360,ridge_sgd_l2,L2 one-vs-rest logistic,3,False,"{""alpha"":1.0,""average"":false,""batch_size"":64,""epochs"":50,""eta0"":0.01,""fit_intercept"":true,""frozen"":true,""implementation"":""sklearn.linear_model.SGDClassifier"",""learning_rate"":""optimal"",""loss"":""log_loss"",""penalty"":""l2"",""pilot_source"":""results/sweep_5_config.json""}",f1028920c45a062ceb93b6bb97df161e827da764972699d89f7ccc787385a0de,0.015079620283895733,157.8606058199657,783063810,,False,False,4,False,0.0,lowest_ordered_candidate_on_exact_tie
sensitivity,13,360,ridge_sgd_l2,L2 one-vs-rest logistic,4,False,"{""alpha"":0.1,""average"":false,""batch_size"":64,""epochs"":50,""eta0"":0.01,""fit_intercept"":true,""frozen"":true,""implementation"":""sklearn.linear_model.SGDClassifier"",""learning_rate"":""optimal"",""loss"":""log_loss"",""penalty"":""l2"",""pilot_source"":""results/sweep_5_config.json""}",724a1fea14c056996c0474f9106b8177856f64794ebcc3fc1e458f6a8e12dc05,0.014240042019648418,157.75705605302937,783063810,,True,False,4,True,0.0,lowest_ordered_candidate_on_exact_tie
sensitivity,13,360,set_transformer,Set Transformer,0,True,"{""batch_size"":64,""d_model"":64,""dense_units"":[64,16],""dropout"":0.3,""expected_parameters"":157416,""ff_dim"":256,""frozen"":true,""implementation"":""neural_models.get_set_transformer"",""input_shape"":[22,10],""key_dim"":32,""learning_rate"":0.001,""max_epochs"":50,""num_heads"":2,""num_layers"":3,""output_units"":80,""patience"":10,""pilot_source"":""results/sweep_5.csv"",""pooling"":""global_average""}",6f4dec421d8ca8a60ca233da0707302c871aa8127caae786bc585c163e11c567,0.012857317765187656,233.66315690008923,381602296,33040268.0,False,False,2,False,0.0,lowest_ordered_candidate_on_exact_tie
sensitivity,13,360,set_transformer,Set Transformer,1,False,"{""batch_size"":64,""d_model"":64,""dense_units"":[64,16],""dropout"":0.1,""expected_parameters"":157416,""ff_dim"":256,""frozen"":true,""implementation"":""neural_models.get_set_transformer"",""input_shape"":[22,10],""key_dim"":32,""learning_rate"":0.0003,""max_epochs"":50,""num_heads"":2,""num_layers"":3,""output_units"":80,""patience"":10,""pilot_source"":""results/sweep_5.csv"",""pooling"":""global_average""}",fe204fdf1e84832e477e9c76ffec174e32677e8d5a5f24b670abbf7a3b8c7db1,0.01276904851248244,133.69186430214904,381602296,33040268.0,False,False,2,False,0.0,lowest_ordered_candidate_on_exact_tie
sensitivity,13,360,set_transformer,Set Transformer,2,False,"{""batch_size"":64,""d_model"":64,""dense_units"":[64,16],""dropout"":0.3,""expected_parameters"":157416,""ff_dim"":256,""frozen"":true,""implementation"":""neural_models.get_set_transformer"",""input_shape"":[22,10],""key_dim"":32,""learning_rate"":0.0003,""max_epochs"":50,""num_heads"":2,""num_layers"":3,""output_units"":80,""patience"":10,""pilot_source"":""results/sweep_5.csv"",""pooling"":""global_average""}",98491dd6370054dad3bab81748034d9978d93498b7569cee08e9b098dc1ba9e5,0.012759340870391546,230.69932557013817,381602296,33040268.0,True,False,2,True,0.0,lowest_ordered_candidate_on_exact_tie
sensitivity,13,360,set_transformer,Set Transformer,3,False,"{""batch_size"":64,""d_model"":64,""dense_units"":[64,16],""dropout"":0.1,""expected_parameters"":157416,""ff_dim"":256,""frozen"":true,""implementation"":""neural_models.get_set_transformer"",""input_shape"":[22,10],""key_dim"":32,""learning_rate"":0.001,""max_epochs"":50,""num_heads"":2,""num_layers"":3,""output_units"":80,""patience"":10,""pilot_source"":""results/sweep_5.csv"",""pooling"":""global_average""}",6003534a6fb6f7c259ea7485f50597481535337902a4fc1efeb39ec80445d6d6,0.012844351297974304,227.80212193983607,381602296,33040268.0,False,False,2,False,0.0,lowest_ordered_candidate_on_exact_tie
sensitivity,13,360,zoo_cnn,Zoo CNN,0,True,"{""batch_size"":64,""conv1d_filters"":[160,96,96],""conv2d_filters"":[128,160,128],""dense_units"":[96,256],""dropout"":0.3,""expected_parameters"":145584,""frozen"":true,""implementation"":""neural_models.get_conv_net"",""input_shape"":[11,10,10],""learning_rate"":0.001,""max_epochs"":50,""output_units"":80,""patience"":10,""pilot_source"":""original Zoo architecture and results/sweep_5.csv"",""pooling_weights"":{""average"":0.7,""max"":0.3}}",219344d288a1f6230782c6839c7a9758e13c3625ddae1b87e29779a206a56278,0.013351279826927551,79.03947934415191,871161088,1457373364.0,True,True,0,True,0.0,lowest_ordered_candidate_on_exact_tie
sensitivity,13,360,zoo_cnn,Zoo CNN,1,False,"{""batch_size"":64,""conv1d_filters"":[160,96,96],""conv2d_filters"":[128,160,128],""dense_units"":[96,256],""dropout"":0.1,""expected_parameters"":145584,""frozen"":true,""implementation"":""neural_models.get_conv_net"",""input_shape"":[11,10,10],""learning_rate"":0.0003,""max_epochs"":50,""output_units"":80,""patience"":10,""pilot_source"":""original Zoo architecture and results/sweep_5.csv"",""pooling_weights"":{""average"":0.7,""max"":0.3}}",abbc846d863092760291bfa1d382563580835324df5f7f6ce46a6fbed3da8072,0.013392512140881004,41.74960193387233,871161088,1457373364.0,False,True,0,False,0.0,lowest_ordered_candidate_on_exact_tie
sensitivity,13,360,zoo_cnn,Zoo CNN,2,False,"{""batch_size"":64,""conv1d_filters"":[160,96,96],""conv2d_filters"":[128,160,128],""dense_units"":[96,256],""dropout"":0.3,""expected_parameters"":145584,""frozen"":true,""implementation"":""neural_models.get_conv_net"",""input_shape"":[11,10,10],""learning_rate"":0.0003,""max_epochs"":50,""output_units"":80,""patience"":10,""pilot_source"":""original Zoo architecture and results/sweep_5.csv"",""pooling_weights"":{""average"":0.7,""max"":0.3}}",36cfcc45679e2e31725ccf0dedf1ff567692c99678381161175d0aef95c9aead,0.013501921325904493,56.81791001209058,871161088,1457373364.0,False,True,0,False,0.0,lowest_ordered_candidate_on_exact_tie
sensitivity,13,360,zoo_cnn,Zoo CNN,3,False,"{""batch_size"":64,""conv1d_filters"":[160,96,96],""conv2d_filters"":[128,160,128],""dense_units"":[96,256],""dropout"":0.1,""expected_parameters"":145584,""frozen"":true,""implementation"":""neural_models.get_conv_net"",""input_shape"":[11,10,10],""learning_rate"":0.001,""max_epochs"":50,""output_units"":80,""patience"":10,""pilot_source"":""original Zoo architecture and results/sweep_5.csv"",""pooling_weights"":{""average"":0.7,""max"":0.3}}",0b22203ab4438c16191482ac13e31621a615cbaa6cf409114e6377f1bec3dc7b,0.013684085841029488,77.4252446340397,871161088,1457373364.0,False,True,0,False,0.0,lowest_ordered_candidate_on_exact_tie
sensitivity,14,20,lightgbm_multiclass,LightGBM,0,True,"{""boosting_type"":""gbdt"",""colsample_bytree"":1.0,""frozen"":true,""implementation"":""lightgbm.LGBMClassifier"",""learning_rate"":0.05,""max_depth"":5,""min_child_samples"":50,""min_child_weight"":0.001,""min_split_gain"":0.0,""n_estimators"":200,""n_jobs"":1,""num_class"":80,""num_leaves"":31,""objective"":""multiclass"",""pilot_source"":""results/sweep_5_config.json"",""reg_alpha"":0.5,""reg_lambda"":0.5,""subsample"":1.0,""subsample_freq"":0}",5689446e19bdea1df411111e1e4b5cc50183c270622d0757b33c51d0a5938a1c,0.014135394520514823,3.178515061037615,1417887809,,True,True,0,True,0.0,lowest_ordered_candidate_on_exact_tie
sensitivity,14,20,lightgbm_multiclass,LightGBM,1,False,"{""boosting_type"":""gbdt"",""colsample_bytree"":1.0,""frozen"":true,""implementation"":""lightgbm.LGBMClassifier"",""learning_rate"":0.05,""max_depth"":5,""min_child_samples"":20,""min_child_weight"":0.001,""min_split_gain"":0.0,""n_estimators"":200,""n_jobs"":1,""num_class"":80,""num_leaves"":31,""objective"":""multiclass"",""pilot_source"":""results/sweep_5_config.json"",""reg_alpha"":0.1,""reg_lambda"":0.1,""subsample"":1.0,""subsample_freq"":0}",cb116d2e0b5ef62830f7ca0d63c0d488226c533f44349af3605ff4acd0a2aebc,0.014757884154615592,4.0540165229467675,1417887809,,False,True,0,False,0.0,lowest_ordered_candidate_on_exact_tie
sensitivity,14,20,lightgbm_multiclass,LightGBM,2,False,"{""boosting_type"":""gbdt"",""colsample_bytree"":1.0,""frozen"":true,""implementation"":""lightgbm.LGBMClassifier"",""learning_rate"":0.05,""max_depth"":7,""min_child_samples"":20,""min_child_weight"":0.001,""min_split_gain"":0.0,""n_estimators"":200,""n_jobs"":1,""num_class"":80,""num_leaves"":31,""objective"":""multiclass"",""pilot_source"":""results/sweep_5_config.json"",""reg_alpha"":0.1,""reg_lambda"":0.1,""subsample"":1.0,""subsample_freq"":0}",cae2276bc5c6ec1a3d72ce53c46697dc247ba4430ea98e1f609b624c98c8365e,0.014707435087253784,4.3542680100072175,1417887809,,False,True,0,False,0.0,lowest_ordered_candidate_on_exact_tie
sensitivity,14,20,lightgbm_multiclass,LightGBM,3,False,"{""boosting_type"":""gbdt"",""colsample_bytree"":1.0,""frozen"":true,""implementation"":""lightgbm.LGBMClassifier"",""learning_rate"":0.1,""max_depth"":5,""min_child_samples"":20,""min_child_weight"":0.001,""min_split_gain"":0.0,""n_estimators"":200,""n_jobs"":1,""num_class"":80,""num_leaves"":31,""objective"":""multiclass"",""pilot_source"":""results/sweep_5_config.json"",""reg_alpha"":0.1,""reg_lambda"":0.1,""subsample"":1.0,""subsample_freq"":0}",c698b699f6c7cf18743346c4dd2691d8b650e657ec9a021d53142751ecc58407,0.014985583469207808,2.7360081719234586,1417887809,,False,True,0,False,0.0,lowest_ordered_candidate_on_exact_tie
sensitivity,14,20,ridge_sgd_l2,L2 one-vs-rest logistic,0,True,"{""alpha"":0.3333333333333333,""average"":false,""batch_size"":64,""epochs"":50,""eta0"":0.01,""fit_intercept"":true,""frozen"":true,""implementation"":""sklearn.linear_model.SGDClassifier"",""learning_rate"":""optimal"",""loss"":""log_loss"",""penalty"":""l2"",""pilot_source"":""results/sweep_5_config.json""}",851f14fb6b5ecda88baab0b92a7a36c949fdd0437766fc7d2433f329e2fde2f3,0.013986774081277478,9.055985203012824,374805373,,False,False,4,False,0.0,lowest_ordered_candidate_on_exact_tie
sensitivity,14,20,ridge_sgd_l2,L2 one-vs-rest logistic,1,False,"{""alpha"":10.0,""average"":false,""batch_size"":64,""epochs"":50,""eta0"":0.01,""fit_intercept"":true,""frozen"":true,""implementation"":""sklearn.linear_model.SGDClassifier"",""learning_rate"":""optimal"",""loss"":""log_loss"",""penalty"":""l2"",""pilot_source"":""results/sweep_5_config.json""}",dc2707c60c369df46e9b424fa8a1ebc5b23e4a351ced0c10e7e7dc66c6076d51,0.021134849118261908,8.722495188005269,374805373,,False,False,4,False,0.0,lowest_ordered_candidate_on_exact_tie
sensitivity,14,20,ridge_sgd_l2,L2 one-vs-rest logistic,2,False,"{""alpha"":3.3333333333333335,""average"":false,""batch_size"":64,""epochs"":50,""eta0"":0.01,""fit_intercept"":true,""frozen"":true,""implementation"":""sklearn.linear_model.SGDClassifier"",""learning_rate"":""optimal"",""loss"":""log_loss"",""penalty"":""l2"",""pilot_source"":""results/sweep_5_config.json""}",7aa5dba8ad015c8682db23cb59b805649b89895bc1121de465bef1e495573967,0.016473744595868742,8.626926264027134,374805373,,False,False,4,False,0.0,lowest_ordered_candidate_on_exact_tie
sensitivity,14,20,ridge_sgd_l2,L2 one-vs-rest logistic,3,False,"{""alpha"":1.0,""average"":false,""batch_size"":64,""epochs"":50,""eta0"":0.01,""fit_intercept"":true,""frozen"":true,""implementation"":""sklearn.linear_model.SGDClassifier"",""learning_rate"":""optimal"",""loss"":""log_loss"",""penalty"":""l2"",""pilot_source"":""results/sweep_5_config.json""}",f1028920c45a062ceb93b6bb97df161e827da764972699d89f7ccc787385a0de,0.014536610116044143,8.641299372073263,374805373,,False,False,4,False,0.0,lowest_ordered_candidate_on_exact_tie
sensitivity,14,20,ridge_sgd_l2,L2 one-vs-rest logistic,4,False,"{""alpha"":0.1,""average"":false,""batch_size"":64,""epochs"":50,""eta0"":0.01,""fit_intercept"":true,""frozen"":true,""implementation"":""sklearn.linear_model.SGDClassifier"",""learning_rate"":""optimal"",""loss"":""log_loss"",""penalty"":""l2"",""pilot_source"":""results/sweep_5_config.json""}",724a1fea14c056996c0474f9106b8177856f64794ebcc3fc1e458f6a8e12dc05,0.013830788625703437,8.626222216058522,374805373,,True,False,4,True,0.0,lowest_ordered_candidate_on_exact_tie
sensitivity,14,20,set_transformer,Set Transformer,0,True,"{""batch_size"":64,""d_model"":64,""dense_units"":[64,16],""dropout"":0.3,""expected_parameters"":157416,""ff_dim"":256,""frozen"":true,""implementation"":""neural_models.get_set_transformer"",""input_shape"":[22,10],""key_dim"":32,""learning_rate"":0.001,""max_epochs"":50,""num_heads"":2,""num_layers"":3,""output_units"":80,""patience"":10,""pilot_source"":""results/sweep_5.csv"",""pooling"":""global_average""}",6f4dec421d8ca8a60ca233da0707302c871aa8127caae786bc585c163e11c567,0.01339978352167111,25.702111079823226,1155278625,366683598.0,True,True,0,True,0.0,lowest_ordered_candidate_on_exact_tie
sensitivity,14,20,set_transformer,Set Transformer,1,False,"{""batch_size"":64,""d_model"":64,""dense_units"":[64,16],""dropout"":0.1,""expected_parameters"":157416,""ff_dim"":256,""frozen"":true,""implementation"":""neural_models.get_set_transformer"",""input_shape"":[22,10],""key_dim"":32,""learning_rate"":0.0003,""max_epochs"":50,""num_heads"":2,""num_layers"":3,""output_units"":80,""patience"":10,""pilot_source"":""results/sweep_5.csv"",""pooling"":""global_average""}",fe204fdf1e84832e477e9c76ffec174e32677e8d5a5f24b670abbf7a3b8c7db1,0.013494235488509485,31.626955444924533,1155278625,366683598.0,False,True,0,False,0.0,lowest_ordered_candidate_on_exact_tie
sensitivity,14,20,set_transformer,Set Transformer,2,False,"{""batch_size"":64,""d_model"":64,""dense_units"":[64,16],""dropout"":0.3,""expected_parameters"":157416,""ff_dim"":256,""frozen"":true,""implementation"":""neural_models.get_set_transformer"",""input_shape"":[22,10],""key_dim"":32,""learning_rate"":0.0003,""max_epochs"":50,""num_heads"":2,""num_layers"":3,""output_units"":80,""patience"":10,""pilot_source"":""results/sweep_5.csv"",""pooling"":""global_average""}",98491dd6370054dad3bab81748034d9978d93498b7569cee08e9b098dc1ba9e5,0.01348169989369093,31.37656882405281,1155278625,366683598.0,False,True,0,False,0.0,lowest_ordered_candidate_on_exact_tie
sensitivity,14,20,set_transformer,Set Transformer,3,False,"{""batch_size"":64,""d_model"":64,""dense_units"":[64,16],""dropout"":0.1,""expected_parameters"":157416,""ff_dim"":256,""frozen"":true,""implementation"":""neural_models.get_set_transformer"",""input_shape"":[22,10],""key_dim"":32,""learning_rate"":0.001,""max_epochs"":50,""num_heads"":2,""num_layers"":3,""output_units"":80,""patience"":10,""pilot_source"":""results/sweep_5.csv"",""pooling"":""global_average""}",6003534a6fb6f7c259ea7485f50597481535337902a4fc1efeb39ec80445d6d6,0.014610377737971057,31.09510069596581,1155278625,366683598.0,False,True,0,False,0.0,lowest_ordered_candidate_on_exact_tie
sensitivity,14,20,zoo_cnn,Zoo CNN,0,True,"{""batch_size"":64,""conv1d_filters"":[160,96,96],""conv2d_filters"":[128,160,128],""dense_units"":[96,256],""dropout"":0.3,""expected_parameters"":145584,""frozen"":true,""implementation"":""neural_models.get_conv_net"",""input_shape"":[11,10,10],""learning_rate"":0.001,""max_epochs"":50,""output_units"":80,""patience"":10,""pilot_source"":""original Zoo architecture and results/sweep_5.csv"",""pooling_weights"":{""average"":0.7,""max"":0.3}}",219344d288a1f6230782c6839c7a9758e13c3625ddae1b87e29779a206a56278,0.015341720065745811,14.113883565878496,1613804744,457397776.0,True,True,0,True,0.0,lowest_ordered_candidate_on_exact_tie
sensitivity,14,20,zoo_cnn,Zoo CNN,1,False,"{""batch_size"":64,""conv1d_filters"":[160,96,96],""conv2d_filters"":[128,160,128],""dense_units"":[96,256],""dropout"":0.1,""expected_parameters"":145584,""frozen"":true,""implementation"":""neural_models.get_conv_net"",""input_shape"":[11,10,10],""learning_rate"":0.0003,""max_epochs"":50,""output_units"":80,""patience"":10,""pilot_source"":""original Zoo architecture and results/sweep_5.csv"",""pooling_weights"":{""average"":0.7,""max"":0.3}}",abbc846d863092760291bfa1d382563580835324df5f7f6ce46a6fbed3da8072,0.01675323711510433,17.665672030998394,1613804744,457397776.0,False,True,0,False,0.0,lowest_ordered_candidate_on_exact_tie
sensitivity,14,20,zoo_cnn,Zoo CNN,2,False,"{""batch_size"":64,""conv1d_filters"":[160,96,96],""conv2d_filters"":[128,160,128],""dense_units"":[96,256],""dropout"":0.3,""expected_parameters"":145584,""frozen"":true,""implementation"":""neural_models.get_conv_net"",""input_shape"":[11,10,10],""learning_rate"":0.0003,""max_epochs"":50,""output_units"":80,""patience"":10,""pilot_source"":""original Zoo architecture and results/sweep_5.csv"",""pooling_weights"":{""average"":0.7,""max"":0.3}}",36cfcc45679e2e31725ccf0dedf1ff567692c99678381161175d0aef95c9aead,0.016072731595955486,16.346615542890504,1613804744,457397776.0,False,True,0,False,0.0,lowest_ordered_candidate_on_exact_tie
sensitivity,14,20,zoo_cnn,Zoo CNN,3,False,"{""batch_size"":64,""conv1d_filters"":[160,96,96],""conv2d_filters"":[128,160,128],""dense_units"":[96,256],""dropout"":0.1,""expected_parameters"":145584,""frozen"":true,""implementation"":""neural_models.get_conv_net"",""input_shape"":[11,10,10],""learning_rate"":0.001,""max_epochs"":50,""output_units"":80,""patience"":10,""pilot_source"":""original Zoo architecture and results/sweep_5.csv"",""pooling_weights"":{""average"":0.7,""max"":0.3}}",0b22203ab4438c16191482ac13e31621a615cbaa6cf409114e6377f1bec3dc7b,0.01658553593788948,10.361457220977172,1613804744,457397776.0,False,True,0,False,0.0,lowest_ordered_candidate_on_exact_tie
sensitivity,14,160,lightgbm_multiclass,LightGBM,0,True,"{""boosting_type"":""gbdt"",""colsample_bytree"":1.0,""frozen"":true,""implementation"":""lightgbm.LGBMClassifier"",""learning_rate"":0.05,""max_depth"":5,""min_child_samples"":50,""min_child_weight"":0.001,""min_split_gain"":0.0,""n_estimators"":200,""n_jobs"":1,""num_class"":80,""num_leaves"":31,""objective"":""multiclass"",""pilot_source"":""results/sweep_5_config.json"",""reg_alpha"":0.5,""reg_lambda"":0.5,""subsample"":1.0,""subsample_freq"":0}",5689446e19bdea1df411111e1e4b5cc50183c270622d0757b33c51d0a5938a1c,0.013158114187278327,14.774429650977254,119320016,,True,True,0,True,0.0,lowest_ordered_candidate_on_exact_tie
sensitivity,14,160,lightgbm_multiclass,LightGBM,1,False,"{""boosting_type"":""gbdt"",""colsample_bytree"":1.0,""frozen"":true,""implementation"":""lightgbm.LGBMClassifier"",""learning_rate"":0.05,""max_depth"":5,""min_child_samples"":20,""min_child_weight"":0.001,""min_split_gain"":0.0,""n_estimators"":200,""n_jobs"":1,""num_class"":80,""num_leaves"":31,""objective"":""multiclass"",""pilot_source"":""results/sweep_5_config.json"",""reg_alpha"":0.1,""reg_lambda"":0.1,""subsample"":1.0,""subsample_freq"":0}",cb116d2e0b5ef62830f7ca0d63c0d488226c533f44349af3605ff4acd0a2aebc,0.013394365764128746,16.126731156022288,119320016,,False,True,0,False,0.0,lowest_ordered_candidate_on_exact_tie
sensitivity,14,160,lightgbm_multiclass,LightGBM,2,False,"{""boosting_type"":""gbdt"",""colsample_bytree"":1.0,""frozen"":true,""implementation"":""lightgbm.LGBMClassifier"",""learning_rate"":0.05,""max_depth"":7,""min_child_samples"":20,""min_child_weight"":0.001,""min_split_gain"":0.0,""n_estimators"":200,""n_jobs"":1,""num_class"":80,""num_leaves"":31,""objective"":""multiclass"",""pilot_source"":""results/sweep_5_config.json"",""reg_alpha"":0.1,""reg_lambda"":0.1,""subsample"":1.0,""subsample_freq"":0}",cae2276bc5c6ec1a3d72ce53c46697dc247ba4430ea98e1f609b624c98c8365e,0.013636780313886425,21.349381331005134,119320016,,False,True,0,False,0.0,lowest_ordered_candidate_on_exact_tie
sensitivity,14,160,lightgbm_multiclass,LightGBM,3,False,"{""boosting_type"":""gbdt"",""colsample_bytree"":1.0,""frozen"":true,""implementation"":""lightgbm.LGBMClassifier"",""learning_rate"":0.1,""max_depth"":5,""min_child_samples"":20,""min_child_weight"":0.001,""min_split_gain"":0.0,""n_estimators"":200,""n_jobs"":1,""num_class"":80,""num_leaves"":31,""objective"":""multiclass"",""pilot_source"":""results/sweep_5_config.json"",""reg_alpha"":0.1,""reg_lambda"":0.1,""subsample"":1.0,""subsample_freq"":0}",c698b699f6c7cf18743346c4dd2691d8b650e657ec9a021d53142751ecc58407,0.013949426518826226,14.407415308989584,119320016,,False,True,0,False,0.0,lowest_ordered_candidate_on_exact_tie
sensitivity,14,160,ridge_sgd_l2,L2 one-vs-rest logistic,0,True,"{""alpha"":0.3333333333333333,""average"":false,""batch_size"":64,""epochs"":50,""eta0"":0.01,""fit_intercept"":true,""frozen"":true,""implementation"":""sklearn.linear_model.SGDClassifier"",""learning_rate"":""optimal"",""loss"":""log_loss"",""penalty"":""l2"",""pilot_source"":""results/sweep_5_config.json""}",851f14fb6b5ecda88baab0b92a7a36c949fdd0437766fc7d2433f329e2fde2f3,0.013982292345264283,71.38165489898529,1325358888,,False,False,4,False,0.0,lowest_ordered_candidate_on_exact_tie
sensitivity,14,160,ridge_sgd_l2,L2 one-vs-rest logistic,1,False,"{""alpha"":10.0,""average"":false,""batch_size"":64,""epochs"":50,""eta0"":0.01,""fit_intercept"":true,""frozen"":true,""implementation"":""sklearn.linear_model.SGDClassifier"",""learning_rate"":""optimal"",""loss"":""log_loss"",""penalty"":""l2"",""pilot_source"":""results/sweep_5_config.json""}",dc2707c60c369df46e9b424fa8a1ebc5b23e4a351ced0c10e7e7dc66c6076d51,0.021228754693504725,71.28306250402238,1325358888,,False,False,4,False,0.0,lowest_ordered_candidate_on_exact_tie
sensitivity,14,160,ridge_sgd_l2,L2 one-vs-rest logistic,2,False,"{""alpha"":3.3333333333333335,""average"":false,""batch_size"":64,""epochs"":50,""eta0"":0.01,""fit_intercept"":true,""frozen"":true,""implementation"":""sklearn.linear_model.SGDClassifier"",""learning_rate"":""optimal"",""loss"":""log_loss"",""penalty"":""l2"",""pilot_source"":""results/sweep_5_config.json""}",7aa5dba8ad015c8682db23cb59b805649b89895bc1121de465bef1e495573967,0.01654889487790787,71.27634791505989,1325358888,,False,False,4,False,0.0,lowest_ordered_candidate_on_exact_tie
sensitivity,14,160,ridge_sgd_l2,L2 one-vs-rest logistic,3,False,"{""alpha"":1.0,""average"":false,""batch_size"":64,""epochs"":50,""eta0"":0.01,""fit_intercept"":true,""frozen"":true,""implementation"":""sklearn.linear_model.SGDClassifier"",""learning_rate"":""optimal"",""loss"":""log_loss"",""penalty"":""l2"",""pilot_source"":""results/sweep_5_config.json""}",f1028920c45a062ceb93b6bb97df161e827da764972699d89f7ccc787385a0de,0.014571906639667443,71.41341892490163,1325358888,,False,False,4,False,0.0,lowest_ordered_candidate_on_exact_tie
sensitivity,14,160,ridge_sgd_l2,L2 one-vs-rest logistic,4,False,"{""alpha"":0.1,""average"":false,""batch_size"":64,""epochs"":50,""eta0"":0.01,""fit_intercept"":true,""frozen"":true,""implementation"":""sklearn.linear_model.SGDClassifier"",""learning_rate"":""optimal"",""loss"":""log_loss"",""penalty"":""l2"",""pilot_source"":""results/sweep_5_config.json""}",724a1fea14c056996c0474f9106b8177856f64794ebcc3fc1e458f6a8e12dc05,0.013677280935417254,71.21458156011067,1325358888,,True,False,4,True,0.0,lowest_ordered_candidate_on_exact_tie
sensitivity,14,160,set_transformer,Set Transformer,0,True,"{""batch_size"":64,""d_model"":64,""dense_units"":[64,16],""dropout"":0.3,""expected_parameters"":157416,""ff_dim"":256,""frozen"":true,""implementation"":""neural_models.get_set_transformer"",""input_shape"":[22,10],""key_dim"":32,""learning_rate"":0.001,""max_epochs"":50,""num_heads"":2,""num_layers"":3,""output_units"":80,""patience"":10,""pilot_source"":""results/sweep_5.csv"",""pooling"":""global_average""}",6f4dec421d8ca8a60ca233da0707302c871aa8127caae786bc585c163e11c567,0.012723881566815236,94.74877636693418,1502160867,1924727768.0,False,False,2,False,0.0,lowest_ordered_candidate_on_exact_tie
sensitivity,14,160,set_transformer,Set Transformer,1,False,"{""batch_size"":64,""d_model"":64,""dense_units"":[64,16],""dropout"":0.1,""expected_parameters"":157416,""ff_dim"":256,""frozen"":true,""implementation"":""neural_models.get_set_transformer"",""input_shape"":[22,10],""key_dim"":32,""learning_rate"":0.0003,""max_epochs"":50,""num_heads"":2,""num_layers"":3,""output_units"":80,""patience"":10,""pilot_source"":""results/sweep_5.csv"",""pooling"":""global_average""}",fe204fdf1e84832e477e9c76ffec174e32677e8d5a5f24b670abbf7a3b8c7db1,0.01293898779549103,83.17821899591945,1502160867,1924727768.0,False,False,2,False,0.0,lowest_ordered_candidate_on_exact_tie
sensitivity,14,160,set_transformer,Set Transformer,2,False,"{""batch_size"":64,""d_model"":64,""dense_units"":[64,16],""dropout"":0.3,""expected_parameters"":157416,""ff_dim"":256,""frozen"":true,""implementation"":""neural_models.get_set_transformer"",""input_shape"":[22,10],""key_dim"":32,""learning_rate"":0.0003,""max_epochs"":50,""num_heads"":2,""num_layers"":3,""output_units"":80,""patience"":10,""pilot_source"":""results/sweep_5.csv"",""pooling"":""global_average""}",98491dd6370054dad3bab81748034d9978d93498b7569cee08e9b098dc1ba9e5,0.012711587439416095,116.91648926609196,1502160867,1924727768.0,True,False,2,True,0.0,lowest_ordered_candidate_on_exact_tie
sensitivity,14,160,set_transformer,Set Transformer,3,False,"{""batch_size"":64,""d_model"":64,""dense_units"":[64,16],""dropout"":0.1,""expected_parameters"":157416,""ff_dim"":256,""frozen"":true,""implementation"":""neural_models.get_set_transformer"",""input_shape"":[22,10],""key_dim"":32,""learning_rate"":0.001,""max_epochs"":50,""num_heads"":2,""num_layers"":3,""output_units"":80,""patience"":10,""pilot_source"":""results/sweep_5.csv"",""pooling"":""global_average""}",6003534a6fb6f7c259ea7485f50597481535337902a4fc1efeb39ec80445d6d6,0.01306784973481389,86.94815142080188,1502160867,1924727768.0,False,False,2,False,0.0,lowest_ordered_candidate_on_exact_tie
sensitivity,14,160,zoo_cnn,Zoo CNN,0,True,"{""batch_size"":64,""conv1d_filters"":[160,96,96],""conv2d_filters"":[128,160,128],""dense_units"":[96,256],""dropout"":0.3,""expected_parameters"":145584,""frozen"":true,""implementation"":""neural_models.get_conv_net"",""input_shape"":[11,10,10],""learning_rate"":0.001,""max_epochs"":50,""output_units"":80,""patience"":10,""pilot_source"":""original Zoo architecture and results/sweep_5.csv"",""pooling_weights"":{""average"":0.7,""max"":0.3}}",219344d288a1f6230782c6839c7a9758e13c3625ddae1b87e29779a206a56278,0.01337744841529101,35.00045508216135,1402252712,1574238550.0,False,False,3,False,0.0,lowest_ordered_candidate_on_exact_tie
sensitivity,14,160,zoo_cnn,Zoo CNN,1,False,"{""batch_size"":64,""conv1d_filters"":[160,96,96],""conv2d_filters"":[128,160,128],""dense_units"":[96,256],""dropout"":0.1,""expected_parameters"":145584,""frozen"":true,""implementation"":""neural_models.get_conv_net"",""input_shape"":[11,10,10],""learning_rate"":0.0003,""max_epochs"":50,""output_units"":80,""patience"":10,""pilot_source"":""original Zoo architecture and results/sweep_5.csv"",""pooling_weights"":{""average"":0.7,""max"":0.3}}",abbc846d863092760291bfa1d382563580835324df5f7f6ce46a6fbed3da8072,0.013860709776557642,24.6807456149254,1402252712,1574238550.0,False,False,3,False,0.0,lowest_ordered_candidate_on_exact_tie
sensitivity,14,160,zoo_cnn,Zoo CNN,2,False,"{""batch_size"":64,""conv1d_filters"":[160,96,96],""conv2d_filters"":[128,160,128],""dense_units"":[96,256],""dropout"":0.3,""expected_parameters"":145584,""frozen"":true,""implementation"":""neural_models.get_conv_net"",""input_shape"":[11,10,10],""learning_rate"":0.0003,""max_epochs"":50,""output_units"":80,""patience"":10,""pilot_source"":""original Zoo architecture and results/sweep_5.csv"",""pooling_weights"":{""average"":0.7,""max"":0.3}}",36cfcc45679e2e31725ccf0dedf1ff567692c99678381161175d0aef95c9aead,0.013871156170442133,23.345500768860802,1402252712,1574238550.0,False,False,3,False,0.0,lowest_ordered_candidate_on_exact_tie
sensitivity,14,160,zoo_cnn,Zoo CNN,3,False,"{""batch_size"":64,""conv1d_filters"":[160,96,96],""conv2d_filters"":[128,160,128],""dense_units"":[96,256],""dropout"":0.1,""expected_parameters"":145584,""frozen"":true,""implementation"":""neural_models.get_conv_net"",""input_shape"":[11,10,10],""learning_rate"":0.001,""max_epochs"":50,""output_units"":80,""patience"":10,""pilot_source"":""original Zoo architecture and results/sweep_5.csv"",""pooling_weights"":{""average"":0.7,""max"":0.3}}",0b22203ab4438c16191482ac13e31621a615cbaa6cf409114e6377f1bec3dc7b,0.012971365131535751,21.791372682899237,1402252712,1574238550.0,True,False,3,True,0.0,lowest_ordered_candidate_on_exact_tie
sensitivity,14,360,lightgbm_multiclass,LightGBM,0,True,"{""boosting_type"":""gbdt"",""colsample_bytree"":1.0,""frozen"":true,""implementation"":""lightgbm.LGBMClassifier"",""learning_rate"":0.05,""max_depth"":5,""min_child_samples"":50,""min_child_weight"":0.001,""min_split_gain"":0.0,""n_estimators"":200,""n_jobs"":1,""num_class"":80,""num_leaves"":31,""objective"":""multiclass"",""pilot_source"":""results/sweep_5_config.json"",""reg_alpha"":0.5,""reg_lambda"":0.5,""subsample"":1.0,""subsample_freq"":0}",5689446e19bdea1df411111e1e4b5cc50183c270622d0757b33c51d0a5938a1c,0.013029888462566227,25.841357463039458,1331529519,,True,True,0,True,0.0,lowest_ordered_candidate_on_exact_tie
sensitivity,14,360,lightgbm_multiclass,LightGBM,1,False,"{""boosting_type"":""gbdt"",""colsample_bytree"":1.0,""frozen"":true,""implementation"":""lightgbm.LGBMClassifier"",""learning_rate"":0.05,""max_depth"":5,""min_child_samples"":20,""min_child_weight"":0.001,""min_split_gain"":0.0,""n_estimators"":200,""n_jobs"":1,""num_class"":80,""num_leaves"":31,""objective"":""multiclass"",""pilot_source"":""results/sweep_5_config.json"",""reg_alpha"":0.1,""reg_lambda"":0.1,""subsample"":1.0,""subsample_freq"":0}",cb116d2e0b5ef62830f7ca0d63c0d488226c533f44349af3605ff4acd0a2aebc,0.013158963012559383,26.963494544033892,1331529519,,False,True,0,False,0.0,lowest_ordered_candidate_on_exact_tie
sensitivity,14,360,lightgbm_multiclass,LightGBM,2,False,"{""boosting_type"":""gbdt"",""colsample_bytree"":1.0,""frozen"":true,""implementation"":""lightgbm.LGBMClassifier"",""learning_rate"":0.05,""max_depth"":7,""min_child_samples"":20,""min_child_weight"":0.001,""min_split_gain"":0.0,""n_estimators"":200,""n_jobs"":1,""num_class"":80,""num_leaves"":31,""objective"":""multiclass"",""pilot_source"":""results/sweep_5_config.json"",""reg_alpha"":0.1,""reg_lambda"":0.1,""subsample"":1.0,""subsample_freq"":0}",cae2276bc5c6ec1a3d72ce53c46697dc247ba4430ea98e1f609b624c98c8365e,0.013318403230944669,34.748467647936195,1331529519,,False,True,0,False,0.0,lowest_ordered_candidate_on_exact_tie
sensitivity,14,360,lightgbm_multiclass,LightGBM,3,False,"{""boosting_type"":""gbdt"",""colsample_bytree"":1.0,""frozen"":true,""implementation"":""lightgbm.LGBMClassifier"",""learning_rate"":0.1,""max_depth"":5,""min_child_samples"":20,""min_child_weight"":0.001,""min_split_gain"":0.0,""n_estimators"":200,""n_jobs"":1,""num_class"":80,""num_leaves"":31,""objective"":""multiclass"",""pilot_source"":""results/sweep_5_config.json"",""reg_alpha"":0.1,""reg_lambda"":0.1,""subsample"":1.0,""subsample_freq"":0}",c698b699f6c7cf18743346c4dd2691d8b650e657ec9a021d53142751ecc58407,0.013555747076075545,24.441401908057742,1331529519,,False,True,0,False,0.0,lowest_ordered_candidate_on_exact_tie
sensitivity,14,360,ridge_sgd_l2,L2 one-vs-rest logistic,0,True,"{""alpha"":0.3333333333333333,""average"":false,""batch_size"":64,""epochs"":50,""eta0"":0.01,""fit_intercept"":true,""frozen"":true,""implementation"":""sklearn.linear_model.SGDClassifier"",""learning_rate"":""optimal"",""loss"":""log_loss"",""penalty"":""l2"",""pilot_source"":""results/sweep_5_config.json""}",851f14fb6b5ecda88baab0b92a7a36c949fdd0437766fc7d2433f329e2fde2f3,0.013963642471710521,159.2704028839944,97321100,,False,False,4,False,0.0,lowest_ordered_candidate_on_exact_tie
sensitivity,14,360,ridge_sgd_l2,L2 one-vs-rest logistic,1,False,"{""alpha"":10.0,""average"":false,""batch_size"":64,""epochs"":50,""eta0"":0.01,""fit_intercept"":true,""frozen"":true,""implementation"":""sklearn.linear_model.SGDClassifier"",""learning_rate"":""optimal"",""loss"":""log_loss"",""penalty"":""l2"",""pilot_source"":""results/sweep_5_config.json""}",dc2707c60c369df46e9b424fa8a1ebc5b23e4a351ced0c10e7e7dc66c6076d51,0.021214430311648446,159.43429330200888,97321100,,False,False,4,False,0.0,lowest_ordered_candidate_on_exact_tie
sensitivity,14,360,ridge_sgd_l2,L2 one-vs-rest logistic,2,False,"{""alpha"":3.3333333333333335,""average"":false,""batch_size"":64,""epochs"":50,""eta0"":0.01,""fit_intercept"":true,""frozen"":true,""implementation"":""sklearn.linear_model.SGDClassifier"",""learning_rate"":""optimal"",""loss"":""log_loss"",""penalty"":""l2"",""pilot_source"":""results/sweep_5_config.json""}",7aa5dba8ad015c8682db23cb59b805649b89895bc1121de465bef1e495573967,0.016526576382956654,159.54957503604237,97321100,,False,False,4,False,0.0,lowest_ordered_candidate_on_exact_tie
sensitivity,14,360,ridge_sgd_l2,L2 one-vs-rest logistic,3,False,"{""alpha"":1.0,""average"":false,""batch_size"":64,""epochs"":50,""eta0"":0.01,""fit_intercept"":true,""frozen"":true,""implementation"":""sklearn.linear_model.SGDClassifier"",""learning_rate"":""optimal"",""loss"":""log_loss"",""penalty"":""l2"",""pilot_source"":""results/sweep_5_config.json""}",f1028920c45a062ceb93b6bb97df161e827da764972699d89f7ccc787385a0de,0.014555032001867228,159.56177340005524,97321100,,False,False,4,False,0.0,lowest_ordered_candidate_on_exact_tie
sensitivity,14,360,ridge_sgd_l2,L2 one-vs-rest logistic,4,False,"{""alpha"":0.1,""average"":false,""batch_size"":64,""epochs"":50,""eta0"":0.01,""fit_intercept"":true,""frozen"":true,""implementation"":""sklearn.linear_model.SGDClassifier"",""learning_rate"":""optimal"",""loss"":""log_loss"",""penalty"":""l2"",""pilot_source"":""results/sweep_5_config.json""}",724a1fea14c056996c0474f9106b8177856f64794ebcc3fc1e458f6a8e12dc05,0.013650019023586696,159.52514359692577,97321100,,True,False,4,True,0.0,lowest_ordered_candidate_on_exact_tie
sensitivity,14,360,set_transformer,Set Transformer,0,True,"{""batch_size"":64,""d_model"":64,""dense_units"":[64,16],""dropout"":0.3,""expected_parameters"":157416,""ff_dim"":256,""frozen"":true,""implementation"":""neural_models.get_set_transformer"",""input_shape"":[22,10],""key_dim"":32,""learning_rate"":0.001,""max_epochs"":50,""num_heads"":2,""num_layers"":3,""output_units"":80,""patience"":10,""pilot_source"":""results/sweep_5.csv"",""pooling"":""global_average""}",6f4dec421d8ca8a60ca233da0707302c871aa8127caae786bc585c163e11c567,0.012367758608114923,238.76438749511726,1469122957,1943090650.0,False,False,2,False,0.0,lowest_ordered_candidate_on_exact_tie
sensitivity,14,360,set_transformer,Set Transformer,1,False,"{""batch_size"":64,""d_model"":64,""dense_units"":[64,16],""dropout"":0.1,""expected_parameters"":157416,""ff_dim"":256,""frozen"":true,""implementation"":""neural_models.get_set_transformer"",""input_shape"":[22,10],""key_dim"":32,""learning_rate"":0.0003,""max_epochs"":50,""num_heads"":2,""num_layers"":3,""output_units"":80,""patience"":10,""pilot_source"":""results/sweep_5.csv"",""pooling"":""global_average""}",fe204fdf1e84832e477e9c76ffec174e32677e8d5a5f24b670abbf7a3b8c7db1,0.012295614361700584,186.93439665692858,1469122957,1943090650.0,False,False,2,False,0.0,lowest_ordered_candidate_on_exact_tie
sensitivity,14,360,set_transformer,Set Transformer,2,False,"{""batch_size"":64,""d_model"":64,""dense_units"":[64,16],""dropout"":0.3,""expected_parameters"":157416,""ff_dim"":256,""frozen"":true,""implementation"":""neural_models.get_set_transformer"",""input_shape"":[22,10],""key_dim"":32,""learning_rate"":0.0003,""max_epochs"":50,""num_heads"":2,""num_layers"":3,""output_units"":80,""patience"":10,""pilot_source"":""results/sweep_5.csv"",""pooling"":""global_average""}",98491dd6370054dad3bab81748034d9978d93498b7569cee08e9b098dc1ba9e5,0.012189736944167058,234.68982131918892,1469122957,1943090650.0,True,False,2,True,0.0,lowest_ordered_candidate_on_exact_tie
sensitivity,14,360,set_transformer,Set Transformer,3,False,"{""batch_size"":64,""d_model"":64,""dense_units"":[64,16],""dropout"":0.1,""expected_parameters"":157416,""ff_dim"":256,""frozen"":true,""implementation"":""neural_models.get_set_transformer"",""input_shape"":[22,10],""key_dim"":32,""learning_rate"":0.001,""max_epochs"":50,""num_heads"":2,""num_layers"":3,""output_units"":80,""patience"":10,""pilot_source"":""results/sweep_5.csv"",""pooling"":""global_average""}",6003534a6fb6f7c259ea7485f50597481535337902a4fc1efeb39ec80445d6d6,0.012311456209698578,124.82129798806272,1469122957,1943090650.0,False,False,2,False,0.0,lowest_ordered_candidate_on_exact_tie
sensitivity,14,360,zoo_cnn,Zoo CNN,0,True,"{""batch_size"":64,""conv1d_filters"":[160,96,96],""conv2d_filters"":[128,160,128],""dense_units"":[96,256],""dropout"":0.3,""expected_parameters"":145584,""frozen"":true,""implementation"":""neural_models.get_conv_net"",""input_shape"":[11,10,10],""learning_rate"":0.001,""max_epochs"":50,""output_units"":80,""patience"":10,""pilot_source"":""original Zoo architecture and results/sweep_5.csv"",""pooling_weights"":{""average"":0.7,""max"":0.3}}",219344d288a1f6230782c6839c7a9758e13c3625ddae1b87e29779a206a56278,0.01296970406532927,79.4040058508981,1116882026,363062347.0,False,False,3,False,0.0,lowest_ordered_candidate_on_exact_tie
sensitivity,14,360,zoo_cnn,Zoo CNN,1,False,"{""batch_size"":64,""conv1d_filters"":[160,96,96],""conv2d_filters"":[128,160,128],""dense_units"":[96,256],""dropout"":0.1,""expected_parameters"":145584,""frozen"":true,""implementation"":""neural_models.get_conv_net"",""input_shape"":[11,10,10],""learning_rate"":0.0003,""max_epochs"":50,""output_units"":80,""patience"":10,""pilot_source"":""original Zoo architecture and results/sweep_5.csv"",""pooling_weights"":{""average"":0.7,""max"":0.3}}",abbc846d863092760291bfa1d382563580835324df5f7f6ce46a6fbed3da8072,0.013589028792710964,60.42676801001653,1116882026,363062347.0,False,False,3,False,0.0,lowest_ordered_candidate_on_exact_tie
sensitivity,14,360,zoo_cnn,Zoo CNN,2,False,"{""batch_size"":64,""conv1d_filters"":[160,96,96],""conv2d_filters"":[128,160,128],""dense_units"":[96,256],""dropout"":0.3,""expected_parameters"":145584,""frozen"":true,""implementation"":""neural_models.get_conv_net"",""input_shape"":[11,10,10],""learning_rate"":0.0003,""max_epochs"":50,""output_units"":80,""patience"":10,""pilot_source"":""original Zoo architecture and results/sweep_5.csv"",""pooling_weights"":{""average"":0.7,""max"":0.3}}",36cfcc45679e2e31725ccf0dedf1ff567692c99678381161175d0aef95c9aead,0.013120757444001822,66.69998810300604,1116882026,363062347.0,False,False,3,False,0.0,lowest_ordered_candidate_on_exact_tie
sensitivity,14,360,zoo_cnn,Zoo CNN,3,False,"{""batch_size"":64,""conv1d_filters"":[160,96,96],""conv2d_filters"":[128,160,128],""dense_units"":[96,256],""dropout"":0.1,""expected_parameters"":145584,""frozen"":true,""implementation"":""neural_models.get_conv_net"",""input_shape"":[11,10,10],""learning_rate"":0.001,""max_epochs"":50,""output_units"":80,""patience"":10,""pilot_source"":""original Zoo architecture and results/sweep_5.csv"",""pooling_weights"":{""average"":0.7,""max"":0.3}}",0b22203ab4438c16191482ac13e31621a615cbaa6cf409114e6377f1bec3dc7b,0.012847216398081604,55.60922214598395,1116882026,363062347.0,True,False,3,True,0.0,lowest_ordered_candidate_on_exact_tie
sensitivity,15,20,lightgbm_multiclass,LightGBM,0,True,"{""boosting_type"":""gbdt"",""colsample_bytree"":1.0,""frozen"":true,""implementation"":""lightgbm.LGBMClassifier"",""learning_rate"":0.05,""max_depth"":5,""min_child_samples"":50,""min_child_weight"":0.001,""min_split_gain"":0.0,""n_estimators"":200,""n_jobs"":1,""num_class"":80,""num_leaves"":31,""objective"":""multiclass"",""pilot_source"":""results/sweep_5_config.json"",""reg_alpha"":0.5,""reg_lambda"":0.5,""subsample"":1.0,""subsample_freq"":0}",5689446e19bdea1df411111e1e4b5cc50183c270622d0757b33c51d0a5938a1c,0.014553601525319258,3.361475332058035,1132355499,,True,True,0,True,0.0,lowest_ordered_candidate_on_exact_tie
sensitivity,15,20,lightgbm_multiclass,LightGBM,1,False,"{""boosting_type"":""gbdt"",""colsample_bytree"":1.0,""frozen"":true,""implementation"":""lightgbm.LGBMClassifier"",""learning_rate"":0.05,""max_depth"":5,""min_child_samples"":20,""min_child_weight"":0.001,""min_split_gain"":0.0,""n_estimators"":200,""n_jobs"":1,""num_class"":80,""num_leaves"":31,""objective"":""multiclass"",""pilot_source"":""results/sweep_5_config.json"",""reg_alpha"":0.1,""reg_lambda"":0.1,""subsample"":1.0,""subsample_freq"":0}",cb116d2e0b5ef62830f7ca0d63c0d488226c533f44349af3605ff4acd0a2aebc,0.015224808544518943,4.206620660959743,1132355499,,False,True,0,False,0.0,lowest_ordered_candidate_on_exact_tie
sensitivity,15,20,lightgbm_multiclass,LightGBM,2,False,"{""boosting_type"":""gbdt"",""colsample_bytree"":1.0,""frozen"":true,""implementation"":""lightgbm.LGBMClassifier"",""learning_rate"":0.05,""max_depth"":7,""min_child_samples"":20,""min_child_weight"":0.001,""min_split_gain"":0.0,""n_estimators"":200,""n_jobs"":1,""num_class"":80,""num_leaves"":31,""objective"":""multiclass"",""pilot_source"":""results/sweep_5_config.json"",""reg_alpha"":0.1,""reg_lambda"":0.1,""subsample"":1.0,""subsample_freq"":0}",cae2276bc5c6ec1a3d72ce53c46697dc247ba4430ea98e1f609b624c98c8365e,0.015013413019532481,4.569422597065568,1132355499,,False,True,0,False,0.0,lowest_ordered_candidate_on_exact_tie
sensitivity,15,20,lightgbm_multiclass,LightGBM,3,False,"{""boosting_type"":""gbdt"",""colsample_bytree"":1.0,""frozen"":true,""implementation"":""lightgbm.LGBMClassifier"",""learning_rate"":0.1,""max_depth"":5,""min_child_samples"":20,""min_child_weight"":0.001,""min_split_gain"":0.0,""n_estimators"":200,""n_jobs"":1,""num_class"":80,""num_leaves"":31,""objective"":""multiclass"",""pilot_source"":""results/sweep_5_config.json"",""reg_alpha"":0.1,""reg_lambda"":0.1,""subsample"":1.0,""subsample_freq"":0}",c698b699f6c7cf18743346c4dd2691d8b650e657ec9a021d53142751ecc58407,0.015232592761611003,2.8479492589831352,1132355499,,False,True,0,False,0.0,lowest_ordered_candidate_on_exact_tie
sensitivity,15,20,ridge_sgd_l2,L2 one-vs-rest logistic,0,True,"{""alpha"":0.3333333333333333,""average"":false,""batch_size"":64,""epochs"":50,""eta0"":0.01,""fit_intercept"":true,""frozen"":true,""implementation"":""sklearn.linear_model.SGDClassifier"",""learning_rate"":""optimal"",""loss"":""log_loss"",""penalty"":""l2"",""pilot_source"":""results/sweep_5_config.json""}",851f14fb6b5ecda88baab0b92a7a36c949fdd0437766fc7d2433f329e2fde2f3,0.014612929095208706,9.453854338964447,40999154,,False,False,4,False,0.0,lowest_ordered_candidate_on_exact_tie
sensitivity,15,20,ridge_sgd_l2,L2 one-vs-rest logistic,1,False,"{""alpha"":10.0,""average"":false,""batch_size"":64,""epochs"":50,""eta0"":0.01,""fit_intercept"":true,""frozen"":true,""implementation"":""sklearn.linear_model.SGDClassifier"",""learning_rate"":""optimal"",""loss"":""log_loss"",""penalty"":""l2"",""pilot_source"":""results/sweep_5_config.json""}",dc2707c60c369df46e9b424fa8a1ebc5b23e4a351ced0c10e7e7dc66c6076d51,0.021405252373572627,9.24025305104442,40999154,,False,False,4,False,0.0,lowest_ordered_candidate_on_exact_tie
sensitivity,15,20,ridge_sgd_l2,L2 one-vs-rest logistic,2,False,"{""alpha"":3.3333333333333335,""average"":false,""batch_size"":64,""epochs"":50,""eta0"":0.01,""fit_intercept"":true,""frozen"":true,""implementation"":""sklearn.linear_model.SGDClassifier"",""learning_rate"":""optimal"",""loss"":""log_loss"",""penalty"":""l2"",""pilot_source"":""results/sweep_5_config.json""}",7aa5dba8ad015c8682db23cb59b805649b89895bc1121de465bef1e495573967,0.01689230792565495,9.24811139900703,40999154,,False,False,4,False,0.0,lowest_ordered_candidate_on_exact_tie
sensitivity,15,20,ridge_sgd_l2,L2 one-vs-rest logistic,3,False,"{""alpha"":1.0,""average"":false,""batch_size"":64,""epochs"":50,""eta0"":0.01,""fit_intercept"":true,""frozen"":true,""implementation"":""sklearn.linear_model.SGDClassifier"",""learning_rate"":""optimal"",""loss"":""log_loss"",""penalty"":""l2"",""pilot_source"":""results/sweep_5_config.json""}",f1028920c45a062ceb93b6bb97df161e827da764972699d89f7ccc787385a0de,0.015105967812641638,9.237572766956873,40999154,,False,False,4,False,0.0,lowest_ordered_candidate_on_exact_tie
sensitivity,15,20,ridge_sgd_l2,L2 one-vs-rest logistic,4,False,"{""alpha"":0.1,""average"":false,""batch_size"":64,""epochs"":50,""eta0"":0.01,""fit_intercept"":true,""frozen"":true,""implementation"":""sklearn.linear_model.SGDClassifier"",""learning_rate"":""optimal"",""loss"":""log_loss"",""penalty"":""l2"",""pilot_source"":""results/sweep_5_config.json""}",724a1fea14c056996c0474f9106b8177856f64794ebcc3fc1e458f6a8e12dc05,0.01437570163072762,9.240093313972466,40999154,,True,False,4,True,0.0,lowest_ordered_candidate_on_exact_tie
sensitivity,15,20,set_transformer,Set Transformer,0,True,"{""batch_size"":64,""d_model"":64,""dense_units"":[64,16],""dropout"":0.3,""expected_parameters"":157416,""ff_dim"":256,""frozen"":true,""implementation"":""neural_models.get_set_transformer"",""input_shape"":[22,10],""key_dim"":32,""learning_rate"":0.001,""max_epochs"":50,""num_heads"":2,""num_layers"":3,""output_units"":80,""patience"":10,""pilot_source"":""results/sweep_5.csv"",""pooling"":""global_average""}",6f4dec421d8ca8a60ca233da0707302c871aa8127caae786bc585c163e11c567,0.014757560989949658,40.439239806029946,887566685,2080514434.0,False,False,2,False,0.0,lowest_ordered_candidate_on_exact_tie
sensitivity,15,20,set_transformer,Set Transformer,1,False,"{""batch_size"":64,""d_model"":64,""dense_units"":[64,16],""dropout"":0.1,""expected_parameters"":157416,""ff_dim"":256,""frozen"":true,""implementation"":""neural_models.get_set_transformer"",""input_shape"":[22,10],""key_dim"":32,""learning_rate"":0.0003,""max_epochs"":50,""num_heads"":2,""num_layers"":3,""output_units"":80,""patience"":10,""pilot_source"":""results/sweep_5.csv"",""pooling"":""global_average""}",fe204fdf1e84832e477e9c76ffec174e32677e8d5a5f24b670abbf7a3b8c7db1,0.0151984034516947,42.66933531104587,887566685,2080514434.0,False,False,2,False,0.0,lowest_ordered_candidate_on_exact_tie
sensitivity,15,20,set_transformer,Set Transformer,2,False,"{""batch_size"":64,""d_model"":64,""dense_units"":[64,16],""dropout"":0.3,""expected_parameters"":157416,""ff_dim"":256,""frozen"":true,""implementation"":""neural_models.get_set_transformer"",""input_shape"":[22,10],""key_dim"":32,""learning_rate"":0.0003,""max_epochs"":50,""num_heads"":2,""num_layers"":3,""output_units"":80,""patience"":10,""pilot_source"":""results/sweep_5.csv"",""pooling"":""global_average""}",98491dd6370054dad3bab81748034d9978d93498b7569cee08e9b098dc1ba9e5,0.014185290446577514,43.54437215090729,887566685,2080514434.0,True,False,2,True,0.0,lowest_ordered_candidate_on_exact_tie
sensitivity,15,20,set_transformer,Set Transformer,3,False,"{""batch_size"":64,""d_model"":64,""dense_units"":[64,16],""dropout"":0.1,""expected_parameters"":157416,""ff_dim"":256,""frozen"":true,""implementation"":""neural_models.get_set_transformer"",""input_shape"":[22,10],""key_dim"":32,""learning_rate"":0.001,""max_epochs"":50,""num_heads"":2,""num_layers"":3,""output_units"":80,""patience"":10,""pilot_source"":""results/sweep_5.csv"",""pooling"":""global_average""}",6003534a6fb6f7c259ea7485f50597481535337902a4fc1efeb39ec80445d6d6,0.015106920781943676,42.39725751802325,887566685,2080514434.0,False,False,2,False,0.0,lowest_ordered_candidate_on_exact_tie
sensitivity,15,20,zoo_cnn,Zoo CNN,0,True,"{""batch_size"":64,""conv1d_filters"":[160,96,96],""conv2d_filters"":[128,160,128],""dense_units"":[96,256],""dropout"":0.3,""expected_parameters"":145584,""frozen"":true,""implementation"":""neural_models.get_conv_net"",""input_shape"":[11,10,10],""learning_rate"":0.001,""max_epochs"":50,""output_units"":80,""patience"":10,""pilot_source"":""original Zoo architecture and results/sweep_5.csv"",""pooling_weights"":{""average"":0.7,""max"":0.3}}",219344d288a1f6230782c6839c7a9758e13c3625ddae1b87e29779a206a56278,0.01822027146765924,14.636711105937138,669937576,318384641.0,False,False,2,False,0.0,lowest_ordered_candidate_on_exact_tie
sensitivity,15,20,zoo_cnn,Zoo CNN,1,False,"{""batch_size"":64,""conv1d_filters"":[160,96,96],""conv2d_filters"":[128,160,128],""dense_units"":[96,256],""dropout"":0.1,""expected_parameters"":145584,""frozen"":true,""implementation"":""neural_models.get_conv_net"",""input_shape"":[11,10,10],""learning_rate"":0.0003,""max_epochs"":50,""output_units"":80,""patience"":10,""pilot_source"":""original Zoo architecture and results/sweep_5.csv"",""pooling_weights"":{""average"":0.7,""max"":0.3}}",abbc846d863092760291bfa1d382563580835324df5f7f6ce46a6fbed3da8072,0.017337672331245398,15.556880774907768,669937576,318384641.0,False,False,2,False,0.0,lowest_ordered_candidate_on_exact_tie
sensitivity,15,20,zoo_cnn,Zoo CNN,2,False,"{""batch_size"":64,""conv1d_filters"":[160,96,96],""conv2d_filters"":[128,160,128],""dense_units"":[96,256],""dropout"":0.3,""expected_parameters"":145584,""frozen"":true,""implementation"":""neural_models.get_conv_net"",""input_shape"":[11,10,10],""learning_rate"":0.0003,""max_epochs"":50,""output_units"":80,""patience"":10,""pilot_source"":""original Zoo architecture and results/sweep_5.csv"",""pooling_weights"":{""average"":0.7,""max"":0.3}}",36cfcc45679e2e31725ccf0dedf1ff567692c99678381161175d0aef95c9aead,0.016055158377462315,16.458754248917103,669937576,318384641.0,True,False,2,True,0.0,lowest_ordered_candidate_on_exact_tie
sensitivity,15,20,zoo_cnn,Zoo CNN,3,False,"{""batch_size"":64,""conv1d_filters"":[160,96,96],""conv2d_filters"":[128,160,128],""dense_units"":[96,256],""dropout"":0.1,""expected_parameters"":145584,""frozen"":true,""implementation"":""neural_models.get_conv_net"",""input_shape"":[11,10,10],""learning_rate"":0.001,""max_epochs"":50,""output_units"":80,""patience"":10,""pilot_source"":""original Zoo architecture and results/sweep_5.csv"",""pooling_weights"":{""average"":0.7,""max"":0.3}}",0b22203ab4438c16191482ac13e31621a615cbaa6cf409114e6377f1bec3dc7b,0.01982388183538655,12.120970902964473,669937576,318384641.0,False,False,2,False,0.0,lowest_ordered_candidate_on_exact_tie
sensitivity,15,160,lightgbm_multiclass,LightGBM,0,True,"{""boosting_type"":""gbdt"",""colsample_bytree"":1.0,""frozen"":true,""implementation"":""lightgbm.LGBMClassifier"",""learning_rate"":0.05,""max_depth"":5,""min_child_samples"":50,""min_child_weight"":0.001,""min_split_gain"":0.0,""n_estimators"":200,""n_jobs"":1,""num_class"":80,""num_leaves"":31,""objective"":""multiclass"",""pilot_source"":""results/sweep_5_config.json"",""reg_alpha"":0.5,""reg_lambda"":0.5,""subsample"":1.0,""subsample_freq"":0}",5689446e19bdea1df411111e1e4b5cc50183c270622d0757b33c51d0a5938a1c,0.014060460606236065,14.243375370977446,238358465,,True,True,0,True,0.0,lowest_ordered_candidate_on_exact_tie
sensitivity,15,160,lightgbm_multiclass,LightGBM,1,False,"{""boosting_type"":""gbdt"",""colsample_bytree"":1.0,""frozen"":true,""implementation"":""lightgbm.LGBMClassifier"",""learning_rate"":0.05,""max_depth"":5,""min_child_samples"":20,""min_child_weight"":0.001,""min_split_gain"":0.0,""n_estimators"":200,""n_jobs"":1,""num_class"":80,""num_leaves"":31,""objective"":""multiclass"",""pilot_source"":""results/sweep_5_config.json"",""reg_alpha"":0.1,""reg_lambda"":0.1,""subsample"":1.0,""subsample_freq"":0}",cb116d2e0b5ef62830f7ca0d63c0d488226c533f44349af3605ff4acd0a2aebc,0.014258566463324041,15.57737088704016,238358465,,False,True,0,False,0.0,lowest_ordered_candidate_on_exact_tie
sensitivity,15,160,lightgbm_multiclass,LightGBM,2,False,"{""boosting_type"":""gbdt"",""colsample_bytree"":1.0,""frozen"":true,""implementation"":""lightgbm.LGBMClassifier"",""learning_rate"":0.05,""max_depth"":7,""min_child_samples"":20,""min_child_weight"":0.001,""min_split_gain"":0.0,""n_estimators"":200,""n_jobs"":1,""num_class"":80,""num_leaves"":31,""objective"":""multiclass"",""pilot_source"":""results/sweep_5_config.json"",""reg_alpha"":0.1,""reg_lambda"":0.1,""subsample"":1.0,""subsample_freq"":0}",cae2276bc5c6ec1a3d72ce53c46697dc247ba4430ea98e1f609b624c98c8365e,0.014567005239008664,20.36135389795527,238358465,,False,True,0,False,0.0,lowest_ordered_candidate_on_exact_tie
sensitivity,15,160,lightgbm_multiclass,LightGBM,3,False,"{""boosting_type"":""gbdt"",""colsample_bytree"":1.0,""frozen"":true,""implementation"":""lightgbm.LGBMClassifier"",""learning_rate"":0.1,""max_depth"":5,""min_child_samples"":20,""min_child_weight"":0.001,""min_split_gain"":0.0,""n_estimators"":200,""n_jobs"":1,""num_class"":80,""num_leaves"":31,""objective"":""multiclass"",""pilot_source"":""results/sweep_5_config.json"",""reg_alpha"":0.1,""reg_lambda"":0.1,""subsample"":1.0,""subsample_freq"":0}",c698b699f6c7cf18743346c4dd2691d8b650e657ec9a021d53142751ecc58407,0.01484256334736756,13.610827550059184,238358465,,False,True,0,False,0.0,lowest_ordered_candidate_on_exact_tie
sensitivity,15,160,ridge_sgd_l2,L2 one-vs-rest logistic,0,True,"{""alpha"":0.3333333333333333,""average"":false,""batch_size"":64,""epochs"":50,""eta0"":0.01,""fit_intercept"":true,""frozen"":true,""implementation"":""sklearn.linear_model.SGDClassifier"",""learning_rate"":""optimal"",""loss"":""log_loss"",""penalty"":""l2"",""pilot_source"":""results/sweep_5_config.json""}",851f14fb6b5ecda88baab0b92a7a36c949fdd0437766fc7d2433f329e2fde2f3,0.01462816115298848,70.24629884399474,55111880,,False,False,4,False,0.0,lowest_ordered_candidate_on_exact_tie
sensitivity,15,160,ridge_sgd_l2,L2 one-vs-rest logistic,1,False,"{""alpha"":10.0,""average"":false,""batch_size"":64,""epochs"":50,""eta0"":0.01,""fit_intercept"":true,""frozen"":true,""implementation"":""sklearn.linear_model.SGDClassifier"",""learning_rate"":""optimal"",""loss"":""log_loss"",""penalty"":""l2"",""pilot_source"":""results/sweep_5_config.json""}",dc2707c60c369df46e9b424fa8a1ebc5b23e4a351ced0c10e7e7dc66c6076d51,0.021554169378619044,69.88631772296503,55111880,,False,False,4,False,0.0,lowest_ordered_candidate_on_exact_tie
sensitivity,15,160,ridge_sgd_l2,L2 one-vs-rest logistic,2,False,"{""alpha"":3.3333333333333335,""average"":false,""batch_size"":64,""epochs"":50,""eta0"":0.01,""fit_intercept"":true,""frozen"":true,""implementation"":""sklearn.linear_model.SGDClassifier"",""learning_rate"":""optimal"",""loss"":""log_loss"",""penalty"":""l2"",""pilot_source"":""results/sweep_5_config.json""}",7aa5dba8ad015c8682db23cb59b805649b89895bc1121de465bef1e495573967,0.0170405801330354,69.77770406799391,55111880,,False,False,4,False,0.0,lowest_ordered_candidate_on_exact_tie
sensitivity,15,160,ridge_sgd_l2,L2 one-vs-rest logistic,3,False,"{""alpha"":1.0,""average"":false,""batch_size"":64,""epochs"":50,""eta0"":0.01,""fit_intercept"":true,""frozen"":true,""implementation"":""sklearn.linear_model.SGDClassifier"",""learning_rate"":""optimal"",""loss"":""log_loss"",""penalty"":""l2"",""pilot_source"":""results/sweep_5_config.json""}",f1028920c45a062ceb93b6bb97df161e827da764972699d89f7ccc787385a0de,0.015186585883431733,69.90126130904537,55111880,,False,False,4,False,0.0,lowest_ordered_candidate_on_exact_tie
sensitivity,15,160,ridge_sgd_l2,L2 one-vs-rest logistic,4,False,"{""alpha"":0.1,""average"":false,""batch_size"":64,""epochs"":50,""eta0"":0.01,""fit_intercept"":true,""frozen"":true,""implementation"":""sklearn.linear_model.SGDClassifier"",""learning_rate"":""optimal"",""loss"":""log_loss"",""penalty"":""l2"",""pilot_source"":""results/sweep_5_config.json""}",724a1fea14c056996c0474f9106b8177856f64794ebcc3fc1e458f6a8e12dc05,0.014311704079163408,69.76636802707799,55111880,,True,False,4,True,0.0,lowest_ordered_candidate_on_exact_tie
sensitivity,15,160,set_transformer,Set Transformer,0,True,"{""batch_size"":64,""d_model"":64,""dense_units"":[64,16],""dropout"":0.3,""expected_parameters"":157416,""ff_dim"":256,""frozen"":true,""implementation"":""neural_models.get_set_transformer"",""input_shape"":[22,10],""key_dim"":32,""learning_rate"":0.001,""max_epochs"":50,""num_heads"":2,""num_layers"":3,""output_units"":80,""patience"":10,""pilot_source"":""results/sweep_5.csv"",""pooling"":""global_average""}",6f4dec421d8ca8a60ca233da0707302c871aa8127caae786bc585c163e11c567,0.013254548054752688,152.22085939487442,2068761113,206890759.0,False,False,2,False,0.0,lowest_ordered_candidate_on_exact_tie
sensitivity,15,160,set_transformer,Set Transformer,1,False,"{""batch_size"":64,""d_model"":64,""dense_units"":[64,16],""dropout"":0.1,""expected_parameters"":157416,""ff_dim"":256,""frozen"":true,""implementation"":""neural_models.get_set_transformer"",""input_shape"":[22,10],""key_dim"":32,""learning_rate"":0.0003,""max_epochs"":50,""num_heads"":2,""num_layers"":3,""output_units"":80,""patience"":10,""pilot_source"":""results/sweep_5.csv"",""pooling"":""global_average""}",fe204fdf1e84832e477e9c76ffec174e32677e8d5a5f24b670abbf7a3b8c7db1,0.01339975712134526,136.50346806412563,2068761113,206890759.0,False,False,2,False,0.0,lowest_ordered_candidate_on_exact_tie
sensitivity,15,160,set_transformer,Set Transformer,2,False,"{""batch_size"":64,""d_model"":64,""dense_units"":[64,16],""dropout"":0.3,""expected_parameters"":157416,""ff_dim"":256,""frozen"":true,""implementation"":""neural_models.get_set_transformer"",""input_shape"":[22,10],""key_dim"":32,""learning_rate"":0.0003,""max_epochs"":50,""num_heads"":2,""num_layers"":3,""output_units"":80,""patience"":10,""pilot_source"":""results/sweep_5.csv"",""pooling"":""global_average""}",98491dd6370054dad3bab81748034d9978d93498b7569cee08e9b098dc1ba9e5,0.013225692266205588,180.09740001498722,2068761113,206890759.0,True,False,2,True,0.0,lowest_ordered_candidate_on_exact_tie
sensitivity,15,160,set_transformer,Set Transformer,3,False,"{""batch_size"":64,""d_model"":64,""dense_units"":[64,16],""dropout"":0.1,""expected_parameters"":157416,""ff_dim"":256,""frozen"":true,""implementation"":""neural_models.get_set_transformer"",""input_shape"":[22,10],""key_dim"":32,""learning_rate"":0.001,""max_epochs"":50,""num_heads"":2,""num_layers"":3,""output_units"":80,""patience"":10,""pilot_source"":""results/sweep_5.csv"",""pooling"":""global_average""}",6003534a6fb6f7c259ea7485f50597481535337902a4fc1efeb39ec80445d6d6,0.013586782713181473,163.6191906989552,2068761113,206890759.0,False,False,2,False,0.0,lowest_ordered_candidate_on_exact_tie
sensitivity,15,160,zoo_cnn,Zoo CNN,0,True,"{""batch_size"":64,""conv1d_filters"":[160,96,96],""conv2d_filters"":[128,160,128],""dense_units"":[96,256],""dropout"":0.3,""expected_parameters"":145584,""frozen"":true,""implementation"":""neural_models.get_conv_net"",""input_shape"":[11,10,10],""learning_rate"":0.001,""max_epochs"":50,""output_units"":80,""patience"":10,""pilot_source"":""original Zoo architecture and results/sweep_5.csv"",""pooling_weights"":{""average"":0.7,""max"":0.3}}",219344d288a1f6230782c6839c7a9758e13c3625ddae1b87e29779a206a56278,0.013529823175744388,55.56860286393203,706143480,2062256301.0,False,False,3,False,0.0,lowest_ordered_candidate_on_exact_tie
sensitivity,15,160,zoo_cnn,Zoo CNN,1,False,"{""batch_size"":64,""conv1d_filters"":[160,96,96],""conv2d_filters"":[128,160,128],""dense_units"":[96,256],""dropout"":0.1,""expected_parameters"":145584,""frozen"":true,""implementation"":""neural_models.get_conv_net"",""input_shape"":[11,10,10],""learning_rate"":0.0003,""max_epochs"":50,""output_units"":80,""patience"":10,""pilot_source"":""original Zoo architecture and results/sweep_5.csv"",""pooling_weights"":{""average"":0.7,""max"":0.3}}",abbc846d863092760291bfa1d382563580835324df5f7f6ce46a6fbed3da8072,0.014239451489493724,39.514347427058965,706143480,2062256301.0,False,False,3,False,0.0,lowest_ordered_candidate_on_exact_tie
sensitivity,15,160,zoo_cnn,Zoo CNN,2,False,"{""batch_size"":64,""conv1d_filters"":[160,96,96],""conv2d_filters"":[128,160,128],""dense_units"":[96,256],""dropout"":0.3,""expected_parameters"":145584,""frozen"":true,""implementation"":""neural_models.get_conv_net"",""input_shape"":[11,10,10],""learning_rate"":0.0003,""max_epochs"":50,""output_units"":80,""patience"":10,""pilot_source"":""original Zoo architecture and results/sweep_5.csv"",""pooling_weights"":{""average"":0.7,""max"":0.3}}",36cfcc45679e2e31725ccf0dedf1ff567692c99678381161175d0aef95c9aead,0.014728937082672285,46.12863121391274,706143480,2062256301.0,False,False,3,False,0.0,lowest_ordered_candidate_on_exact_tie
sensitivity,15,160,zoo_cnn,Zoo CNN,3,False,"{""batch_size"":64,""conv1d_filters"":[160,96,96],""conv2d_filters"":[128,160,128],""dense_units"":[96,256],""dropout"":0.1,""expected_parameters"":145584,""frozen"":true,""implementation"":""neural_models.get_conv_net"",""input_shape"":[11,10,10],""learning_rate"":0.001,""max_epochs"":50,""output_units"":80,""patience"":10,""pilot_source"":""original Zoo architecture and results/sweep_5.csv"",""pooling_weights"":{""average"":0.7,""max"":0.3}}",0b22203ab4438c16191482ac13e31621a615cbaa6cf409114e6377f1bec3dc7b,0.013487405192642387,41.11951491003856,706143480,2062256301.0,True,False,3,True,0.0,lowest_ordered_candidate_on_exact_tie
sensitivity,15,360,lightgbm_multiclass,LightGBM,0,True,"{""boosting_type"":""gbdt"",""colsample_bytree"":1.0,""frozen"":true,""implementation"":""lightgbm.LGBMClassifier"",""learning_rate"":0.05,""max_depth"":5,""min_child_samples"":50,""min_child_weight"":0.001,""min_split_gain"":0.0,""n_estimators"":200,""n_jobs"":1,""num_class"":80,""num_leaves"":31,""objective"":""multiclass"",""pilot_source"":""results/sweep_5_config.json"",""reg_alpha"":0.5,""reg_lambda"":0.5,""subsample"":1.0,""subsample_freq"":0}",5689446e19bdea1df411111e1e4b5cc50183c270622d0757b33c51d0a5938a1c,0.013742229805730909,25.797445271979086,1173361079,,True,True,0,True,0.0,lowest_ordered_candidate_on_exact_tie
sensitivity,15,360,lightgbm_multiclass,LightGBM,1,False,"{""boosting_type"":""gbdt"",""colsample_bytree"":1.0,""frozen"":true,""implementation"":""lightgbm.LGBMClassifier"",""learning_rate"":0.05,""max_depth"":5,""min_child_samples"":20,""min_child_weight"":0.001,""min_split_gain"":0.0,""n_estimators"":200,""n_jobs"":1,""num_class"":80,""num_leaves"":31,""objective"":""multiclass"",""pilot_source"":""results/sweep_5_config.json"",""reg_alpha"":0.1,""reg_lambda"":0.1,""subsample"":1.0,""subsample_freq"":0}",cb116d2e0b5ef62830f7ca0d63c0d488226c533f44349af3605ff4acd0a2aebc,0.013855156149128198,26.78811590303667,1173361079,,False,True,0,False,0.0,lowest_ordered_candidate_on_exact_tie
sensitivity,15,360,lightgbm_multiclass,LightGBM,2,False,"{""boosting_type"":""gbdt"",""colsample_bytree"":1.0,""frozen"":true,""implementation"":""lightgbm.LGBMClassifier"",""learning_rate"":0.05,""max_depth"":7,""min_child_samples"":20,""min_child_weight"":0.001,""min_split_gain"":0.0,""n_estimators"":200,""n_jobs"":1,""num_class"":80,""num_leaves"":31,""objective"":""multiclass"",""pilot_source"":""results/sweep_5_config.json"",""reg_alpha"":0.1,""reg_lambda"":0.1,""subsample"":1.0,""subsample_freq"":0}",cae2276bc5c6ec1a3d72ce53c46697dc247ba4430ea98e1f609b624c98c8365e,0.014130318561784292,34.23055123805534,1173361079,,False,True,0,False,0.0,lowest_ordered_candidate_on_exact_tie
sensitivity,15,360,lightgbm_multiclass,LightGBM,3,False,"{""boosting_type"":""gbdt"",""colsample_bytree"":1.0,""frozen"":true,""implementation"":""lightgbm.LGBMClassifier"",""learning_rate"":0.1,""max_depth"":5,""min_child_samples"":20,""min_child_weight"":0.001,""min_split_gain"":0.0,""n_estimators"":200,""n_jobs"":1,""num_class"":80,""num_leaves"":31,""objective"":""multiclass"",""pilot_source"":""results/sweep_5_config.json"",""reg_alpha"":0.1,""reg_lambda"":0.1,""subsample"":1.0,""subsample_freq"":0}",c698b699f6c7cf18743346c4dd2691d8b650e657ec9a021d53142751ecc58407,0.014312597264126025,24.24434045900125,1173361079,,False,True,0,False,0.0,lowest_ordered_candidate_on_exact_tie
sensitivity,15,360,ridge_sgd_l2,L2 one-vs-rest logistic,0,True,"{""alpha"":0.3333333333333333,""average"":false,""batch_size"":64,""epochs"":50,""eta0"":0.01,""fit_intercept"":true,""frozen"":true,""implementation"":""sklearn.linear_model.SGDClassifier"",""learning_rate"":""optimal"",""loss"":""log_loss"",""penalty"":""l2"",""pilot_source"":""results/sweep_5_config.json""}",851f14fb6b5ecda88baab0b92a7a36c949fdd0437766fc7d2433f329e2fde2f3,0.014617310457373835,158.05697178910486,791700077,,False,False,4,False,0.0,lowest_ordered_candidate_on_exact_tie
sensitivity,15,360,ridge_sgd_l2,L2 one-vs-rest logistic,1,False,"{""alpha"":10.0,""average"":false,""batch_size"":64,""epochs"":50,""eta0"":0.01,""fit_intercept"":true,""frozen"":true,""implementation"":""sklearn.linear_model.SGDClassifier"",""learning_rate"":""optimal"",""loss"":""log_loss"",""penalty"":""l2"",""pilot_source"":""results/sweep_5_config.json""}",dc2707c60c369df46e9b424fa8a1ebc5b23e4a351ced0c10e7e7dc66c6076d51,0.02156756510295666,158.11286742798984,791700077,,False,False,4,False,0.0,lowest_ordered_candidate_on_exact_tie
sensitivity,15,360,ridge_sgd_l2,L2 one-vs-rest logistic,2,False,"{""alpha"":3.3333333333333335,""average"":false,""batch_size"":64,""epochs"":50,""eta0"":0.01,""fit_intercept"":true,""frozen"":true,""implementation"":""sklearn.linear_model.SGDClassifier"",""learning_rate"":""optimal"",""loss"":""log_loss"",""penalty"":""l2"",""pilot_source"":""results/sweep_5_config.json""}",7aa5dba8ad015c8682db23cb59b805649b89895bc1121de465bef1e495573967,0.017027676270100628,157.7580498000607,791700077,,False,False,4,False,0.0,lowest_ordered_candidate_on_exact_tie
sensitivity,15,360,ridge_sgd_l2,L2 one-vs-rest logistic,3,False,"{""alpha"":1.0,""average"":false,""batch_size"":64,""epochs"":50,""eta0"":0.01,""fit_intercept"":true,""frozen"":true,""implementation"":""sklearn.linear_model.SGDClassifier"",""learning_rate"":""optimal"",""loss"":""log_loss"",""penalty"":""l2"",""pilot_source"":""results/sweep_5_config.json""}",f1028920c45a062ceb93b6bb97df161e827da764972699d89f7ccc787385a0de,0.015171747608365864,158.665009291959,791700077,,False,False,4,False,0.0,lowest_ordered_candidate_on_exact_tie
sensitivity,15,360,ridge_sgd_l2,L2 one-vs-rest logistic,4,False,"{""alpha"":0.1,""average"":false,""batch_size"":64,""epochs"":50,""eta0"":0.01,""fit_intercept"":true,""frozen"":true,""implementation"":""sklearn.linear_model.SGDClassifier"",""learning_rate"":""optimal"",""loss"":""log_loss"",""penalty"":""l2"",""pilot_source"":""results/sweep_5_config.json""}",724a1fea14c056996c0474f9106b8177856f64794ebcc3fc1e458f6a8e12dc05,0.014284591100932137,158.4498047500383,791700077,,True,False,4,True,0.0,lowest_ordered_candidate_on_exact_tie
sensitivity,15,360,set_transformer,Set Transformer,0,True,"{""batch_size"":64,""d_model"":64,""dense_units"":[64,16],""dropout"":0.3,""expected_parameters"":157416,""ff_dim"":256,""frozen"":true,""implementation"":""neural_models.get_set_transformer"",""input_shape"":[22,10],""key_dim"":32,""learning_rate"":0.001,""max_epochs"":50,""num_heads"":2,""num_layers"":3,""output_units"":80,""patience"":10,""pilot_source"":""results/sweep_5.csv"",""pooling"":""global_average""}",6f4dec421d8ca8a60ca233da0707302c871aa8127caae786bc585c163e11c567,0.012833339984161304,275.77421540999785,754433005,61599672.0,False,False,2,False,0.0,lowest_ordered_candidate_on_exact_tie
sensitivity,15,360,set_transformer,Set Transformer,1,False,"{""batch_size"":64,""d_model"":64,""dense_units"":[64,16],""dropout"":0.1,""expected_parameters"":157416,""ff_dim"":256,""frozen"":true,""implementation"":""neural_models.get_set_transformer"",""input_shape"":[22,10],""key_dim"":32,""learning_rate"":0.0003,""max_epochs"":50,""num_heads"":2,""num_layers"":3,""output_units"":80,""patience"":10,""pilot_source"":""results/sweep_5.csv"",""pooling"":""global_average""}",fe204fdf1e84832e477e9c76ffec174e32677e8d5a5f24b670abbf7a3b8c7db1,0.01277872965659027,203.60001335595734,754433005,61599672.0,False,False,2,False,0.0,lowest_ordered_candidate_on_exact_tie
sensitivity,15,360,set_transformer,Set Transformer,2,False,"{""batch_size"":64,""d_model"":64,""dense_units"":[64,16],""dropout"":0.3,""expected_parameters"":157416,""ff_dim"":256,""frozen"":true,""implementation"":""neural_models.get_set_transformer"",""input_shape"":[22,10],""key_dim"":32,""learning_rate"":0.0003,""max_epochs"":50,""num_heads"":2,""num_layers"":3,""output_units"":80,""patience"":10,""pilot_source"":""results/sweep_5.csv"",""pooling"":""global_average""}",98491dd6370054dad3bab81748034d9978d93498b7569cee08e9b098dc1ba9e5,0.012618619197609406,380.39950732677244,754433005,61599672.0,True,False,2,True,0.0,lowest_ordered_candidate_on_exact_tie
sensitivity,15,360,set_transformer,Set Transformer,3,False,"{""batch_size"":64,""d_model"":64,""dense_units"":[64,16],""dropout"":0.1,""expected_parameters"":157416,""ff_dim"":256,""frozen"":true,""implementation"":""neural_models.get_set_transformer"",""input_shape"":[22,10],""key_dim"":32,""learning_rate"":0.001,""max_epochs"":50,""num_heads"":2,""num_layers"":3,""output_units"":80,""patience"":10,""pilot_source"":""results/sweep_5.csv"",""pooling"":""global_average""}",6003534a6fb6f7c259ea7485f50597481535337902a4fc1efeb39ec80445d6d6,0.012921844857663324,218.4331618740689,754433005,61599672.0,False,False,2,False,0.0,lowest_ordered_candidate_on_exact_tie
sensitivity,15,360,zoo_cnn,Zoo CNN,0,True,"{""batch_size"":64,""conv1d_filters"":[160,96,96],""conv2d_filters"":[128,160,128],""dense_units"":[96,256],""dropout"":0.3,""expected_parameters"":145584,""frozen"":true,""implementation"":""neural_models.get_conv_net"",""input_shape"":[11,10,10],""learning_rate"":0.001,""max_epochs"":50,""output_units"":80,""patience"":10,""pilot_source"":""original Zoo architecture and results/sweep_5.csv"",""pooling_weights"":{""average"":0.7,""max"":0.3}}",219344d288a1f6230782c6839c7a9758e13c3625ddae1b87e29779a206a56278,0.013285617748855212,97.85837107896805,86333878,1836876571.0,True,True,0,True,0.0,lowest_ordered_candidate_on_exact_tie
sensitivity,15,360,zoo_cnn,Zoo CNN,1,False,"{""batch_size"":64,""conv1d_filters"":[160,96,96],""conv2d_filters"":[128,160,128],""dense_units"":[96,256],""dropout"":0.1,""expected_parameters"":145584,""frozen"":true,""implementation"":""neural_models.get_conv_net"",""input_shape"":[11,10,10],""learning_rate"":0.0003,""max_epochs"":50,""output_units"":80,""patience"":10,""pilot_source"":""original Zoo architecture and results/sweep_5.csv"",""pooling_weights"":{""average"":0.7,""max"":0.3}}",abbc846d863092760291bfa1d382563580835324df5f7f6ce46a6fbed3da8072,0.01353337282526512,82.35675615095533,86333878,1836876571.0,False,True,0,False,0.0,lowest_ordered_candidate_on_exact_tie
sensitivity,15,360,zoo_cnn,Zoo CNN,2,False,"{""batch_size"":64,""conv1d_filters"":[160,96,96],""conv2d_filters"":[128,160,128],""dense_units"":[96,256],""dropout"":0.3,""expected_parameters"":145584,""frozen"":true,""implementation"":""neural_models.get_conv_net"",""input_shape"":[11,10,10],""learning_rate"":0.0003,""max_epochs"":50,""output_units"":80,""patience"":10,""pilot_source"":""original Zoo architecture and results/sweep_5.csv"",""pooling_weights"":{""average"":0.7,""max"":0.3}}",36cfcc45679e2e31725ccf0dedf1ff567692c99678381161175d0aef95c9aead,0.013463333008987973,80.95529846311547,86333878,1836876571.0,False,True,0,False,0.0,lowest_ordered_candidate_on_exact_tie
sensitivity,15,360,zoo_cnn,Zoo CNN,3,False,"{""batch_size"":64,""conv1d_filters"":[160,96,96],""conv2d_filters"":[128,160,128],""dense_units"":[96,256],""dropout"":0.1,""expected_parameters"":145584,""frozen"":true,""implementation"":""neural_models.get_conv_net"",""input_shape"":[11,10,10],""learning_rate"":0.001,""max_epochs"":50,""output_units"":80,""patience"":10,""pilot_source"":""original Zoo architecture and results/sweep_5.csv"",""pooling_weights"":{""average"":0.7,""max"":0.3}}",0b22203ab4438c16191482ac13e31621a615cbaa6cf409114e6377f1bec3dc7b,0.013715271232215958,139.08502912311815,86333878,1836876571.0,False,True,0,False,0.0,lowest_ordered_candidate_on_exact_tie
sensitivity,16,20,lightgbm_multiclass,LightGBM,0,True,"{""boosting_type"":""gbdt"",""colsample_bytree"":1.0,""frozen"":true,""implementation"":""lightgbm.LGBMClassifier"",""learning_rate"":0.05,""max_depth"":5,""min_child_samples"":50,""min_child_weight"":0.001,""min_split_gain"":0.0,""n_estimators"":200,""n_jobs"":1,""num_class"":80,""num_leaves"":31,""objective"":""multiclass"",""pilot_source"":""results/sweep_5_config.json"",""reg_alpha"":0.5,""reg_lambda"":0.5,""subsample"":1.0,""subsample_freq"":0}",5689446e19bdea1df411111e1e4b5cc50183c270622d0757b33c51d0a5938a1c,0.01441885896431782,3.1680929110152647,1648005724,,True,True,0,True,0.0,lowest_ordered_candidate_on_exact_tie
sensitivity,16,20,lightgbm_multiclass,LightGBM,1,False,"{""boosting_type"":""gbdt"",""colsample_bytree"":1.0,""frozen"":true,""implementation"":""lightgbm.LGBMClassifier"",""learning_rate"":0.05,""max_depth"":5,""min_child_samples"":20,""min_child_weight"":0.001,""min_split_gain"":0.0,""n_estimators"":200,""n_jobs"":1,""num_class"":80,""num_leaves"":31,""objective"":""multiclass"",""pilot_source"":""results/sweep_5_config.json"",""reg_alpha"":0.1,""reg_lambda"":0.1,""subsample"":1.0,""subsample_freq"":0}",cb116d2e0b5ef62830f7ca0d63c0d488226c533f44349af3605ff4acd0a2aebc,0.015069534423032771,4.04499201301951,1648005724,,False,True,0,False,0.0,lowest_ordered_candidate_on_exact_tie
sensitivity,16,20,lightgbm_multiclass,LightGBM,2,False,"{""boosting_type"":""gbdt"",""colsample_bytree"":1.0,""frozen"":true,""implementation"":""lightgbm.LGBMClassifier"",""learning_rate"":0.05,""max_depth"":7,""min_child_samples"":20,""min_child_weight"":0.001,""min_split_gain"":0.0,""n_estimators"":200,""n_jobs"":1,""num_class"":80,""num_leaves"":31,""objective"":""multiclass"",""pilot_source"":""results/sweep_5_config.json"",""reg_alpha"":0.1,""reg_lambda"":0.1,""subsample"":1.0,""subsample_freq"":0}",cae2276bc5c6ec1a3d72ce53c46697dc247ba4430ea98e1f609b624c98c8365e,0.015010369982592338,4.3677076830063015,1648005724,,False,True,0,False,0.0,lowest_ordered_candidate_on_exact_tie
sensitivity,16,20,lightgbm_multiclass,LightGBM,3,False,"{""boosting_type"":""gbdt"",""colsample_bytree"":1.0,""frozen"":true,""implementation"":""lightgbm.LGBMClassifier"",""learning_rate"":0.1,""max_depth"":5,""min_child_samples"":20,""min_child_weight"":0.001,""min_split_gain"":0.0,""n_estimators"":200,""n_jobs"":1,""num_class"":80,""num_leaves"":31,""objective"":""multiclass"",""pilot_source"":""results/sweep_5_config.json"",""reg_alpha"":0.1,""reg_lambda"":0.1,""subsample"":1.0,""subsample_freq"":0}",c698b699f6c7cf18743346c4dd2691d8b650e657ec9a021d53142751ecc58407,0.015285319267216524,2.7502990419743583,1648005724,,False,True,0,False,0.0,lowest_ordered_candidate_on_exact_tie
sensitivity,16,20,ridge_sgd_l2,L2 one-vs-rest logistic,0,True,"{""alpha"":0.3333333333333333,""average"":false,""batch_size"":64,""epochs"":50,""eta0"":0.01,""fit_intercept"":true,""frozen"":true,""implementation"":""sklearn.linear_model.SGDClassifier"",""learning_rate"":""optimal"",""loss"":""log_loss"",""penalty"":""l2"",""pilot_source"":""results/sweep_5_config.json""}",851f14fb6b5ecda88baab0b92a7a36c949fdd0437766fc7d2433f329e2fde2f3,0.0143117328830633,8.864341245032847,197879567,,False,False,4,False,0.0,lowest_ordered_candidate_on_exact_tie
sensitivity,16,20,ridge_sgd_l2,L2 one-vs-rest logistic,1,False,"{""alpha"":10.0,""average"":false,""batch_size"":64,""epochs"":50,""eta0"":0.01,""fit_intercept"":true,""frozen"":true,""implementation"":""sklearn.linear_model.SGDClassifier"",""learning_rate"":""optimal"",""loss"":""log_loss"",""penalty"":""l2"",""pilot_source"":""results/sweep_5_config.json""}",dc2707c60c369df46e9b424fa8a1ebc5b23e4a351ced0c10e7e7dc66c6076d51,0.02120551530381115,9.465434055076912,197879567,,False,False,4,False,0.0,lowest_ordered_candidate_on_exact_tie
sensitivity,16,20,ridge_sgd_l2,L2 one-vs-rest logistic,2,False,"{""alpha"":3.3333333333333335,""average"":false,""batch_size"":64,""epochs"":50,""eta0"":0.01,""fit_intercept"":true,""frozen"":true,""implementation"":""sklearn.linear_model.SGDClassifier"",""learning_rate"":""optimal"",""loss"":""log_loss"",""penalty"":""l2"",""pilot_source"":""results/sweep_5_config.json""}",7aa5dba8ad015c8682db23cb59b805649b89895bc1121de465bef1e495573967,0.016712013898171327,8.658369114040397,197879567,,False,False,4,False,0.0,lowest_ordered_candidate_on_exact_tie
sensitivity,16,20,ridge_sgd_l2,L2 one-vs-rest logistic,3,False,"{""alpha"":1.0,""average"":false,""batch_size"":64,""epochs"":50,""eta0"":0.01,""fit_intercept"":true,""frozen"":true,""implementation"":""sklearn.linear_model.SGDClassifier"",""learning_rate"":""optimal"",""loss"":""log_loss"",""penalty"":""l2"",""pilot_source"":""results/sweep_5_config.json""}",f1028920c45a062ceb93b6bb97df161e827da764972699d89f7ccc787385a0de,0.014854835044601309,8.649814408039674,197879567,,False,False,4,False,0.0,lowest_ordered_candidate_on_exact_tie
sensitivity,16,20,ridge_sgd_l2,L2 one-vs-rest logistic,4,False,"{""alpha"":0.1,""average"":false,""batch_size"":64,""epochs"":50,""eta0"":0.01,""fit_intercept"":true,""frozen"":true,""implementation"":""sklearn.linear_model.SGDClassifier"",""learning_rate"":""optimal"",""loss"":""log_loss"",""penalty"":""l2"",""pilot_source"":""results/sweep_5_config.json""}",724a1fea14c056996c0474f9106b8177856f64794ebcc3fc1e458f6a8e12dc05,0.014269697702876293,8.654110328061506,197879567,,True,False,4,True,0.0,lowest_ordered_candidate_on_exact_tie
sensitivity,16,20,set_transformer,Set Transformer,0,True,"{""batch_size"":64,""d_model"":64,""dense_units"":[64,16],""dropout"":0.3,""expected_parameters"":157416,""ff_dim"":256,""frozen"":true,""implementation"":""neural_models.get_set_transformer"",""input_shape"":[22,10],""key_dim"":32,""learning_rate"":0.001,""max_epochs"":50,""num_heads"":2,""num_layers"":3,""output_units"":80,""patience"":10,""pilot_source"":""results/sweep_5.csv"",""pooling"":""global_average""}",6f4dec421d8ca8a60ca233da0707302c871aa8127caae786bc585c163e11c567,0.014044715737901286,25.45078950212337,1415795587,1516326764.0,False,False,3,False,0.0,lowest_ordered_candidate_on_exact_tie
sensitivity,16,20,set_transformer,Set Transformer,1,False,"{""batch_size"":64,""d_model"":64,""dense_units"":[64,16],""dropout"":0.1,""expected_parameters"":157416,""ff_dim"":256,""frozen"":true,""implementation"":""neural_models.get_set_transformer"",""input_shape"":[22,10],""key_dim"":32,""learning_rate"":0.0003,""max_epochs"":50,""num_heads"":2,""num_layers"":3,""output_units"":80,""patience"":10,""pilot_source"":""results/sweep_5.csv"",""pooling"":""global_average""}",fe204fdf1e84832e477e9c76ffec174e32677e8d5a5f24b670abbf7a3b8c7db1,0.014210795260380531,29.85725278710015,1415795587,1516326764.0,False,False,3,False,0.0,lowest_ordered_candidate_on_exact_tie
sensitivity,16,20,set_transformer,Set Transformer,2,False,"{""batch_size"":64,""d_model"":64,""dense_units"":[64,16],""dropout"":0.3,""expected_parameters"":157416,""ff_dim"":256,""frozen"":true,""implementation"":""neural_models.get_set_transformer"",""input_shape"":[22,10],""key_dim"":32,""learning_rate"":0.0003,""max_epochs"":50,""num_heads"":2,""num_layers"":3,""output_units"":80,""patience"":10,""pilot_source"":""results/sweep_5.csv"",""pooling"":""global_average""}",98491dd6370054dad3bab81748034d9978d93498b7569cee08e9b098dc1ba9e5,0.014008404433840327,30.932198364054784,1415795587,1516326764.0,False,False,3,False,0.0,lowest_ordered_candidate_on_exact_tie
sensitivity,16,20,set_transformer,Set Transformer,3,False,"{""batch_size"":64,""d_model"":64,""dense_units"":[64,16],""dropout"":0.1,""expected_parameters"":157416,""ff_dim"":256,""frozen"":true,""implementation"":""neural_models.get_set_transformer"",""input_shape"":[22,10],""key_dim"":32,""learning_rate"":0.001,""max_epochs"":50,""num_heads"":2,""num_layers"":3,""output_units"":80,""patience"":10,""pilot_source"":""results/sweep_5.csv"",""pooling"":""global_average""}",6003534a6fb6f7c259ea7485f50597481535337902a4fc1efeb39ec80445d6d6,0.013884478548589877,27.34792163898237,1415795587,1516326764.0,True,False,3,True,0.0,lowest_ordered_candidate_on_exact_tie
sensitivity,16,20,zoo_cnn,Zoo CNN,0,True,"{""batch_size"":64,""conv1d_filters"":[160,96,96],""conv2d_filters"":[128,160,128],""dense_units"":[96,256],""dropout"":0.3,""expected_parameters"":145584,""frozen"":true,""implementation"":""neural_models.get_conv_net"",""input_shape"":[11,10,10],""learning_rate"":0.001,""max_epochs"":50,""output_units"":80,""patience"":10,""pilot_source"":""original Zoo architecture and results/sweep_5.csv"",""pooling_weights"":{""average"":0.7,""max"":0.3}}",219344d288a1f6230782c6839c7a9758e13c3625ddae1b87e29779a206a56278,0.016063483845450165,15.600622988073155,1500067474,1594097395.0,True,True,0,True,0.0,lowest_ordered_candidate_on_exact_tie
sensitivity,16,20,zoo_cnn,Zoo CNN,1,False,"{""batch_size"":64,""conv1d_filters"":[160,96,96],""conv2d_filters"":[128,160,128],""dense_units"":[96,256],""dropout"":0.1,""expected_parameters"":145584,""frozen"":true,""implementation"":""neural_models.get_conv_net"",""input_shape"":[11,10,10],""learning_rate"":0.0003,""max_epochs"":50,""output_units"":80,""patience"":10,""pilot_source"":""original Zoo architecture and results/sweep_5.csv"",""pooling_weights"":{""average"":0.7,""max"":0.3}}",abbc846d863092760291bfa1d382563580835324df5f7f6ce46a6fbed3da8072,0.018046843645252657,12.823242261074483,1500067474,1594097395.0,False,True,0,False,0.0,lowest_ordered_candidate_on_exact_tie
sensitivity,16,20,zoo_cnn,Zoo CNN,2,False,"{""batch_size"":64,""conv1d_filters"":[160,96,96],""conv2d_filters"":[128,160,128],""dense_units"":[96,256],""dropout"":0.3,""expected_parameters"":145584,""frozen"":true,""implementation"":""neural_models.get_conv_net"",""input_shape"":[11,10,10],""learning_rate"":0.0003,""max_epochs"":50,""output_units"":80,""patience"":10,""pilot_source"":""original Zoo architecture and results/sweep_5.csv"",""pooling_weights"":{""average"":0.7,""max"":0.3}}",36cfcc45679e2e31725ccf0dedf1ff567692c99678381161175d0aef95c9aead,0.01681472289924441,13.453988458029926,1500067474,1594097395.0,False,True,0,False,0.0,lowest_ordered_candidate_on_exact_tie
sensitivity,16,20,zoo_cnn,Zoo CNN,3,False,"{""batch_size"":64,""conv1d_filters"":[160,96,96],""conv2d_filters"":[128,160,128],""dense_units"":[96,256],""dropout"":0.1,""expected_parameters"":145584,""frozen"":true,""implementation"":""neural_models.get_conv_net"",""input_shape"":[11,10,10],""learning_rate"":0.001,""max_epochs"":50,""output_units"":80,""patience"":10,""pilot_source"":""original Zoo architecture and results/sweep_5.csv"",""pooling_weights"":{""average"":0.7,""max"":0.3}}",0b22203ab4438c16191482ac13e31621a615cbaa6cf409114e6377f1bec3dc7b,0.02469971505005983,9.664420260116458,1500067474,1594097395.0,False,True,0,False,0.0,lowest_ordered_candidate_on_exact_tie
sensitivity,16,160,lightgbm_multiclass,LightGBM,0,True,"{""boosting_type"":""gbdt"",""colsample_bytree"":1.0,""frozen"":true,""implementation"":""lightgbm.LGBMClassifier"",""learning_rate"":0.05,""max_depth"":5,""min_child_samples"":50,""min_child_weight"":0.001,""min_split_gain"":0.0,""n_estimators"":200,""n_jobs"":1,""num_class"":80,""num_leaves"":31,""objective"":""multiclass"",""pilot_source"":""results/sweep_5_config.json"",""reg_alpha"":0.5,""reg_lambda"":0.5,""subsample"":1.0,""subsample_freq"":0}",5689446e19bdea1df411111e1e4b5cc50183c270622d0757b33c51d0a5938a1c,0.013741361006937257,14.530366903054528,1569795566,,True,True,0,True,0.0,lowest_ordered_candidate_on_exact_tie
sensitivity,16,160,lightgbm_multiclass,LightGBM,1,False,"{""boosting_type"":""gbdt"",""colsample_bytree"":1.0,""frozen"":true,""implementation"":""lightgbm.LGBMClassifier"",""learning_rate"":0.05,""max_depth"":5,""min_child_samples"":20,""min_child_weight"":0.001,""min_split_gain"":0.0,""n_estimators"":200,""n_jobs"":1,""num_class"":80,""num_leaves"":31,""objective"":""multiclass"",""pilot_source"":""results/sweep_5_config.json"",""reg_alpha"":0.1,""reg_lambda"":0.1,""subsample"":1.0,""subsample_freq"":0}",cb116d2e0b5ef62830f7ca0d63c0d488226c533f44349af3605ff4acd0a2aebc,0.013916334948385192,15.889495220966637,1569795566,,False,True,0,False,0.0,lowest_ordered_candidate_on_exact_tie
sensitivity,16,160,lightgbm_multiclass,LightGBM,2,False,"{""boosting_type"":""gbdt"",""colsample_bytree"":1.0,""frozen"":true,""implementation"":""lightgbm.LGBMClassifier"",""learning_rate"":0.05,""max_depth"":7,""min_child_samples"":20,""min_child_weight"":0.001,""min_split_gain"":0.0,""n_estimators"":200,""n_jobs"":1,""num_class"":80,""num_leaves"":31,""objective"":""multiclass"",""pilot_source"":""results/sweep_5_config.json"",""reg_alpha"":0.1,""reg_lambda"":0.1,""subsample"":1.0,""subsample_freq"":0}",cae2276bc5c6ec1a3d72ce53c46697dc247ba4430ea98e1f609b624c98c8365e,0.014224540348081457,20.979869324015453,1569795566,,False,True,0,False,0.0,lowest_ordered_candidate_on_exact_tie
sensitivity,16,160,lightgbm_multiclass,LightGBM,3,False,"{""boosting_type"":""gbdt"",""colsample_bytree"":1.0,""frozen"":true,""implementation"":""lightgbm.LGBMClassifier"",""learning_rate"":0.1,""max_depth"":5,""min_child_samples"":20,""min_child_weight"":0.001,""min_split_gain"":0.0,""n_estimators"":200,""n_jobs"":1,""num_class"":80,""num_leaves"":31,""objective"":""multiclass"",""pilot_source"":""results/sweep_5_config.json"",""reg_alpha"":0.1,""reg_lambda"":0.1,""subsample"":1.0,""subsample_freq"":0}",c698b699f6c7cf18743346c4dd2691d8b650e657ec9a021d53142751ecc58407,0.01450737942944859,14.078846705961041,1569795566,,False,True,0,False,0.0,lowest_ordered_candidate_on_exact_tie
sensitivity,16,160,ridge_sgd_l2,L2 one-vs-rest logistic,0,True,"{""alpha"":0.3333333333333333,""average"":false,""batch_size"":64,""epochs"":50,""eta0"":0.01,""fit_intercept"":true,""frozen"":true,""implementation"":""sklearn.linear_model.SGDClassifier"",""learning_rate"":""optimal"",""loss"":""log_loss"",""penalty"":""l2"",""pilot_source"":""results/sweep_5_config.json""}",851f14fb6b5ecda88baab0b92a7a36c949fdd0437766fc7d2433f329e2fde2f3,0.014248250950402535,71.51783525606152,297400913,,False,False,4,False,0.0,lowest_ordered_candidate_on_exact_tie
sensitivity,16,160,ridge_sgd_l2,L2 one-vs-rest logistic,1,False,"{""alpha"":10.0,""average"":false,""batch_size"":64,""epochs"":50,""eta0"":0.01,""fit_intercept"":true,""frozen"":true,""implementation"":""sklearn.linear_model.SGDClassifier"",""learning_rate"":""optimal"",""loss"":""log_loss"",""penalty"":""l2"",""pilot_source"":""results/sweep_5_config.json""}",dc2707c60c369df46e9b424fa8a1ebc5b23e4a351ced0c10e7e7dc66c6076d51,0.02120074708196389,71.59041674889158,297400913,,False,False,4,False,0.0,lowest_ordered_candidate_on_exact_tie
sensitivity,16,160,ridge_sgd_l2,L2 one-vs-rest logistic,2,False,"{""alpha"":3.3333333333333335,""average"":false,""batch_size"":64,""epochs"":50,""eta0"":0.01,""fit_intercept"":true,""frozen"":true,""implementation"":""sklearn.linear_model.SGDClassifier"",""learning_rate"":""optimal"",""loss"":""log_loss"",""penalty"":""l2"",""pilot_source"":""results/sweep_5_config.json""}",7aa5dba8ad015c8682db23cb59b805649b89895bc1121de465bef1e495573967,0.01665828075173206,71.6701155899791,297400913,,False,False,4,False,0.0,lowest_ordered_candidate_on_exact_tie
sensitivity,16,160,ridge_sgd_l2,L2 one-vs-rest logistic,3,False,"{""alpha"":1.0,""average"":false,""batch_size"":64,""epochs"":50,""eta0"":0.01,""fit_intercept"":true,""frozen"":true,""implementation"":""sklearn.linear_model.SGDClassifier"",""learning_rate"":""optimal"",""loss"":""log_loss"",""penalty"":""l2"",""pilot_source"":""results/sweep_5_config.json""}",f1028920c45a062ceb93b6bb97df161e827da764972699d89f7ccc787385a0de,0.014806071264150032,71.66142661403865,297400913,,False,False,4,False,0.0,lowest_ordered_candidate_on_exact_tie
sensitivity,16,160,ridge_sgd_l2,L2 one-vs-rest logistic,4,False,"{""alpha"":0.1,""average"":false,""batch_size"":64,""epochs"":50,""eta0"":0.01,""fit_intercept"":true,""frozen"":true,""implementation"":""sklearn.linear_model.SGDClassifier"",""learning_rate"":""optimal"",""loss"":""log_loss"",""penalty"":""l2"",""pilot_source"":""results/sweep_5_config.json""}",724a1fea14c056996c0474f9106b8177856f64794ebcc3fc1e458f6a8e12dc05,0.013927457042340443,71.54387406201568,297400913,,True,False,4,True,0.0,lowest_ordered_candidate_on_exact_tie
sensitivity,16,160,set_transformer,Set Transformer,0,True,"{""batch_size"":64,""d_model"":64,""dense_units"":[64,16],""dropout"":0.3,""expected_parameters"":157416,""ff_dim"":256,""frozen"":true,""implementation"":""neural_models.get_set_transformer"",""input_shape"":[22,10],""key_dim"":32,""learning_rate"":0.001,""max_epochs"":50,""num_heads"":2,""num_layers"":3,""output_units"":80,""patience"":10,""pilot_source"":""results/sweep_5.csv"",""pooling"":""global_average""}",6f4dec421d8ca8a60ca233da0707302c871aa8127caae786bc585c163e11c567,0.013098397770837118,105.85163343092427,1677716944,1365220164.0,False,False,2,False,0.0,lowest_ordered_candidate_on_exact_tie
sensitivity,16,160,set_transformer,Set Transformer,1,False,"{""batch_size"":64,""d_model"":64,""dense_units"":[64,16],""dropout"":0.1,""expected_parameters"":157416,""ff_dim"":256,""frozen"":true,""implementation"":""neural_models.get_set_transformer"",""input_shape"":[22,10],""key_dim"":32,""learning_rate"":0.0003,""max_epochs"":50,""num_heads"":2,""num_layers"":3,""output_units"":80,""patience"":10,""pilot_source"":""results/sweep_5.csv"",""pooling"":""global_average""}",fe204fdf1e84832e477e9c76ffec174e32677e8d5a5f24b670abbf7a3b8c7db1,0.013258605577054617,97.69439174397849,1677716944,1365220164.0,False,False,2,False,0.0,lowest_ordered_candidate_on_exact_tie
sensitivity,16,160,set_transformer,Set Transformer,2,False,"{""batch_size"":64,""d_model"":64,""dense_units"":[64,16],""dropout"":0.3,""expected_parameters"":157416,""ff_dim"":256,""frozen"":true,""implementation"":""neural_models.get_set_transformer"",""input_shape"":[22,10],""key_dim"":32,""learning_rate"":0.0003,""max_epochs"":50,""num_heads"":2,""num_layers"":3,""output_units"":80,""patience"":10,""pilot_source"":""results/sweep_5.csv"",""pooling"":""global_average""}",98491dd6370054dad3bab81748034d9978d93498b7569cee08e9b098dc1ba9e5,0.012938356331277916,114.0575175001286,1677716944,1365220164.0,True,False,2,True,0.0,lowest_ordered_candidate_on_exact_tie
sensitivity,16,160,set_transformer,Set Transformer,3,False,"{""batch_size"":64,""d_model"":64,""dense_units"":[64,16],""dropout"":0.1,""expected_parameters"":157416,""ff_dim"":256,""frozen"":true,""implementation"":""neural_models.get_set_transformer"",""input_shape"":[22,10],""key_dim"":32,""learning_rate"":0.001,""max_epochs"":50,""num_heads"":2,""num_layers"":3,""output_units"":80,""patience"":10,""pilot_source"":""results/sweep_5.csv"",""pooling"":""global_average""}",6003534a6fb6f7c259ea7485f50597481535337902a4fc1efeb39ec80445d6d6,0.0130227633000021,86.73452360392548,1677716944,1365220164.0,False,False,2,False,0.0,lowest_ordered_candidate_on_exact_tie
sensitivity,16,160,zoo_cnn,Zoo CNN,0,True,"{""batch_size"":64,""conv1d_filters"":[160,96,96],""conv2d_filters"":[128,160,128],""dense_units"":[96,256],""dropout"":0.3,""expected_parameters"":145584,""frozen"":true,""implementation"":""neural_models.get_conv_net"",""input_shape"":[11,10,10],""learning_rate"":0.001,""max_epochs"":50,""output_units"":80,""patience"":10,""pilot_source"":""original Zoo architecture and results/sweep_5.csv"",""pooling_weights"":{""average"":0.7,""max"":0.3}}",219344d288a1f6230782c6839c7a9758e13c3625ddae1b87e29779a206a56278,0.013744282071485819,25.042909148847684,1755005579,1664838494.0,True,True,0,True,0.0,lowest_ordered_candidate_on_exact_tie
sensitivity,16,160,zoo_cnn,Zoo CNN,1,False,"{""batch_size"":64,""conv1d_filters"":[160,96,96],""conv2d_filters"":[128,160,128],""dense_units"":[96,256],""dropout"":0.1,""expected_parameters"":145584,""frozen"":true,""implementation"":""neural_models.get_conv_net"",""input_shape"":[11,10,10],""learning_rate"":0.0003,""max_epochs"":50,""output_units"":80,""patience"":10,""pilot_source"":""original Zoo architecture and results/sweep_5.csv"",""pooling_weights"":{""average"":0.7,""max"":0.3}}",abbc846d863092760291bfa1d382563580835324df5f7f6ce46a6fbed3da8072,0.014563332475891892,21.282389824045822,1755005579,1664838494.0,False,True,0,False,0.0,lowest_ordered_candidate_on_exact_tie
sensitivity,16,160,zoo_cnn,Zoo CNN,2,False,"{""batch_size"":64,""conv1d_filters"":[160,96,96],""conv2d_filters"":[128,160,128],""dense_units"":[96,256],""dropout"":0.3,""expected_parameters"":145584,""frozen"":true,""implementation"":""neural_models.get_conv_net"",""input_shape"":[11,10,10],""learning_rate"":0.0003,""max_epochs"":50,""output_units"":80,""patience"":10,""pilot_source"":""original Zoo architecture and results/sweep_5.csv"",""pooling_weights"":{""average"":0.7,""max"":0.3}}",36cfcc45679e2e31725ccf0dedf1ff567692c99678381161175d0aef95c9aead,0.014100925108302787,27.822705803904682,1755005579,1664838494.0,False,True,0,False,0.0,lowest_ordered_candidate_on_exact_tie
sensitivity,16,160,zoo_cnn,Zoo CNN,3,False,"{""batch_size"":64,""conv1d_filters"":[160,96,96],""conv2d_filters"":[128,160,128],""dense_units"":[96,256],""dropout"":0.1,""expected_parameters"":145584,""frozen"":true,""implementation"":""neural_models.get_conv_net"",""input_shape"":[11,10,10],""learning_rate"":0.001,""max_epochs"":50,""output_units"":80,""patience"":10,""pilot_source"":""original Zoo architecture and results/sweep_5.csv"",""pooling_weights"":{""average"":0.7,""max"":0.3}}",0b22203ab4438c16191482ac13e31621a615cbaa6cf409114e6377f1bec3dc7b,0.014076906573026217,32.57858225307427,1755005579,1664838494.0,False,True,0,False,0.0,lowest_ordered_candidate_on_exact_tie
sensitivity,16,360,lightgbm_multiclass,LightGBM,0,True,"{""boosting_type"":""gbdt"",""colsample_bytree"":1.0,""frozen"":true,""implementation"":""lightgbm.LGBMClassifier"",""learning_rate"":0.05,""max_depth"":5,""min_child_samples"":50,""min_child_weight"":0.001,""min_split_gain"":0.0,""n_estimators"":200,""n_jobs"":1,""num_class"":80,""num_leaves"":31,""objective"":""multiclass"",""pilot_source"":""results/sweep_5_config.json"",""reg_alpha"":0.5,""reg_lambda"":0.5,""subsample"":1.0,""subsample_freq"":0}",5689446e19bdea1df411111e1e4b5cc50183c270622d0757b33c51d0a5938a1c,0.01350494532139033,26.016862132004462,823440731,,True,True,0,True,0.0,lowest_ordered_candidate_on_exact_tie
sensitivity,16,360,lightgbm_multiclass,LightGBM,1,False,"{""boosting_type"":""gbdt"",""colsample_bytree"":1.0,""frozen"":true,""implementation"":""lightgbm.LGBMClassifier"",""learning_rate"":0.05,""max_depth"":5,""min_child_samples"":20,""min_child_weight"":0.001,""min_split_gain"":0.0,""n_estimators"":200,""n_jobs"":1,""num_class"":80,""num_leaves"":31,""objective"":""multiclass"",""pilot_source"":""results/sweep_5_config.json"",""reg_alpha"":0.1,""reg_lambda"":0.1,""subsample"":1.0,""subsample_freq"":0}",cb116d2e0b5ef62830f7ca0d63c0d488226c533f44349af3605ff4acd0a2aebc,0.013644396999568072,27.09455218806397,823440731,,False,True,0,False,0.0,lowest_ordered_candidate_on_exact_tie
sensitivity,16,360,lightgbm_multiclass,LightGBM,2,False,"{""boosting_type"":""gbdt"",""colsample_bytree"":1.0,""frozen"":true,""implementation"":""lightgbm.LGBMClassifier"",""learning_rate"":0.05,""max_depth"":7,""min_child_samples"":20,""min_child_weight"":0.001,""min_split_gain"":0.0,""n_estimators"":200,""n_jobs"":1,""num_class"":80,""num_leaves"":31,""objective"":""multiclass"",""pilot_source"":""results/sweep_5_config.json"",""reg_alpha"":0.1,""reg_lambda"":0.1,""subsample"":1.0,""subsample_freq"":0}",cae2276bc5c6ec1a3d72ce53c46697dc247ba4430ea98e1f609b624c98c8365e,0.013825302317721914,34.588724236004055,823440731,,False,True,0,False,0.0,lowest_ordered_candidate_on_exact_tie
sensitivity,16,360,lightgbm_multiclass,LightGBM,3,False,"{""boosting_type"":""gbdt"",""colsample_bytree"":1.0,""frozen"":true,""implementation"":""lightgbm.LGBMClassifier"",""learning_rate"":0.1,""max_depth"":5,""min_child_samples"":20,""min_child_weight"":0.001,""min_split_gain"":0.0,""n_estimators"":200,""n_jobs"":1,""num_class"":80,""num_leaves"":31,""objective"":""multiclass"",""pilot_source"":""results/sweep_5_config.json"",""reg_alpha"":0.1,""reg_lambda"":0.1,""subsample"":1.0,""subsample_freq"":0}",c698b699f6c7cf18743346c4dd2691d8b650e657ec9a021d53142751ecc58407,0.01402391863801042,24.562411096994765,823440731,,False,True,0,False,0.0,lowest_ordered_candidate_on_exact_tie
sensitivity,16,360,ridge_sgd_l2,L2 one-vs-rest logistic,0,True,"{""alpha"":0.3333333333333333,""average"":false,""batch_size"":64,""epochs"":50,""eta0"":0.01,""fit_intercept"":true,""frozen"":true,""implementation"":""sklearn.linear_model.SGDClassifier"",""learning_rate"":""optimal"",""loss"":""log_loss"",""penalty"":""l2"",""pilot_source"":""results/sweep_5_config.json""}",851f14fb6b5ecda88baab0b92a7a36c949fdd0437766fc7d2433f329e2fde2f3,0.01422953244620917,158.98996299901046,102551304,,False,False,4,False,0.0,lowest_ordered_candidate_on_exact_tie
sensitivity,16,360,ridge_sgd_l2,L2 one-vs-rest logistic,1,False,"{""alpha"":10.0,""average"":false,""batch_size"":64,""epochs"":50,""eta0"":0.01,""fit_intercept"":true,""frozen"":true,""implementation"":""sklearn.linear_model.SGDClassifier"",""learning_rate"":""optimal"",""loss"":""log_loss"",""penalty"":""l2"",""pilot_source"":""results/sweep_5_config.json""}",dc2707c60c369df46e9b424fa8a1ebc5b23e4a351ced0c10e7e7dc66c6076d51,0.021128581921818396,158.58583630097564,102551304,,False,False,4,False,0.0,lowest_ordered_candidate_on_exact_tie
sensitivity,16,360,ridge_sgd_l2,L2 one-vs-rest logistic,2,False,"{""alpha"":3.3333333333333335,""average"":false,""batch_size"":64,""epochs"":50,""eta0"":0.01,""fit_intercept"":true,""frozen"":true,""implementation"":""sklearn.linear_model.SGDClassifier"",""learning_rate"":""optimal"",""loss"":""log_loss"",""penalty"":""l2"",""pilot_source"":""results/sweep_5_config.json""}",7aa5dba8ad015c8682db23cb59b805649b89895bc1121de465bef1e495573967,0.016595046347405485,158.84693623299245,102551304,,False,False,4,False,0.0,lowest_ordered_candidate_on_exact_tie
sensitivity,16,360,ridge_sgd_l2,L2 one-vs-rest logistic,3,False,"{""alpha"":1.0,""average"":false,""batch_size"":64,""epochs"":50,""eta0"":0.01,""fit_intercept"":true,""frozen"":true,""implementation"":""sklearn.linear_model.SGDClassifier"",""learning_rate"":""optimal"",""loss"":""log_loss"",""penalty"":""l2"",""pilot_source"":""results/sweep_5_config.json""}",f1028920c45a062ceb93b6bb97df161e827da764972699d89f7ccc787385a0de,0.014766362702258291,158.77977399493102,102551304,,False,False,4,False,0.0,lowest_ordered_candidate_on_exact_tie
sensitivity,16,360,ridge_sgd_l2,L2 one-vs-rest logistic,4,False,"{""alpha"":0.1,""average"":false,""batch_size"":64,""epochs"":50,""eta0"":0.01,""fit_intercept"":true,""frozen"":true,""implementation"":""sklearn.linear_model.SGDClassifier"",""learning_rate"":""optimal"",""loss"":""log_loss"",""penalty"":""l2"",""pilot_source"":""results/sweep_5_config.json""}",724a1fea14c056996c0474f9106b8177856f64794ebcc3fc1e458f6a8e12dc05,0.013929406714903987,158.75314969196916,102551304,,True,False,4,True,0.0,lowest_ordered_candidate_on_exact_tie
sensitivity,16,360,set_transformer,Set Transformer,0,True,"{""batch_size"":64,""d_model"":64,""dense_units"":[64,16],""dropout"":0.3,""expected_parameters"":157416,""ff_dim"":256,""frozen"":true,""implementation"":""neural_models.get_set_transformer"",""input_shape"":[22,10],""key_dim"":32,""learning_rate"":0.001,""max_epochs"":50,""num_heads"":2,""num_layers"":3,""output_units"":80,""patience"":10,""pilot_source"":""results/sweep_5.csv"",""pooling"":""global_average""}",6f4dec421d8ca8a60ca233da0707302c871aa8127caae786bc585c163e11c567,0.012836494304879365,187.9440393128898,1737758202,661851552.0,False,False,2,False,0.0,lowest_ordered_candidate_on_exact_tie
sensitivity,16,360,set_transformer,Set Transformer,1,False,"{""batch_size"":64,""d_model"":64,""dense_units"":[64,16],""dropout"":0.1,""expected_parameters"":157416,""ff_dim"":256,""frozen"":true,""implementation"":""neural_models.get_set_transformer"",""input_shape"":[22,10],""key_dim"":32,""learning_rate"":0.0003,""max_epochs"":50,""num_heads"":2,""num_layers"":3,""output_units"":80,""patience"":10,""pilot_source"":""results/sweep_5.csv"",""pooling"":""global_average""}",fe204fdf1e84832e477e9c76ffec174e32677e8d5a5f24b670abbf7a3b8c7db1,0.012788086344741944,131.95329007389955,1737758202,661851552.0,False,False,2,False,0.0,lowest_ordered_candidate_on_exact_tie
sensitivity,16,360,set_transformer,Set Transformer,2,False,"{""batch_size"":64,""d_model"":64,""dense_units"":[64,16],""dropout"":0.3,""expected_parameters"":157416,""ff_dim"":256,""frozen"":true,""implementation"":""neural_models.get_set_transformer"",""input_shape"":[22,10],""key_dim"":32,""learning_rate"":0.0003,""max_epochs"":50,""num_heads"":2,""num_layers"":3,""output_units"":80,""patience"":10,""pilot_source"":""results/sweep_5.csv"",""pooling"":""global_average""}",98491dd6370054dad3bab81748034d9978d93498b7569cee08e9b098dc1ba9e5,0.012589719635849927,226.27944005979225,1737758202,661851552.0,True,False,2,True,0.0,lowest_ordered_candidate_on_exact_tie
sensitivity,16,360,set_transformer,Set Transformer,3,False,"{""batch_size"":64,""d_model"":64,""dense_units"":[64,16],""dropout"":0.1,""expected_parameters"":157416,""ff_dim"":256,""frozen"":true,""implementation"":""neural_models.get_set_transformer"",""input_shape"":[22,10],""key_dim"":32,""learning_rate"":0.001,""max_epochs"":50,""num_heads"":2,""num_layers"":3,""output_units"":80,""patience"":10,""pilot_source"":""results/sweep_5.csv"",""pooling"":""global_average""}",6003534a6fb6f7c259ea7485f50597481535337902a4fc1efeb39ec80445d6d6,0.012898122162052012,132.69150907406583,1737758202,661851552.0,False,False,2,False,0.0,lowest_ordered_candidate_on_exact_tie
sensitivity,16,360,zoo_cnn,Zoo CNN,0,True,"{""batch_size"":64,""conv1d_filters"":[160,96,96],""conv2d_filters"":[128,160,128],""dense_units"":[96,256],""dropout"":0.3,""expected_parameters"":145584,""frozen"":true,""implementation"":""neural_models.get_conv_net"",""input_shape"":[11,10,10],""learning_rate"":0.001,""max_epochs"":50,""output_units"":80,""patience"":10,""pilot_source"":""original Zoo architecture and results/sweep_5.csv"",""pooling_weights"":{""average"":0.7,""max"":0.3}}",219344d288a1f6230782c6839c7a9758e13c3625ddae1b87e29779a206a56278,0.01304260196451389,54.26704306900501,506209089,493450255.0,True,True,0,True,0.0,lowest_ordered_candidate_on_exact_tie
sensitivity,16,360,zoo_cnn,Zoo CNN,1,False,"{""batch_size"":64,""conv1d_filters"":[160,96,96],""conv2d_filters"":[128,160,128],""dense_units"":[96,256],""dropout"":0.1,""expected_parameters"":145584,""frozen"":true,""implementation"":""neural_models.get_conv_net"",""input_shape"":[11,10,10],""learning_rate"":0.0003,""max_epochs"":50,""output_units"":80,""patience"":10,""pilot_source"":""original Zoo architecture and results/sweep_5.csv"",""pooling_weights"":{""average"":0.7,""max"":0.3}}",abbc846d863092760291bfa1d382563580835324df5f7f6ce46a6fbed3da8072,0.013783916041632014,51.90616036299616,506209089,493450255.0,False,True,0,False,0.0,lowest_ordered_candidate_on_exact_tie
sensitivity,16,360,zoo_cnn,Zoo CNN,2,False,"{""batch_size"":64,""conv1d_filters"":[160,96,96],""conv2d_filters"":[128,160,128],""dense_units"":[96,256],""dropout"":0.3,""expected_parameters"":145584,""frozen"":true,""implementation"":""neural_models.get_conv_net"",""input_shape"":[11,10,10],""learning_rate"":0.0003,""max_epochs"":50,""output_units"":80,""patience"":10,""pilot_source"":""original Zoo architecture and results/sweep_5.csv"",""pooling_weights"":{""average"":0.7,""max"":0.3}}",36cfcc45679e2e31725ccf0dedf1ff567692c99678381161175d0aef95c9aead,0.013153988931860856,66.76747107505798,506209089,493450255.0,False,True,0,False,0.0,lowest_ordered_candidate_on_exact_tie
sensitivity,16,360,zoo_cnn,Zoo CNN,3,False,"{""batch_size"":64,""conv1d_filters"":[160,96,96],""conv2d_filters"":[128,160,128],""dense_units"":[96,256],""dropout"":0.1,""expected_parameters"":145584,""frozen"":true,""implementation"":""neural_models.get_conv_net"",""input_shape"":[11,10,10],""learning_rate"":0.001,""max_epochs"":50,""output_units"":80,""patience"":10,""pilot_source"":""original Zoo architecture and results/sweep_5.csv"",""pooling_weights"":{""average"":0.7,""max"":0.3}}",0b22203ab4438c16191482ac13e31621a615cbaa6cf409114e6377f1bec3dc7b,0.013219426343650885,48.44371297908947,506209089,493450255.0,False,True,0,False,0.0,lowest_ordered_candidate_on_exact_tie
sensitivity,17,20,lightgbm_multiclass,LightGBM,0,True,"{""boosting_type"":""gbdt"",""colsample_bytree"":1.0,""frozen"":true,""implementation"":""lightgbm.LGBMClassifier"",""learning_rate"":0.05,""max_depth"":5,""min_child_samples"":50,""min_child_weight"":0.001,""min_split_gain"":0.0,""n_estimators"":200,""n_jobs"":1,""num_class"":80,""num_leaves"":31,""objective"":""multiclass"",""pilot_source"":""results/sweep_5_config.json"",""reg_alpha"":0.5,""reg_lambda"":0.5,""subsample"":1.0,""subsample_freq"":0}",5689446e19bdea1df411111e1e4b5cc50183c270622d0757b33c51d0a5938a1c,0.01332623478135642,3.4833178729750216,1286717331,,True,True,0,True,0.0,lowest_ordered_candidate_on_exact_tie
sensitivity,17,20,lightgbm_multiclass,LightGBM,1,False,"{""boosting_type"":""gbdt"",""colsample_bytree"":1.0,""frozen"":true,""implementation"":""lightgbm.LGBMClassifier"",""learning_rate"":0.05,""max_depth"":5,""min_child_samples"":20,""min_child_weight"":0.001,""min_split_gain"":0.0,""n_estimators"":200,""n_jobs"":1,""num_class"":80,""num_leaves"":31,""objective"":""multiclass"",""pilot_source"":""results/sweep_5_config.json"",""reg_alpha"":0.1,""reg_lambda"":0.1,""subsample"":1.0,""subsample_freq"":0}",cb116d2e0b5ef62830f7ca0d63c0d488226c533f44349af3605ff4acd0a2aebc,0.01390334818106254,4.3577877880306914,1286717331,,False,True,0,False,0.0,lowest_ordered_candidate_on_exact_tie
sensitivity,17,20,lightgbm_multiclass,LightGBM,2,False,"{""boosting_type"":""gbdt"",""colsample_bytree"":1.0,""frozen"":true,""implementation"":""lightgbm.LGBMClassifier"",""learning_rate"":0.05,""max_depth"":7,""min_child_samples"":20,""min_child_weight"":0.001,""min_split_gain"":0.0,""n_estimators"":200,""n_jobs"":1,""num_class"":80,""num_leaves"":31,""objective"":""multiclass"",""pilot_source"":""results/sweep_5_config.json"",""reg_alpha"":0.1,""reg_lambda"":0.1,""subsample"":1.0,""subsample_freq"":0}",cae2276bc5c6ec1a3d72ce53c46697dc247ba4430ea98e1f609b624c98c8365e,0.014040946601485147,4.700920531060547,1286717331,,False,True,0,False,0.0,lowest_ordered_candidate_on_exact_tie
sensitivity,17,20,lightgbm_multiclass,LightGBM,3,False,"{""boosting_type"":""gbdt"",""colsample_bytree"":1.0,""frozen"":true,""implementation"":""lightgbm.LGBMClassifier"",""learning_rate"":0.1,""max_depth"":5,""min_child_samples"":20,""min_child_weight"":0.001,""min_split_gain"":0.0,""n_estimators"":200,""n_jobs"":1,""num_class"":80,""num_leaves"":31,""objective"":""multiclass"",""pilot_source"":""results/sweep_5_config.json"",""reg_alpha"":0.1,""reg_lambda"":0.1,""subsample"":1.0,""subsample_freq"":0}",c698b699f6c7cf18743346c4dd2691d8b650e657ec9a021d53142751ecc58407,0.014334975565885451,2.9219826359767467,1286717331,,False,True,0,False,0.0,lowest_ordered_candidate_on_exact_tie
sensitivity,17,20,ridge_sgd_l2,L2 one-vs-rest logistic,0,True,"{""alpha"":0.3333333333333333,""average"":false,""batch_size"":64,""epochs"":50,""eta0"":0.01,""fit_intercept"":true,""frozen"":true,""implementation"":""sklearn.linear_model.SGDClassifier"",""learning_rate"":""optimal"",""loss"":""log_loss"",""penalty"":""l2"",""pilot_source"":""results/sweep_5_config.json""}",851f14fb6b5ecda88baab0b92a7a36c949fdd0437766fc7d2433f329e2fde2f3,0.013518042130700297,9.458593184011988,1384334112,,False,False,4,False,0.0,lowest_ordered_candidate_on_exact_tie
sensitivity,17,20,ridge_sgd_l2,L2 one-vs-rest logistic,1,False,"{""alpha"":10.0,""average"":false,""batch_size"":64,""epochs"":50,""eta0"":0.01,""fit_intercept"":true,""frozen"":true,""implementation"":""sklearn.linear_model.SGDClassifier"",""learning_rate"":""optimal"",""loss"":""log_loss"",""penalty"":""l2"",""pilot_source"":""results/sweep_5_config.json""}",dc2707c60c369df46e9b424fa8a1ebc5b23e4a351ced0c10e7e7dc66c6076d51,0.020848253266333185,9.288687741034664,1384334112,,False,False,4,False,0.0,lowest_ordered_candidate_on_exact_tie
sensitivity,17,20,ridge_sgd_l2,L2 one-vs-rest logistic,2,False,"{""alpha"":3.3333333333333335,""average"":false,""batch_size"":64,""epochs"":50,""eta0"":0.01,""fit_intercept"":true,""frozen"":true,""implementation"":""sklearn.linear_model.SGDClassifier"",""learning_rate"":""optimal"",""loss"":""log_loss"",""penalty"":""l2"",""pilot_source"":""results/sweep_5_config.json""}",7aa5dba8ad015c8682db23cb59b805649b89895bc1121de465bef1e495573967,0.016066884394940743,9.313563989009708,1384334112,,False,False,4,False,0.0,lowest_ordered_candidate_on_exact_tie
sensitivity,17,20,ridge_sgd_l2,L2 one-vs-rest logistic,3,False,"{""alpha"":1.0,""average"":false,""batch_size"":64,""epochs"":50,""eta0"":0.01,""fit_intercept"":true,""frozen"":true,""implementation"":""sklearn.linear_model.SGDClassifier"",""learning_rate"":""optimal"",""loss"":""log_loss"",""penalty"":""l2"",""pilot_source"":""results/sweep_5_config.json""}",f1028920c45a062ceb93b6bb97df161e827da764972699d89f7ccc787385a0de,0.014057473188786796,9.293496674043126,1384334112,,False,False,4,False,0.0,lowest_ordered_candidate_on_exact_tie
sensitivity,17,20,ridge_sgd_l2,L2 one-vs-rest logistic,4,False,"{""alpha"":0.1,""average"":false,""batch_size"":64,""epochs"":50,""eta0"":0.01,""fit_intercept"":true,""frozen"":true,""implementation"":""sklearn.linear_model.SGDClassifier"",""learning_rate"":""optimal"",""loss"":""log_loss"",""penalty"":""l2"",""pilot_source"":""results/sweep_5_config.json""}",724a1fea14c056996c0474f9106b8177856f64794ebcc3fc1e458f6a8e12dc05,0.01351614293323511,9.281323058065027,1384334112,,True,False,4,True,0.0,lowest_ordered_candidate_on_exact_tie
sensitivity,17,20,set_transformer,Set Transformer,0,True,"{""batch_size"":64,""d_model"":64,""dense_units"":[64,16],""dropout"":0.3,""expected_parameters"":157416,""ff_dim"":256,""frozen"":true,""implementation"":""neural_models.get_set_transformer"",""input_shape"":[22,10],""key_dim"":32,""learning_rate"":0.001,""max_epochs"":50,""num_heads"":2,""num_layers"":3,""output_units"":80,""patience"":10,""pilot_source"":""results/sweep_5.csv"",""pooling"":""global_average""}",6f4dec421d8ca8a60ca233da0707302c871aa8127caae786bc585c163e11c567,0.012843000882976411,27.999315704917535,1191445423,715330966.0,False,False,3,False,0.0,lowest_ordered_candidate_on_exact_tie
sensitivity,17,20,set_transformer,Set Transformer,1,False,"{""batch_size"":64,""d_model"":64,""dense_units"":[64,16],""dropout"":0.1,""expected_parameters"":157416,""ff_dim"":256,""frozen"":true,""implementation"":""neural_models.get_set_transformer"",""input_shape"":[22,10],""key_dim"":32,""learning_rate"":0.0003,""max_epochs"":50,""num_heads"":2,""num_layers"":3,""output_units"":80,""patience"":10,""pilot_source"":""results/sweep_5.csv"",""pooling"":""global_average""}",fe204fdf1e84832e477e9c76ffec174e32677e8d5a5f24b670abbf7a3b8c7db1,0.012989103827695653,32.77142725000158,1191445423,715330966.0,False,False,3,False,0.0,lowest_ordered_candidate_on_exact_tie
sensitivity,17,20,set_transformer,Set Transformer,2,False,"{""batch_size"":64,""d_model"":64,""dense_units"":[64,16],""dropout"":0.3,""expected_parameters"":157416,""ff_dim"":256,""frozen"":true,""implementation"":""neural_models.get_set_transformer"",""input_shape"":[22,10],""key_dim"":32,""learning_rate"":0.0003,""max_epochs"":50,""num_heads"":2,""num_layers"":3,""output_units"":80,""patience"":10,""pilot_source"":""results/sweep_5.csv"",""pooling"":""global_average""}",98491dd6370054dad3bab81748034d9978d93498b7569cee08e9b098dc1ba9e5,0.012904719550005488,33.712574475910515,1191445423,715330966.0,False,False,3,False,0.0,lowest_ordered_candidate_on_exact_tie
sensitivity,17,20,set_transformer,Set Transformer,3,False,"{""batch_size"":64,""d_model"":64,""dense_units"":[64,16],""dropout"":0.1,""expected_parameters"":157416,""ff_dim"":256,""frozen"":true,""implementation"":""neural_models.get_set_transformer"",""input_shape"":[22,10],""key_dim"":32,""learning_rate"":0.001,""max_epochs"":50,""num_heads"":2,""num_layers"":3,""output_units"":80,""patience"":10,""pilot_source"":""results/sweep_5.csv"",""pooling"":""global_average""}",6003534a6fb6f7c259ea7485f50597481535337902a4fc1efeb39ec80445d6d6,0.012752840512167438,26.599079173989594,1191445423,715330966.0,True,False,3,True,0.0,lowest_ordered_candidate_on_exact_tie
sensitivity,17,20,zoo_cnn,Zoo CNN,0,True,"{""batch_size"":64,""conv1d_filters"":[160,96,96],""conv2d_filters"":[128,160,128],""dense_units"":[96,256],""dropout"":0.3,""expected_parameters"":145584,""frozen"":true,""implementation"":""neural_models.get_conv_net"",""input_shape"":[11,10,10],""learning_rate"":0.001,""max_epochs"":50,""output_units"":80,""patience"":10,""pilot_source"":""original Zoo architecture and results/sweep_5.csv"",""pooling_weights"":{""average"":0.7,""max"":0.3}}",219344d288a1f6230782c6839c7a9758e13c3625ddae1b87e29779a206a56278,0.014466925356324892,16.115364945027977,1016220738,1090573413.0,True,True,0,True,0.0,lowest_ordered_candidate_on_exact_tie
sensitivity,17,20,zoo_cnn,Zoo CNN,1,False,"{""batch_size"":64,""conv1d_filters"":[160,96,96],""conv2d_filters"":[128,160,128],""dense_units"":[96,256],""dropout"":0.1,""expected_parameters"":145584,""frozen"":true,""implementation"":""neural_models.get_conv_net"",""input_shape"":[11,10,10],""learning_rate"":0.0003,""max_epochs"":50,""output_units"":80,""patience"":10,""pilot_source"":""original Zoo architecture and results/sweep_5.csv"",""pooling_weights"":{""average"":0.7,""max"":0.3}}",abbc846d863092760291bfa1d382563580835324df5f7f6ce46a6fbed3da8072,0.015910890726927106,13.927605916978791,1016220738,1090573413.0,False,True,0,False,0.0,lowest_ordered_candidate_on_exact_tie
sensitivity,17,20,zoo_cnn,Zoo CNN,2,False,"{""batch_size"":64,""conv1d_filters"":[160,96,96],""conv2d_filters"":[128,160,128],""dense_units"":[96,256],""dropout"":0.3,""expected_parameters"":145584,""frozen"":true,""implementation"":""neural_models.get_conv_net"",""input_shape"":[11,10,10],""learning_rate"":0.0003,""max_epochs"":50,""output_units"":80,""patience"":10,""pilot_source"":""original Zoo architecture and results/sweep_5.csv"",""pooling_weights"":{""average"":0.7,""max"":0.3}}",36cfcc45679e2e31725ccf0dedf1ff567692c99678381161175d0aef95c9aead,0.01534852798077797,14.905023222090676,1016220738,1090573413.0,False,True,0,False,0.0,lowest_ordered_candidate_on_exact_tie
sensitivity,17,20,zoo_cnn,Zoo CNN,3,False,"{""batch_size"":64,""conv1d_filters"":[160,96,96],""conv2d_filters"":[128,160,128],""dense_units"":[96,256],""dropout"":0.1,""expected_parameters"":145584,""frozen"":true,""implementation"":""neural_models.get_conv_net"",""input_shape"":[11,10,10],""learning_rate"":0.001,""max_epochs"":50,""output_units"":80,""patience"":10,""pilot_source"":""original Zoo architecture and results/sweep_5.csv"",""pooling_weights"":{""average"":0.7,""max"":0.3}}",0b22203ab4438c16191482ac13e31621a615cbaa6cf409114e6377f1bec3dc7b,0.015248155986304558,12.494082452030852,1016220738,1090573413.0,False,True,0,False,0.0,lowest_ordered_candidate_on_exact_tie
sensitivity,17,160,lightgbm_multiclass,LightGBM,0,True,"{""boosting_type"":""gbdt"",""colsample_bytree"":1.0,""frozen"":true,""implementation"":""lightgbm.LGBMClassifier"",""learning_rate"":0.05,""max_depth"":5,""min_child_samples"":50,""min_child_weight"":0.001,""min_split_gain"":0.0,""n_estimators"":200,""n_jobs"":1,""num_class"":80,""num_leaves"":31,""objective"":""multiclass"",""pilot_source"":""results/sweep_5_config.json"",""reg_alpha"":0.5,""reg_lambda"":0.5,""subsample"":1.0,""subsample_freq"":0}",5689446e19bdea1df411111e1e4b5cc50183c270622d0757b33c51d0a5938a1c,0.01259582703289326,15.007862312020734,1921186397,,True,True,0,True,0.0,lowest_ordered_candidate_on_exact_tie
sensitivity,17,160,lightgbm_multiclass,LightGBM,1,False,"{""boosting_type"":""gbdt"",""colsample_bytree"":1.0,""frozen"":true,""implementation"":""lightgbm.LGBMClassifier"",""learning_rate"":0.05,""max_depth"":5,""min_child_samples"":20,""min_child_weight"":0.001,""min_split_gain"":0.0,""n_estimators"":200,""n_jobs"":1,""num_class"":80,""num_leaves"":31,""objective"":""multiclass"",""pilot_source"":""results/sweep_5_config.json"",""reg_alpha"":0.1,""reg_lambda"":0.1,""subsample"":1.0,""subsample_freq"":0}",cb116d2e0b5ef62830f7ca0d63c0d488226c533f44349af3605ff4acd0a2aebc,0.012732190453346575,16.13212155306246,1921186397,,False,True,0,False,0.0,lowest_ordered_candidate_on_exact_tie
sensitivity,17,160,lightgbm_multiclass,LightGBM,2,False,"{""boosting_type"":""gbdt"",""colsample_bytree"":1.0,""frozen"":true,""implementation"":""lightgbm.LGBMClassifier"",""learning_rate"":0.05,""max_depth"":7,""min_child_samples"":20,""min_child_weight"":0.001,""min_split_gain"":0.0,""n_estimators"":200,""n_jobs"":1,""num_class"":80,""num_leaves"":31,""objective"":""multiclass"",""pilot_source"":""results/sweep_5_config.json"",""reg_alpha"":0.1,""reg_lambda"":0.1,""subsample"":1.0,""subsample_freq"":0}",cae2276bc5c6ec1a3d72ce53c46697dc247ba4430ea98e1f609b624c98c8365e,0.013034420834402255,21.0943674959708,1921186397,,False,True,0,False,0.0,lowest_ordered_candidate_on_exact_tie
sensitivity,17,160,lightgbm_multiclass,LightGBM,3,False,"{""boosting_type"":""gbdt"",""colsample_bytree"":1.0,""frozen"":true,""implementation"":""lightgbm.LGBMClassifier"",""learning_rate"":0.1,""max_depth"":5,""min_child_samples"":20,""min_child_weight"":0.001,""min_split_gain"":0.0,""n_estimators"":200,""n_jobs"":1,""num_class"":80,""num_leaves"":31,""objective"":""multiclass"",""pilot_source"":""results/sweep_5_config.json"",""reg_alpha"":0.1,""reg_lambda"":0.1,""subsample"":1.0,""subsample_freq"":0}",c698b699f6c7cf18743346c4dd2691d8b650e657ec9a021d53142751ecc58407,0.013202176315913094,14.208986017969437,1921186397,,False,True,0,False,0.0,lowest_ordered_candidate_on_exact_tie
sensitivity,17,160,ridge_sgd_l2,L2 one-vs-rest logistic,0,True,"{""alpha"":0.3333333333333333,""average"":false,""batch_size"":64,""epochs"":50,""eta0"":0.01,""fit_intercept"":true,""frozen"":true,""implementation"":""sklearn.linear_model.SGDClassifier"",""learning_rate"":""optimal"",""loss"":""log_loss"",""penalty"":""l2"",""pilot_source"":""results/sweep_5_config.json""}",851f14fb6b5ecda88baab0b92a7a36c949fdd0437766fc7d2433f329e2fde2f3,0.013360172023835564,71.33757645497099,473863069,,False,False,4,False,0.0,lowest_ordered_candidate_on_exact_tie
sensitivity,17,160,ridge_sgd_l2,L2 one-vs-rest logistic,1,False,"{""alpha"":10.0,""average"":false,""batch_size"":64,""epochs"":50,""eta0"":0.01,""fit_intercept"":true,""frozen"":true,""implementation"":""sklearn.linear_model.SGDClassifier"",""learning_rate"":""optimal"",""loss"":""log_loss"",""penalty"":""l2"",""pilot_source"":""results/sweep_5_config.json""}",dc2707c60c369df46e9b424fa8a1ebc5b23e4a351ced0c10e7e7dc66c6076d51,0.02080421685744869,71.44272657902911,473863069,,False,False,4,False,0.0,lowest_ordered_candidate_on_exact_tie
sensitivity,17,160,ridge_sgd_l2,L2 one-vs-rest logistic,2,False,"{""alpha"":3.3333333333333335,""average"":false,""batch_size"":64,""epochs"":50,""eta0"":0.01,""fit_intercept"":true,""frozen"":true,""implementation"":""sklearn.linear_model.SGDClassifier"",""learning_rate"":""optimal"",""loss"":""log_loss"",""penalty"":""l2"",""pilot_source"":""results/sweep_5_config.json""}",7aa5dba8ad015c8682db23cb59b805649b89895bc1121de465bef1e495573967,0.01603698449338298,71.48766566498671,473863069,,False,False,4,False,0.0,lowest_ordered_candidate_on_exact_tie
sensitivity,17,160,ridge_sgd_l2,L2 one-vs-rest logistic,3,False,"{""alpha"":1.0,""average"":false,""batch_size"":64,""epochs"":50,""eta0"":0.01,""fit_intercept"":true,""frozen"":true,""implementation"":""sklearn.linear_model.SGDClassifier"",""learning_rate"":""optimal"",""loss"":""log_loss"",""penalty"":""l2"",""pilot_source"":""results/sweep_5_config.json""}",f1028920c45a062ceb93b6bb97df161e827da764972699d89f7ccc787385a0de,0.014011046917333465,71.45301326003391,473863069,,False,False,4,False,0.0,lowest_ordered_candidate_on_exact_tie
sensitivity,17,160,ridge_sgd_l2,L2 one-vs-rest logistic,4,False,"{""alpha"":0.1,""average"":false,""batch_size"":64,""epochs"":50,""eta0"":0.01,""fit_intercept"":true,""frozen"":true,""implementation"":""sklearn.linear_model.SGDClassifier"",""learning_rate"":""optimal"",""loss"":""log_loss"",""penalty"":""l2"",""pilot_source"":""results/sweep_5_config.json""}",724a1fea14c056996c0474f9106b8177856f64794ebcc3fc1e458f6a8e12dc05,0.013022153701746607,71.50060381100047,473863069,,True,False,4,True,0.0,lowest_ordered_candidate_on_exact_tie
sensitivity,17,160,set_transformer,Set Transformer,0,True,"{""batch_size"":64,""d_model"":64,""dense_units"":[64,16],""dropout"":0.3,""expected_parameters"":157416,""ff_dim"":256,""frozen"":true,""implementation"":""neural_models.get_set_transformer"",""input_shape"":[22,10],""key_dim"":32,""learning_rate"":0.001,""max_epochs"":50,""num_heads"":2,""num_layers"":3,""output_units"":80,""patience"":10,""pilot_source"":""results/sweep_5.csv"",""pooling"":""global_average""}",6f4dec421d8ca8a60ca233da0707302c871aa8127caae786bc585c163e11c567,0.011851472201524086,110.7192297859583,1446946165,704335192.0,False,False,2,False,0.0,lowest_ordered_candidate_on_exact_tie
sensitivity,17,160,set_transformer,Set Transformer,1,False,"{""batch_size"":64,""d_model"":64,""dense_units"":[64,16],""dropout"":0.1,""expected_parameters"":157416,""ff_dim"":256,""frozen"":true,""implementation"":""neural_models.get_set_transformer"",""input_shape"":[22,10],""key_dim"":32,""learning_rate"":0.0003,""max_epochs"":50,""num_heads"":2,""num_layers"":3,""output_units"":80,""patience"":10,""pilot_source"":""results/sweep_5.csv"",""pooling"":""global_average""}",fe204fdf1e84832e477e9c76ffec174e32677e8d5a5f24b670abbf7a3b8c7db1,0.011983547278231872,80.62787458091043,1446946165,704335192.0,False,False,2,False,0.0,lowest_ordered_candidate_on_exact_tie
sensitivity,17,160,set_transformer,Set Transformer,2,False,"{""batch_size"":64,""d_model"":64,""dense_units"":[64,16],""dropout"":0.3,""expected_parameters"":157416,""ff_dim"":256,""frozen"":true,""implementation"":""neural_models.get_set_transformer"",""input_shape"":[22,10],""key_dim"":32,""learning_rate"":0.0003,""max_epochs"":50,""num_heads"":2,""num_layers"":3,""output_units"":80,""patience"":10,""pilot_source"":""results/sweep_5.csv"",""pooling"":""global_average""}",98491dd6370054dad3bab81748034d9978d93498b7569cee08e9b098dc1ba9e5,0.011849932944115583,121.2712727568578,1446946165,704335192.0,True,False,2,True,0.0,lowest_ordered_candidate_on_exact_tie
sensitivity,17,160,set_transformer,Set Transformer,3,False,"{""batch_size"":64,""d_model"":64,""dense_units"":[64,16],""dropout"":0.1,""expected_parameters"":157416,""ff_dim"":256,""frozen"":true,""implementation"":""neural_models.get_set_transformer"",""input_shape"":[22,10],""key_dim"":32,""learning_rate"":0.001,""max_epochs"":50,""num_heads"":2,""num_layers"":3,""output_units"":80,""patience"":10,""pilot_source"":""results/sweep_5.csv"",""pooling"":""global_average""}",6003534a6fb6f7c259ea7485f50597481535337902a4fc1efeb39ec80445d6d6,0.01202747931703764,73.16646365402266,1446946165,704335192.0,False,False,2,False,0.0,lowest_ordered_candidate_on_exact_tie
sensitivity,17,160,zoo_cnn,Zoo CNN,0,True,"{""batch_size"":64,""conv1d_filters"":[160,96,96],""conv2d_filters"":[128,160,128],""dense_units"":[96,256],""dropout"":0.3,""expected_parameters"":145584,""frozen"":true,""implementation"":""neural_models.get_conv_net"",""input_shape"":[11,10,10],""learning_rate"":0.001,""max_epochs"":50,""output_units"":80,""patience"":10,""pilot_source"":""original Zoo architecture and results/sweep_5.csv"",""pooling_weights"":{""average"":0.7,""max"":0.3}}",219344d288a1f6230782c6839c7a9758e13c3625ddae1b87e29779a206a56278,0.01245082594213049,25.77576931891963,1480144921,2096559979.0,True,True,0,True,0.0,lowest_ordered_candidate_on_exact_tie
sensitivity,17,160,zoo_cnn,Zoo CNN,1,False,"{""batch_size"":64,""conv1d_filters"":[160,96,96],""conv2d_filters"":[128,160,128],""dense_units"":[96,256],""dropout"":0.1,""expected_parameters"":145584,""frozen"":true,""implementation"":""neural_models.get_conv_net"",""input_shape"":[11,10,10],""learning_rate"":0.0003,""max_epochs"":50,""output_units"":80,""patience"":10,""pilot_source"":""original Zoo architecture and results/sweep_5.csv"",""pooling_weights"":{""average"":0.7,""max"":0.3}}",abbc846d863092760291bfa1d382563580835324df5f7f6ce46a6fbed3da8072,0.012912468506986522,22.844632993917912,1480144921,2096559979.0,False,True,0,False,0.0,lowest_ordered_candidate_on_exact_tie
sensitivity,17,160,zoo_cnn,Zoo CNN,2,False,"{""batch_size"":64,""conv1d_filters"":[160,96,96],""conv2d_filters"":[128,160,128],""dense_units"":[96,256],""dropout"":0.3,""expected_parameters"":145584,""frozen"":true,""implementation"":""neural_models.get_conv_net"",""input_shape"":[11,10,10],""learning_rate"":0.0003,""max_epochs"":50,""output_units"":80,""patience"":10,""pilot_source"":""original Zoo architecture and results/sweep_5.csv"",""pooling_weights"":{""average"":0.7,""max"":0.3}}",36cfcc45679e2e31725ccf0dedf1ff567692c99678381161175d0aef95c9aead,0.012859509385450545,27.28672605007887,1480144921,2096559979.0,False,True,0,False,0.0,lowest_ordered_candidate_on_exact_tie
sensitivity,17,160,zoo_cnn,Zoo CNN,3,False,"{""batch_size"":64,""conv1d_filters"":[160,96,96],""conv2d_filters"":[128,160,128],""dense_units"":[96,256],""dropout"":0.1,""expected_parameters"":145584,""frozen"":true,""implementation"":""neural_models.get_conv_net"",""input_shape"":[11,10,10],""learning_rate"":0.001,""max_epochs"":50,""output_units"":80,""patience"":10,""pilot_source"":""original Zoo architecture and results/sweep_5.csv"",""pooling_weights"":{""average"":0.7,""max"":0.3}}",0b22203ab4438c16191482ac13e31621a615cbaa6cf409114e6377f1bec3dc7b,0.013223205178898391,30.2559895189479,1480144921,2096559979.0,False,True,0,False,0.0,lowest_ordered_candidate_on_exact_tie
sensitivity,17,360,lightgbm_multiclass,LightGBM,0,True,"{""boosting_type"":""gbdt"",""colsample_bytree"":1.0,""frozen"":true,""implementation"":""lightgbm.LGBMClassifier"",""learning_rate"":0.05,""max_depth"":5,""min_child_samples"":50,""min_child_weight"":0.001,""min_split_gain"":0.0,""n_estimators"":200,""n_jobs"":1,""num_class"":80,""num_leaves"":31,""objective"":""multiclass"",""pilot_source"":""results/sweep_5_config.json"",""reg_alpha"":0.5,""reg_lambda"":0.5,""subsample"":1.0,""subsample_freq"":0}",5689446e19bdea1df411111e1e4b5cc50183c270622d0757b33c51d0a5938a1c,0.012417177779596911,26.221335810958408,1515175267,,True,True,0,True,0.0,lowest_ordered_candidate_on_exact_tie
sensitivity,17,360,lightgbm_multiclass,LightGBM,1,False,"{""boosting_type"":""gbdt"",""colsample_bytree"":1.0,""frozen"":true,""implementation"":""lightgbm.LGBMClassifier"",""learning_rate"":0.05,""max_depth"":5,""min_child_samples"":20,""min_child_weight"":0.001,""min_split_gain"":0.0,""n_estimators"":200,""n_jobs"":1,""num_class"":80,""num_leaves"":31,""objective"":""multiclass"",""pilot_source"":""results/sweep_5_config.json"",""reg_alpha"":0.1,""reg_lambda"":0.1,""subsample"":1.0,""subsample_freq"":0}",cb116d2e0b5ef62830f7ca0d63c0d488226c533f44349af3605ff4acd0a2aebc,0.012481634230731125,27.10313782002777,1515175267,,False,True,0,False,0.0,lowest_ordered_candidate_on_exact_tie
sensitivity,17,360,lightgbm_multiclass,LightGBM,2,False,"{""boosting_type"":""gbdt"",""colsample_bytree"":1.0,""frozen"":true,""implementation"":""lightgbm.LGBMClassifier"",""learning_rate"":0.05,""max_depth"":7,""min_child_samples"":20,""min_child_weight"":0.001,""min_split_gain"":0.0,""n_estimators"":200,""n_jobs"":1,""num_class"":80,""num_leaves"":31,""objective"":""multiclass"",""pilot_source"":""results/sweep_5_config.json"",""reg_alpha"":0.1,""reg_lambda"":0.1,""subsample"":1.0,""subsample_freq"":0}",cae2276bc5c6ec1a3d72ce53c46697dc247ba4430ea98e1f609b624c98c8365e,0.01270482508984821,36.70018535805866,1515175267,,False,True,0,False,0.0,lowest_ordered_candidate_on_exact_tie
sensitivity,17,360,lightgbm_multiclass,LightGBM,3,False,"{""boosting_type"":""gbdt"",""colsample_bytree"":1.0,""frozen"":true,""implementation"":""lightgbm.LGBMClassifier"",""learning_rate"":0.1,""max_depth"":5,""min_child_samples"":20,""min_child_weight"":0.001,""min_split_gain"":0.0,""n_estimators"":200,""n_jobs"":1,""num_class"":80,""num_leaves"":31,""objective"":""multiclass"",""pilot_source"":""results/sweep_5_config.json"",""reg_alpha"":0.1,""reg_lambda"":0.1,""subsample"":1.0,""subsample_freq"":0}",c698b699f6c7cf18743346c4dd2691d8b650e657ec9a021d53142751ecc58407,0.012814498205258025,24.46056763199158,1515175267,,False,True,0,False,0.0,lowest_ordered_candidate_on_exact_tie
sensitivity,17,360,ridge_sgd_l2,L2 one-vs-rest logistic,0,True,"{""alpha"":0.3333333333333333,""average"":false,""batch_size"":64,""epochs"":50,""eta0"":0.01,""fit_intercept"":true,""frozen"":true,""implementation"":""sklearn.linear_model.SGDClassifier"",""learning_rate"":""optimal"",""loss"":""log_loss"",""penalty"":""l2"",""pilot_source"":""results/sweep_5_config.json""}",851f14fb6b5ecda88baab0b92a7a36c949fdd0437766fc7d2433f329e2fde2f3,0.013355831822520625,157.74743239791133,483665647,,False,False,4,False,0.0,lowest_ordered_candidate_on_exact_tie
sensitivity,17,360,ridge_sgd_l2,L2 one-vs-rest logistic,1,False,"{""alpha"":10.0,""average"":false,""batch_size"":64,""epochs"":50,""eta0"":0.01,""fit_intercept"":true,""frozen"":true,""implementation"":""sklearn.linear_model.SGDClassifier"",""learning_rate"":""optimal"",""loss"":""log_loss"",""penalty"":""l2"",""pilot_source"":""results/sweep_5_config.json""}",dc2707c60c369df46e9b424fa8a1ebc5b23e4a351ced0c10e7e7dc66c6076d51,0.020826180791239556,157.88393981801346,483665647,,False,False,4,False,0.0,lowest_ordered_candidate_on_exact_tie
sensitivity,17,360,ridge_sgd_l2,L2 one-vs-rest logistic,2,False,"{""alpha"":3.3333333333333335,""average"":false,""batch_size"":64,""epochs"":50,""eta0"":0.01,""fit_intercept"":true,""frozen"":true,""implementation"":""sklearn.linear_model.SGDClassifier"",""learning_rate"":""optimal"",""loss"":""log_loss"",""penalty"":""l2"",""pilot_source"":""results/sweep_5_config.json""}",7aa5dba8ad015c8682db23cb59b805649b89895bc1121de465bef1e495573967,0.016060824684585657,157.71969150798395,483665647,,False,False,4,False,0.0,lowest_ordered_candidate_on_exact_tie
sensitivity,17,360,ridge_sgd_l2,L2 one-vs-rest logistic,3,False,"{""alpha"":1.0,""average"":false,""batch_size"":64,""epochs"":50,""eta0"":0.01,""fit_intercept"":true,""frozen"":true,""implementation"":""sklearn.linear_model.SGDClassifier"",""learning_rate"":""optimal"",""loss"":""log_loss"",""penalty"":""l2"",""pilot_source"":""results/sweep_5_config.json""}",f1028920c45a062ceb93b6bb97df161e827da764972699d89f7ccc787385a0de,0.014012899611221735,157.95083354297094,483665647,,False,False,4,False,0.0,lowest_ordered_candidate_on_exact_tie
sensitivity,17,360,ridge_sgd_l2,L2 one-vs-rest logistic,4,False,"{""alpha"":0.1,""average"":false,""batch_size"":64,""epochs"":50,""eta0"":0.01,""fit_intercept"":true,""frozen"":true,""implementation"":""sklearn.linear_model.SGDClassifier"",""learning_rate"":""optimal"",""loss"":""log_loss"",""penalty"":""l2"",""pilot_source"":""results/sweep_5_config.json""}",724a1fea14c056996c0474f9106b8177856f64794ebcc3fc1e458f6a8e12dc05,0.012998874099742593,157.92053078801837,483665647,,True,False,4,True,0.0,lowest_ordered_candidate_on_exact_tie
sensitivity,17,360,set_transformer,Set Transformer,0,True,"{""batch_size"":64,""d_model"":64,""dense_units"":[64,16],""dropout"":0.3,""expected_parameters"":157416,""ff_dim"":256,""frozen"":true,""implementation"":""neural_models.get_set_transformer"",""input_shape"":[22,10],""key_dim"":32,""learning_rate"":0.001,""max_epochs"":50,""num_heads"":2,""num_layers"":3,""output_units"":80,""patience"":10,""pilot_source"":""results/sweep_5.csv"",""pooling"":""global_average""}",6f4dec421d8ca8a60ca233da0707302c871aa8127caae786bc585c163e11c567,0.011678156491683625,239.8201760640368,1762299740,637305231.0,True,True,0,True,0.0,lowest_ordered_candidate_on_exact_tie
sensitivity,17,360,set_transformer,Set Transformer,1,False,"{""batch_size"":64,""d_model"":64,""dense_units"":[64,16],""dropout"":0.1,""expected_parameters"":157416,""ff_dim"":256,""frozen"":true,""implementation"":""neural_models.get_set_transformer"",""input_shape"":[22,10],""key_dim"":32,""learning_rate"":0.0003,""max_epochs"":50,""num_heads"":2,""num_layers"":3,""output_units"":80,""patience"":10,""pilot_source"":""results/sweep_5.csv"",""pooling"":""global_average""}",fe204fdf1e84832e477e9c76ffec174e32677e8d5a5f24b670abbf7a3b8c7db1,0.011723125375677745,157.66170860617422,1762299740,637305231.0,False,True,0,False,0.0,lowest_ordered_candidate_on_exact_tie
sensitivity,17,360,set_transformer,Set Transformer,2,False,"{""batch_size"":64,""d_model"":64,""dense_units"":[64,16],""dropout"":0.3,""expected_parameters"":157416,""ff_dim"":256,""frozen"":true,""implementation"":""neural_models.get_set_transformer"",""input_shape"":[22,10],""key_dim"":32,""learning_rate"":0.0003,""max_epochs"":50,""num_heads"":2,""num_layers"":3,""output_units"":80,""patience"":10,""pilot_source"":""results/sweep_5.csv"",""pooling"":""global_average""}",98491dd6370054dad3bab81748034d9978d93498b7569cee08e9b098dc1ba9e5,0.011785497875406822,246.13166853808798,1762299740,637305231.0,False,True,0,False,0.0,lowest_ordered_candidate_on_exact_tie
sensitivity,17,360,set_transformer,Set Transformer,3,False,"{""batch_size"":64,""d_model"":64,""dense_units"":[64,16],""dropout"":0.1,""expected_parameters"":157416,""ff_dim"":256,""frozen"":true,""implementation"":""neural_models.get_set_transformer"",""input_shape"":[22,10],""key_dim"":32,""learning_rate"":0.001,""max_epochs"":50,""num_heads"":2,""num_layers"":3,""output_units"":80,""patience"":10,""pilot_source"":""results/sweep_5.csv"",""pooling"":""global_average""}",6003534a6fb6f7c259ea7485f50597481535337902a4fc1efeb39ec80445d6d6,0.01193619196154559,163.95174970990047,1762299740,637305231.0,False,True,0,False,0.0,lowest_ordered_candidate_on_exact_tie
sensitivity,17,360,zoo_cnn,Zoo CNN,0,True,"{""batch_size"":64,""conv1d_filters"":[160,96,96],""conv2d_filters"":[128,160,128],""dense_units"":[96,256],""dropout"":0.3,""expected_parameters"":145584,""frozen"":true,""implementation"":""neural_models.get_conv_net"",""input_shape"":[11,10,10],""learning_rate"":0.001,""max_epochs"":50,""output_units"":80,""patience"":10,""pilot_source"":""original Zoo architecture and results/sweep_5.csv"",""pooling_weights"":{""average"":0.7,""max"":0.3}}",219344d288a1f6230782c6839c7a9758e13c3625ddae1b87e29779a206a56278,0.011960947266625251,74.06028056982905,86147104,443702863.0,False,False,3,False,0.0,lowest_ordered_candidate_on_exact_tie
sensitivity,17,360,zoo_cnn,Zoo CNN,1,False,"{""batch_size"":64,""conv1d_filters"":[160,96,96],""conv2d_filters"":[128,160,128],""dense_units"":[96,256],""dropout"":0.1,""expected_parameters"":145584,""frozen"":true,""implementation"":""neural_models.get_conv_net"",""input_shape"":[11,10,10],""learning_rate"":0.0003,""max_epochs"":50,""output_units"":80,""patience"":10,""pilot_source"":""original Zoo architecture and results/sweep_5.csv"",""pooling_weights"":{""average"":0.7,""max"":0.3}}",abbc846d863092760291bfa1d382563580835324df5f7f6ce46a6fbed3da8072,0.012240568891984549,67.9900138580706,86147104,443702863.0,False,False,3,False,0.0,lowest_ordered_candidate_on_exact_tie
sensitivity,17,360,zoo_cnn,Zoo CNN,2,False,"{""batch_size"":64,""conv1d_filters"":[160,96,96],""conv2d_filters"":[128,160,128],""dense_units"":[96,256],""dropout"":0.3,""expected_parameters"":145584,""frozen"":true,""implementation"":""neural_models.get_conv_net"",""input_shape"":[11,10,10],""learning_rate"":0.0003,""max_epochs"":50,""output_units"":80,""patience"":10,""pilot_source"":""original Zoo architecture and results/sweep_5.csv"",""pooling_weights"":{""average"":0.7,""max"":0.3}}",36cfcc45679e2e31725ccf0dedf1ff567692c99678381161175d0aef95c9aead,0.012258393903758222,70.44749787217006,86147104,443702863.0,False,False,3,False,0.0,lowest_ordered_candidate_on_exact_tie
sensitivity,17,360,zoo_cnn,Zoo CNN,3,False,"{""batch_size"":64,""conv1d_filters"":[160,96,96],""conv2d_filters"":[128,160,128],""dense_units"":[96,256],""dropout"":0.1,""expected_parameters"":145584,""frozen"":true,""implementation"":""neural_models.get_conv_net"",""input_shape"":[11,10,10],""learning_rate"":0.001,""max_epochs"":50,""output_units"":80,""patience"":10,""pilot_source"":""original Zoo architecture and results/sweep_5.csv"",""pooling_weights"":{""average"":0.7,""max"":0.3}}",0b22203ab4438c16191482ac13e31621a615cbaa6cf409114e6377f1bec3dc7b,0.011926338049100066,46.48929617810063,86147104,443702863.0,True,False,3,True,0.0,lowest_ordered_candidate_on_exact_tie
sensitivity,18,20,lightgbm_multiclass,LightGBM,0,True,"{""boosting_type"":""gbdt"",""colsample_bytree"":1.0,""frozen"":true,""implementation"":""lightgbm.LGBMClassifier"",""learning_rate"":0.05,""max_depth"":5,""min_child_samples"":50,""min_child_weight"":0.001,""min_split_gain"":0.0,""n_estimators"":200,""n_jobs"":1,""num_class"":80,""num_leaves"":31,""objective"":""multiclass"",""pilot_source"":""results/sweep_5_config.json"",""reg_alpha"":0.5,""reg_lambda"":0.5,""subsample"":1.0,""subsample_freq"":0}",5689446e19bdea1df411111e1e4b5cc50183c270622d0757b33c51d0a5938a1c,0.014200786017375676,3.213663849979639,1944157235,,True,True,0,True,0.0,lowest_ordered_candidate_on_exact_tie
sensitivity,18,20,lightgbm_multiclass,LightGBM,1,False,"{""boosting_type"":""gbdt"",""colsample_bytree"":1.0,""frozen"":true,""implementation"":""lightgbm.LGBMClassifier"",""learning_rate"":0.05,""max_depth"":5,""min_child_samples"":20,""min_child_weight"":0.001,""min_split_gain"":0.0,""n_estimators"":200,""n_jobs"":1,""num_class"":80,""num_leaves"":31,""objective"":""multiclass"",""pilot_source"":""results/sweep_5_config.json"",""reg_alpha"":0.1,""reg_lambda"":0.1,""subsample"":1.0,""subsample_freq"":0}",cb116d2e0b5ef62830f7ca0d63c0d488226c533f44349af3605ff4acd0a2aebc,0.014943625359314152,4.056984914001077,1944157235,,False,True,0,False,0.0,lowest_ordered_candidate_on_exact_tie
sensitivity,18,20,lightgbm_multiclass,LightGBM,2,False,"{""boosting_type"":""gbdt"",""colsample_bytree"":1.0,""frozen"":true,""implementation"":""lightgbm.LGBMClassifier"",""learning_rate"":0.05,""max_depth"":7,""min_child_samples"":20,""min_child_weight"":0.001,""min_split_gain"":0.0,""n_estimators"":200,""n_jobs"":1,""num_class"":80,""num_leaves"":31,""objective"":""multiclass"",""pilot_source"":""results/sweep_5_config.json"",""reg_alpha"":0.1,""reg_lambda"":0.1,""subsample"":1.0,""subsample_freq"":0}",cae2276bc5c6ec1a3d72ce53c46697dc247ba4430ea98e1f609b624c98c8365e,0.014786602599078396,4.427758201956749,1944157235,,False,True,0,False,0.0,lowest_ordered_candidate_on_exact_tie
sensitivity,18,20,lightgbm_multiclass,LightGBM,3,False,"{""boosting_type"":""gbdt"",""colsample_bytree"":1.0,""frozen"":true,""implementation"":""lightgbm.LGBMClassifier"",""learning_rate"":0.1,""max_depth"":5,""min_child_samples"":20,""min_child_weight"":0.001,""min_split_gain"":0.0,""n_estimators"":200,""n_jobs"":1,""num_class"":80,""num_leaves"":31,""objective"":""multiclass"",""pilot_source"":""results/sweep_5_config.json"",""reg_alpha"":0.1,""reg_lambda"":0.1,""subsample"":1.0,""subsample_freq"":0}",c698b699f6c7cf18743346c4dd2691d8b650e657ec9a021d53142751ecc58407,0.014976531882171615,2.7764753520023078,1944157235,,False,True,0,False,0.0,lowest_ordered_candidate_on_exact_tie
sensitivity,18,20,ridge_sgd_l2,L2 one-vs-rest logistic,0,True,"{""alpha"":0.3333333333333333,""average"":false,""batch_size"":64,""epochs"":50,""eta0"":0.01,""fit_intercept"":true,""frozen"":true,""implementation"":""sklearn.linear_model.SGDClassifier"",""learning_rate"":""optimal"",""loss"":""log_loss"",""penalty"":""l2"",""pilot_source"":""results/sweep_5_config.json""}",851f14fb6b5ecda88baab0b92a7a36c949fdd0437766fc7d2433f329e2fde2f3,0.01426962035402123,8.846620227908716,867616713,,False,False,4,False,0.0,lowest_ordered_candidate_on_exact_tie
sensitivity,18,20,ridge_sgd_l2,L2 one-vs-rest logistic,1,False,"{""alpha"":10.0,""average"":false,""batch_size"":64,""epochs"":50,""eta0"":0.01,""fit_intercept"":true,""frozen"":true,""implementation"":""sklearn.linear_model.SGDClassifier"",""learning_rate"":""optimal"",""loss"":""log_loss"",""penalty"":""l2"",""pilot_source"":""results/sweep_5_config.json""}",dc2707c60c369df46e9b424fa8a1ebc5b23e4a351ced0c10e7e7dc66c6076d51,0.021129980674372148,8.671632386976853,867616713,,False,False,4,False,0.0,lowest_ordered_candidate_on_exact_tie
sensitivity,18,20,ridge_sgd_l2,L2 one-vs-rest logistic,2,False,"{""alpha"":3.3333333333333335,""average"":false,""batch_size"":64,""epochs"":50,""eta0"":0.01,""fit_intercept"":true,""frozen"":true,""implementation"":""sklearn.linear_model.SGDClassifier"",""learning_rate"":""optimal"",""loss"":""log_loss"",""penalty"":""l2"",""pilot_source"":""results/sweep_5_config.json""}",7aa5dba8ad015c8682db23cb59b805649b89895bc1121de465bef1e495573967,0.016645654454181827,8.668050487991422,867616713,,False,False,4,False,0.0,lowest_ordered_candidate_on_exact_tie
sensitivity,18,20,ridge_sgd_l2,L2 one-vs-rest logistic,3,False,"{""alpha"":1.0,""average"":false,""batch_size"":64,""epochs"":50,""eta0"":0.01,""fit_intercept"":true,""frozen"":true,""implementation"":""sklearn.linear_model.SGDClassifier"",""learning_rate"":""optimal"",""loss"":""log_loss"",""penalty"":""l2"",""pilot_source"":""results/sweep_5_config.json""}",f1028920c45a062ceb93b6bb97df161e827da764972699d89f7ccc787385a0de,0.01478365350911891,8.67135604203213,867616713,,False,False,4,False,0.0,lowest_ordered_candidate_on_exact_tie
sensitivity,18,20,ridge_sgd_l2,L2 one-vs-rest logistic,4,False,"{""alpha"":0.1,""average"":false,""batch_size"":64,""epochs"":50,""eta0"":0.01,""fit_intercept"":true,""frozen"":true,""implementation"":""sklearn.linear_model.SGDClassifier"",""learning_rate"":""optimal"",""loss"":""log_loss"",""penalty"":""l2"",""pilot_source"":""results/sweep_5_config.json""}",724a1fea14c056996c0474f9106b8177856f64794ebcc3fc1e458f6a8e12dc05,0.014190708186695154,8.699528235942125,867616713,,True,False,4,True,0.0,lowest_ordered_candidate_on_exact_tie
sensitivity,18,20,set_transformer,Set Transformer,0,True,"{""batch_size"":64,""d_model"":64,""dense_units"":[64,16],""dropout"":0.3,""expected_parameters"":157416,""ff_dim"":256,""frozen"":true,""implementation"":""neural_models.get_set_transformer"",""input_shape"":[22,10],""key_dim"":32,""learning_rate"":0.001,""max_epochs"":50,""num_heads"":2,""num_layers"":3,""output_units"":80,""patience"":10,""pilot_source"":""results/sweep_5.csv"",""pooling"":""global_average""}",6f4dec421d8ca8a60ca233da0707302c871aa8127caae786bc585c163e11c567,0.013816523601892375,25.373700315132737,1528407232,1093944631.0,True,True,0,True,0.0,lowest_ordered_candidate_on_exact_tie
sensitivity,18,20,set_transformer,Set Transformer,1,False,"{""batch_size"":64,""d_model"":64,""dense_units"":[64,16],""dropout"":0.1,""expected_parameters"":157416,""ff_dim"":256,""frozen"":true,""implementation"":""neural_models.get_set_transformer"",""input_shape"":[22,10],""key_dim"":32,""learning_rate"":0.0003,""max_epochs"":50,""num_heads"":2,""num_layers"":3,""output_units"":80,""patience"":10,""pilot_source"":""results/sweep_5.csv"",""pooling"":""global_average""}",fe204fdf1e84832e477e9c76ffec174e32677e8d5a5f24b670abbf7a3b8c7db1,0.013948627323700679,31.782137226080522,1528407232,1093944631.0,False,True,0,False,0.0,lowest_ordered_candidate_on_exact_tie
sensitivity,18,20,set_transformer,Set Transformer,2,False,"{""batch_size"":64,""d_model"":64,""dense_units"":[64,16],""dropout"":0.3,""expected_parameters"":157416,""ff_dim"":256,""frozen"":true,""implementation"":""neural_models.get_set_transformer"",""input_shape"":[22,10],""key_dim"":32,""learning_rate"":0.0003,""max_epochs"":50,""num_heads"":2,""num_layers"":3,""output_units"":80,""patience"":10,""pilot_source"":""results/sweep_5.csv"",""pooling"":""global_average""}",98491dd6370054dad3bab81748034d9978d93498b7569cee08e9b098dc1ba9e5,0.013823845549436432,34.04497772292234,1528407232,1093944631.0,False,True,0,False,0.0,lowest_ordered_candidate_on_exact_tie
sensitivity,18,20,set_transformer,Set Transformer,3,False,"{""batch_size"":64,""d_model"":64,""dense_units"":[64,16],""dropout"":0.1,""expected_parameters"":157416,""ff_dim"":256,""frozen"":true,""implementation"":""neural_models.get_set_transformer"",""input_shape"":[22,10],""key_dim"":32,""learning_rate"":0.001,""max_epochs"":50,""num_heads"":2,""num_layers"":3,""output_units"":80,""patience"":10,""pilot_source"":""results/sweep_5.csv"",""pooling"":""global_average""}",6003534a6fb6f7c259ea7485f50597481535337902a4fc1efeb39ec80445d6d6,0.01392477401540833,24.802701141918078,1528407232,1093944631.0,False,True,0,False,0.0,lowest_ordered_candidate_on_exact_tie
sensitivity,18,20,zoo_cnn,Zoo CNN,0,True,"{""batch_size"":64,""conv1d_filters"":[160,96,96],""conv2d_filters"":[128,160,128],""dense_units"":[96,256],""dropout"":0.3,""expected_parameters"":145584,""frozen"":true,""implementation"":""neural_models.get_conv_net"",""input_shape"":[11,10,10],""learning_rate"":0.001,""max_epochs"":50,""output_units"":80,""patience"":10,""pilot_source"":""original Zoo architecture and results/sweep_5.csv"",""pooling_weights"":{""average"":0.7,""max"":0.3}}",219344d288a1f6230782c6839c7a9758e13c3625ddae1b87e29779a206a56278,0.015566541766217403,13.997214570874348,1430823488,1669725751.0,True,True,0,True,0.0,lowest_ordered_candidate_on_exact_tie
sensitivity,18,20,zoo_cnn,Zoo CNN,1,False,"{""batch_size"":64,""conv1d_filters"":[160,96,96],""conv2d_filters"":[128,160,128],""dense_units"":[96,256],""dropout"":0.1,""expected_parameters"":145584,""frozen"":true,""implementation"":""neural_models.get_conv_net"",""input_shape"":[11,10,10],""learning_rate"":0.0003,""max_epochs"":50,""output_units"":80,""patience"":10,""pilot_source"":""original Zoo architecture and results/sweep_5.csv"",""pooling_weights"":{""average"":0.7,""max"":0.3}}",abbc846d863092760291bfa1d382563580835324df5f7f6ce46a6fbed3da8072,0.017591516330813062,14.573421694105491,1430823488,1669725751.0,False,True,0,False,0.0,lowest_ordered_candidate_on_exact_tie
sensitivity,18,20,zoo_cnn,Zoo CNN,2,False,"{""batch_size"":64,""conv1d_filters"":[160,96,96],""conv2d_filters"":[128,160,128],""dense_units"":[96,256],""dropout"":0.3,""expected_parameters"":145584,""frozen"":true,""implementation"":""neural_models.get_conv_net"",""input_shape"":[11,10,10],""learning_rate"":0.0003,""max_epochs"":50,""output_units"":80,""patience"":10,""pilot_source"":""original Zoo architecture and results/sweep_5.csv"",""pooling_weights"":{""average"":0.7,""max"":0.3}}",36cfcc45679e2e31725ccf0dedf1ff567692c99678381161175d0aef95c9aead,0.01793401048470262,15.680986215127632,1430823488,1669725751.0,False,True,0,False,0.0,lowest_ordered_candidate_on_exact_tie
sensitivity,18,20,zoo_cnn,Zoo CNN,3,False,"{""batch_size"":64,""conv1d_filters"":[160,96,96],""conv2d_filters"":[128,160,128],""dense_units"":[96,256],""dropout"":0.1,""expected_parameters"":145584,""frozen"":true,""implementation"":""neural_models.get_conv_net"",""input_shape"":[11,10,10],""learning_rate"":0.001,""max_epochs"":50,""output_units"":80,""patience"":10,""pilot_source"":""original Zoo architecture and results/sweep_5.csv"",""pooling_weights"":{""average"":0.7,""max"":0.3}}",0b22203ab4438c16191482ac13e31621a615cbaa6cf409114e6377f1bec3dc7b,0.015926925873187597,11.266963215079159,1430823488,1669725751.0,False,True,0,False,0.0,lowest_ordered_candidate_on_exact_tie
sensitivity,18,160,lightgbm_multiclass,LightGBM,0,True,"{""boosting_type"":""gbdt"",""colsample_bytree"":1.0,""frozen"":true,""implementation"":""lightgbm.LGBMClassifier"",""learning_rate"":0.05,""max_depth"":5,""min_child_samples"":50,""min_child_weight"":0.001,""min_split_gain"":0.0,""n_estimators"":200,""n_jobs"":1,""num_class"":80,""num_leaves"":31,""objective"":""multiclass"",""pilot_source"":""results/sweep_5_config.json"",""reg_alpha"":0.5,""reg_lambda"":0.5,""subsample"":1.0,""subsample_freq"":0}",5689446e19bdea1df411111e1e4b5cc50183c270622d0757b33c51d0a5938a1c,0.013704963380829566,14.593334435019642,698666744,,True,True,0,True,0.0,lowest_ordered_candidate_on_exact_tie
sensitivity,18,160,lightgbm_multiclass,LightGBM,1,False,"{""boosting_type"":""gbdt"",""colsample_bytree"":1.0,""frozen"":true,""implementation"":""lightgbm.LGBMClassifier"",""learning_rate"":0.05,""max_depth"":5,""min_child_samples"":20,""min_child_weight"":0.001,""min_split_gain"":0.0,""n_estimators"":200,""n_jobs"":1,""num_class"":80,""num_leaves"":31,""objective"":""multiclass"",""pilot_source"":""results/sweep_5_config.json"",""reg_alpha"":0.1,""reg_lambda"":0.1,""subsample"":1.0,""subsample_freq"":0}",cb116d2e0b5ef62830f7ca0d63c0d488226c533f44349af3605ff4acd0a2aebc,0.013968472543899678,16.079419823014177,698666744,,False,True,0,False,0.0,lowest_ordered_candidate_on_exact_tie
sensitivity,18,160,lightgbm_multiclass,LightGBM,2,False,"{""boosting_type"":""gbdt"",""colsample_bytree"":1.0,""frozen"":true,""implementation"":""lightgbm.LGBMClassifier"",""learning_rate"":0.05,""max_depth"":7,""min_child_samples"":20,""min_child_weight"":0.001,""min_split_gain"":0.0,""n_estimators"":200,""n_jobs"":1,""num_class"":80,""num_leaves"":31,""objective"":""multiclass"",""pilot_source"":""results/sweep_5_config.json"",""reg_alpha"":0.1,""reg_lambda"":0.1,""subsample"":1.0,""subsample_freq"":0}",cae2276bc5c6ec1a3d72ce53c46697dc247ba4430ea98e1f609b624c98c8365e,0.01430920486743481,20.8852900309721,698666744,,False,True,0,False,0.0,lowest_ordered_candidate_on_exact_tie
sensitivity,18,160,lightgbm_multiclass,LightGBM,3,False,"{""boosting_type"":""gbdt"",""colsample_bytree"":1.0,""frozen"":true,""implementation"":""lightgbm.LGBMClassifier"",""learning_rate"":0.1,""max_depth"":5,""min_child_samples"":20,""min_child_weight"":0.001,""min_split_gain"":0.0,""n_estimators"":200,""n_jobs"":1,""num_class"":80,""num_leaves"":31,""objective"":""multiclass"",""pilot_source"":""results/sweep_5_config.json"",""reg_alpha"":0.1,""reg_lambda"":0.1,""subsample"":1.0,""subsample_freq"":0}",c698b699f6c7cf18743346c4dd2691d8b650e657ec9a021d53142751ecc58407,0.014530650754202373,13.92775684199296,698666744,,False,True,0,False,0.0,lowest_ordered_candidate_on_exact_tie
sensitivity,18,160,ridge_sgd_l2,L2 one-vs-rest logistic,0,True,"{""alpha"":0.3333333333333333,""average"":false,""batch_size"":64,""epochs"":50,""eta0"":0.01,""fit_intercept"":true,""frozen"":true,""implementation"":""sklearn.linear_model.SGDClassifier"",""learning_rate"":""optimal"",""loss"":""log_loss"",""penalty"":""l2"",""pilot_source"":""results/sweep_5_config.json""}",851f14fb6b5ecda88baab0b92a7a36c949fdd0437766fc7d2433f329e2fde2f3,0.014243859978796269,70.03826879605185,411691441,,False,False,4,False,0.0,lowest_ordered_candidate_on_exact_tie
sensitivity,18,160,ridge_sgd_l2,L2 one-vs-rest logistic,1,False,"{""alpha"":10.0,""average"":false,""batch_size"":64,""epochs"":50,""eta0"":0.01,""fit_intercept"":true,""frozen"":true,""implementation"":""sklearn.linear_model.SGDClassifier"",""learning_rate"":""optimal"",""loss"":""log_loss"",""penalty"":""l2"",""pilot_source"":""results/sweep_5_config.json""}",dc2707c60c369df46e9b424fa8a1ebc5b23e4a351ced0c10e7e7dc66c6076d51,0.021170310329763495,70.06306922005024,411691441,,False,False,4,False,0.0,lowest_ordered_candidate_on_exact_tie
sensitivity,18,160,ridge_sgd_l2,L2 one-vs-rest logistic,2,False,"{""alpha"":3.3333333333333335,""average"":false,""batch_size"":64,""epochs"":50,""eta0"":0.01,""fit_intercept"":true,""frozen"":true,""implementation"":""sklearn.linear_model.SGDClassifier"",""learning_rate"":""optimal"",""loss"":""log_loss"",""penalty"":""l2"",""pilot_source"":""results/sweep_5_config.json""}",7aa5dba8ad015c8682db23cb59b805649b89895bc1121de465bef1e495573967,0.016640958243622446,70.07739104493521,411691441,,False,False,4,False,0.0,lowest_ordered_candidate_on_exact_tie
sensitivity,18,160,ridge_sgd_l2,L2 one-vs-rest logistic,3,False,"{""alpha"":1.0,""average"":false,""batch_size"":64,""epochs"":50,""eta0"":0.01,""fit_intercept"":true,""frozen"":true,""implementation"":""sklearn.linear_model.SGDClassifier"",""learning_rate"":""optimal"",""loss"":""log_loss"",""penalty"":""l2"",""pilot_source"":""results/sweep_5_config.json""}",f1028920c45a062ceb93b6bb97df161e827da764972699d89f7ccc787385a0de,0.014796130426726447,70.01239163300488,411691441,,False,False,4,False,0.0,lowest_ordered_candidate_on_exact_tie
sensitivity,18,160,ridge_sgd_l2,L2 one-vs-rest logistic,4,False,"{""alpha"":0.1,""average"":false,""batch_size"":64,""epochs"":50,""eta0"":0.01,""fit_intercept"":true,""frozen"":true,""implementation"":""sklearn.linear_model.SGDClassifier"",""learning_rate"":""optimal"",""loss"":""log_loss"",""penalty"":""l2"",""pilot_source"":""results/sweep_5_config.json""}",724a1fea14c056996c0474f9106b8177856f64794ebcc3fc1e458f6a8e12dc05,0.013918399407758637,69.93478511995636,411691441,,True,False,4,True,0.0,lowest_ordered_candidate_on_exact_tie
sensitivity,18,160,set_transformer,Set Transformer,0,True,"{""batch_size"":64,""d_model"":64,""dense_units"":[64,16],""dropout"":0.3,""expected_parameters"":157416,""ff_dim"":256,""frozen"":true,""implementation"":""neural_models.get_set_transformer"",""input_shape"":[22,10],""key_dim"":32,""learning_rate"":0.001,""max_epochs"":50,""num_heads"":2,""num_layers"":3,""output_units"":80,""patience"":10,""pilot_source"":""results/sweep_5.csv"",""pooling"":""global_average""}",6f4dec421d8ca8a60ca233da0707302c871aa8127caae786bc585c163e11c567,0.013061687554176176,97.34758228203282,2047837449,1855890759.0,False,False,2,False,0.0,lowest_ordered_candidate_on_exact_tie
sensitivity,18,160,set_transformer,Set Transformer,1,False,"{""batch_size"":64,""d_model"":64,""dense_units"":[64,16],""dropout"":0.1,""expected_parameters"":157416,""ff_dim"":256,""frozen"":true,""implementation"":""neural_models.get_set_transformer"",""input_shape"":[22,10],""key_dim"":32,""learning_rate"":0.0003,""max_epochs"":50,""num_heads"":2,""num_layers"":3,""output_units"":80,""patience"":10,""pilot_source"":""results/sweep_5.csv"",""pooling"":""global_average""}",fe204fdf1e84832e477e9c76ffec174e32677e8d5a5f24b670abbf7a3b8c7db1,0.013217414282333672,83.60838693403639,2047837449,1855890759.0,False,False,2,False,0.0,lowest_ordered_candidate_on_exact_tie
sensitivity,18,160,set_transformer,Set Transformer,2,False,"{""batch_size"":64,""d_model"":64,""dense_units"":[64,16],""dropout"":0.3,""expected_parameters"":157416,""ff_dim"":256,""frozen"":true,""implementation"":""neural_models.get_set_transformer"",""input_shape"":[22,10],""key_dim"":32,""learning_rate"":0.0003,""max_epochs"":50,""num_heads"":2,""num_layers"":3,""output_units"":80,""patience"":10,""pilot_source"":""results/sweep_5.csv"",""pooling"":""global_average""}",98491dd6370054dad3bab81748034d9978d93498b7569cee08e9b098dc1ba9e5,0.012823656896023479,119.02961862203665,2047837449,1855890759.0,True,False,2,True,0.0,lowest_ordered_candidate_on_exact_tie
sensitivity,18,160,set_transformer,Set Transformer,3,False,"{""batch_size"":64,""d_model"":64,""dense_units"":[64,16],""dropout"":0.1,""expected_parameters"":157416,""ff_dim"":256,""frozen"":true,""implementation"":""neural_models.get_set_transformer"",""input_shape"":[22,10],""key_dim"":32,""learning_rate"":0.001,""max_epochs"":50,""num_heads"":2,""num_layers"":3,""output_units"":80,""patience"":10,""pilot_source"":""results/sweep_5.csv"",""pooling"":""global_average""}",6003534a6fb6f7c259ea7485f50597481535337902a4fc1efeb39ec80445d6d6,0.013612872953898947,46.56697362009436,2047837449,1855890759.0,False,False,2,False,0.0,lowest_ordered_candidate_on_exact_tie
sensitivity,18,160,zoo_cnn,Zoo CNN,0,True,"{""batch_size"":64,""conv1d_filters"":[160,96,96],""conv2d_filters"":[128,160,128],""dense_units"":[96,256],""dropout"":0.3,""expected_parameters"":145584,""frozen"":true,""implementation"":""neural_models.get_conv_net"",""input_shape"":[11,10,10],""learning_rate"":0.001,""max_epochs"":50,""output_units"":80,""patience"":10,""pilot_source"":""original Zoo architecture and results/sweep_5.csv"",""pooling_weights"":{""average"":0.7,""max"":0.3}}",219344d288a1f6230782c6839c7a9758e13c3625ddae1b87e29779a206a56278,0.012837625036118263,30.597741032019258,1222028697,1177274142.0,True,True,0,True,0.0,lowest_ordered_candidate_on_exact_tie
sensitivity,18,160,zoo_cnn,Zoo CNN,1,False,"{""batch_size"":64,""conv1d_filters"":[160,96,96],""conv2d_filters"":[128,160,128],""dense_units"":[96,256],""dropout"":0.1,""expected_parameters"":145584,""frozen"":true,""implementation"":""neural_models.get_conv_net"",""input_shape"":[11,10,10],""learning_rate"":0.0003,""max_epochs"":50,""output_units"":80,""patience"":10,""pilot_source"":""original Zoo architecture and results/sweep_5.csv"",""pooling_weights"":{""average"":0.7,""max"":0.3}}",abbc846d863092760291bfa1d382563580835324df5f7f6ce46a6fbed3da8072,0.013812735868522668,23.472651161951944,1222028697,1177274142.0,False,True,0,False,0.0,lowest_ordered_candidate_on_exact_tie
sensitivity,18,160,zoo_cnn,Zoo CNN,2,False,"{""batch_size"":64,""conv1d_filters"":[160,96,96],""conv2d_filters"":[128,160,128],""dense_units"":[96,256],""dropout"":0.3,""expected_parameters"":145584,""frozen"":true,""implementation"":""neural_models.get_conv_net"",""input_shape"":[11,10,10],""learning_rate"":0.0003,""max_epochs"":50,""output_units"":80,""patience"":10,""pilot_source"":""original Zoo architecture and results/sweep_5.csv"",""pooling_weights"":{""average"":0.7,""max"":0.3}}",36cfcc45679e2e31725ccf0dedf1ff567692c99678381161175d0aef95c9aead,0.013666345237551288,37.61122332303785,1222028697,1177274142.0,False,True,0,False,0.0,lowest_ordered_candidate_on_exact_tie
sensitivity,18,160,zoo_cnn,Zoo CNN,3,False,"{""batch_size"":64,""conv1d_filters"":[160,96,96],""conv2d_filters"":[128,160,128],""dense_units"":[96,256],""dropout"":0.1,""expected_parameters"":145584,""frozen"":true,""implementation"":""neural_models.get_conv_net"",""input_shape"":[11,10,10],""learning_rate"":0.001,""max_epochs"":50,""output_units"":80,""patience"":10,""pilot_source"":""original Zoo architecture and results/sweep_5.csv"",""pooling_weights"":{""average"":0.7,""max"":0.3}}",0b22203ab4438c16191482ac13e31621a615cbaa6cf409114e6377f1bec3dc7b,0.013285643339913418,37.052293000975624,1222028697,1177274142.0,False,True,0,False,0.0,lowest_ordered_candidate_on_exact_tie
sensitivity,18,360,lightgbm_multiclass,LightGBM,0,True,"{""boosting_type"":""gbdt"",""colsample_bytree"":1.0,""frozen"":true,""implementation"":""lightgbm.LGBMClassifier"",""learning_rate"":0.05,""max_depth"":5,""min_child_samples"":50,""min_child_weight"":0.001,""min_split_gain"":0.0,""n_estimators"":200,""n_jobs"":1,""num_class"":80,""num_leaves"":31,""objective"":""multiclass"",""pilot_source"":""results/sweep_5_config.json"",""reg_alpha"":0.5,""reg_lambda"":0.5,""subsample"":1.0,""subsample_freq"":0}",5689446e19bdea1df411111e1e4b5cc50183c270622d0757b33c51d0a5938a1c,0.013371523430825257,26.086427197093144,1078217267,,True,True,0,True,0.0,lowest_ordered_candidate_on_exact_tie
sensitivity,18,360,lightgbm_multiclass,LightGBM,1,False,"{""boosting_type"":""gbdt"",""colsample_bytree"":1.0,""frozen"":true,""implementation"":""lightgbm.LGBMClassifier"",""learning_rate"":0.05,""max_depth"":5,""min_child_samples"":20,""min_child_weight"":0.001,""min_split_gain"":0.0,""n_estimators"":200,""n_jobs"":1,""num_class"":80,""num_leaves"":31,""objective"":""multiclass"",""pilot_source"":""results/sweep_5_config.json"",""reg_alpha"":0.1,""reg_lambda"":0.1,""subsample"":1.0,""subsample_freq"":0}",cb116d2e0b5ef62830f7ca0d63c0d488226c533f44349af3605ff4acd0a2aebc,0.013509629485383196,27.38449462398421,1078217267,,False,True,0,False,0.0,lowest_ordered_candidate_on_exact_tie
sensitivity,18,360,lightgbm_multiclass,LightGBM,2,False,"{""boosting_type"":""gbdt"",""colsample_bytree"":1.0,""frozen"":true,""implementation"":""lightgbm.LGBMClassifier"",""learning_rate"":0.05,""max_depth"":7,""min_child_samples"":20,""min_child_weight"":0.001,""min_split_gain"":0.0,""n_estimators"":200,""n_jobs"":1,""num_class"":80,""num_leaves"":31,""objective"":""multiclass"",""pilot_source"":""results/sweep_5_config.json"",""reg_alpha"":0.1,""reg_lambda"":0.1,""subsample"":1.0,""subsample_freq"":0}",cae2276bc5c6ec1a3d72ce53c46697dc247ba4430ea98e1f609b624c98c8365e,0.01378147139482093,34.61431517300662,1078217267,,False,True,0,False,0.0,lowest_ordered_candidate_on_exact_tie
sensitivity,18,360,lightgbm_multiclass,LightGBM,3,False,"{""boosting_type"":""gbdt"",""colsample_bytree"":1.0,""frozen"":true,""implementation"":""lightgbm.LGBMClassifier"",""learning_rate"":0.1,""max_depth"":5,""min_child_samples"":20,""min_child_weight"":0.001,""min_split_gain"":0.0,""n_estimators"":200,""n_jobs"":1,""num_class"":80,""num_leaves"":31,""objective"":""multiclass"",""pilot_source"":""results/sweep_5_config.json"",""reg_alpha"":0.1,""reg_lambda"":0.1,""subsample"":1.0,""subsample_freq"":0}",c698b699f6c7cf18743346c4dd2691d8b650e657ec9a021d53142751ecc58407,0.014007426988481475,24.56482726393733,1078217267,,False,True,0,False,0.0,lowest_ordered_candidate_on_exact_tie
sensitivity,18,360,ridge_sgd_l2,L2 one-vs-rest logistic,0,True,"{""alpha"":0.3333333333333333,""average"":false,""batch_size"":64,""epochs"":50,""eta0"":0.01,""fit_intercept"":true,""frozen"":true,""implementation"":""sklearn.linear_model.SGDClassifier"",""learning_rate"":""optimal"",""loss"":""log_loss"",""penalty"":""l2"",""pilot_source"":""results/sweep_5_config.json""}",851f14fb6b5ecda88baab0b92a7a36c949fdd0437766fc7d2433f329e2fde2f3,0.014238252473037822,156.94010355090722,1862914480,,False,False,4,False,0.0,lowest_ordered_candidate_on_exact_tie
sensitivity,18,360,ridge_sgd_l2,L2 one-vs-rest logistic,1,False,"{""alpha"":10.0,""average"":false,""batch_size"":64,""epochs"":50,""eta0"":0.01,""fit_intercept"":true,""frozen"":true,""implementation"":""sklearn.linear_model.SGDClassifier"",""learning_rate"":""optimal"",""loss"":""log_loss"",""penalty"":""l2"",""pilot_source"":""results/sweep_5_config.json""}",dc2707c60c369df46e9b424fa8a1ebc5b23e4a351ced0c10e7e7dc66c6076d51,0.021200200517460365,157.4834621809423,1862914480,,False,False,4,False,0.0,lowest_ordered_candidate_on_exact_tie
sensitivity,18,360,ridge_sgd_l2,L2 one-vs-rest logistic,2,False,"{""alpha"":3.3333333333333335,""average"":false,""batch_size"":64,""epochs"":50,""eta0"":0.01,""fit_intercept"":true,""frozen"":true,""implementation"":""sklearn.linear_model.SGDClassifier"",""learning_rate"":""optimal"",""loss"":""log_loss"",""penalty"":""l2"",""pilot_source"":""results/sweep_5_config.json""}",7aa5dba8ad015c8682db23cb59b805649b89895bc1121de465bef1e495573967,0.016662430255247836,157.34334524604492,1862914480,,False,False,4,False,0.0,lowest_ordered_candidate_on_exact_tie
sensitivity,18,360,ridge_sgd_l2,L2 one-vs-rest logistic,3,False,"{""alpha"":1.0,""average"":false,""batch_size"":64,""epochs"":50,""eta0"":0.01,""fit_intercept"":true,""frozen"":true,""implementation"":""sklearn.linear_model.SGDClassifier"",""learning_rate"":""optimal"",""loss"":""log_loss"",""penalty"":""l2"",""pilot_source"":""results/sweep_5_config.json""}",f1028920c45a062ceb93b6bb97df161e827da764972699d89f7ccc787385a0de,0.014797718722839345,157.42230869201012,1862914480,,False,False,4,False,0.0,lowest_ordered_candidate_on_exact_tie
sensitivity,18,360,ridge_sgd_l2,L2 one-vs-rest logistic,4,False,"{""alpha"":0.1,""average"":false,""batch_size"":64,""epochs"":50,""eta0"":0.01,""fit_intercept"":true,""frozen"":true,""implementation"":""sklearn.linear_model.SGDClassifier"",""learning_rate"":""optimal"",""loss"":""log_loss"",""penalty"":""l2"",""pilot_source"":""results/sweep_5_config.json""}",724a1fea14c056996c0474f9106b8177856f64794ebcc3fc1e458f6a8e12dc05,0.013921477032525867,157.42032430297695,1862914480,,True,False,4,True,0.0,lowest_ordered_candidate_on_exact_tie
sensitivity,18,360,set_transformer,Set Transformer,0,True,"{""batch_size"":64,""d_model"":64,""dense_units"":[64,16],""dropout"":0.3,""expected_parameters"":157416,""ff_dim"":256,""frozen"":true,""implementation"":""neural_models.get_set_transformer"",""input_shape"":[22,10],""key_dim"":32,""learning_rate"":0.001,""max_epochs"":50,""num_heads"":2,""num_layers"":3,""output_units"":80,""patience"":10,""pilot_source"":""results/sweep_5.csv"",""pooling"":""global_average""}",6f4dec421d8ca8a60ca233da0707302c871aa8127caae786bc585c163e11c567,0.012581152780315505,242.4025335488841,1009280513,207175113.0,False,False,2,False,0.0,lowest_ordered_candidate_on_exact_tie
sensitivity,18,360,set_transformer,Set Transformer,1,False,"{""batch_size"":64,""d_model"":64,""dense_units"":[64,16],""dropout"":0.1,""expected_parameters"":157416,""ff_dim"":256,""frozen"":true,""implementation"":""neural_models.get_set_transformer"",""input_shape"":[22,10],""key_dim"":32,""learning_rate"":0.0003,""max_epochs"":50,""num_heads"":2,""num_layers"":3,""output_units"":80,""patience"":10,""pilot_source"":""results/sweep_5.csv"",""pooling"":""global_average""}",fe204fdf1e84832e477e9c76ffec174e32677e8d5a5f24b670abbf7a3b8c7db1,0.012930670543419993,214.86112627503462,1009280513,207175113.0,False,False,2,False,0.0,lowest_ordered_candidate_on_exact_tie
sensitivity,18,360,set_transformer,Set Transformer,2,False,"{""batch_size"":64,""d_model"":64,""dense_units"":[64,16],""dropout"":0.3,""expected_parameters"":157416,""ff_dim"":256,""frozen"":true,""implementation"":""neural_models.get_set_transformer"",""input_shape"":[22,10],""key_dim"":32,""learning_rate"":0.0003,""max_epochs"":50,""num_heads"":2,""num_layers"":3,""output_units"":80,""patience"":10,""pilot_source"":""results/sweep_5.csv"",""pooling"":""global_average""}",98491dd6370054dad3bab81748034d9978d93498b7569cee08e9b098dc1ba9e5,0.01247285601181335,231.7024624440819,1009280513,207175113.0,True,False,2,True,0.0,lowest_ordered_candidate_on_exact_tie
sensitivity,18,360,set_transformer,Set Transformer,3,False,"{""batch_size"":64,""d_model"":64,""dense_units"":[64,16],""dropout"":0.1,""expected_parameters"":157416,""ff_dim"":256,""frozen"":true,""implementation"":""neural_models.get_set_transformer"",""input_shape"":[22,10],""key_dim"":32,""learning_rate"":0.001,""max_epochs"":50,""num_heads"":2,""num_layers"":3,""output_units"":80,""patience"":10,""pilot_source"":""results/sweep_5.csv"",""pooling"":""global_average""}",6003534a6fb6f7c259ea7485f50597481535337902a4fc1efeb39ec80445d6d6,0.012624124134343688,182.7273769909516,1009280513,207175113.0,False,False,2,False,0.0,lowest_ordered_candidate_on_exact_tie
sensitivity,18,360,zoo_cnn,Zoo CNN,0,True,"{""batch_size"":64,""conv1d_filters"":[160,96,96],""conv2d_filters"":[128,160,128],""dense_units"":[96,256],""dropout"":0.3,""expected_parameters"":145584,""frozen"":true,""implementation"":""neural_models.get_conv_net"",""input_shape"":[11,10,10],""learning_rate"":0.001,""max_epochs"":50,""output_units"":80,""patience"":10,""pilot_source"":""original Zoo architecture and results/sweep_5.csv"",""pooling_weights"":{""average"":0.7,""max"":0.3}}",219344d288a1f6230782c6839c7a9758e13c3625ddae1b87e29779a206a56278,0.013629766308245795,67.01875014789402,1697843471,743903486.0,False,False,3,False,0.0,lowest_ordered_candidate_on_exact_tie
sensitivity,18,360,zoo_cnn,Zoo CNN,1,False,"{""batch_size"":64,""conv1d_filters"":[160,96,96],""conv2d_filters"":[128,160,128],""dense_units"":[96,256],""dropout"":0.1,""expected_parameters"":145584,""frozen"":true,""implementation"":""neural_models.get_conv_net"",""input_shape"":[11,10,10],""learning_rate"":0.0003,""max_epochs"":50,""output_units"":80,""patience"":10,""pilot_source"":""original Zoo architecture and results/sweep_5.csv"",""pooling_weights"":{""average"":0.7,""max"":0.3}}",abbc846d863092760291bfa1d382563580835324df5f7f6ce46a6fbed3da8072,0.01316252455015308,51.150127422995865,1697843471,743903486.0,False,False,3,False,0.0,lowest_ordered_candidate_on_exact_tie
sensitivity,18,360,zoo_cnn,Zoo CNN,2,False,"{""batch_size"":64,""conv1d_filters"":[160,96,96],""conv2d_filters"":[128,160,128],""dense_units"":[96,256],""dropout"":0.3,""expected_parameters"":145584,""frozen"":true,""implementation"":""neural_models.get_conv_net"",""input_shape"":[11,10,10],""learning_rate"":0.0003,""max_epochs"":50,""output_units"":80,""patience"":10,""pilot_source"":""original Zoo architecture and results/sweep_5.csv"",""pooling_weights"":{""average"":0.7,""max"":0.3}}",36cfcc45679e2e31725ccf0dedf1ff567692c99678381161175d0aef95c9aead,0.013151541899482613,55.80725395097397,1697843471,743903486.0,False,False,3,False,0.0,lowest_ordered_candidate_on_exact_tie
sensitivity,18,360,zoo_cnn,Zoo CNN,3,False,"{""batch_size"":64,""conv1d_filters"":[160,96,96],""conv2d_filters"":[128,160,128],""dense_units"":[96,256],""dropout"":0.1,""expected_parameters"":145584,""frozen"":true,""implementation"":""neural_models.get_conv_net"",""input_shape"":[11,10,10],""learning_rate"":0.001,""max_epochs"":50,""output_units"":80,""patience"":10,""pilot_source"":""original Zoo architecture and results/sweep_5.csv"",""pooling_weights"":{""average"":0.7,""max"":0.3}}",0b22203ab4438c16191482ac13e31621a615cbaa6cf409114e6377f1bec3dc7b,0.012576785581715424,47.66248935391195,1697843471,743903486.0,True,False,3,True,0.0,lowest_ordered_candidate_on_exact_tie
sensitivity,19,20,lightgbm_multiclass,LightGBM,0,True,"{""boosting_type"":""gbdt"",""colsample_bytree"":1.0,""frozen"":true,""implementation"":""lightgbm.LGBMClassifier"",""learning_rate"":0.05,""max_depth"":5,""min_child_samples"":50,""min_child_weight"":0.001,""min_split_gain"":0.0,""n_estimators"":200,""n_jobs"":1,""num_class"":80,""num_leaves"":31,""objective"":""multiclass"",""pilot_source"":""results/sweep_5_config.json"",""reg_alpha"":0.5,""reg_lambda"":0.5,""subsample"":1.0,""subsample_freq"":0}",5689446e19bdea1df411111e1e4b5cc50183c270622d0757b33c51d0a5938a1c,0.013538143835576139,3.0776547479908913,842231270,,True,True,0,True,0.0,lowest_ordered_candidate_on_exact_tie
sensitivity,19,20,lightgbm_multiclass,LightGBM,1,False,"{""boosting_type"":""gbdt"",""colsample_bytree"":1.0,""frozen"":true,""implementation"":""lightgbm.LGBMClassifier"",""learning_rate"":0.05,""max_depth"":5,""min_child_samples"":20,""min_child_weight"":0.001,""min_split_gain"":0.0,""n_estimators"":200,""n_jobs"":1,""num_class"":80,""num_leaves"":31,""objective"":""multiclass"",""pilot_source"":""results/sweep_5_config.json"",""reg_alpha"":0.1,""reg_lambda"":0.1,""subsample"":1.0,""subsample_freq"":0}",cb116d2e0b5ef62830f7ca0d63c0d488226c533f44349af3605ff4acd0a2aebc,0.014184202162157857,3.92897470400203,842231270,,False,True,0,False,0.0,lowest_ordered_candidate_on_exact_tie
sensitivity,19,20,lightgbm_multiclass,LightGBM,2,False,"{""boosting_type"":""gbdt"",""colsample_bytree"":1.0,""frozen"":true,""implementation"":""lightgbm.LGBMClassifier"",""learning_rate"":0.05,""max_depth"":7,""min_child_samples"":20,""min_child_weight"":0.001,""min_split_gain"":0.0,""n_estimators"":200,""n_jobs"":1,""num_class"":80,""num_leaves"":31,""objective"":""multiclass"",""pilot_source"":""results/sweep_5_config.json"",""reg_alpha"":0.1,""reg_lambda"":0.1,""subsample"":1.0,""subsample_freq"":0}",cae2276bc5c6ec1a3d72ce53c46697dc247ba4430ea98e1f609b624c98c8365e,0.01404762645986045,4.256164568010718,842231270,,False,True,0,False,0.0,lowest_ordered_candidate_on_exact_tie
sensitivity,19,20,lightgbm_multiclass,LightGBM,3,False,"{""boosting_type"":""gbdt"",""colsample_bytree"":1.0,""frozen"":true,""implementation"":""lightgbm.LGBMClassifier"",""learning_rate"":0.1,""max_depth"":5,""min_child_samples"":20,""min_child_weight"":0.001,""min_split_gain"":0.0,""n_estimators"":200,""n_jobs"":1,""num_class"":80,""num_leaves"":31,""objective"":""multiclass"",""pilot_source"":""results/sweep_5_config.json"",""reg_alpha"":0.1,""reg_lambda"":0.1,""subsample"":1.0,""subsample_freq"":0}",c698b699f6c7cf18743346c4dd2691d8b650e657ec9a021d53142751ecc58407,0.014405824191719475,2.6719187520211563,842231270,,False,True,0,False,0.0,lowest_ordered_candidate_on_exact_tie
sensitivity,19,20,ridge_sgd_l2,L2 one-vs-rest logistic,0,True,"{""alpha"":0.3333333333333333,""average"":false,""batch_size"":64,""epochs"":50,""eta0"":0.01,""fit_intercept"":true,""frozen"":true,""implementation"":""sklearn.linear_model.SGDClassifier"",""learning_rate"":""optimal"",""loss"":""log_loss"",""penalty"":""l2"",""pilot_source"":""results/sweep_5_config.json""}",851f14fb6b5ecda88baab0b92a7a36c949fdd0437766fc7d2433f329e2fde2f3,0.013541011880884838,9.266963026020676,895936092,,False,False,4,False,0.0,lowest_ordered_candidate_on_exact_tie
sensitivity,19,20,ridge_sgd_l2,L2 one-vs-rest logistic,1,False,"{""alpha"":10.0,""average"":false,""batch_size"":64,""epochs"":50,""eta0"":0.01,""fit_intercept"":true,""frozen"":true,""implementation"":""sklearn.linear_model.SGDClassifier"",""learning_rate"":""optimal"",""loss"":""log_loss"",""penalty"":""l2"",""pilot_source"":""results/sweep_5_config.json""}",dc2707c60c369df46e9b424fa8a1ebc5b23e4a351ced0c10e7e7dc66c6076d51,0.02037161257582385,8.660205758991651,895936092,,False,False,4,False,0.0,lowest_ordered_candidate_on_exact_tie
sensitivity,19,20,ridge_sgd_l2,L2 one-vs-rest logistic,2,False,"{""alpha"":3.3333333333333335,""average"":false,""batch_size"":64,""epochs"":50,""eta0"":0.01,""fit_intercept"":true,""frozen"":true,""implementation"":""sklearn.linear_model.SGDClassifier"",""learning_rate"":""optimal"",""loss"":""log_loss"",""penalty"":""l2"",""pilot_source"":""results/sweep_5_config.json""}",7aa5dba8ad015c8682db23cb59b805649b89895bc1121de465bef1e495573967,0.01585075275809085,8.668682062067091,895936092,,False,False,4,False,0.0,lowest_ordered_candidate_on_exact_tie
sensitivity,19,20,ridge_sgd_l2,L2 one-vs-rest logistic,3,False,"{""alpha"":1.0,""average"":false,""batch_size"":64,""epochs"":50,""eta0"":0.01,""fit_intercept"":true,""frozen"":true,""implementation"":""sklearn.linear_model.SGDClassifier"",""learning_rate"":""optimal"",""loss"":""log_loss"",""penalty"":""l2"",""pilot_source"":""results/sweep_5_config.json""}",f1028920c45a062ceb93b6bb97df161e827da764972699d89f7ccc787385a0de,0.014039217879112479,8.6472333970014,895936092,,False,False,4,False,0.0,lowest_ordered_candidate_on_exact_tie
sensitivity,19,20,ridge_sgd_l2,L2 one-vs-rest logistic,4,False,"{""alpha"":0.1,""average"":false,""batch_size"":64,""epochs"":50,""eta0"":0.01,""fit_intercept"":true,""frozen"":true,""implementation"":""sklearn.linear_model.SGDClassifier"",""learning_rate"":""optimal"",""loss"":""log_loss"",""penalty"":""l2"",""pilot_source"":""results/sweep_5_config.json""}",724a1fea14c056996c0474f9106b8177856f64794ebcc3fc1e458f6a8e12dc05,0.013380495605587286,8.690946658956818,895936092,,True,False,4,True,0.0,lowest_ordered_candidate_on_exact_tie
sensitivity,19,20,set_transformer,Set Transformer,0,True,"{""batch_size"":64,""d_model"":64,""dense_units"":[64,16],""dropout"":0.3,""expected_parameters"":157416,""ff_dim"":256,""frozen"":true,""implementation"":""neural_models.get_set_transformer"",""input_shape"":[22,10],""key_dim"":32,""learning_rate"":0.001,""max_epochs"":50,""num_heads"":2,""num_layers"":3,""output_units"":80,""patience"":10,""pilot_source"":""results/sweep_5.csv"",""pooling"":""global_average""}",6f4dec421d8ca8a60ca233da0707302c871aa8127caae786bc585c163e11c567,0.013091573170941164,29.06666639703326,1311553334,1419708244.0,True,True,0,True,0.0,lowest_ordered_candidate_on_exact_tie
sensitivity,19,20,set_transformer,Set Transformer,1,False,"{""batch_size"":64,""d_model"":64,""dense_units"":[64,16],""dropout"":0.1,""expected_parameters"":157416,""ff_dim"":256,""frozen"":true,""implementation"":""neural_models.get_set_transformer"",""input_shape"":[22,10],""key_dim"":32,""learning_rate"":0.0003,""max_epochs"":50,""num_heads"":2,""num_layers"":3,""output_units"":80,""patience"":10,""pilot_source"":""results/sweep_5.csv"",""pooling"":""global_average""}",fe204fdf1e84832e477e9c76ffec174e32677e8d5a5f24b670abbf7a3b8c7db1,0.013289186555329674,30.514168814988807,1311553334,1419708244.0,False,True,0,False,0.0,lowest_ordered_candidate_on_exact_tie
sensitivity,19,20,set_transformer,Set Transformer,2,False,"{""batch_size"":64,""d_model"":64,""dense_units"":[64,16],""dropout"":0.3,""expected_parameters"":157416,""ff_dim"":256,""frozen"":true,""implementation"":""neural_models.get_set_transformer"",""input_shape"":[22,10],""key_dim"":32,""learning_rate"":0.0003,""max_epochs"":50,""num_heads"":2,""num_layers"":3,""output_units"":80,""patience"":10,""pilot_source"":""results/sweep_5.csv"",""pooling"":""global_average""}",98491dd6370054dad3bab81748034d9978d93498b7569cee08e9b098dc1ba9e5,0.013340102923391228,31.250845595961437,1311553334,1419708244.0,False,True,0,False,0.0,lowest_ordered_candidate_on_exact_tie
sensitivity,19,20,set_transformer,Set Transformer,3,False,"{""batch_size"":64,""d_model"":64,""dense_units"":[64,16],""dropout"":0.1,""expected_parameters"":157416,""ff_dim"":256,""frozen"":true,""implementation"":""neural_models.get_set_transformer"",""input_shape"":[22,10],""key_dim"":32,""learning_rate"":0.001,""max_epochs"":50,""num_heads"":2,""num_layers"":3,""output_units"":80,""patience"":10,""pilot_source"":""results/sweep_5.csv"",""pooling"":""global_average""}",6003534a6fb6f7c259ea7485f50597481535337902a4fc1efeb39ec80445d6d6,0.013556660915868542,28.06413016701117,1311553334,1419708244.0,False,True,0,False,0.0,lowest_ordered_candidate_on_exact_tie
sensitivity,19,20,zoo_cnn,Zoo CNN,0,True,"{""batch_size"":64,""conv1d_filters"":[160,96,96],""conv2d_filters"":[128,160,128],""dense_units"":[96,256],""dropout"":0.3,""expected_parameters"":145584,""frozen"":true,""implementation"":""neural_models.get_conv_net"",""input_shape"":[11,10,10],""learning_rate"":0.001,""max_epochs"":50,""output_units"":80,""patience"":10,""pilot_source"":""original Zoo architecture and results/sweep_5.csv"",""pooling_weights"":{""average"":0.7,""max"":0.3}}",219344d288a1f6230782c6839c7a9758e13c3625ddae1b87e29779a206a56278,0.014776926133336662,13.416707779979333,1665974341,1646235102.0,True,True,0,True,0.0,lowest_ordered_candidate_on_exact_tie
sensitivity,19,20,zoo_cnn,Zoo CNN,1,False,"{""batch_size"":64,""conv1d_filters"":[160,96,96],""conv2d_filters"":[128,160,128],""dense_units"":[96,256],""dropout"":0.1,""expected_parameters"":145584,""frozen"":true,""implementation"":""neural_models.get_conv_net"",""input_shape"":[11,10,10],""learning_rate"":0.0003,""max_epochs"":50,""output_units"":80,""patience"":10,""pilot_source"":""original Zoo architecture and results/sweep_5.csv"",""pooling_weights"":{""average"":0.7,""max"":0.3}}",abbc846d863092760291bfa1d382563580835324df5f7f6ce46a6fbed3da8072,0.015256243647758195,13.828373652184382,1665974341,1646235102.0,False,True,0,False,0.0,lowest_ordered_candidate_on_exact_tie
sensitivity,19,20,zoo_cnn,Zoo CNN,2,False,"{""batch_size"":64,""conv1d_filters"":[160,96,96],""conv2d_filters"":[128,160,128],""dense_units"":[96,256],""dropout"":0.3,""expected_parameters"":145584,""frozen"":true,""implementation"":""neural_models.get_conv_net"",""input_shape"":[11,10,10],""learning_rate"":0.0003,""max_epochs"":50,""output_units"":80,""patience"":10,""pilot_source"":""original Zoo architecture and results/sweep_5.csv"",""pooling_weights"":{""average"":0.7,""max"":0.3}}",36cfcc45679e2e31725ccf0dedf1ff567692c99678381161175d0aef95c9aead,0.015163179602253484,13.54059290792793,1665974341,1646235102.0,False,True,0,False,0.0,lowest_ordered_candidate_on_exact_tie
sensitivity,19,20,zoo_cnn,Zoo CNN,3,False,"{""batch_size"":64,""conv1d_filters"":[160,96,96],""conv2d_filters"":[128,160,128],""dense_units"":[96,256],""dropout"":0.1,""expected_parameters"":145584,""frozen"":true,""implementation"":""neural_models.get_conv_net"",""input_shape"":[11,10,10],""learning_rate"":0.001,""max_epochs"":50,""output_units"":80,""patience"":10,""pilot_source"":""original Zoo architecture and results/sweep_5.csv"",""pooling_weights"":{""average"":0.7,""max"":0.3}}",0b22203ab4438c16191482ac13e31621a615cbaa6cf409114e6377f1bec3dc7b,0.014868692879383295,10.863028503023088,1665974341,1646235102.0,False,True,0,False,0.0,lowest_ordered_candidate_on_exact_tie
sensitivity,19,160,lightgbm_multiclass,LightGBM,0,True,"{""boosting_type"":""gbdt"",""colsample_bytree"":1.0,""frozen"":true,""implementation"":""lightgbm.LGBMClassifier"",""learning_rate"":0.05,""max_depth"":5,""min_child_samples"":50,""min_child_weight"":0.001,""min_split_gain"":0.0,""n_estimators"":200,""n_jobs"":1,""num_class"":80,""num_leaves"":31,""objective"":""multiclass"",""pilot_source"":""results/sweep_5_config.json"",""reg_alpha"":0.5,""reg_lambda"":0.5,""subsample"":1.0,""subsample_freq"":0}",5689446e19bdea1df411111e1e4b5cc50183c270622d0757b33c51d0a5938a1c,0.012909924496278233,13.3974146010587,698945654,,True,True,0,True,0.0,lowest_ordered_candidate_on_exact_tie
sensitivity,19,160,lightgbm_multiclass,LightGBM,1,False,"{""boosting_type"":""gbdt"",""colsample_bytree"":1.0,""frozen"":true,""implementation"":""lightgbm.LGBMClassifier"",""learning_rate"":0.05,""max_depth"":5,""min_child_samples"":20,""min_child_weight"":0.001,""min_split_gain"":0.0,""n_estimators"":200,""n_jobs"":1,""num_class"":80,""num_leaves"":31,""objective"":""multiclass"",""pilot_source"":""results/sweep_5_config.json"",""reg_alpha"":0.1,""reg_lambda"":0.1,""subsample"":1.0,""subsample_freq"":0}",cb116d2e0b5ef62830f7ca0d63c0d488226c533f44349af3605ff4acd0a2aebc,0.013160466923095896,14.691738352994435,698945654,,False,True,0,False,0.0,lowest_ordered_candidate_on_exact_tie
sensitivity,19,160,lightgbm_multiclass,LightGBM,2,False,"{""boosting_type"":""gbdt"",""colsample_bytree"":1.0,""frozen"":true,""implementation"":""lightgbm.LGBMClassifier"",""learning_rate"":0.05,""max_depth"":7,""min_child_samples"":20,""min_child_weight"":0.001,""min_split_gain"":0.0,""n_estimators"":200,""n_jobs"":1,""num_class"":80,""num_leaves"":31,""objective"":""multiclass"",""pilot_source"":""results/sweep_5_config.json"",""reg_alpha"":0.1,""reg_lambda"":0.1,""subsample"":1.0,""subsample_freq"":0}",cae2276bc5c6ec1a3d72ce53c46697dc247ba4430ea98e1f609b624c98c8365e,0.013469023589777796,19.571926470962353,698945654,,False,True,0,False,0.0,lowest_ordered_candidate_on_exact_tie
sensitivity,19,160,lightgbm_multiclass,LightGBM,3,False,"{""boosting_type"":""gbdt"",""colsample_bytree"":1.0,""frozen"":true,""implementation"":""lightgbm.LGBMClassifier"",""learning_rate"":0.1,""max_depth"":5,""min_child_samples"":20,""min_child_weight"":0.001,""min_split_gain"":0.0,""n_estimators"":200,""n_jobs"":1,""num_class"":80,""num_leaves"":31,""objective"":""multiclass"",""pilot_source"":""results/sweep_5_config.json"",""reg_alpha"":0.1,""reg_lambda"":0.1,""subsample"":1.0,""subsample_freq"":0}",c698b699f6c7cf18743346c4dd2691d8b650e657ec9a021d53142751ecc58407,0.013765300402596416,13.117967322003096,698945654,,False,True,0,False,0.0,lowest_ordered_candidate_on_exact_tie
sensitivity,19,160,ridge_sgd_l2,L2 one-vs-rest logistic,0,True,"{""alpha"":0.3333333333333333,""average"":false,""batch_size"":64,""epochs"":50,""eta0"":0.01,""fit_intercept"":true,""frozen"":true,""implementation"":""sklearn.linear_model.SGDClassifier"",""learning_rate"":""optimal"",""loss"":""log_loss"",""penalty"":""l2"",""pilot_source"":""results/sweep_5_config.json""}",851f14fb6b5ecda88baab0b92a7a36c949fdd0437766fc7d2433f329e2fde2f3,0.013525591532736513,70.00353976001497,2116285498,,False,False,4,False,0.0,lowest_ordered_candidate_on_exact_tie
sensitivity,19,160,ridge_sgd_l2,L2 one-vs-rest logistic,1,False,"{""alpha"":10.0,""average"":false,""batch_size"":64,""epochs"":50,""eta0"":0.01,""fit_intercept"":true,""frozen"":true,""implementation"":""sklearn.linear_model.SGDClassifier"",""learning_rate"":""optimal"",""loss"":""log_loss"",""penalty"":""l2"",""pilot_source"":""results/sweep_5_config.json""}",dc2707c60c369df46e9b424fa8a1ebc5b23e4a351ced0c10e7e7dc66c6076d51,0.02034765410788915,69.88047185190953,2116285498,,False,False,4,False,0.0,lowest_ordered_candidate_on_exact_tie
sensitivity,19,160,ridge_sgd_l2,L2 one-vs-rest logistic,2,False,"{""alpha"":3.3333333333333335,""average"":false,""batch_size"":64,""epochs"":50,""eta0"":0.01,""fit_intercept"":true,""frozen"":true,""implementation"":""sklearn.linear_model.SGDClassifier"",""learning_rate"":""optimal"",""loss"":""log_loss"",""penalty"":""l2"",""pilot_source"":""results/sweep_5_config.json""}",7aa5dba8ad015c8682db23cb59b805649b89895bc1121de465bef1e495573967,0.015826626043142004,69.86579899501521,2116285498,,False,False,4,False,0.0,lowest_ordered_candidate_on_exact_tie
sensitivity,19,160,ridge_sgd_l2,L2 one-vs-rest logistic,3,False,"{""alpha"":1.0,""average"":false,""batch_size"":64,""epochs"":50,""eta0"":0.01,""fit_intercept"":true,""frozen"":true,""implementation"":""sklearn.linear_model.SGDClassifier"",""learning_rate"":""optimal"",""loss"":""log_loss"",""penalty"":""l2"",""pilot_source"":""results/sweep_5_config.json""}",f1028920c45a062ceb93b6bb97df161e827da764972699d89f7ccc787385a0de,0.014043753528236103,70.20400927797891,2116285498,,False,False,4,False,0.0,lowest_ordered_candidate_on_exact_tie
sensitivity,19,160,ridge_sgd_l2,L2 one-vs-rest logistic,4,False,"{""alpha"":0.1,""average"":false,""batch_size"":64,""epochs"":50,""eta0"":0.01,""fit_intercept"":true,""frozen"":true,""implementation"":""sklearn.linear_model.SGDClassifier"",""learning_rate"":""optimal"",""loss"":""log_loss"",""penalty"":""l2"",""pilot_source"":""results/sweep_5_config.json""}",724a1fea14c056996c0474f9106b8177856f64794ebcc3fc1e458f6a8e12dc05,0.013240571238891599,69.88522938999813,2116285498,,True,False,4,True,0.0,lowest_ordered_candidate_on_exact_tie
sensitivity,19,160,set_transformer,Set Transformer,0,True,"{""batch_size"":64,""d_model"":64,""dense_units"":[64,16],""dropout"":0.3,""expected_parameters"":157416,""ff_dim"":256,""frozen"":true,""implementation"":""neural_models.get_set_transformer"",""input_shape"":[22,10],""key_dim"":32,""learning_rate"":0.001,""max_epochs"":50,""num_heads"":2,""num_layers"":3,""output_units"":80,""patience"":10,""pilot_source"":""results/sweep_5.csv"",""pooling"":""global_average""}",6f4dec421d8ca8a60ca233da0707302c871aa8127caae786bc585c163e11c567,0.012091919182991075,117.85034664580598,594030119,802865092.0,False,False,1,False,0.0,lowest_ordered_candidate_on_exact_tie
sensitivity,19,160,set_transformer,Set Transformer,1,False,"{""batch_size"":64,""d_model"":64,""dense_units"":[64,16],""dropout"":0.1,""expected_parameters"":157416,""ff_dim"":256,""frozen"":true,""implementation"":""neural_models.get_set_transformer"",""input_shape"":[22,10],""key_dim"":32,""learning_rate"":0.0003,""max_epochs"":50,""num_heads"":2,""num_layers"":3,""output_units"":80,""patience"":10,""pilot_source"":""results/sweep_5.csv"",""pooling"":""global_average""}",fe204fdf1e84832e477e9c76ffec174e32677e8d5a5f24b670abbf7a3b8c7db1,0.012090012775528371,98.83995458204299,594030119,802865092.0,True,False,1,True,0.0,lowest_ordered_candidate_on_exact_tie
sensitivity,19,160,set_transformer,Set Transformer,2,False,"{""batch_size"":64,""d_model"":64,""dense_units"":[64,16],""dropout"":0.3,""expected_parameters"":157416,""ff_dim"":256,""frozen"":true,""implementation"":""neural_models.get_set_transformer"",""input_shape"":[22,10],""key_dim"":32,""learning_rate"":0.0003,""max_epochs"":50,""num_heads"":2,""num_layers"":3,""output_units"":80,""patience"":10,""pilot_source"":""results/sweep_5.csv"",""pooling"":""global_average""}",98491dd6370054dad3bab81748034d9978d93498b7569cee08e9b098dc1ba9e5,0.01212908129831172,110.4583266780246,594030119,802865092.0,False,False,1,False,0.0,lowest_ordered_candidate_on_exact_tie
sensitivity,19,160,set_transformer,Set Transformer,3,False,"{""batch_size"":64,""d_model"":64,""dense_units"":[64,16],""dropout"":0.1,""expected_parameters"":157416,""ff_dim"":256,""frozen"":true,""implementation"":""neural_models.get_set_transformer"",""input_shape"":[22,10],""key_dim"":32,""learning_rate"":0.001,""max_epochs"":50,""num_heads"":2,""num_layers"":3,""output_units"":80,""patience"":10,""pilot_source"":""results/sweep_5.csv"",""pooling"":""global_average""}",6003534a6fb6f7c259ea7485f50597481535337902a4fc1efeb39ec80445d6d6,0.012334109562700172,83.42054764297791,594030119,802865092.0,False,False,1,False,0.0,lowest_ordered_candidate_on_exact_tie
sensitivity,19,160,zoo_cnn,Zoo CNN,0,True,"{""batch_size"":64,""conv1d_filters"":[160,96,96],""conv2d_filters"":[128,160,128],""dense_units"":[96,256],""dropout"":0.3,""expected_parameters"":145584,""frozen"":true,""implementation"":""neural_models.get_conv_net"",""input_shape"":[11,10,10],""learning_rate"":0.001,""max_epochs"":50,""output_units"":80,""patience"":10,""pilot_source"":""original Zoo architecture and results/sweep_5.csv"",""pooling_weights"":{""average"":0.7,""max"":0.3}}",219344d288a1f6230782c6839c7a9758e13c3625ddae1b87e29779a206a56278,0.012429086318671026,28.430881368927658,1150555788,43114448.0,True,True,0,True,0.0,lowest_ordered_candidate_on_exact_tie
sensitivity,19,160,zoo_cnn,Zoo CNN,1,False,"{""batch_size"":64,""conv1d_filters"":[160,96,96],""conv2d_filters"":[128,160,128],""dense_units"":[96,256],""dropout"":0.1,""expected_parameters"":145584,""frozen"":true,""implementation"":""neural_models.get_conv_net"",""input_shape"":[11,10,10],""learning_rate"":0.0003,""max_epochs"":50,""output_units"":80,""patience"":10,""pilot_source"":""original Zoo architecture and results/sweep_5.csv"",""pooling_weights"":{""average"":0.7,""max"":0.3}}",abbc846d863092760291bfa1d382563580835324df5f7f6ce46a6fbed3da8072,0.013371547975269956,22.716201269999146,1150555788,43114448.0,False,True,0,False,0.0,lowest_ordered_candidate_on_exact_tie
sensitivity,19,160,zoo_cnn,Zoo CNN,2,False,"{""batch_size"":64,""conv1d_filters"":[160,96,96],""conv2d_filters"":[128,160,128],""dense_units"":[96,256],""dropout"":0.3,""expected_parameters"":145584,""frozen"":true,""implementation"":""neural_models.get_conv_net"",""input_shape"":[11,10,10],""learning_rate"":0.0003,""max_epochs"":50,""output_units"":80,""patience"":10,""pilot_source"":""original Zoo architecture and results/sweep_5.csv"",""pooling_weights"":{""average"":0.7,""max"":0.3}}",36cfcc45679e2e31725ccf0dedf1ff567692c99678381161175d0aef95c9aead,0.013130893532763666,33.32669971487485,1150555788,43114448.0,False,True,0,False,0.0,lowest_ordered_candidate_on_exact_tie
sensitivity,19,160,zoo_cnn,Zoo CNN,3,False,"{""batch_size"":64,""conv1d_filters"":[160,96,96],""conv2d_filters"":[128,160,128],""dense_units"":[96,256],""dropout"":0.1,""expected_parameters"":145584,""frozen"":true,""implementation"":""neural_models.get_conv_net"",""input_shape"":[11,10,10],""learning_rate"":0.001,""max_epochs"":50,""output_units"":80,""patience"":10,""pilot_source"":""original Zoo architecture and results/sweep_5.csv"",""pooling_weights"":{""average"":0.7,""max"":0.3}}",0b22203ab4438c16191482ac13e31621a615cbaa6cf409114e6377f1bec3dc7b,0.013696500934558417,36.774569565895945,1150555788,43114448.0,False,True,0,False,0.0,lowest_ordered_candidate_on_exact_tie
sensitivity,19,360,lightgbm_multiclass,LightGBM,0,True,"{""boosting_type"":""gbdt"",""colsample_bytree"":1.0,""frozen"":true,""implementation"":""lightgbm.LGBMClassifier"",""learning_rate"":0.05,""max_depth"":5,""min_child_samples"":50,""min_child_weight"":0.001,""min_split_gain"":0.0,""n_estimators"":200,""n_jobs"":1,""num_class"":80,""num_leaves"":31,""objective"":""multiclass"",""pilot_source"":""results/sweep_5_config.json"",""reg_alpha"":0.5,""reg_lambda"":0.5,""subsample"":1.0,""subsample_freq"":0}",5689446e19bdea1df411111e1e4b5cc50183c270622d0757b33c51d0a5938a1c,0.012692334152893362,25.280837600002997,778549225,,True,True,0,True,0.0,lowest_ordered_candidate_on_exact_tie
sensitivity,19,360,lightgbm_multiclass,LightGBM,1,False,"{""boosting_type"":""gbdt"",""colsample_bytree"":1.0,""frozen"":true,""implementation"":""lightgbm.LGBMClassifier"",""learning_rate"":0.05,""max_depth"":5,""min_child_samples"":20,""min_child_weight"":0.001,""min_split_gain"":0.0,""n_estimators"":200,""n_jobs"":1,""num_class"":80,""num_leaves"":31,""objective"":""multiclass"",""pilot_source"":""results/sweep_5_config.json"",""reg_alpha"":0.1,""reg_lambda"":0.1,""subsample"":1.0,""subsample_freq"":0}",cb116d2e0b5ef62830f7ca0d63c0d488226c533f44349af3605ff4acd0a2aebc,0.012779273661865174,26.531790822045878,778549225,,False,True,0,False,0.0,lowest_ordered_candidate_on_exact_tie
sensitivity,19,360,lightgbm_multiclass,LightGBM,2,False,"{""boosting_type"":""gbdt"",""colsample_bytree"":1.0,""frozen"":true,""implementation"":""lightgbm.LGBMClassifier"",""learning_rate"":0.05,""max_depth"":7,""min_child_samples"":20,""min_child_weight"":0.001,""min_split_gain"":0.0,""n_estimators"":200,""n_jobs"":1,""num_class"":80,""num_leaves"":31,""objective"":""multiclass"",""pilot_source"":""results/sweep_5_config.json"",""reg_alpha"":0.1,""reg_lambda"":0.1,""subsample"":1.0,""subsample_freq"":0}",cae2276bc5c6ec1a3d72ce53c46697dc247ba4430ea98e1f609b624c98c8365e,0.013012768578730948,33.64576009509619,778549225,,False,True,0,False,0.0,lowest_ordered_candidate_on_exact_tie
sensitivity,19,360,lightgbm_multiclass,LightGBM,3,False,"{""boosting_type"":""gbdt"",""colsample_bytree"":1.0,""frozen"":true,""implementation"":""lightgbm.LGBMClassifier"",""learning_rate"":0.1,""max_depth"":5,""min_child_samples"":20,""min_child_weight"":0.001,""min_split_gain"":0.0,""n_estimators"":200,""n_jobs"":1,""num_class"":80,""num_leaves"":31,""objective"":""multiclass"",""pilot_source"":""results/sweep_5_config.json"",""reg_alpha"":0.1,""reg_lambda"":0.1,""subsample"":1.0,""subsample_freq"":0}",c698b699f6c7cf18743346c4dd2691d8b650e657ec9a021d53142751ecc58407,0.01321573368232856,23.919599496992305,778549225,,False,True,0,False,0.0,lowest_ordered_candidate_on_exact_tie
sensitivity,19,360,ridge_sgd_l2,L2 one-vs-rest logistic,0,True,"{""alpha"":0.3333333333333333,""average"":false,""batch_size"":64,""epochs"":50,""eta0"":0.01,""fit_intercept"":true,""frozen"":true,""implementation"":""sklearn.linear_model.SGDClassifier"",""learning_rate"":""optimal"",""loss"":""log_loss"",""penalty"":""l2"",""pilot_source"":""results/sweep_5_config.json""}",851f14fb6b5ecda88baab0b92a7a36c949fdd0437766fc7d2433f329e2fde2f3,0.013459928446022059,157.97644610807765,1370094816,,False,False,4,False,0.0,lowest_ordered_candidate_on_exact_tie
sensitivity,19,360,ridge_sgd_l2,L2 one-vs-rest logistic,1,False,"{""alpha"":10.0,""average"":false,""batch_size"":64,""epochs"":50,""eta0"":0.01,""fit_intercept"":true,""frozen"":true,""implementation"":""sklearn.linear_model.SGDClassifier"",""learning_rate"":""optimal"",""loss"":""log_loss"",""penalty"":""l2"",""pilot_source"":""results/sweep_5_config.json""}",dc2707c60c369df46e9b424fa8a1ebc5b23e4a351ced0c10e7e7dc66c6076d51,0.020380836558552974,158.30105391994584,1370094816,,False,False,4,False,0.0,lowest_ordered_candidate_on_exact_tie
sensitivity,19,360,ridge_sgd_l2,L2 one-vs-rest logistic,2,False,"{""alpha"":3.3333333333333335,""average"":false,""batch_size"":64,""epochs"":50,""eta0"":0.01,""fit_intercept"":true,""frozen"":true,""implementation"":""sklearn.linear_model.SGDClassifier"",""learning_rate"":""optimal"",""loss"":""log_loss"",""penalty"":""l2"",""pilot_source"":""results/sweep_5_config.json""}",7aa5dba8ad015c8682db23cb59b805649b89895bc1121de465bef1e495573967,0.015832981173186825,158.3139786090469,1370094816,,False,False,4,False,0.0,lowest_ordered_candidate_on_exact_tie
sensitivity,19,360,ridge_sgd_l2,L2 one-vs-rest logistic,3,False,"{""alpha"":1.0,""average"":false,""batch_size"":64,""epochs"":50,""eta0"":0.01,""fit_intercept"":true,""frozen"":true,""implementation"":""sklearn.linear_model.SGDClassifier"",""learning_rate"":""optimal"",""loss"":""log_loss"",""penalty"":""l2"",""pilot_source"":""results/sweep_5_config.json""}",f1028920c45a062ceb93b6bb97df161e827da764972699d89f7ccc787385a0de,0.014014858729538605,158.49620920605958,1370094816,,False,False,4,False,0.0,lowest_ordered_candidate_on_exact_tie
sensitivity,19,360,ridge_sgd_l2,L2 one-vs-rest logistic,4,False,"{""alpha"":0.1,""average"":false,""batch_size"":64,""epochs"":50,""eta0"":0.01,""fit_intercept"":true,""frozen"":true,""implementation"":""sklearn.linear_model.SGDClassifier"",""learning_rate"":""optimal"",""loss"":""log_loss"",""penalty"":""l2"",""pilot_source"":""results/sweep_5_config.json""}",724a1fea14c056996c0474f9106b8177856f64794ebcc3fc1e458f6a8e12dc05,0.013136955509192524,158.18642895296216,1370094816,,True,False,4,True,0.0,lowest_ordered_candidate_on_exact_tie
sensitivity,19,360,set_transformer,Set Transformer,0,True,"{""batch_size"":64,""d_model"":64,""dense_units"":[64,16],""dropout"":0.3,""expected_parameters"":157416,""ff_dim"":256,""frozen"":true,""implementation"":""neural_models.get_set_transformer"",""input_shape"":[22,10],""key_dim"":32,""learning_rate"":0.001,""max_epochs"":50,""num_heads"":2,""num_layers"":3,""output_units"":80,""patience"":10,""pilot_source"":""results/sweep_5.csv"",""pooling"":""global_average""}",6f4dec421d8ca8a60ca233da0707302c871aa8127caae786bc585c163e11c567,0.011753129475612781,235.53470325493254,1115875342,952211030.0,False,False,1,False,0.0,lowest_ordered_candidate_on_exact_tie
sensitivity,19,360,set_transformer,Set Transformer,1,False,"{""batch_size"":64,""d_model"":64,""dense_units"":[64,16],""dropout"":0.1,""expected_parameters"":157416,""ff_dim"":256,""frozen"":true,""implementation"":""neural_models.get_set_transformer"",""input_shape"":[22,10],""key_dim"":32,""learning_rate"":0.0003,""max_epochs"":50,""num_heads"":2,""num_layers"":3,""output_units"":80,""patience"":10,""pilot_source"":""results/sweep_5.csv"",""pooling"":""global_average""}",fe204fdf1e84832e477e9c76ffec174e32677e8d5a5f24b670abbf7a3b8c7db1,0.011645492954351088,145.84986702702008,1115875342,952211030.0,True,False,1,True,0.0,lowest_ordered_candidate_on_exact_tie
sensitivity,19,360,set_transformer,Set Transformer,2,False,"{""batch_size"":64,""d_model"":64,""dense_units"":[64,16],""dropout"":0.3,""expected_parameters"":157416,""ff_dim"":256,""frozen"":true,""implementation"":""neural_models.get_set_transformer"",""input_shape"":[22,10],""key_dim"":32,""learning_rate"":0.0003,""max_epochs"":50,""num_heads"":2,""num_layers"":3,""output_units"":80,""patience"":10,""pilot_source"":""results/sweep_5.csv"",""pooling"":""global_average""}",98491dd6370054dad3bab81748034d9978d93498b7569cee08e9b098dc1ba9e5,0.011688296702067596,223.96528973407112,1115875342,952211030.0,False,False,1,False,0.0,lowest_ordered_candidate_on_exact_tie
sensitivity,19,360,set_transformer,Set Transformer,3,False,"{""batch_size"":64,""d_model"":64,""dense_units"":[64,16],""dropout"":0.1,""expected_parameters"":157416,""ff_dim"":256,""frozen"":true,""implementation"":""neural_models.get_set_transformer"",""input_shape"":[22,10],""key_dim"":32,""learning_rate"":0.001,""max_epochs"":50,""num_heads"":2,""num_layers"":3,""output_units"":80,""patience"":10,""pilot_source"":""results/sweep_5.csv"",""pooling"":""global_average""}",6003534a6fb6f7c259ea7485f50597481535337902a4fc1efeb39ec80445d6d6,0.011888590371513559,123.13365077716298,1115875342,952211030.0,False,False,1,False,0.0,lowest_ordered_candidate_on_exact_tie
sensitivity,19,360,zoo_cnn,Zoo CNN,0,True,"{""batch_size"":64,""conv1d_filters"":[160,96,96],""conv2d_filters"":[128,160,128],""dense_units"":[96,256],""dropout"":0.3,""expected_parameters"":145584,""frozen"":true,""implementation"":""neural_models.get_conv_net"",""input_shape"":[11,10,10],""learning_rate"":0.001,""max_epochs"":50,""output_units"":80,""patience"":10,""pilot_source"":""original Zoo architecture and results/sweep_5.csv"",""pooling_weights"":{""average"":0.7,""max"":0.3}}",219344d288a1f6230782c6839c7a9758e13c3625ddae1b87e29779a206a56278,0.012000494591594428,45.97212312091142,1703915933,963585065.0,True,True,0,True,0.0,lowest_ordered_candidate_on_exact_tie
sensitivity,19,360,zoo_cnn,Zoo CNN,1,False,"{""batch_size"":64,""conv1d_filters"":[160,96,96],""conv2d_filters"":[128,160,128],""dense_units"":[96,256],""dropout"":0.1,""expected_parameters"":145584,""frozen"":true,""implementation"":""neural_models.get_conv_net"",""input_shape"":[11,10,10],""learning_rate"":0.0003,""max_epochs"":50,""output_units"":80,""patience"":10,""pilot_source"":""original Zoo architecture and results/sweep_5.csv"",""pooling_weights"":{""average"":0.7,""max"":0.3}}",abbc846d863092760291bfa1d382563580835324df5f7f6ce46a6fbed3da8072,0.012609673488519556,62.39614322199486,1703915933,963585065.0,False,True,0,False,0.0,lowest_ordered_candidate_on_exact_tie
sensitivity,19,360,zoo_cnn,Zoo CNN,2,False,"{""batch_size"":64,""conv1d_filters"":[160,96,96],""conv2d_filters"":[128,160,128],""dense_units"":[96,256],""dropout"":0.3,""expected_parameters"":145584,""frozen"":true,""implementation"":""neural_models.get_conv_net"",""input_shape"":[11,10,10],""learning_rate"":0.0003,""max_epochs"":50,""output_units"":80,""patience"":10,""pilot_source"":""original Zoo architecture and results/sweep_5.csv"",""pooling_weights"":{""average"":0.7,""max"":0.3}}",36cfcc45679e2e31725ccf0dedf1ff567692c99678381161175d0aef95c9aead,0.012422954220117582,68.58380259596743,1703915933,963585065.0,False,True,0,False,0.0,lowest_ordered_candidate_on_exact_tie
sensitivity,19,360,zoo_cnn,Zoo CNN,3,False,"{""batch_size"":64,""conv1d_filters"":[160,96,96],""conv2d_filters"":[128,160,128],""dense_units"":[96,256],""dropout"":0.1,""expected_parameters"":145584,""frozen"":true,""implementation"":""neural_models.get_conv_net"",""input_shape"":[11,10,10],""learning_rate"":0.001,""max_epochs"":50,""output_units"":80,""patience"":10,""pilot_source"":""original Zoo architecture and results/sweep_5.csv"",""pooling_weights"":{""average"":0.7,""max"":0.3}}",0b22203ab4438c16191482ac13e31621a615cbaa6cf409114e6377f1bec3dc7b,0.012053074923510668,48.51469043106772,1703915933,963585065.0,False,True,0,False,0.0,lowest_ordered_candidate_on_exact_tie
sensitivity,20,20,lightgbm_multiclass,LightGBM,0,True,"{""boosting_type"":""gbdt"",""colsample_bytree"":1.0,""frozen"":true,""implementation"":""lightgbm.LGBMClassifier"",""learning_rate"":0.05,""max_depth"":5,""min_child_samples"":50,""min_child_weight"":0.001,""min_split_gain"":0.0,""n_estimators"":200,""n_jobs"":1,""num_class"":80,""num_leaves"":31,""objective"":""multiclass"",""pilot_source"":""results/sweep_5_config.json"",""reg_alpha"":0.5,""reg_lambda"":0.5,""subsample"":1.0,""subsample_freq"":0}",5689446e19bdea1df411111e1e4b5cc50183c270622d0757b33c51d0a5938a1c,0.014342368497815946,3.3159454819979146,589166051,,True,True,0,True,0.0,lowest_ordered_candidate_on_exact_tie
sensitivity,20,20,lightgbm_multiclass,LightGBM,1,False,"{""boosting_type"":""gbdt"",""colsample_bytree"":1.0,""frozen"":true,""implementation"":""lightgbm.LGBMClassifier"",""learning_rate"":0.05,""max_depth"":5,""min_child_samples"":20,""min_child_weight"":0.001,""min_split_gain"":0.0,""n_estimators"":200,""n_jobs"":1,""num_class"":80,""num_leaves"":31,""objective"":""multiclass"",""pilot_source"":""results/sweep_5_config.json"",""reg_alpha"":0.1,""reg_lambda"":0.1,""subsample"":1.0,""subsample_freq"":0}",cb116d2e0b5ef62830f7ca0d63c0d488226c533f44349af3605ff4acd0a2aebc,0.014959415740524652,4.184854811988771,589166051,,False,True,0,False,0.0,lowest_ordered_candidate_on_exact_tie
sensitivity,20,20,lightgbm_multiclass,LightGBM,2,False,"{""boosting_type"":""gbdt"",""colsample_bytree"":1.0,""frozen"":true,""implementation"":""lightgbm.LGBMClassifier"",""learning_rate"":0.05,""max_depth"":7,""min_child_samples"":20,""min_child_weight"":0.001,""min_split_gain"":0.0,""n_estimators"":200,""n_jobs"":1,""num_class"":80,""num_leaves"":31,""objective"":""multiclass"",""pilot_source"":""results/sweep_5_config.json"",""reg_alpha"":0.1,""reg_lambda"":0.1,""subsample"":1.0,""subsample_freq"":0}",cae2276bc5c6ec1a3d72ce53c46697dc247ba4430ea98e1f609b624c98c8365e,0.014909220165940687,4.54859005601611,589166051,,False,True,0,False,0.0,lowest_ordered_candidate_on_exact_tie
sensitivity,20,20,lightgbm_multiclass,LightGBM,3,False,"{""boosting_type"":""gbdt"",""colsample_bytree"":1.0,""frozen"":true,""implementation"":""lightgbm.LGBMClassifier"",""learning_rate"":0.1,""max_depth"":5,""min_child_samples"":20,""min_child_weight"":0.001,""min_split_gain"":0.0,""n_estimators"":200,""n_jobs"":1,""num_class"":80,""num_leaves"":31,""objective"":""multiclass"",""pilot_source"":""results/sweep_5_config.json"",""reg_alpha"":0.1,""reg_lambda"":0.1,""subsample"":1.0,""subsample_freq"":0}",c698b699f6c7cf18743346c4dd2691d8b650e657ec9a021d53142751ecc58407,0.014995925508745641,2.8084891769103706,589166051,,False,True,0,False,0.0,lowest_ordered_candidate_on_exact_tie
sensitivity,20,20,ridge_sgd_l2,L2 one-vs-rest logistic,0,True,"{""alpha"":0.3333333333333333,""average"":false,""batch_size"":64,""epochs"":50,""eta0"":0.01,""fit_intercept"":true,""frozen"":true,""implementation"":""sklearn.linear_model.SGDClassifier"",""learning_rate"":""optimal"",""loss"":""log_loss"",""penalty"":""l2"",""pilot_source"":""results/sweep_5_config.json""}",851f14fb6b5ecda88baab0b92a7a36c949fdd0437766fc7d2433f329e2fde2f3,0.014492577477128125,8.841505176969804,1310410350,,False,False,4,False,0.0,lowest_ordered_candidate_on_exact_tie
sensitivity,20,20,ridge_sgd_l2,L2 one-vs-rest logistic,1,False,"{""alpha"":10.0,""average"":false,""batch_size"":64,""epochs"":50,""eta0"":0.01,""fit_intercept"":true,""frozen"":true,""implementation"":""sklearn.linear_model.SGDClassifier"",""learning_rate"":""optimal"",""loss"":""log_loss"",""penalty"":""l2"",""pilot_source"":""results/sweep_5_config.json""}",dc2707c60c369df46e9b424fa8a1ebc5b23e4a351ced0c10e7e7dc66c6076d51,0.021388535160098834,8.632662256946787,1310410350,,False,False,4,False,0.0,lowest_ordered_candidate_on_exact_tie
sensitivity,20,20,ridge_sgd_l2,L2 one-vs-rest logistic,2,False,"{""alpha"":3.3333333333333335,""average"":false,""batch_size"":64,""epochs"":50,""eta0"":0.01,""fit_intercept"":true,""frozen"":true,""implementation"":""sklearn.linear_model.SGDClassifier"",""learning_rate"":""optimal"",""loss"":""log_loss"",""penalty"":""l2"",""pilot_source"":""results/sweep_5_config.json""}",7aa5dba8ad015c8682db23cb59b805649b89895bc1121de465bef1e495573967,0.01683936585222088,8.62085083592683,1310410350,,False,False,4,False,0.0,lowest_ordered_candidate_on_exact_tie
sensitivity,20,20,ridge_sgd_l2,L2 one-vs-rest logistic,3,False,"{""alpha"":1.0,""average"":false,""batch_size"":64,""epochs"":50,""eta0"":0.01,""fit_intercept"":true,""frozen"":true,""implementation"":""sklearn.linear_model.SGDClassifier"",""learning_rate"":""optimal"",""loss"":""log_loss"",""penalty"":""l2"",""pilot_source"":""results/sweep_5_config.json""}",f1028920c45a062ceb93b6bb97df161e827da764972699d89f7ccc787385a0de,0.015000500066380571,8.621792550082318,1310410350,,False,False,4,False,0.0,lowest_ordered_candidate_on_exact_tie
sensitivity,20,20,ridge_sgd_l2,L2 one-vs-rest logistic,4,False,"{""alpha"":0.1,""average"":false,""batch_size"":64,""epochs"":50,""eta0"":0.01,""fit_intercept"":true,""frozen"":true,""implementation"":""sklearn.linear_model.SGDClassifier"",""learning_rate"":""optimal"",""loss"":""log_loss"",""penalty"":""l2"",""pilot_source"":""results/sweep_5_config.json""}",724a1fea14c056996c0474f9106b8177856f64794ebcc3fc1e458f6a8e12dc05,0.01427871902228607,8.630635697045363,1310410350,,True,False,4,True,0.0,lowest_ordered_candidate_on_exact_tie
sensitivity,20,20,set_transformer,Set Transformer,0,True,"{""batch_size"":64,""d_model"":64,""dense_units"":[64,16],""dropout"":0.3,""expected_parameters"":157416,""ff_dim"":256,""frozen"":true,""implementation"":""neural_models.get_set_transformer"",""input_shape"":[22,10],""key_dim"":32,""learning_rate"":0.001,""max_epochs"":50,""num_heads"":2,""num_layers"":3,""output_units"":80,""patience"":10,""pilot_source"":""results/sweep_5.csv"",""pooling"":""global_average""}",6f4dec421d8ca8a60ca233da0707302c871aa8127caae786bc585c163e11c567,0.01440138212387866,36.70122631895356,1782832571,1681499868.0,False,False,2,False,0.0,lowest_ordered_candidate_on_exact_tie
sensitivity,20,20,set_transformer,Set Transformer,1,False,"{""batch_size"":64,""d_model"":64,""dense_units"":[64,16],""dropout"":0.1,""expected_parameters"":157416,""ff_dim"":256,""frozen"":true,""implementation"":""neural_models.get_set_transformer"",""input_shape"":[22,10],""key_dim"":32,""learning_rate"":0.0003,""max_epochs"":50,""num_heads"":2,""num_layers"":3,""output_units"":80,""patience"":10,""pilot_source"":""results/sweep_5.csv"",""pooling"":""global_average""}",fe204fdf1e84832e477e9c76ffec174e32677e8d5a5f24b670abbf7a3b8c7db1,0.014185640621421667,44.78184374398552,1782832571,1681499868.0,False,False,2,False,0.0,lowest_ordered_candidate_on_exact_tie
sensitivity,20,20,set_transformer,Set Transformer,2,False,"{""batch_size"":64,""d_model"":64,""dense_units"":[64,16],""dropout"":0.3,""expected_parameters"":157416,""ff_dim"":256,""frozen"":true,""implementation"":""neural_models.get_set_transformer"",""input_shape"":[22,10],""key_dim"":32,""learning_rate"":0.0003,""max_epochs"":50,""num_heads"":2,""num_layers"":3,""output_units"":80,""patience"":10,""pilot_source"":""results/sweep_5.csv"",""pooling"":""global_average""}",98491dd6370054dad3bab81748034d9978d93498b7569cee08e9b098dc1ba9e5,0.014130512044714254,42.01744477311149,1782832571,1681499868.0,True,False,2,True,0.0,lowest_ordered_candidate_on_exact_tie
sensitivity,20,20,set_transformer,Set Transformer,3,False,"{""batch_size"":64,""d_model"":64,""dense_units"":[64,16],""dropout"":0.1,""expected_parameters"":157416,""ff_dim"":256,""frozen"":true,""implementation"":""neural_models.get_set_transformer"",""input_shape"":[22,10],""key_dim"":32,""learning_rate"":0.001,""max_epochs"":50,""num_heads"":2,""num_layers"":3,""output_units"":80,""patience"":10,""pilot_source"":""results/sweep_5.csv"",""pooling"":""global_average""}",6003534a6fb6f7c259ea7485f50597481535337902a4fc1efeb39ec80445d6d6,0.014263004449087707,36.02746005402878,1782832571,1681499868.0,False,False,2,False,0.0,lowest_ordered_candidate_on_exact_tie
sensitivity,20,20,zoo_cnn,Zoo CNN,0,True,"{""batch_size"":64,""conv1d_filters"":[160,96,96],""conv2d_filters"":[128,160,128],""dense_units"":[96,256],""dropout"":0.3,""expected_parameters"":145584,""frozen"":true,""implementation"":""neural_models.get_conv_net"",""input_shape"":[11,10,10],""learning_rate"":0.001,""max_epochs"":50,""output_units"":80,""patience"":10,""pilot_source"":""original Zoo architecture and results/sweep_5.csv"",""pooling_weights"":{""average"":0.7,""max"":0.3}}",219344d288a1f6230782c6839c7a9758e13c3625ddae1b87e29779a206a56278,0.018455331625363215,15.379916022066027,36284423,2082386210.0,False,False,2,False,0.0,lowest_ordered_candidate_on_exact_tie
sensitivity,20,20,zoo_cnn,Zoo CNN,1,False,"{""batch_size"":64,""conv1d_filters"":[160,96,96],""conv2d_filters"":[128,160,128],""dense_units"":[96,256],""dropout"":0.1,""expected_parameters"":145584,""frozen"":true,""implementation"":""neural_models.get_conv_net"",""input_shape"":[11,10,10],""learning_rate"":0.0003,""max_epochs"":50,""output_units"":80,""patience"":10,""pilot_source"":""original Zoo architecture and results/sweep_5.csv"",""pooling_weights"":{""average"":0.7,""max"":0.3}}",abbc846d863092760291bfa1d382563580835324df5f7f6ce46a6fbed3da8072,0.017050810459806536,26.373708398081362,36284423,2082386210.0,False,False,2,False,0.0,lowest_ordered_candidate_on_exact_tie
sensitivity,20,20,zoo_cnn,Zoo CNN,2,False,"{""batch_size"":64,""conv1d_filters"":[160,96,96],""conv2d_filters"":[128,160,128],""dense_units"":[96,256],""dropout"":0.3,""expected_parameters"":145584,""frozen"":true,""implementation"":""neural_models.get_conv_net"",""input_shape"":[11,10,10],""learning_rate"":0.0003,""max_epochs"":50,""output_units"":80,""patience"":10,""pilot_source"":""original Zoo architecture and results/sweep_5.csv"",""pooling_weights"":{""average"":0.7,""max"":0.3}}",36cfcc45679e2e31725ccf0dedf1ff567692c99678381161175d0aef95c9aead,0.016517601983840745,19.732263506157324,36284423,2082386210.0,True,False,2,True,0.0,lowest_ordered_candidate_on_exact_tie
sensitivity,20,20,zoo_cnn,Zoo CNN,3,False,"{""batch_size"":64,""conv1d_filters"":[160,96,96],""conv2d_filters"":[128,160,128],""dense_units"":[96,256],""dropout"":0.1,""expected_parameters"":145584,""frozen"":true,""implementation"":""neural_models.get_conv_net"",""input_shape"":[11,10,10],""learning_rate"":0.001,""max_epochs"":50,""output_units"":80,""patience"":10,""pilot_source"":""original Zoo architecture and results/sweep_5.csv"",""pooling_weights"":{""average"":0.7,""max"":0.3}}",0b22203ab4438c16191482ac13e31621a615cbaa6cf409114e6377f1bec3dc7b,0.018471050263689417,13.526886898092926,36284423,2082386210.0,False,False,2,False,0.0,lowest_ordered_candidate_on_exact_tie
sensitivity,20,160,lightgbm_multiclass,LightGBM,0,True,"{""boosting_type"":""gbdt"",""colsample_bytree"":1.0,""frozen"":true,""implementation"":""lightgbm.LGBMClassifier"",""learning_rate"":0.05,""max_depth"":5,""min_child_samples"":50,""min_child_weight"":0.001,""min_split_gain"":0.0,""n_estimators"":200,""n_jobs"":1,""num_class"":80,""num_leaves"":31,""objective"":""multiclass"",""pilot_source"":""results/sweep_5_config.json"",""reg_alpha"":0.5,""reg_lambda"":0.5,""subsample"":1.0,""subsample_freq"":0}",5689446e19bdea1df411111e1e4b5cc50183c270622d0757b33c51d0a5938a1c,0.013835741256367235,14.260047885007225,1424113660,,True,True,0,True,0.0,lowest_ordered_candidate_on_exact_tie
sensitivity,20,160,lightgbm_multiclass,LightGBM,1,False,"{""boosting_type"":""gbdt"",""colsample_bytree"":1.0,""frozen"":true,""implementation"":""lightgbm.LGBMClassifier"",""learning_rate"":0.05,""max_depth"":5,""min_child_samples"":20,""min_child_weight"":0.001,""min_split_gain"":0.0,""n_estimators"":200,""n_jobs"":1,""num_class"":80,""num_leaves"":31,""objective"":""multiclass"",""pilot_source"":""results/sweep_5_config.json"",""reg_alpha"":0.1,""reg_lambda"":0.1,""subsample"":1.0,""subsample_freq"":0}",cb116d2e0b5ef62830f7ca0d63c0d488226c533f44349af3605ff4acd0a2aebc,0.01404288337190331,15.548800254007801,1424113660,,False,True,0,False,0.0,lowest_ordered_candidate_on_exact_tie
sensitivity,20,160,lightgbm_multiclass,LightGBM,2,False,"{""boosting_type"":""gbdt"",""colsample_bytree"":1.0,""frozen"":true,""implementation"":""lightgbm.LGBMClassifier"",""learning_rate"":0.05,""max_depth"":7,""min_child_samples"":20,""min_child_weight"":0.001,""min_split_gain"":0.0,""n_estimators"":200,""n_jobs"":1,""num_class"":80,""num_leaves"":31,""objective"":""multiclass"",""pilot_source"":""results/sweep_5_config.json"",""reg_alpha"":0.1,""reg_lambda"":0.1,""subsample"":1.0,""subsample_freq"":0}",cae2276bc5c6ec1a3d72ce53c46697dc247ba4430ea98e1f609b624c98c8365e,0.014332329882495252,20.436005103983916,1424113660,,False,True,0,False,0.0,lowest_ordered_candidate_on_exact_tie
sensitivity,20,160,lightgbm_multiclass,LightGBM,3,False,"{""boosting_type"":""gbdt"",""colsample_bytree"":1.0,""frozen"":true,""implementation"":""lightgbm.LGBMClassifier"",""learning_rate"":0.1,""max_depth"":5,""min_child_samples"":20,""min_child_weight"":0.001,""min_split_gain"":0.0,""n_estimators"":200,""n_jobs"":1,""num_class"":80,""num_leaves"":31,""objective"":""multiclass"",""pilot_source"":""results/sweep_5_config.json"",""reg_alpha"":0.1,""reg_lambda"":0.1,""subsample"":1.0,""subsample_freq"":0}",c698b699f6c7cf18743346c4dd2691d8b650e657ec9a021d53142751ecc58407,0.014483351545396109,13.75834171497263,1424113660,,False,True,0,False,0.0,lowest_ordered_candidate_on_exact_tie
sensitivity,20,160,ridge_sgd_l2,L2 one-vs-rest logistic,0,True,"{""alpha"":0.3333333333333333,""average"":false,""batch_size"":64,""epochs"":50,""eta0"":0.01,""fit_intercept"":true,""frozen"":true,""implementation"":""sklearn.linear_model.SGDClassifier"",""learning_rate"":""optimal"",""loss"":""log_loss"",""penalty"":""l2"",""pilot_source"":""results/sweep_5_config.json""}",851f14fb6b5ecda88baab0b92a7a36c949fdd0437766fc7d2433f329e2fde2f3,0.014445071563311965,69.40572104195599,109508687,,False,False,4,False,0.0,lowest_ordered_candidate_on_exact_tie
sensitivity,20,160,ridge_sgd_l2,L2 one-vs-rest logistic,1,False,"{""alpha"":10.0,""average"":false,""batch_size"":64,""epochs"":50,""eta0"":0.01,""fit_intercept"":true,""frozen"":true,""implementation"":""sklearn.linear_model.SGDClassifier"",""learning_rate"":""optimal"",""loss"":""log_loss"",""penalty"":""l2"",""pilot_source"":""results/sweep_5_config.json""}",dc2707c60c369df46e9b424fa8a1ebc5b23e4a351ced0c10e7e7dc66c6076d51,0.02137963194192684,69.49309372599237,109508687,,False,False,4,False,0.0,lowest_ordered_candidate_on_exact_tie
sensitivity,20,160,ridge_sgd_l2,L2 one-vs-rest logistic,2,False,"{""alpha"":3.3333333333333335,""average"":false,""batch_size"":64,""epochs"":50,""eta0"":0.01,""fit_intercept"":true,""frozen"":true,""implementation"":""sklearn.linear_model.SGDClassifier"",""learning_rate"":""optimal"",""loss"":""log_loss"",""penalty"":""l2"",""pilot_source"":""results/sweep_5_config.json""}",7aa5dba8ad015c8682db23cb59b805649b89895bc1121de465bef1e495573967,0.016814766924894784,69.41782904800493,109508687,,False,False,4,False,0.0,lowest_ordered_candidate_on_exact_tie
sensitivity,20,160,ridge_sgd_l2,L2 one-vs-rest logistic,3,False,"{""alpha"":1.0,""average"":false,""batch_size"":64,""epochs"":50,""eta0"":0.01,""fit_intercept"":true,""frozen"":true,""implementation"":""sklearn.linear_model.SGDClassifier"",""learning_rate"":""optimal"",""loss"":""log_loss"",""penalty"":""l2"",""pilot_source"":""results/sweep_5_config.json""}",f1028920c45a062ceb93b6bb97df161e827da764972699d89f7ccc787385a0de,0.014969856596099018,69.52006454800721,109508687,,False,False,4,False,0.0,lowest_ordered_candidate_on_exact_tie
sensitivity,20,160,ridge_sgd_l2,L2 one-vs-rest logistic,4,False,"{""alpha"":0.1,""average"":false,""batch_size"":64,""epochs"":50,""eta0"":0.01,""fit_intercept"":true,""frozen"":true,""implementation"":""sklearn.linear_model.SGDClassifier"",""learning_rate"":""optimal"",""loss"":""log_loss"",""penalty"":""l2"",""pilot_source"":""results/sweep_5_config.json""}",724a1fea14c056996c0474f9106b8177856f64794ebcc3fc1e458f6a8e12dc05,0.014156708489389656,69.4889333009487,109508687,,True,False,4,True,0.0,lowest_ordered_candidate_on_exact_tie
sensitivity,20,160,set_transformer,Set Transformer,0,True,"{""batch_size"":64,""d_model"":64,""dense_units"":[64,16],""dropout"":0.3,""expected_parameters"":157416,""ff_dim"":256,""frozen"":true,""implementation"":""neural_models.get_set_transformer"",""input_shape"":[22,10],""key_dim"":32,""learning_rate"":0.001,""max_epochs"":50,""num_heads"":2,""num_layers"":3,""output_units"":80,""patience"":10,""pilot_source"":""results/sweep_5.csv"",""pooling"":""global_average""}",6f4dec421d8ca8a60ca233da0707302c871aa8127caae786bc585c163e11c567,0.013082548763988198,173.24370585591532,693985228,937449970.0,False,False,2,False,0.0,lowest_ordered_candidate_on_exact_tie
sensitivity,20,160,set_transformer,Set Transformer,1,False,"{""batch_size"":64,""d_model"":64,""dense_units"":[64,16],""dropout"":0.1,""expected_parameters"":157416,""ff_dim"":256,""frozen"":true,""implementation"":""neural_models.get_set_transformer"",""input_shape"":[22,10],""key_dim"":32,""learning_rate"":0.0003,""max_epochs"":50,""num_heads"":2,""num_layers"":3,""output_units"":80,""patience"":10,""pilot_source"":""results/sweep_5.csv"",""pooling"":""global_average""}",fe204fdf1e84832e477e9c76ffec174e32677e8d5a5f24b670abbf7a3b8c7db1,0.01314896624422612,148.0445317439735,693985228,937449970.0,False,False,2,False,0.0,lowest_ordered_candidate_on_exact_tie
sensitivity,20,160,set_transformer,Set Transformer,2,False,"{""batch_size"":64,""d_model"":64,""dense_units"":[64,16],""dropout"":0.3,""expected_parameters"":157416,""ff_dim"":256,""frozen"":true,""implementation"":""neural_models.get_set_transformer"",""input_shape"":[22,10],""key_dim"":32,""learning_rate"":0.0003,""max_epochs"":50,""num_heads"":2,""num_layers"":3,""output_units"":80,""patience"":10,""pilot_source"":""results/sweep_5.csv"",""pooling"":""global_average""}",98491dd6370054dad3bab81748034d9978d93498b7569cee08e9b098dc1ba9e5,0.013005838618400649,184.53309036488645,693985228,937449970.0,True,False,2,True,0.0,lowest_ordered_candidate_on_exact_tie
sensitivity,20,160,set_transformer,Set Transformer,3,False,"{""batch_size"":64,""d_model"":64,""dense_units"":[64,16],""dropout"":0.1,""expected_parameters"":157416,""ff_dim"":256,""frozen"":true,""implementation"":""neural_models.get_set_transformer"",""input_shape"":[22,10],""key_dim"":32,""learning_rate"":0.001,""max_epochs"":50,""num_heads"":2,""num_layers"":3,""output_units"":80,""patience"":10,""pilot_source"":""results/sweep_5.csv"",""pooling"":""global_average""}",6003534a6fb6f7c259ea7485f50597481535337902a4fc1efeb39ec80445d6d6,0.01329699307867097,158.42169951810502,693985228,937449970.0,False,False,2,False,0.0,lowest_ordered_candidate_on_exact_tie
sensitivity,20,160,zoo_cnn,Zoo CNN,0,True,"{""batch_size"":64,""conv1d_filters"":[160,96,96],""conv2d_filters"":[128,160,128],""dense_units"":[96,256],""dropout"":0.3,""expected_parameters"":145584,""frozen"":true,""implementation"":""neural_models.get_conv_net"",""input_shape"":[11,10,10],""learning_rate"":0.001,""max_epochs"":50,""output_units"":80,""patience"":10,""pilot_source"":""original Zoo architecture and results/sweep_5.csv"",""pooling_weights"":{""average"":0.7,""max"":0.3}}",219344d288a1f6230782c6839c7a9758e13c3625ddae1b87e29779a206a56278,0.01368021836319368,42.70528472913429,884602893,299919810.0,True,True,0,True,0.0,lowest_ordered_candidate_on_exact_tie
sensitivity,20,160,zoo_cnn,Zoo CNN,1,False,"{""batch_size"":64,""conv1d_filters"":[160,96,96],""conv2d_filters"":[128,160,128],""dense_units"":[96,256],""dropout"":0.1,""expected_parameters"":145584,""frozen"":true,""implementation"":""neural_models.get_conv_net"",""input_shape"":[11,10,10],""learning_rate"":0.0003,""max_epochs"":50,""output_units"":80,""patience"":10,""pilot_source"":""original Zoo architecture and results/sweep_5.csv"",""pooling_weights"":{""average"":0.7,""max"":0.3}}",abbc846d863092760291bfa1d382563580835324df5f7f6ce46a6fbed3da8072,0.014146750012869885,33.20852239080705,884602893,299919810.0,False,True,0,False,0.0,lowest_ordered_candidate_on_exact_tie
sensitivity,20,160,zoo_cnn,Zoo CNN,2,False,"{""batch_size"":64,""conv1d_filters"":[160,96,96],""conv2d_filters"":[128,160,128],""dense_units"":[96,256],""dropout"":0.3,""expected_parameters"":145584,""frozen"":true,""implementation"":""neural_models.get_conv_net"",""input_shape"":[11,10,10],""learning_rate"":0.0003,""max_epochs"":50,""output_units"":80,""patience"":10,""pilot_source"":""original Zoo architecture and results/sweep_5.csv"",""pooling_weights"":{""average"":0.7,""max"":0.3}}",36cfcc45679e2e31725ccf0dedf1ff567692c99678381161175d0aef95c9aead,0.014173118727528624,38.06251797406003,884602893,299919810.0,False,True,0,False,0.0,lowest_ordered_candidate_on_exact_tie
sensitivity,20,160,zoo_cnn,Zoo CNN,3,False,"{""batch_size"":64,""conv1d_filters"":[160,96,96],""conv2d_filters"":[128,160,128],""dense_units"":[96,256],""dropout"":0.1,""expected_parameters"":145584,""frozen"":true,""implementation"":""neural_models.get_conv_net"",""input_shape"":[11,10,10],""learning_rate"":0.001,""max_epochs"":50,""output_units"":80,""patience"":10,""pilot_source"":""original Zoo architecture and results/sweep_5.csv"",""pooling_weights"":{""average"":0.7,""max"":0.3}}",0b22203ab4438c16191482ac13e31621a615cbaa6cf409114e6377f1bec3dc7b,0.013750365293729803,38.095396193210036,884602893,299919810.0,False,True,0,False,0.0,lowest_ordered_candidate_on_exact_tie
sensitivity,20,360,lightgbm_multiclass,LightGBM,0,True,"{""boosting_type"":""gbdt"",""colsample_bytree"":1.0,""frozen"":true,""implementation"":""lightgbm.LGBMClassifier"",""learning_rate"":0.05,""max_depth"":5,""min_child_samples"":50,""min_child_weight"":0.001,""min_split_gain"":0.0,""n_estimators"":200,""n_jobs"":1,""num_class"":80,""num_leaves"":31,""objective"":""multiclass"",""pilot_source"":""results/sweep_5_config.json"",""reg_alpha"":0.5,""reg_lambda"":0.5,""subsample"":1.0,""subsample_freq"":0}",5689446e19bdea1df411111e1e4b5cc50183c270622d0757b33c51d0a5938a1c,0.013545698694172657,24.968232476967387,1751430086,,True,True,0,True,0.0,lowest_ordered_candidate_on_exact_tie
sensitivity,20,360,lightgbm_multiclass,LightGBM,1,False,"{""boosting_type"":""gbdt"",""colsample_bytree"":1.0,""frozen"":true,""implementation"":""lightgbm.LGBMClassifier"",""learning_rate"":0.05,""max_depth"":5,""min_child_samples"":20,""min_child_weight"":0.001,""min_split_gain"":0.0,""n_estimators"":200,""n_jobs"":1,""num_class"":80,""num_leaves"":31,""objective"":""multiclass"",""pilot_source"":""results/sweep_5_config.json"",""reg_alpha"":0.1,""reg_lambda"":0.1,""subsample"":1.0,""subsample_freq"":0}",cb116d2e0b5ef62830f7ca0d63c0d488226c533f44349af3605ff4acd0a2aebc,0.013687334323292846,26.452626397949643,1751430086,,False,True,0,False,0.0,lowest_ordered_candidate_on_exact_tie
sensitivity,20,360,lightgbm_multiclass,LightGBM,2,False,"{""boosting_type"":""gbdt"",""colsample_bytree"":1.0,""frozen"":true,""implementation"":""lightgbm.LGBMClassifier"",""learning_rate"":0.05,""max_depth"":7,""min_child_samples"":20,""min_child_weight"":0.001,""min_split_gain"":0.0,""n_estimators"":200,""n_jobs"":1,""num_class"":80,""num_leaves"":31,""objective"":""multiclass"",""pilot_source"":""results/sweep_5_config.json"",""reg_alpha"":0.1,""reg_lambda"":0.1,""subsample"":1.0,""subsample_freq"":0}",cae2276bc5c6ec1a3d72ce53c46697dc247ba4430ea98e1f609b624c98c8365e,0.013887857839697374,33.61892904294655,1751430086,,False,True,0,False,0.0,lowest_ordered_candidate_on_exact_tie
sensitivity,20,360,lightgbm_multiclass,LightGBM,3,False,"{""boosting_type"":""gbdt"",""colsample_bytree"":1.0,""frozen"":true,""implementation"":""lightgbm.LGBMClassifier"",""learning_rate"":0.1,""max_depth"":5,""min_child_samples"":20,""min_child_weight"":0.001,""min_split_gain"":0.0,""n_estimators"":200,""n_jobs"":1,""num_class"":80,""num_leaves"":31,""objective"":""multiclass"",""pilot_source"":""results/sweep_5_config.json"",""reg_alpha"":0.1,""reg_lambda"":0.1,""subsample"":1.0,""subsample_freq"":0}",c698b699f6c7cf18743346c4dd2691d8b650e657ec9a021d53142751ecc58407,0.014079019651875722,23.700182497035712,1751430086,,False,True,0,False,0.0,lowest_ordered_candidate_on_exact_tie
sensitivity,20,360,ridge_sgd_l2,L2 one-vs-rest logistic,0,True,"{""alpha"":0.3333333333333333,""average"":false,""batch_size"":64,""epochs"":50,""eta0"":0.01,""fit_intercept"":true,""frozen"":true,""implementation"":""sklearn.linear_model.SGDClassifier"",""learning_rate"":""optimal"",""loss"":""log_loss"",""penalty"":""l2"",""pilot_source"":""results/sweep_5_config.json""}",851f14fb6b5ecda88baab0b92a7a36c949fdd0437766fc7d2433f329e2fde2f3,0.014421863228458183,155.0649485590402,267769771,,False,False,4,False,0.0,lowest_ordered_candidate_on_exact_tie
sensitivity,20,360,ridge_sgd_l2,L2 one-vs-rest logistic,1,False,"{""alpha"":10.0,""average"":false,""batch_size"":64,""epochs"":50,""eta0"":0.01,""fit_intercept"":true,""frozen"":true,""implementation"":""sklearn.linear_model.SGDClassifier"",""learning_rate"":""optimal"",""loss"":""log_loss"",""penalty"":""l2"",""pilot_source"":""results/sweep_5_config.json""}",dc2707c60c369df46e9b424fa8a1ebc5b23e4a351ced0c10e7e7dc66c6076d51,0.0213228428780044,155.1333203620743,267769771,,False,False,4,False,0.0,lowest_ordered_candidate_on_exact_tie
sensitivity,20,360,ridge_sgd_l2,L2 one-vs-rest logistic,2,False,"{""alpha"":3.3333333333333335,""average"":false,""batch_size"":64,""epochs"":50,""eta0"":0.01,""fit_intercept"":true,""frozen"":true,""implementation"":""sklearn.linear_model.SGDClassifier"",""learning_rate"":""optimal"",""loss"":""log_loss"",""penalty"":""l2"",""pilot_source"":""results/sweep_5_config.json""}",7aa5dba8ad015c8682db23cb59b805649b89895bc1121de465bef1e495573967,0.016771750527938525,155.33518507203553,267769771,,False,False,4,False,0.0,lowest_ordered_candidate_on_exact_tie
sensitivity,20,360,ridge_sgd_l2,L2 one-vs-rest logistic,3,False,"{""alpha"":1.0,""average"":false,""batch_size"":64,""epochs"":50,""eta0"":0.01,""fit_intercept"":true,""frozen"":true,""implementation"":""sklearn.linear_model.SGDClassifier"",""learning_rate"":""optimal"",""loss"":""log_loss"",""penalty"":""l2"",""pilot_source"":""results/sweep_5_config.json""}",f1028920c45a062ceb93b6bb97df161e827da764972699d89f7ccc787385a0de,0.01494861239141086,155.3122630690923,267769771,,False,False,4,False,0.0,lowest_ordered_candidate_on_exact_tie
sensitivity,20,360,ridge_sgd_l2,L2 one-vs-rest logistic,4,False,"{""alpha"":0.1,""average"":false,""batch_size"":64,""epochs"":50,""eta0"":0.01,""fit_intercept"":true,""frozen"":true,""implementation"":""sklearn.linear_model.SGDClassifier"",""learning_rate"":""optimal"",""loss"":""log_loss"",""penalty"":""l2"",""pilot_source"":""results/sweep_5_config.json""}",724a1fea14c056996c0474f9106b8177856f64794ebcc3fc1e458f6a8e12dc05,0.014116656626183825,154.9739624960348,267769771,,True,False,4,True,0.0,lowest_ordered_candidate_on_exact_tie
sensitivity,20,360,set_transformer,Set Transformer,0,True,"{""batch_size"":64,""d_model"":64,""dense_units"":[64,16],""dropout"":0.3,""expected_parameters"":157416,""ff_dim"":256,""frozen"":true,""implementation"":""neural_models.get_set_transformer"",""input_shape"":[22,10],""key_dim"":32,""learning_rate"":0.001,""max_epochs"":50,""num_heads"":2,""num_layers"":3,""output_units"":80,""patience"":10,""pilot_source"":""results/sweep_5.csv"",""pooling"":""global_average""}",6f4dec421d8ca8a60ca233da0707302c871aa8127caae786bc585c163e11c567,0.012547713557229778,327.84213665802963,1438100930,773949684.0,False,False,2,False,0.0,lowest_ordered_candidate_on_exact_tie
sensitivity,20,360,set_transformer,Set Transformer,1,False,"{""batch_size"":64,""d_model"":64,""dense_units"":[64,16],""dropout"":0.1,""expected_parameters"":157416,""ff_dim"":256,""frozen"":true,""implementation"":""neural_models.get_set_transformer"",""input_shape"":[22,10],""key_dim"":32,""learning_rate"":0.0003,""max_epochs"":50,""num_heads"":2,""num_layers"":3,""output_units"":80,""patience"":10,""pilot_source"":""results/sweep_5.csv"",""pooling"":""global_average""}",fe204fdf1e84832e477e9c76ffec174e32677e8d5a5f24b670abbf7a3b8c7db1,0.012550950210379563,230.59824536298402,1438100930,773949684.0,False,False,2,False,0.0,lowest_ordered_candidate_on_exact_tie
sensitivity,20,360,set_transformer,Set Transformer,2,False,"{""batch_size"":64,""d_model"":64,""dense_units"":[64,16],""dropout"":0.3,""expected_parameters"":157416,""ff_dim"":256,""frozen"":true,""implementation"":""neural_models.get_set_transformer"",""input_shape"":[22,10],""key_dim"":32,""learning_rate"":0.0003,""max_epochs"":50,""num_heads"":2,""num_layers"":3,""output_units"":80,""patience"":10,""pilot_source"":""results/sweep_5.csv"",""pooling"":""global_average""}",98491dd6370054dad3bab81748034d9978d93498b7569cee08e9b098dc1ba9e5,0.012488742088185642,378.0846489991527,1438100930,773949684.0,True,False,2,True,0.0,lowest_ordered_candidate_on_exact_tie
sensitivity,20,360,set_transformer,Set Transformer,3,False,"{""batch_size"":64,""d_model"":64,""dense_units"":[64,16],""dropout"":0.1,""expected_parameters"":157416,""ff_dim"":256,""frozen"":true,""implementation"":""neural_models.get_set_transformer"",""input_shape"":[22,10],""key_dim"":32,""learning_rate"":0.001,""max_epochs"":50,""num_heads"":2,""num_layers"":3,""output_units"":80,""patience"":10,""pilot_source"":""results/sweep_5.csv"",""pooling"":""global_average""}",6003534a6fb6f7c259ea7485f50597481535337902a4fc1efeb39ec80445d6d6,0.012751150374807424,191.28578944900073,1438100930,773949684.0,False,False,2,False,0.0,lowest_ordered_candidate_on_exact_tie
sensitivity,20,360,zoo_cnn,Zoo CNN,0,True,"{""batch_size"":64,""conv1d_filters"":[160,96,96],""conv2d_filters"":[128,160,128],""dense_units"":[96,256],""dropout"":0.3,""expected_parameters"":145584,""frozen"":true,""implementation"":""neural_models.get_conv_net"",""input_shape"":[11,10,10],""learning_rate"":0.001,""max_epochs"":50,""output_units"":80,""patience"":10,""pilot_source"":""original Zoo architecture and results/sweep_5.csv"",""pooling_weights"":{""average"":0.7,""max"":0.3}}",219344d288a1f6230782c6839c7a9758e13c3625ddae1b87e29779a206a56278,0.013185341851163082,116.13179550995119,693643312,189995839.0,False,False,2,False,0.0,lowest_ordered_candidate_on_exact_tie
sensitivity,20,360,zoo_cnn,Zoo CNN,1,False,"{""batch_size"":64,""conv1d_filters"":[160,96,96],""conv2d_filters"":[128,160,128],""dense_units"":[96,256],""dropout"":0.1,""expected_parameters"":145584,""frozen"":true,""implementation"":""neural_models.get_conv_net"",""input_shape"":[11,10,10],""learning_rate"":0.0003,""max_epochs"":50,""output_units"":80,""patience"":10,""pilot_source"":""original Zoo architecture and results/sweep_5.csv"",""pooling_weights"":{""average"":0.7,""max"":0.3}}",abbc846d863092760291bfa1d382563580835324df5f7f6ce46a6fbed3da8072,0.01332456443184056,103.2025044169277,693643312,189995839.0,False,False,2,False,0.0,lowest_ordered_candidate_on_exact_tie
sensitivity,20,360,zoo_cnn,Zoo CNN,2,False,"{""batch_size"":64,""conv1d_filters"":[160,96,96],""conv2d_filters"":[128,160,128],""dense_units"":[96,256],""dropout"":0.3,""expected_parameters"":145584,""frozen"":true,""implementation"":""neural_models.get_conv_net"",""input_shape"":[11,10,10],""learning_rate"":0.0003,""max_epochs"":50,""output_units"":80,""patience"":10,""pilot_source"":""original Zoo architecture and results/sweep_5.csv"",""pooling_weights"":{""average"":0.7,""max"":0.3}}",36cfcc45679e2e31725ccf0dedf1ff567692c99678381161175d0aef95c9aead,0.01290828808212727,106.78683940693736,693643312,189995839.0,True,False,2,True,0.0,lowest_ordered_candidate_on_exact_tie
sensitivity,20,360,zoo_cnn,Zoo CNN,3,False,"{""batch_size"":64,""conv1d_filters"":[160,96,96],""conv2d_filters"":[128,160,128],""dense_units"":[96,256],""dropout"":0.1,""expected_parameters"":145584,""frozen"":true,""implementation"":""neural_models.get_conv_net"",""input_shape"":[11,10,10],""learning_rate"":0.001,""max_epochs"":50,""output_units"":80,""patience"":10,""pilot_source"":""original Zoo architecture and results/sweep_5.csv"",""pooling_weights"":{""average"":0.7,""max"":0.3}}",0b22203ab4438c16191482ac13e31621a615cbaa6cf409114e6377f1bec3dc7b,0.012923515031444115,92.06287245219573,693643312,189995839.0,False,False,2,False,0.0,lowest_ordered_candidate_on_exact_tie
