repeat,model,n_train,metric,contrast,value
1,lightgbm_multiclass,20,crps,tuned - fixed,0.0
1,lightgbm_multiclass,20,coverage,tuned - fixed,0.0
1,lightgbm_multiclass,20,mean_width,tuned - fixed,0.0
1,lightgbm_multiclass,20,mean_width_inclusive,tuned - fixed,0.0
1,lightgbm_multiclass,20,mean_q,tuned - fixed,0.0
1,lightgbm_multiclass,20,crps_game_equal,tuned - fixed,0.0
1,lightgbm_multiclass,20,coverage_game_equal,tuned - fixed,0.0
1,lightgbm_multiclass,20,mean_width_game_equal,tuned - fixed,0.0
1,lightgbm_multiclass,20,mean_width_inclusive_game_equal,tuned - fixed,0.0
1,ridge_sgd_l2,20,crps,tuned - fixed,-3.19824468966029e-06
1,ridge_sgd_l2,20,coverage,tuned - fixed,-0.011452202958485702
1,ridge_sgd_l2,20,mean_width,tuned - fixed,-2.685382535390488
1,ridge_sgd_l2,20,mean_width_inclusive,tuned - fixed,-2.685382535390488
1,ridge_sgd_l2,20,mean_q,tuned - fixed,0.31891204071894386
1,ridge_sgd_l2,20,crps_game_equal,tuned - fixed,1.1667094320788954e-05
1,ridge_sgd_l2,20,coverage_game_equal,tuned - fixed,-0.010972997643636129
1,ridge_sgd_l2,20,mean_width_game_equal,tuned - fixed,-2.6521701667448383
1,ridge_sgd_l2,20,mean_width_inclusive_game_equal,tuned - fixed,-2.6521701667448383
1,set_transformer,20,crps,tuned - fixed,-2.8633737923269495e-05
1,set_transformer,20,coverage,tuned - fixed,-0.0033402258628917325
1,set_transformer,20,mean_width,tuned - fixed,0.07316685223477037
1,set_transformer,20,mean_width_inclusive,tuned - fixed,0.07316685223477215
1,set_transformer,20,mean_q,tuned - fixed,-0.20216319389215842
1,set_transformer,20,crps_game_equal,tuned - fixed,-3.178203316932075e-05
1,set_transformer,20,coverage_game_equal,tuned - fixed,-0.0028706155126877464
1,set_transformer,20,mean_width_game_equal,tuned - fixed,0.08078136739936959
1,set_transformer,20,mean_width_inclusive_game_equal,tuned - fixed,0.08078136739937136
1,zoo_cnn,20,crps,tuned - fixed,-2.8874201420819173e-05
1,zoo_cnn,20,coverage,tuned - fixed,0.008907268967711102
1,zoo_cnn,20,mean_width,tuned - fixed,1.8465086686814054
1,zoo_cnn,20,mean_width_inclusive,tuned - fixed,1.8465086686814054
1,zoo_cnn,20,mean_q,tuned - fixed,-0.032288850007952785
1,zoo_cnn,20,crps_game_equal,tuned - fixed,-3.7571685728605975e-05
1,zoo_cnn,20,coverage_game_equal,tuned - fixed,0.009016901497521657
1,zoo_cnn,20,mean_width_game_equal,tuned - fixed,1.8634099633815566
1,zoo_cnn,20,mean_width_inclusive_game_equal,tuned - fixed,1.8634099633815566
1,lightgbm_multiclass,160,crps,tuned - fixed,0.0
1,lightgbm_multiclass,160,coverage,tuned - fixed,0.0
1,lightgbm_multiclass,160,mean_width,tuned - fixed,0.0
1,lightgbm_multiclass,160,mean_width_inclusive,tuned - fixed,0.0
1,lightgbm_multiclass,160,mean_q,tuned - fixed,0.0
1,lightgbm_multiclass,160,crps_game_equal,tuned - fixed,0.0
1,lightgbm_multiclass,160,coverage_game_equal,tuned - fixed,0.0
1,lightgbm_multiclass,160,mean_width_game_equal,tuned - fixed,0.0
1,lightgbm_multiclass,160,mean_width_inclusive_game_equal,tuned - fixed,0.0
1,ridge_sgd_l2,160,crps,tuned - fixed,-0.0003155074595634997
1,ridge_sgd_l2,160,coverage,tuned - fixed,-0.009543502465404807
1,ridge_sgd_l2,160,mean_width,tuned - fixed,-2.8377604580881197
1,ridge_sgd_l2,160,mean_width_inclusive,tuned - fixed,-2.8377604580881197
1,ridge_sgd_l2,160,mean_q,tuned - fixed,-0.09018609829807539
1,ridge_sgd_l2,160,crps_game_equal,tuned - fixed,-0.0003100600588430598
1,ridge_sgd_l2,160,coverage_game_equal,tuned - fixed,-0.009517539890578242
1,ridge_sgd_l2,160,mean_width_game_equal,tuned - fixed,-2.813541219834459
1,ridge_sgd_l2,160,mean_width_inclusive_game_equal,tuned - fixed,-2.813541219834459
1,set_transformer,160,crps,tuned - fixed,-0.00021042729382161028
1,set_transformer,160,coverage,tuned - fixed,0.0012724669953873002
1,set_transformer,160,mean_width,tuned - fixed,-0.22363607443931954
1,set_transformer,160,mean_width_inclusive,tuned - fixed,-0.22363607443931954
1,set_transformer,160,mean_q,tuned - fixed,-0.23190710990933672
1,set_transformer,160,crps_game_equal,tuned - fixed,-0.0002059135618033281
1,set_transformer,160,coverage_game_equal,tuned - fixed,0.0006376597047446086
1,set_transformer,160,mean_width_game_equal,tuned - fixed,-0.22424010142047024
1,set_transformer,160,mean_width_inclusive_game_equal,tuned - fixed,-0.22424010142046846
1,zoo_cnn,160,crps,tuned - fixed,-4.271203390970868e-10
1,zoo_cnn,160,coverage,tuned - fixed,0.0
1,zoo_cnn,160,mean_width,tuned - fixed,0.0
1,zoo_cnn,160,mean_width_inclusive,tuned - fixed,0.0
1,zoo_cnn,160,mean_q,tuned - fixed,0.0
1,zoo_cnn,160,crps_game_equal,tuned - fixed,-6.50973604882088e-10
1,zoo_cnn,160,coverage_game_equal,tuned - fixed,0.0
1,zoo_cnn,160,mean_width_game_equal,tuned - fixed,0.0
1,zoo_cnn,160,mean_width_inclusive_game_equal,tuned - fixed,0.0
1,lightgbm_multiclass,360,crps,tuned - fixed,0.0
1,lightgbm_multiclass,360,coverage,tuned - fixed,0.0
1,lightgbm_multiclass,360,mean_width,tuned - fixed,0.0
1,lightgbm_multiclass,360,mean_width_inclusive,tuned - fixed,0.0
1,lightgbm_multiclass,360,mean_q,tuned - fixed,0.0
1,lightgbm_multiclass,360,crps_game_equal,tuned - fixed,0.0
1,lightgbm_multiclass,360,coverage_game_equal,tuned - fixed,0.0
1,lightgbm_multiclass,360,mean_width_game_equal,tuned - fixed,0.0
1,lightgbm_multiclass,360,mean_width_inclusive_game_equal,tuned - fixed,0.0
1,ridge_sgd_l2,360,crps,tuned - fixed,-0.0003093951163934197
1,ridge_sgd_l2,360,coverage,tuned - fixed,-0.010020677588675087
1,ridge_sgd_l2,360,mean_width,tuned - fixed,-2.884682678543026
1,ridge_sgd_l2,360,mean_width_inclusive,tuned - fixed,-2.884682678543026
1,ridge_sgd_l2,360,mean_q,tuned - fixed,-0.05582948942261806
1,ridge_sgd_l2,360,crps_game_equal,tuned - fixed,-0.00030530411133098886
1,ridge_sgd_l2,360,coverage_game_equal,tuned - fixed,-0.010037232264100138
1,ridge_sgd_l2,360,mean_width_game_equal,tuned - fixed,-2.8597601629463583
1,ridge_sgd_l2,360,mean_width_inclusive_game_equal,tuned - fixed,-2.8597601629463583
1,set_transformer,360,crps,tuned - fixed,-0.00011735723218260496
1,set_transformer,360,coverage,tuned - fixed,0.010975027835215534
1,set_transformer,360,mean_width,tuned - fixed,0.968665500238588
1,set_transformer,360,mean_width_inclusive,tuned - fixed,0.9686655002385862
1,set_transformer,360,mean_q,tuned - fixed,-0.13376809289009067
1,set_transformer,360,crps_game_equal,tuned - fixed,-0.00011733799317823618
1,set_transformer,360,coverage_game_equal,tuned - fixed,0.010335804119573244
1,set_transformer,360,mean_width_game_equal,tuned - fixed,0.9572499943108834
1,set_transformer,360,mean_width_inclusive_game_equal,tuned - fixed,0.9572499943108834
1,zoo_cnn,360,crps,tuned - fixed,8.500508821146502e-10
1,zoo_cnn,360,coverage,tuned - fixed,0.0
1,zoo_cnn,360,mean_width,tuned - fixed,0.0
1,zoo_cnn,360,mean_width_inclusive,tuned - fixed,0.0
1,zoo_cnn,360,mean_q,tuned - fixed,0.0
1,zoo_cnn,360,crps_game_equal,tuned - fixed,7.8870205678927e-10
1,zoo_cnn,360,coverage_game_equal,tuned - fixed,0.0
1,zoo_cnn,360,mean_width_game_equal,tuned - fixed,0.0
1,zoo_cnn,360,mean_width_inclusive_game_equal,tuned - fixed,0.0
2,lightgbm_multiclass,20,crps,tuned - fixed,0.0
2,lightgbm_multiclass,20,coverage,tuned - fixed,0.0
2,lightgbm_multiclass,20,mean_width,tuned - fixed,0.0
2,lightgbm_multiclass,20,mean_width_inclusive,tuned - fixed,0.0
2,lightgbm_multiclass,20,mean_q,tuned - fixed,0.0
2,lightgbm_multiclass,20,crps_game_equal,tuned - fixed,0.0
2,lightgbm_multiclass,20,coverage_game_equal,tuned - fixed,0.0
2,lightgbm_multiclass,20,mean_width_game_equal,tuned - fixed,0.0
2,lightgbm_multiclass,20,mean_width_inclusive_game_equal,tuned - fixed,0.0
2,ridge_sgd_l2,20,crps,tuned - fixed,-6.335529980943874e-05
2,ridge_sgd_l2,20,coverage,tuned - fixed,-0.01822580645161287
2,ridge_sgd_l2,20,mean_width,tuned - fixed,-3.9395161290322562
2,ridge_sgd_l2,20,mean_width_inclusive,tuned - fixed,-3.9395161290322562
2,ridge_sgd_l2,20,mean_q,tuned - fixed,0.15419354838709676
2,ridge_sgd_l2,20,crps_game_equal,tuned - fixed,-6.628081306585439e-05
2,ridge_sgd_l2,20,coverage_game_equal,tuned - fixed,-0.017599295049984143
2,ridge_sgd_l2,20,mean_width_game_equal,tuned - fixed,-3.8947082296190096
2,ridge_sgd_l2,20,mean_width_inclusive_game_equal,tuned - fixed,-3.8947082296190096
2,set_transformer,20,crps,tuned - fixed,4.053390661833134e-08
2,set_transformer,20,coverage,tuned - fixed,0.0
2,set_transformer,20,mean_width,tuned - fixed,-0.0006451612903219939
2,set_transformer,20,mean_width_inclusive,tuned - fixed,-0.0006451612903219939
2,set_transformer,20,mean_q,tuned - fixed,-0.0001612903225806095
2,set_transformer,20,crps_game_equal,tuned - fixed,4.195245245121326e-08
2,set_transformer,20,coverage_game_equal,tuned - fixed,0.0
2,set_transformer,20,mean_width_game_equal,tuned - fixed,-0.0005079699820171868
2,set_transformer,20,mean_width_inclusive_game_equal,tuned - fixed,-0.0005079699820171868
2,zoo_cnn,20,crps,tuned - fixed,-1.417315244334194e-09
2,zoo_cnn,20,coverage,tuned - fixed,0.0
2,zoo_cnn,20,mean_width,tuned - fixed,0.00032258064516099694
2,zoo_cnn,20,mean_width_inclusive,tuned - fixed,0.00032258064516099694
2,zoo_cnn,20,mean_q,tuned - fixed,0.0
2,zoo_cnn,20,crps_game_equal,tuned - fixed,-1.1025571046430205e-09
2,zoo_cnn,20,coverage_game_equal,tuned - fixed,0.0
2,zoo_cnn,20,mean_width_game_equal,tuned - fixed,0.0003245722858551403
2,zoo_cnn,20,mean_width_inclusive_game_equal,tuned - fixed,0.0003245722858551403
2,lightgbm_multiclass,160,crps,tuned - fixed,0.0
2,lightgbm_multiclass,160,coverage,tuned - fixed,0.0
2,lightgbm_multiclass,160,mean_width,tuned - fixed,0.0
2,lightgbm_multiclass,160,mean_width_inclusive,tuned - fixed,0.0
2,lightgbm_multiclass,160,mean_q,tuned - fixed,0.0
2,lightgbm_multiclass,160,crps_game_equal,tuned - fixed,0.0
2,lightgbm_multiclass,160,coverage_game_equal,tuned - fixed,0.0
2,lightgbm_multiclass,160,mean_width_game_equal,tuned - fixed,0.0
2,lightgbm_multiclass,160,mean_width_inclusive_game_equal,tuned - fixed,0.0
2,ridge_sgd_l2,160,crps,tuned - fixed,-0.00031294774457799567
2,ridge_sgd_l2,160,coverage,tuned - fixed,-0.013548387096774195
2,ridge_sgd_l2,160,mean_width,tuned - fixed,-3.1350000000000016
2,ridge_sgd_l2,160,mean_width_inclusive,tuned - fixed,-3.1350000000000016
2,ridge_sgd_l2,160,mean_q,tuned - fixed,-0.16241935483870967
2,ridge_sgd_l2,160,crps_game_equal,tuned - fixed,-0.0003125858852739208
2,ridge_sgd_l2,160,coverage_game_equal,tuned - fixed,-0.013577238922588553
2,ridge_sgd_l2,160,mean_width_game_equal,tuned - fixed,-3.103699962269104
2,ridge_sgd_l2,160,mean_width_inclusive_game_equal,tuned - fixed,-3.103699962269104
2,set_transformer,160,crps,tuned - fixed,9.995576562881262e-06
2,set_transformer,160,coverage,tuned - fixed,0.005967741935483883
2,set_transformer,160,mean_width,tuned - fixed,-0.03016129032257986
2,set_transformer,160,mean_width_inclusive,tuned - fixed,-0.03016129032257986
2,set_transformer,160,mean_q,tuned - fixed,0.009677419354838707
2,set_transformer,160,crps_game_equal,tuned - fixed,2.072447751774731e-05
2,set_transformer,160,coverage_game_equal,tuned - fixed,0.005650543122599716
2,set_transformer,160,mean_width_game_equal,tuned - fixed,-0.023027398415006672
2,set_transformer,160,mean_width_inclusive_game_equal,tuned - fixed,-0.023027398415006672
2,zoo_cnn,160,crps,tuned - fixed,-4.596156199671367e-05
2,zoo_cnn,160,coverage,tuned - fixed,0.001612903225806539
2,zoo_cnn,160,mean_width,tuned - fixed,0.36725806451612897
2,zoo_cnn,160,mean_width_inclusive,tuned - fixed,0.36725806451612897
2,zoo_cnn,160,mean_q,tuned - fixed,-0.8317741935483871
2,zoo_cnn,160,crps_game_equal,tuned - fixed,-4.673702261579968e-05
2,zoo_cnn,160,coverage_game_equal,tuned - fixed,0.0012728734162373856
2,zoo_cnn,160,mean_width_game_equal,tuned - fixed,0.3465434260514879
2,zoo_cnn,160,mean_width_inclusive_game_equal,tuned - fixed,0.34654342605148614
2,lightgbm_multiclass,360,crps,tuned - fixed,0.0
2,lightgbm_multiclass,360,coverage,tuned - fixed,0.0
2,lightgbm_multiclass,360,mean_width,tuned - fixed,0.0
2,lightgbm_multiclass,360,mean_width_inclusive,tuned - fixed,0.0
2,lightgbm_multiclass,360,mean_q,tuned - fixed,0.0
2,lightgbm_multiclass,360,crps_game_equal,tuned - fixed,0.0
2,lightgbm_multiclass,360,coverage_game_equal,tuned - fixed,0.0
2,lightgbm_multiclass,360,mean_width_game_equal,tuned - fixed,0.0
2,lightgbm_multiclass,360,mean_width_inclusive_game_equal,tuned - fixed,0.0
2,ridge_sgd_l2,360,crps,tuned - fixed,-0.00032169741602292024
2,ridge_sgd_l2,360,coverage,tuned - fixed,-0.013709677419354804
2,ridge_sgd_l2,360,mean_width,tuned - fixed,-3.0606451612903207
2,ridge_sgd_l2,360,mean_width_inclusive,tuned - fixed,-3.0606451612903207
2,ridge_sgd_l2,360,mean_q,tuned - fixed,-0.1467741935483871
2,ridge_sgd_l2,360,crps_game_equal,tuned - fixed,-0.00032064879584980596
2,ridge_sgd_l2,360,coverage_game_equal,tuned - fixed,-0.01371564639491385
2,ridge_sgd_l2,360,mean_width_game_equal,tuned - fixed,-3.0306660276040702
2,ridge_sgd_l2,360,mean_width_inclusive_game_equal,tuned - fixed,-3.0306660276040738
2,set_transformer,360,crps,tuned - fixed,-9.096994472318314e-05
2,set_transformer,360,coverage,tuned - fixed,0.012741935483870925
2,set_transformer,360,mean_width,tuned - fixed,0.7719354838709691
2,set_transformer,360,mean_width_inclusive,tuned - fixed,0.7719354838709691
2,set_transformer,360,mean_q,tuned - fixed,-0.020483870967741936
2,set_transformer,360,crps_game_equal,tuned - fixed,-8.474559472932026e-05
2,set_transformer,360,coverage_game_equal,tuned - fixed,0.01280406788189159
2,set_transformer,360,mean_width_game_equal,tuned - fixed,0.7695682681875002
2,set_transformer,360,mean_width_inclusive_game_equal,tuned - fixed,0.7695682681874985
2,zoo_cnn,360,crps,tuned - fixed,8.6893829170296e-05
2,zoo_cnn,360,coverage,tuned - fixed,0.0020967741935484785
2,zoo_cnn,360,mean_width,tuned - fixed,-0.2001612903225798
2,zoo_cnn,360,mean_width_inclusive,tuned - fixed,-0.2001612903225798
2,zoo_cnn,360,mean_q,tuned - fixed,-0.2651612903225807
2,zoo_cnn,360,crps_game_equal,tuned - fixed,8.745855873607163e-05
2,zoo_cnn,360,coverage_game_equal,tuned - fixed,0.002112213250294981
2,zoo_cnn,360,mean_width_game_equal,tuned - fixed,-0.20866520984653647
2,zoo_cnn,360,mean_width_inclusive_game_equal,tuned - fixed,-0.20866520984653825
3,lightgbm_multiclass,20,crps,tuned - fixed,0.0
3,lightgbm_multiclass,20,coverage,tuned - fixed,0.0
3,lightgbm_multiclass,20,mean_width,tuned - fixed,0.0
3,lightgbm_multiclass,20,mean_width_inclusive,tuned - fixed,0.0
3,lightgbm_multiclass,20,mean_q,tuned - fixed,0.0
3,lightgbm_multiclass,20,crps_game_equal,tuned - fixed,0.0
3,lightgbm_multiclass,20,coverage_game_equal,tuned - fixed,0.0
3,lightgbm_multiclass,20,mean_width_game_equal,tuned - fixed,0.0
3,lightgbm_multiclass,20,mean_width_inclusive_game_equal,tuned - fixed,0.0
3,ridge_sgd_l2,20,crps,tuned - fixed,-8.300188819451194e-05
3,ridge_sgd_l2,20,coverage,tuned - fixed,-0.0053562733322513045
3,ridge_sgd_l2,20,mean_width,tuned - fixed,-2.5695503976627165
3,ridge_sgd_l2,20,mean_width_inclusive,tuned - fixed,-2.5695503976627165
3,ridge_sgd_l2,20,mean_q,tuned - fixed,-0.05437428988800519
3,ridge_sgd_l2,20,crps_game_equal,tuned - fixed,-7.852787020539917e-05
3,ridge_sgd_l2,20,coverage_game_equal,tuned - fixed,-0.005322255901105799
3,ridge_sgd_l2,20,mean_width_game_equal,tuned - fixed,-2.5459440790336814
3,ridge_sgd_l2,20,mean_width_inclusive_game_equal,tuned - fixed,-2.5459440790336814
3,set_transformer,20,crps,tuned - fixed,1.704276705871699e-08
3,set_transformer,20,coverage,tuned - fixed,0.0
3,set_transformer,20,mean_width,tuned - fixed,-0.0012984905047908057
3,set_transformer,20,mean_width_inclusive,tuned - fixed,-0.0012984905047908057
3,set_transformer,20,mean_q,tuned - fixed,-0.0003246226261970353
3,set_transformer,20,crps_game_equal,tuned - fixed,1.2095303415088354e-08
3,set_transformer,20,coverage_game_equal,tuned - fixed,0.0
3,set_transformer,20,mean_width_game_equal,tuned - fixed,-0.0012337980676342397
3,set_transformer,20,mean_width_inclusive_game_equal,tuned - fixed,-0.0012337980676342397
3,zoo_cnn,20,crps,tuned - fixed,-0.0007779582979634686
3,zoo_cnn,20,coverage,tuned - fixed,-0.007304009089433516
3,zoo_cnn,20,mean_width,tuned - fixed,-2.9855542931342285
3,zoo_cnn,20,mean_width_inclusive,tuned - fixed,-2.9855542931342285
3,zoo_cnn,20,mean_q,tuned - fixed,-0.7607531244927772
3,zoo_cnn,20,crps_game_equal,tuned - fixed,-0.0007719750326209383
3,zoo_cnn,20,coverage_game_equal,tuned - fixed,-0.008306932148173352
3,zoo_cnn,20,mean_width_game_equal,tuned - fixed,-2.9842935526676904
3,zoo_cnn,20,mean_width_inclusive_game_equal,tuned - fixed,-2.9842935526676904
3,lightgbm_multiclass,160,crps,tuned - fixed,0.0
3,lightgbm_multiclass,160,coverage,tuned - fixed,0.0
3,lightgbm_multiclass,160,mean_width,tuned - fixed,0.0
3,lightgbm_multiclass,160,mean_width_inclusive,tuned - fixed,0.0
3,lightgbm_multiclass,160,mean_q,tuned - fixed,0.0
3,lightgbm_multiclass,160,crps_game_equal,tuned - fixed,0.0
3,lightgbm_multiclass,160,coverage_game_equal,tuned - fixed,0.0
3,lightgbm_multiclass,160,mean_width_game_equal,tuned - fixed,0.0
3,lightgbm_multiclass,160,mean_width_inclusive_game_equal,tuned - fixed,0.0
3,ridge_sgd_l2,160,crps,tuned - fixed,-0.00032488928945362434
3,ridge_sgd_l2,160,coverage,tuned - fixed,-0.012497971108586192
3,ridge_sgd_l2,160,mean_width,tuned - fixed,-3.0968998539198154
3,ridge_sgd_l2,160,mean_width_inclusive,tuned - fixed,-3.0968998539198154
3,ridge_sgd_l2,160,mean_q,tuned - fixed,-0.09884758967700052
3,ridge_sgd_l2,160,crps_game_equal,tuned - fixed,-0.000320416626869581
3,ridge_sgd_l2,160,coverage_game_equal,tuned - fixed,-0.012574220693938987
3,ridge_sgd_l2,160,mean_width_game_equal,tuned - fixed,-3.0750447809961727
3,ridge_sgd_l2,160,mean_width_inclusive_game_equal,tuned - fixed,-3.0750447809961727
3,set_transformer,160,crps,tuned - fixed,1.2901009399657326e-08
3,set_transformer,160,coverage,tuned - fixed,0.00048693393929555295
3,set_transformer,160,mean_width,tuned - fixed,0.011199480603798051
3,set_transformer,160,mean_width_inclusive,tuned - fixed,0.011199480603799827
3,set_transformer,160,mean_q,tuned - fixed,0.005356273332251263
3,set_transformer,160,crps_game_equal,tuned - fixed,2.0712875145947884e-08
3,set_transformer,160,coverage_game_equal,tuned - fixed,0.0004426442116810536
3,set_transformer,160,mean_width_game_equal,tuned - fixed,0.01108407446925419
3,set_transformer,160,mean_width_inclusive_game_equal,tuned - fixed,0.011084074469248861
3,zoo_cnn,160,crps,tuned - fixed,-2.4005630504253528e-09
3,zoo_cnn,160,coverage,tuned - fixed,0.0
3,zoo_cnn,160,mean_width,tuned - fixed,0.0
3,zoo_cnn,160,mean_width_inclusive,tuned - fixed,0.0
3,zoo_cnn,160,mean_q,tuned - fixed,0.0
3,zoo_cnn,160,crps_game_equal,tuned - fixed,-2.0503716259556715e-09
3,zoo_cnn,160,coverage_game_equal,tuned - fixed,0.0
3,zoo_cnn,160,mean_width_game_equal,tuned - fixed,0.0
3,zoo_cnn,160,mean_width_inclusive_game_equal,tuned - fixed,0.0
3,lightgbm_multiclass,360,crps,tuned - fixed,0.0
3,lightgbm_multiclass,360,coverage,tuned - fixed,0.0
3,lightgbm_multiclass,360,mean_width,tuned - fixed,0.0
3,lightgbm_multiclass,360,mean_width_inclusive,tuned - fixed,0.0
3,lightgbm_multiclass,360,mean_q,tuned - fixed,0.0
3,lightgbm_multiclass,360,crps_game_equal,tuned - fixed,0.0
3,lightgbm_multiclass,360,coverage_game_equal,tuned - fixed,0.0
3,lightgbm_multiclass,360,mean_width_game_equal,tuned - fixed,0.0
3,lightgbm_multiclass,360,mean_width_inclusive_game_equal,tuned - fixed,0.0
3,ridge_sgd_l2,360,crps,tuned - fixed,-0.0003423444954533724
3,ridge_sgd_l2,360,coverage,tuned - fixed,-0.006654763837039446
3,ridge_sgd_l2,360,mean_width,tuned - fixed,-2.8295731212465505
3,ridge_sgd_l2,360,mean_width_inclusive,tuned - fixed,-2.8295731212465505
3,ridge_sgd_l2,360,mean_q,tuned - fixed,-0.12351890926797598
3,ridge_sgd_l2,360,crps_game_equal,tuned - fixed,-0.0003388342241244374
3,ridge_sgd_l2,360,coverage_game_equal,tuned - fixed,-0.0065588365030182505
3,ridge_sgd_l2,360,mean_width_game_equal,tuned - fixed,-2.8080314178805743
3,ridge_sgd_l2,360,mean_width_inclusive_game_equal,tuned - fixed,-2.8080314178805743
3,set_transformer,360,crps,tuned - fixed,-3.558153549323116e-05
3,set_transformer,360,coverage,tuned - fixed,-0.0017854244440838052
3,set_transformer,360,mean_width,tuned - fixed,-0.2934588540821288
3,set_transformer,360,mean_width_inclusive,tuned - fixed,-0.2934588540821288
3,set_transformer,360,mean_q,tuned - fixed,0.0
3,set_transformer,360,crps_game_equal,tuned - fixed,-3.727436418186035e-05
3,set_transformer,360,coverage_game_equal,tuned - fixed,-0.001834063104509065
3,set_transformer,360,mean_width_game_equal,tuned - fixed,-0.28453065790705523
3,set_transformer,360,mean_width_inclusive_game_equal,tuned - fixed,-0.28453065790705523
3,zoo_cnn,360,crps,tuned - fixed,1.959849903893085e-10
3,zoo_cnn,360,coverage,tuned - fixed,0.0
3,zoo_cnn,360,mean_width,tuned - fixed,0.0
3,zoo_cnn,360,mean_width_inclusive,tuned - fixed,0.0
3,zoo_cnn,360,mean_q,tuned - fixed,0.0
3,zoo_cnn,360,crps_game_equal,tuned - fixed,-5.804420520616471e-10
3,zoo_cnn,360,coverage_game_equal,tuned - fixed,0.0
3,zoo_cnn,360,mean_width_game_equal,tuned - fixed,0.0
3,zoo_cnn,360,mean_width_inclusive_game_equal,tuned - fixed,0.0
4,lightgbm_multiclass,20,crps,tuned - fixed,0.0
4,lightgbm_multiclass,20,coverage,tuned - fixed,0.0
4,lightgbm_multiclass,20,mean_width,tuned - fixed,0.0
4,lightgbm_multiclass,20,mean_width_inclusive,tuned - fixed,0.0
4,lightgbm_multiclass,20,mean_q,tuned - fixed,0.0
4,lightgbm_multiclass,20,crps_game_equal,tuned - fixed,0.0
4,lightgbm_multiclass,20,coverage_game_equal,tuned - fixed,0.0
4,lightgbm_multiclass,20,mean_width_game_equal,tuned - fixed,0.0
4,lightgbm_multiclass,20,mean_width_inclusive_game_equal,tuned - fixed,0.0
4,ridge_sgd_l2,20,crps,tuned - fixed,-0.0002135948278170815
4,ridge_sgd_l2,20,coverage,tuned - fixed,-0.014655030462703778
4,ridge_sgd_l2,20,mean_width,tuned - fixed,-3.5017289642680716
4,ridge_sgd_l2,20,mean_width_inclusive,tuned - fixed,-3.5017289642680716
4,ridge_sgd_l2,20,mean_q,tuned - fixed,-0.13403589659147044
4,ridge_sgd_l2,20,crps_game_equal,tuned - fixed,-0.0001957019080764174
4,ridge_sgd_l2,20,coverage_game_equal,tuned - fixed,-0.014894796557931467
4,ridge_sgd_l2,20,mean_width_game_equal,tuned - fixed,-3.4563651463447336
4,ridge_sgd_l2,20,mean_width_inclusive_game_equal,tuned - fixed,-3.4563651463447336
4,set_transformer,20,crps,tuned - fixed,7.02378151487236e-05
4,set_transformer,20,coverage,tuned - fixed,-0.0021406224271365293
4,set_transformer,20,mean_width,tuned - fixed,-0.22311872221307638
4,set_transformer,20,mean_width_inclusive,tuned - fixed,-0.22311872221307638
4,set_transformer,20,mean_q,tuned - fixed,-0.0008233163181294253
4,set_transformer,20,crps_game_equal,tuned - fixed,8.200000872377565e-05
4,set_transformer,20,coverage_game_equal,tuned - fixed,-0.0027793473807019575
4,set_transformer,20,mean_width_game_equal,tuned - fixed,-0.21113747934960259
4,set_transformer,20,mean_width_inclusive_game_equal,tuned - fixed,-0.21113747934960259
4,zoo_cnn,20,crps,tuned - fixed,-0.00012728868480670757
4,zoo_cnn,20,coverage,tuned - fixed,0.0209122344804874
4,zoo_cnn,20,mean_width,tuned - fixed,7.608595422361269
4,zoo_cnn,20,mean_width_inclusive,tuned - fixed,7.608595422361269
4,zoo_cnn,20,mean_q,tuned - fixed,0.7021241561007738
4,zoo_cnn,20,crps_game_equal,tuned - fixed,-0.00010611558806400065
4,zoo_cnn,20,coverage_game_equal,tuned - fixed,0.021060261257888957
4,zoo_cnn,20,mean_width_game_equal,tuned - fixed,7.638247867787133
4,zoo_cnn,20,mean_width_inclusive_game_equal,tuned - fixed,7.638247867787133
4,lightgbm_multiclass,160,crps,tuned - fixed,0.0
4,lightgbm_multiclass,160,coverage,tuned - fixed,0.0
4,lightgbm_multiclass,160,mean_width,tuned - fixed,0.0
4,lightgbm_multiclass,160,mean_width_inclusive,tuned - fixed,0.0
4,lightgbm_multiclass,160,mean_q,tuned - fixed,0.0
4,lightgbm_multiclass,160,crps_game_equal,tuned - fixed,0.0
4,lightgbm_multiclass,160,coverage_game_equal,tuned - fixed,0.0
4,lightgbm_multiclass,160,mean_width_game_equal,tuned - fixed,0.0
4,lightgbm_multiclass,160,mean_width_inclusive_game_equal,tuned - fixed,0.0
4,ridge_sgd_l2,160,crps,tuned - fixed,-0.0003266186076226977
4,ridge_sgd_l2,160,coverage,tuned - fixed,-0.011691091717437763
4,ridge_sgd_l2,160,mean_width,tuned - fixed,-3.2573686810472573
4,ridge_sgd_l2,160,mean_width_inclusive,tuned - fixed,-3.2573686810472573
4,ridge_sgd_l2,160,mean_q,tuned - fixed,0.011855754981063726
4,ridge_sgd_l2,160,crps_game_equal,tuned - fixed,-0.00032416549757693924
4,ridge_sgd_l2,160,coverage_game_equal,tuned - fixed,-0.012116622827846868
4,ridge_sgd_l2,160,mean_width_game_equal,tuned - fixed,-3.2183713578211446
4,ridge_sgd_l2,160,mean_width_inclusive_game_equal,tuned - fixed,-3.2183713578211446
4,set_transformer,160,crps,tuned - fixed,-0.00019712836689193998
4,set_transformer,160,coverage,tuned - fixed,0.002799275481640051
4,set_transformer,160,mean_width,tuned - fixed,-0.6130413304791702
4,set_transformer,160,mean_width_inclusive,tuned - fixed,-0.6130413304791702
4,set_transformer,160,mean_q,tuned - fixed,-0.3586365881771777
4,set_transformer,160,crps_game_equal,tuned - fixed,-0.00020855620889967223
4,set_transformer,160,coverage_game_equal,tuned - fixed,0.0022467717356404737
4,set_transformer,160,mean_width_game_equal,tuned - fixed,-0.6084185987996094
4,set_transformer,160,mean_width_inclusive_game_equal,tuned - fixed,-0.6084185987996129
4,zoo_cnn,160,crps,tuned - fixed,3.657890223357496e-10
4,zoo_cnn,160,coverage,tuned - fixed,0.0
4,zoo_cnn,160,mean_width,tuned - fixed,0.0
4,zoo_cnn,160,mean_width_inclusive,tuned - fixed,0.0
4,zoo_cnn,160,mean_q,tuned - fixed,0.0
4,zoo_cnn,160,crps_game_equal,tuned - fixed,4.720501784599707e-10
4,zoo_cnn,160,coverage_game_equal,tuned - fixed,0.0
4,zoo_cnn,160,mean_width_game_equal,tuned - fixed,0.0
4,zoo_cnn,160,mean_width_inclusive_game_equal,tuned - fixed,0.0
4,lightgbm_multiclass,360,crps,tuned - fixed,0.0
4,lightgbm_multiclass,360,coverage,tuned - fixed,0.0
4,lightgbm_multiclass,360,mean_width,tuned - fixed,0.0
4,lightgbm_multiclass,360,mean_width_inclusive,tuned - fixed,0.0
4,lightgbm_multiclass,360,mean_q,tuned - fixed,0.0
4,lightgbm_multiclass,360,crps_game_equal,tuned - fixed,0.0
4,lightgbm_multiclass,360,coverage_game_equal,tuned - fixed,0.0
4,lightgbm_multiclass,360,mean_width_game_equal,tuned - fixed,0.0
4,lightgbm_multiclass,360,mean_width_inclusive_game_equal,tuned - fixed,0.0
4,ridge_sgd_l2,360,crps,tuned - fixed,-0.0003377500542724437
4,ridge_sgd_l2,360,coverage,tuned - fixed,-0.009221142763049528
4,ridge_sgd_l2,360,mean_width,tuned - fixed,-3.1258027334101754
4,ridge_sgd_l2,360,mean_width_inclusive,tuned - fixed,-3.1258027334101754
4,ridge_sgd_l2,360,mean_q,tuned - fixed,-0.1337065700642187
4,ridge_sgd_l2,360,crps_game_equal,tuned - fixed,-0.00033510823441336435
4,ridge_sgd_l2,360,coverage_game_equal,tuned - fixed,-0.0096969875720615
4,ridge_sgd_l2,360,mean_width_game_equal,tuned - fixed,-3.08479700604644
4,ridge_sgd_l2,360,mean_width_inclusive_game_equal,tuned - fixed,-3.08479700604644
4,set_transformer,360,crps,tuned - fixed,0.00013457621498331844
4,set_transformer,360,coverage,tuned - fixed,-0.014161040671826108
4,set_transformer,360,mean_width,tuned - fixed,-1.33212580273341
4,set_transformer,360,mean_width_inclusive,tuned - fixed,-1.33212580273341
4,set_transformer,360,mean_q,tuned - fixed,0.07870904001317307
4,set_transformer,360,crps_game_equal,tuned - fixed,0.00015024033153236867
4,set_transformer,360,coverage_game_equal,tuned - fixed,-0.014569303039614234
4,set_transformer,360,mean_width_game_equal,tuned - fixed,-1.3443606489859956
4,set_transformer,360,mean_width_inclusive_game_equal,tuned - fixed,-1.3443606489859938
4,zoo_cnn,360,crps,tuned - fixed,-0.0007769473776238801
4,zoo_cnn,360,coverage,tuned - fixed,-0.006915857072287146
4,zoo_cnn,360,mean_width,tuned - fixed,-0.7363741149349572
4,zoo_cnn,360,mean_width_inclusive,tuned - fixed,-0.7363741149349572
4,zoo_cnn,360,mean_q,tuned - fixed,0.6115593611065371
4,zoo_cnn,360,crps_game_equal,tuned - fixed,-0.0007630079673730857
4,zoo_cnn,360,coverage_game_equal,tuned - fixed,-0.006983348469038586
4,zoo_cnn,360,mean_width_game_equal,tuned - fixed,-0.7198756063309428
4,zoo_cnn,360,mean_width_inclusive_game_equal,tuned - fixed,-0.7198756063309428
5,lightgbm_multiclass,20,crps,tuned - fixed,0.0
5,lightgbm_multiclass,20,coverage,tuned - fixed,0.0
5,lightgbm_multiclass,20,mean_width,tuned - fixed,0.0
5,lightgbm_multiclass,20,mean_width_inclusive,tuned - fixed,0.0
5,lightgbm_multiclass,20,mean_q,tuned - fixed,0.0
5,lightgbm_multiclass,20,crps_game_equal,tuned - fixed,0.0
5,lightgbm_multiclass,20,coverage_game_equal,tuned - fixed,0.0
5,lightgbm_multiclass,20,mean_width_game_equal,tuned - fixed,0.0
5,lightgbm_multiclass,20,mean_width_inclusive_game_equal,tuned - fixed,0.0
5,ridge_sgd_l2,20,crps,tuned - fixed,-0.00019432453084960652
5,ridge_sgd_l2,20,coverage,tuned - fixed,-0.008540122462133426
5,ridge_sgd_l2,20,mean_width,tuned - fixed,-2.5488237189816303
5,ridge_sgd_l2,20,mean_width_inclusive,tuned - fixed,-2.5488237189816303
5,ridge_sgd_l2,20,mean_q,tuned - fixed,0.15887850467289721
5,ridge_sgd_l2,20,crps_game_equal,tuned - fixed,-0.00019015155658686986
5,ridge_sgd_l2,20,coverage_game_equal,tuned - fixed,-0.00819719359886062
5,ridge_sgd_l2,20,mean_width_game_equal,tuned - fixed,-2.528895706973593
5,ridge_sgd_l2,20,mean_width_inclusive_game_equal,tuned - fixed,-2.528895706973593
5,set_transformer,20,crps,tuned - fixed,1.6911416796626388e-07
5,set_transformer,20,coverage,tuned - fixed,0.0
5,set_transformer,20,mean_width,tuned - fixed,0.0009668063164660623
5,set_transformer,20,mean_width_inclusive,tuned - fixed,0.0009668063164660623
5,set_transformer,20,mean_q,tuned - fixed,0.0
5,set_transformer,20,crps_game_equal,tuned - fixed,1.7667238621545123e-07
5,set_transformer,20,coverage_game_equal,tuned - fixed,0.0
5,set_transformer,20,mean_width_game_equal,tuned - fixed,0.0009628080458874422
5,set_transformer,20,mean_width_inclusive_game_equal,tuned - fixed,0.0009628080458874422
5,zoo_cnn,20,crps,tuned - fixed,-0.0026014103068212058
5,zoo_cnn,20,coverage,tuned - fixed,-0.06574282951981958
5,zoo_cnn,20,mean_width,tuned - fixed,-25.18272639381244
5,zoo_cnn,20,mean_width_inclusive,tuned - fixed,-25.18272639381244
5,zoo_cnn,20,mean_q,tuned - fixed,2.1973896229455367
5,zoo_cnn,20,crps_game_equal,tuned - fixed,-0.0026326592689130505
5,zoo_cnn,20,coverage_game_equal,tuned - fixed,-0.06575042896572836
5,zoo_cnn,20,mean_width_game_equal,tuned - fixed,-25.172860628894277
5,zoo_cnn,20,mean_width_inclusive_game_equal,tuned - fixed,-25.172860628894277
5,lightgbm_multiclass,160,crps,tuned - fixed,0.0
5,lightgbm_multiclass,160,coverage,tuned - fixed,0.0
5,lightgbm_multiclass,160,mean_width,tuned - fixed,0.0
5,lightgbm_multiclass,160,mean_width_inclusive,tuned - fixed,0.0
5,lightgbm_multiclass,160,mean_q,tuned - fixed,0.0
5,lightgbm_multiclass,160,crps_game_equal,tuned - fixed,0.0
5,lightgbm_multiclass,160,coverage_game_equal,tuned - fixed,0.0
5,lightgbm_multiclass,160,mean_width_game_equal,tuned - fixed,0.0
5,lightgbm_multiclass,160,mean_width_inclusive_game_equal,tuned - fixed,0.0
5,ridge_sgd_l2,160,crps,tuned - fixed,-0.0002973056047860887
5,ridge_sgd_l2,160,coverage,tuned - fixed,-0.007573316145665476
5,ridge_sgd_l2,160,mean_width,tuned - fixed,-2.5982919755075713
5,ridge_sgd_l2,160,mean_width_inclusive,tuned - fixed,-2.5982919755075713
5,ridge_sgd_l2,160,mean_q,tuned - fixed,-0.09941991621011924
5,ridge_sgd_l2,160,crps_game_equal,tuned - fixed,-0.0002964582574673715
5,ridge_sgd_l2,160,coverage_game_equal,tuned - fixed,-0.007691104492143497
5,ridge_sgd_l2,160,mean_width_game_equal,tuned - fixed,-2.5794302246977345
5,ridge_sgd_l2,160,mean_width_inclusive_game_equal,tuned - fixed,-2.5794302246977345
5,set_transformer,160,crps,tuned - fixed,-0.00013570465670398324
5,set_transformer,160,coverage,tuned - fixed,0.0
5,set_transformer,160,mean_width,tuned - fixed,-0.31195617144698673
5,set_transformer,160,mean_width_inclusive,tuned - fixed,-0.31195617144698673
5,set_transformer,160,mean_q,tuned - fixed,0.16500161134386077
5,set_transformer,160,crps_game_equal,tuned - fixed,-0.00013920343302476976
5,set_transformer,160,coverage_game_equal,tuned - fixed,-0.00021182300300204293
5,set_transformer,160,mean_width_game_equal,tuned - fixed,-0.30743102837298864
5,set_transformer,160,mean_width_inclusive_game_equal,tuned - fixed,-0.30743102837298864
5,zoo_cnn,160,crps,tuned - fixed,5.138811685206912e-10
5,zoo_cnn,160,coverage,tuned - fixed,0.0
5,zoo_cnn,160,mean_width,tuned - fixed,-0.0003222687721553541
5,zoo_cnn,160,mean_width_inclusive,tuned - fixed,-0.0003222687721553541
5,zoo_cnn,160,mean_q,tuned - fixed,-0.00016113438607799624
5,zoo_cnn,160,crps_game_equal,tuned - fixed,5.807175209454618e-10
5,zoo_cnn,160,coverage_game_equal,tuned - fixed,0.0
5,zoo_cnn,160,mean_width_game_equal,tuned - fixed,-0.00029792939073480795
5,zoo_cnn,160,mean_width_inclusive_game_equal,tuned - fixed,-0.00029792939073480795
5,lightgbm_multiclass,360,crps,tuned - fixed,0.0
5,lightgbm_multiclass,360,coverage,tuned - fixed,0.0
5,lightgbm_multiclass,360,mean_width,tuned - fixed,0.0
5,lightgbm_multiclass,360,mean_width_inclusive,tuned - fixed,0.0
5,lightgbm_multiclass,360,mean_q,tuned - fixed,0.0
5,lightgbm_multiclass,360,crps_game_equal,tuned - fixed,0.0
5,lightgbm_multiclass,360,coverage_game_equal,tuned - fixed,0.0
5,lightgbm_multiclass,360,mean_width_game_equal,tuned - fixed,0.0
5,lightgbm_multiclass,360,mean_width_inclusive_game_equal,tuned - fixed,0.0
5,ridge_sgd_l2,360,crps,tuned - fixed,-0.00031634161713182604
5,ridge_sgd_l2,360,coverage,tuned - fixed,-0.008378988076055416
5,ridge_sgd_l2,360,mean_width,tuned - fixed,-2.782468578794713
5,ridge_sgd_l2,360,mean_width_inclusive,tuned - fixed,-2.782468578794713
5,ridge_sgd_l2,360,mean_q,tuned - fixed,-0.09603609410248148
5,ridge_sgd_l2,360,crps_game_equal,tuned - fixed,-0.0003150329571007908
5,ridge_sgd_l2,360,coverage_game_equal,tuned - fixed,-0.008523632994589025
5,ridge_sgd_l2,360,mean_width_game_equal,tuned - fixed,-2.765051207077004
5,ridge_sgd_l2,360,mean_width_inclusive_game_equal,tuned - fixed,-2.765051207077004
5,set_transformer,360,crps,tuned - fixed,-0.00018851257228935138
5,set_transformer,360,coverage,tuned - fixed,0.0022558814050919196
5,set_transformer,360,mean_width,tuned - fixed,0.15114405414115417
5,set_transformer,360,mean_width_inclusive,tuned - fixed,0.15114405414115417
5,set_transformer,360,mean_q,tuned - fixed,-0.12294553657750565
5,set_transformer,360,crps_game_equal,tuned - fixed,-0.00017837330823589417
5,set_transformer,360,coverage_game_equal,tuned - fixed,0.001884528203745739
5,set_transformer,360,mean_width_game_equal,tuned - fixed,0.1424303645179794
5,set_transformer,360,mean_width_inclusive_game_equal,tuned - fixed,0.1424303645179794
5,zoo_cnn,360,crps,tuned - fixed,-1.1450949771729668e-09
5,zoo_cnn,360,coverage,tuned - fixed,0.0
5,zoo_cnn,360,mean_width,tuned - fixed,0.0
5,zoo_cnn,360,mean_width_inclusive,tuned - fixed,0.0
5,zoo_cnn,360,mean_q,tuned - fixed,0.0
5,zoo_cnn,360,crps_game_equal,tuned - fixed,-1.0022498629636e-09
5,zoo_cnn,360,coverage_game_equal,tuned - fixed,0.0
5,zoo_cnn,360,mean_width_game_equal,tuned - fixed,0.0
5,zoo_cnn,360,mean_width_inclusive_game_equal,tuned - fixed,0.0
6,lightgbm_multiclass,20,crps,tuned - fixed,0.0
6,lightgbm_multiclass,20,coverage,tuned - fixed,0.0
6,lightgbm_multiclass,20,mean_width,tuned - fixed,0.0
6,lightgbm_multiclass,20,mean_width_inclusive,tuned - fixed,0.0
6,lightgbm_multiclass,20,mean_q,tuned - fixed,0.0
6,lightgbm_multiclass,20,crps_game_equal,tuned - fixed,0.0
6,lightgbm_multiclass,20,coverage_game_equal,tuned - fixed,0.0
6,lightgbm_multiclass,20,mean_width_game_equal,tuned - fixed,0.0
6,lightgbm_multiclass,20,mean_width_inclusive_game_equal,tuned - fixed,0.0
6,ridge_sgd_l2,20,crps,tuned - fixed,-4.485109125616782e-06
6,ridge_sgd_l2,20,coverage,tuned - fixed,-0.012400065263501348
6,ridge_sgd_l2,20,mean_width,tuned - fixed,-3.2356012400065275
6,ridge_sgd_l2,20,mean_width_inclusive,tuned - fixed,-3.2356012400065275
6,ridge_sgd_l2,20,mean_q,tuned - fixed,0.2191222059063468
6,ridge_sgd_l2,20,crps_game_equal,tuned - fixed,1.8603082424881873e-06
6,ridge_sgd_l2,20,coverage_game_equal,tuned - fixed,-0.012286103532983872
6,ridge_sgd_l2,20,mean_width_game_equal,tuned - fixed,-3.2105402886076746
6,ridge_sgd_l2,20,mean_width_inclusive_game_equal,tuned - fixed,-3.2105402886076746
6,set_transformer,20,crps,tuned - fixed,-0.0009424035108234058
6,set_transformer,20,coverage,tuned - fixed,0.007505302659487678
6,set_transformer,20,mean_width,tuned - fixed,-1.022679066731932
6,set_transformer,20,mean_width_inclusive,tuned - fixed,-1.022679066731932
6,set_transformer,20,mean_q,tuned - fixed,-0.3075542502855278
6,set_transformer,20,crps_game_equal,tuned - fixed,-0.0009546389535605073
6,set_transformer,20,coverage_game_equal,tuned - fixed,0.007632315844083415
6,set_transformer,20,mean_width_game_equal,tuned - fixed,-1.0478660786605971
6,set_transformer,20,mean_width_inclusive_game_equal,tuned - fixed,-1.0478660786605971
6,zoo_cnn,20,crps,tuned - fixed,6.197098320501887e-05
6,zoo_cnn,20,coverage,tuned - fixed,0.0003263175069342372
6,zoo_cnn,20,mean_width,tuned - fixed,0.7477565671398274
6,zoo_cnn,20,mean_width_inclusive,tuned - fixed,0.7477565671398274
6,zoo_cnn,20,mean_q,tuned - fixed,-1.3886441507586884
6,zoo_cnn,20,crps_game_equal,tuned - fixed,7.838239363149035e-05
6,zoo_cnn,20,coverage_game_equal,tuned - fixed,0.0004727612156023575
6,zoo_cnn,20,mean_width_game_equal,tuned - fixed,0.7607686122907396
6,zoo_cnn,20,mean_width_inclusive_game_equal,tuned - fixed,0.7607686122907396
6,lightgbm_multiclass,160,crps,tuned - fixed,0.0
6,lightgbm_multiclass,160,coverage,tuned - fixed,0.0
6,lightgbm_multiclass,160,mean_width,tuned - fixed,0.0
6,lightgbm_multiclass,160,mean_width_inclusive,tuned - fixed,0.0
6,lightgbm_multiclass,160,mean_q,tuned - fixed,0.0
6,lightgbm_multiclass,160,crps_game_equal,tuned - fixed,0.0
6,lightgbm_multiclass,160,coverage_game_equal,tuned - fixed,0.0
6,lightgbm_multiclass,160,mean_width_game_equal,tuned - fixed,0.0
6,lightgbm_multiclass,160,mean_width_inclusive_game_equal,tuned - fixed,0.0
6,ridge_sgd_l2,160,crps,tuned - fixed,-0.00026080443824143436
6,ridge_sgd_l2,160,coverage,tuned - fixed,-0.007831620166421915
6,ridge_sgd_l2,160,mean_width,tuned - fixed,-2.821014847446566
6,ridge_sgd_l2,160,mean_width_inclusive,tuned - fixed,-2.821014847446566
6,ridge_sgd_l2,160,mean_q,tuned - fixed,-0.005547397617882199
6,ridge_sgd_l2,160,crps_game_equal,tuned - fixed,-0.00025519743756974994
6,ridge_sgd_l2,160,coverage_game_equal,tuned - fixed,-0.007928986497004908
6,ridge_sgd_l2,160,mean_width_game_equal,tuned - fixed,-2.801294290067066
6,ridge_sgd_l2,160,mean_width_inclusive_game_equal,tuned - fixed,-2.801294290067066
6,set_transformer,160,crps,tuned - fixed,0.00010410064621837155
6,set_transformer,160,coverage,tuned - fixed,0.0026105400554738978
6,set_transformer,160,mean_width,tuned - fixed,0.38113884809919973
6,set_transformer,160,mean_width_inclusive,tuned - fixed,0.38113884809919973
6,set_transformer,160,mean_q,tuned - fixed,-0.24326970141948118
6,set_transformer,160,crps_game_equal,tuned - fixed,9.983487000005294e-05
6,set_transformer,160,coverage_game_equal,tuned - fixed,0.0024434959054052685
6,set_transformer,160,mean_width_game_equal,tuned - fixed,0.3769022243927367
6,set_transformer,160,mean_width_inclusive_game_equal,tuned - fixed,0.3769022243927367
6,zoo_cnn,160,crps,tuned - fixed,-3.630196887885462e-09
6,zoo_cnn,160,coverage,tuned - fixed,0.0
6,zoo_cnn,160,mean_width,tuned - fixed,0.0001631587534660639
6,zoo_cnn,160,mean_width_inclusive,tuned - fixed,0.0001631587534660639
6,zoo_cnn,160,mean_q,tuned - fixed,0.0
6,zoo_cnn,160,crps_game_equal,tuned - fixed,-3.381613686986862e-09
6,zoo_cnn,160,coverage_game_equal,tuned - fixed,0.0
6,zoo_cnn,160,mean_width_game_equal,tuned - fixed,0.00015867978419592532
6,zoo_cnn,160,mean_width_inclusive_game_equal,tuned - fixed,0.0001586797841923726
6,lightgbm_multiclass,360,crps,tuned - fixed,0.0
6,lightgbm_multiclass,360,coverage,tuned - fixed,0.0
6,lightgbm_multiclass,360,mean_width,tuned - fixed,0.0
6,lightgbm_multiclass,360,mean_width_inclusive,tuned - fixed,0.0
6,lightgbm_multiclass,360,mean_q,tuned - fixed,0.0
6,lightgbm_multiclass,360,crps_game_equal,tuned - fixed,0.0
6,lightgbm_multiclass,360,coverage_game_equal,tuned - fixed,0.0
6,lightgbm_multiclass,360,mean_width_game_equal,tuned - fixed,0.0
6,lightgbm_multiclass,360,mean_width_inclusive_game_equal,tuned - fixed,0.0
6,ridge_sgd_l2,360,crps,tuned - fixed,-0.0002820619492521319
6,ridge_sgd_l2,360,coverage,tuned - fixed,-0.009300048947626038
6,ridge_sgd_l2,360,mean_width,tuned - fixed,-2.6167400881057254
6,ridge_sgd_l2,360,mean_width_inclusive,tuned - fixed,-2.6167400881057254
6,ridge_sgd_l2,360,mean_q,tuned - fixed,-0.12628487518355358
6,ridge_sgd_l2,360,crps_game_equal,tuned - fixed,-0.0002799336218585087
6,ridge_sgd_l2,360,coverage_game_equal,tuned - fixed,-0.00951953607851308
6,ridge_sgd_l2,360,mean_width_game_equal,tuned - fixed,-2.603190733293527
6,ridge_sgd_l2,360,mean_width_inclusive_game_equal,tuned - fixed,-2.603190733293527
6,set_transformer,360,crps,tuned - fixed,-3.587048385655066e-05
6,set_transformer,360,coverage,tuned - fixed,0.003915810083210958
6,set_transformer,360,mean_width,tuned - fixed,-0.055147658671886646
6,set_transformer,360,mean_width_inclusive,tuned - fixed,-0.055147658671886646
6,set_transformer,360,mean_q,tuned - fixed,0.018763256648719195
6,set_transformer,360,crps_game_equal,tuned - fixed,-3.850529729360584e-05
6,set_transformer,360,coverage_game_equal,tuned - fixed,0.003586257700541662
6,set_transformer,360,mean_width_game_equal,tuned - fixed,-0.06544899469404442
6,set_transformer,360,mean_width_inclusive_game_equal,tuned - fixed,-0.06544899469404797
6,zoo_cnn,360,crps,tuned - fixed,-0.00018567462452824535
6,zoo_cnn,360,coverage,tuned - fixed,0.015826399086311005
6,zoo_cnn,360,mean_width,tuned - fixed,0.15255343449176095
6,zoo_cnn,360,mean_width_inclusive,tuned - fixed,0.15255343449176095
6,zoo_cnn,360,mean_q,tuned - fixed,-0.41067058247674987
6,zoo_cnn,360,crps_game_equal,tuned - fixed,-0.0001792132673450325
6,zoo_cnn,360,coverage_game_equal,tuned - fixed,0.01624086542395531
6,zoo_cnn,360,mean_width_game_equal,tuned - fixed,0.18351336763306847
6,zoo_cnn,360,mean_width_inclusive_game_equal,tuned - fixed,0.18351336763307202
7,lightgbm_multiclass,20,crps,tuned - fixed,0.0
7,lightgbm_multiclass,20,coverage,tuned - fixed,0.0
7,lightgbm_multiclass,20,mean_width,tuned - fixed,0.0
7,lightgbm_multiclass,20,mean_width_inclusive,tuned - fixed,0.0
7,lightgbm_multiclass,20,mean_q,tuned - fixed,0.0
7,lightgbm_multiclass,20,crps_game_equal,tuned - fixed,0.0
7,lightgbm_multiclass,20,coverage_game_equal,tuned - fixed,0.0
7,lightgbm_multiclass,20,mean_width_game_equal,tuned - fixed,0.0
7,lightgbm_multiclass,20,mean_width_inclusive_game_equal,tuned - fixed,0.0
7,ridge_sgd_l2,20,crps,tuned - fixed,-0.00021952354597748296
7,ridge_sgd_l2,20,coverage,tuned - fixed,-0.015124698310538975
7,ridge_sgd_l2,20,mean_width,tuned - fixed,-2.8839903459372493
7,ridge_sgd_l2,20,mean_width_inclusive,tuned - fixed,-2.8839903459372493
7,ridge_sgd_l2,20,mean_q,tuned - fixed,0.09879324215607399
7,ridge_sgd_l2,20,crps_game_equal,tuned - fixed,-0.0002154074542114262
7,ridge_sgd_l2,20,coverage_game_equal,tuned - fixed,-0.015270866018292417
7,ridge_sgd_l2,20,mean_width_game_equal,tuned - fixed,-2.854602345250232
7,ridge_sgd_l2,20,mean_width_inclusive_game_equal,tuned - fixed,-2.854602345250232
7,set_transformer,20,crps,tuned - fixed,-6.61969655053607e-05
7,set_transformer,20,coverage,tuned - fixed,0.0027353177795654826
7,set_transformer,20,mean_width,tuned - fixed,0.4288012872083655
7,set_transformer,20,mean_width_inclusive,tuned - fixed,0.4288012872083655
7,set_transformer,20,mean_q,tuned - fixed,0.07835880933226065
7,set_transformer,20,crps_game_equal,tuned - fixed,-5.6909961215004246e-05
7,set_transformer,20,coverage_game_equal,tuned - fixed,0.0026016989857973183
7,set_transformer,20,mean_width_game_equal,tuned - fixed,0.4204874394069549
7,set_transformer,20,mean_width_inclusive_game_equal,tuned - fixed,0.4204874394069549
7,zoo_cnn,20,crps,tuned - fixed,-0.0004300059923491445
7,zoo_cnn,20,coverage,tuned - fixed,-0.005631536604987941
7,zoo_cnn,20,mean_width,tuned - fixed,-0.006275140788414291
7,zoo_cnn,20,mean_width_inclusive,tuned - fixed,-0.006275140788414291
7,zoo_cnn,20,mean_q,tuned - fixed,-0.23491552695092466
7,zoo_cnn,20,crps_game_equal,tuned - fixed,-0.0004414562415609377
7,zoo_cnn,20,coverage_game_equal,tuned - fixed,-0.005899083828942442
7,zoo_cnn,20,mean_width_game_equal,tuned - fixed,-0.01056115868182772
7,zoo_cnn,20,mean_width_inclusive_game_equal,tuned - fixed,-0.01056115868182772
7,lightgbm_multiclass,160,crps,tuned - fixed,0.0
7,lightgbm_multiclass,160,coverage,tuned - fixed,0.0
7,lightgbm_multiclass,160,mean_width,tuned - fixed,0.0
7,lightgbm_multiclass,160,mean_width_inclusive,tuned - fixed,0.0
7,lightgbm_multiclass,160,mean_q,tuned - fixed,0.0
7,lightgbm_multiclass,160,crps_game_equal,tuned - fixed,0.0
7,lightgbm_multiclass,160,coverage_game_equal,tuned - fixed,0.0
7,lightgbm_multiclass,160,mean_width_game_equal,tuned - fixed,0.0
7,lightgbm_multiclass,160,mean_width_inclusive_game_equal,tuned - fixed,0.0
7,ridge_sgd_l2,160,crps,tuned - fixed,-0.0003014339594041692
7,ridge_sgd_l2,160,coverage,tuned - fixed,-0.01078037007240551
7,ridge_sgd_l2,160,mean_width,tuned - fixed,-2.8271922767497983
7,ridge_sgd_l2,160,mean_width_inclusive,tuned - fixed,-2.8271922767497983
7,ridge_sgd_l2,160,mean_q,tuned - fixed,-0.10329847144006438
7,ridge_sgd_l2,160,crps_game_equal,tuned - fixed,-0.0003006761647807582
7,ridge_sgd_l2,160,coverage_game_equal,tuned - fixed,-0.010986241329586699
7,ridge_sgd_l2,160,mean_width_game_equal,tuned - fixed,-2.8070533463416147
7,ridge_sgd_l2,160,mean_width_inclusive_game_equal,tuned - fixed,-2.8070533463416147
7,set_transformer,160,crps,tuned - fixed,-7.223099319645168e-06
7,set_transformer,160,coverage,tuned - fixed,0.004022526146419958
7,set_transformer,160,mean_width,tuned - fixed,0.2133547868061143
7,set_transformer,160,mean_width_inclusive,tuned - fixed,0.2133547868061143
7,set_transformer,160,mean_q,tuned - fixed,-0.08656476267095736
7,set_transformer,160,crps_game_equal,tuned - fixed,-4.889746759524985e-06
7,set_transformer,160,coverage_game_equal,tuned - fixed,0.003851696858298115
7,set_transformer,160,mean_width_game_equal,tuned - fixed,0.2124408378295417
7,set_transformer,160,mean_width_inclusive_game_equal,tuned - fixed,0.21244083782953993
7,zoo_cnn,160,crps,tuned - fixed,-2.2755218785641684e-09
7,zoo_cnn,160,coverage,tuned - fixed,0.0
7,zoo_cnn,160,mean_width,tuned - fixed,0.0
7,zoo_cnn,160,mean_width_inclusive,tuned - fixed,0.0
7,zoo_cnn,160,mean_q,tuned - fixed,0.0
7,zoo_cnn,160,crps_game_equal,tuned - fixed,-2.1671291549479887e-09
7,zoo_cnn,160,coverage_game_equal,tuned - fixed,0.0
7,zoo_cnn,160,mean_width_game_equal,tuned - fixed,0.0
7,zoo_cnn,160,mean_width_inclusive_game_equal,tuned - fixed,0.0
7,lightgbm_multiclass,360,crps,tuned - fixed,0.0
7,lightgbm_multiclass,360,coverage,tuned - fixed,0.0
7,lightgbm_multiclass,360,mean_width,tuned - fixed,0.0
7,lightgbm_multiclass,360,mean_width_inclusive,tuned - fixed,0.0
7,lightgbm_multiclass,360,mean_q,tuned - fixed,0.0
7,lightgbm_multiclass,360,crps_game_equal,tuned - fixed,0.0
7,lightgbm_multiclass,360,coverage_game_equal,tuned - fixed,0.0
7,lightgbm_multiclass,360,mean_width_game_equal,tuned - fixed,0.0
7,lightgbm_multiclass,360,mean_width_inclusive_game_equal,tuned - fixed,0.0
7,ridge_sgd_l2,360,crps,tuned - fixed,-0.0003154116320109278
7,ridge_sgd_l2,360,coverage,tuned - fixed,-0.011584875301689501
7,ridge_sgd_l2,360,mean_width,tuned - fixed,-2.9340305711987114
7,ridge_sgd_l2,360,mean_width_inclusive,tuned - fixed,-2.9340305711987114
7,ridge_sgd_l2,360,mean_q,tuned - fixed,-0.07353177795655669
7,ridge_sgd_l2,360,crps_game_equal,tuned - fixed,-0.0003148648154124023
7,ridge_sgd_l2,360,coverage_game_equal,tuned - fixed,-0.011621668988796685
7,ridge_sgd_l2,360,mean_width_game_equal,tuned - fixed,-2.9153475439439873
7,ridge_sgd_l2,360,mean_width_inclusive_game_equal,tuned - fixed,-2.9153475439439873
7,set_transformer,360,crps,tuned - fixed,-0.00010327464544527751
7,set_transformer,360,coverage,tuned - fixed,0.00820595333869667
7,set_transformer,360,mean_width,tuned - fixed,-0.16942880128720894
7,set_transformer,360,mean_width_inclusive,tuned - fixed,-0.16942880128720894
7,set_transformer,360,mean_q,tuned - fixed,0.05358004827031376
7,set_transformer,360,crps_game_equal,tuned - fixed,-0.00010896297332378332
7,set_transformer,360,coverage_game_equal,tuned - fixed,0.008052098385611939
7,set_transformer,360,mean_width_game_equal,tuned - fixed,-0.17609163775756898
7,set_transformer,360,mean_width_inclusive_game_equal,tuned - fixed,-0.17609163775756898
7,zoo_cnn,360,crps,tuned - fixed,-3.2303771671599035e-05
7,zoo_cnn,360,coverage,tuned - fixed,0.005470635559131187
7,zoo_cnn,360,mean_width,tuned - fixed,0.3829444891391791
7,zoo_cnn,360,mean_width_inclusive,tuned - fixed,0.3829444891391791
7,zoo_cnn,360,mean_q,tuned - fixed,0.09348350764279956
7,zoo_cnn,360,crps_game_equal,tuned - fixed,-2.5389790991590597e-05
7,zoo_cnn,360,coverage_game_equal,tuned - fixed,0.0057666368599116336
7,zoo_cnn,360,mean_width_game_equal,tuned - fixed,0.3947099825966376
7,zoo_cnn,360,mean_width_inclusive_game_equal,tuned - fixed,0.3947099825966376
8,lightgbm_multiclass,20,crps,tuned - fixed,0.0
8,lightgbm_multiclass,20,coverage,tuned - fixed,0.0
8,lightgbm_multiclass,20,mean_width,tuned - fixed,0.0
8,lightgbm_multiclass,20,mean_width_inclusive,tuned - fixed,0.0
8,lightgbm_multiclass,20,mean_q,tuned - fixed,0.0
8,lightgbm_multiclass,20,crps_game_equal,tuned - fixed,0.0
8,lightgbm_multiclass,20,coverage_game_equal,tuned - fixed,0.0
8,lightgbm_multiclass,20,mean_width_game_equal,tuned - fixed,0.0
8,lightgbm_multiclass,20,mean_width_inclusive_game_equal,tuned - fixed,0.0
8,ridge_sgd_l2,20,crps,tuned - fixed,-0.00022185302293074513
8,ridge_sgd_l2,20,coverage,tuned - fixed,-0.00957395883197698
8,ridge_sgd_l2,20,mean_width,tuned - fixed,-2.7237912876974626
8,ridge_sgd_l2,20,mean_width_inclusive,tuned - fixed,-2.7237912876974626
8,ridge_sgd_l2,20,mean_q,tuned - fixed,0.06015637466092233
8,ridge_sgd_l2,20,crps_game_equal,tuned - fixed,-0.00021575179700778283
8,ridge_sgd_l2,20,coverage_game_equal,tuned - fixed,-0.009209346693770937
8,ridge_sgd_l2,20,mean_width_game_equal,tuned - fixed,-2.6948079061876484
8,ridge_sgd_l2,20,mean_width_inclusive_game_equal,tuned - fixed,-2.6948079061876484
8,set_transformer,20,crps,tuned - fixed,6.82506684371309e-06
8,set_transformer,20,coverage,tuned - fixed,0.001116961863730559
8,set_transformer,20,mean_width,tuned - fixed,0.1710547311313242
8,set_transformer,20,mean_width_inclusive,tuned - fixed,0.1710547311313242
8,set_transformer,20,mean_q,tuned - fixed,-0.10898356470400516
8,set_transformer,20,crps_game_equal,tuned - fixed,7.905688298538716e-06
8,set_transformer,20,coverage_game_equal,tuned - fixed,0.0012176590717223323
8,set_transformer,20,mean_width_game_equal,tuned - fixed,0.1723811284819341
8,set_transformer,20,mean_width_inclusive_game_equal,tuned - fixed,0.1723811284819341
8,zoo_cnn,20,crps,tuned - fixed,-9.222608389748352e-05
8,zoo_cnn,20,coverage,tuned - fixed,0.004627413435455585
8,zoo_cnn,20,mean_width,tuned - fixed,-0.047869794159884904
8,zoo_cnn,20,mean_width_inclusive,tuned - fixed,-0.04786979415988313
8,zoo_cnn,20,mean_q,tuned - fixed,-0.5181107387904897
8,zoo_cnn,20,crps_game_equal,tuned - fixed,-0.00011355222700798473
8,zoo_cnn,20,coverage_game_equal,tuned - fixed,0.004774119782973152
8,zoo_cnn,20,mean_width_game_equal,tuned - fixed,-0.07097695018308414
8,zoo_cnn,20,mean_width_inclusive_game_equal,tuned - fixed,-0.07097695018308059
8,lightgbm_multiclass,160,crps,tuned - fixed,0.0
8,lightgbm_multiclass,160,coverage,tuned - fixed,0.0
8,lightgbm_multiclass,160,mean_width,tuned - fixed,0.0
8,lightgbm_multiclass,160,mean_width_inclusive,tuned - fixed,0.0
8,lightgbm_multiclass,160,mean_q,tuned - fixed,0.0
8,lightgbm_multiclass,160,crps_game_equal,tuned - fixed,0.0
8,lightgbm_multiclass,160,coverage_game_equal,tuned - fixed,0.0
8,lightgbm_multiclass,160,mean_width_game_equal,tuned - fixed,0.0
8,lightgbm_multiclass,160,mean_width_inclusive_game_equal,tuned - fixed,0.0
8,ridge_sgd_l2,160,crps,tuned - fixed,-0.0003365730518966343
8,ridge_sgd_l2,160,coverage,tuned - fixed,-0.008456996968246422
8,ridge_sgd_l2,160,mean_width,tuned - fixed,-2.7183660443593425
8,ridge_sgd_l2,160,mean_width_inclusive,tuned - fixed,-2.7183660443593425
8,ridge_sgd_l2,160,mean_q,tuned - fixed,-0.07340035104515719
8,ridge_sgd_l2,160,crps_game_equal,tuned - fixed,-0.0003341008319561727
8,ridge_sgd_l2,160,coverage_game_equal,tuned - fixed,-0.008280258685578024
8,ridge_sgd_l2,160,mean_width_game_equal,tuned - fixed,-2.690682977851818
8,ridge_sgd_l2,160,mean_width_inclusive_game_equal,tuned - fixed,-2.690682977851818
8,set_transformer,160,crps,tuned - fixed,1.9924654839000022e-05
8,set_transformer,160,coverage,tuned - fixed,-0.0007978299026647484
8,set_transformer,160,mean_width,tuned - fixed,0.5380564863571085
8,set_transformer,160,mean_width_inclusive,tuned - fixed,0.5380564863571085
8,set_transformer,160,mean_q,tuned - fixed,-0.0786660284027445
8,set_transformer,160,crps_game_equal,tuned - fixed,2.0779708242883027e-05
8,set_transformer,160,coverage_game_equal,tuned - fixed,-0.0005925370954339426
8,set_transformer,160,mean_width_game_equal,tuned - fixed,0.5435645846413113
8,set_transformer,160,mean_width_inclusive_game_equal,tuned - fixed,0.5435645846413113
8,zoo_cnn,160,crps,tuned - fixed,-0.0002636824345976993
8,zoo_cnn,160,coverage,tuned - fixed,0.006861337162916814
8,zoo_cnn,160,mean_width,tuned - fixed,-0.004308281474388664
8,zoo_cnn,160,mean_width_inclusive,tuned - fixed,-0.004308281474390441
8,zoo_cnn,160,mean_q,tuned - fixed,0.810116483165789
8,zoo_cnn,160,crps_game_equal,tuned - fixed,-0.00026941994021891826
8,zoo_cnn,160,coverage_game_equal,tuned - fixed,0.00660960540845712
8,zoo_cnn,160,mean_width_game_equal,tuned - fixed,0.01453273673220501
8,zoo_cnn,160,mean_width_inclusive_game_equal,tuned - fixed,0.014532736732203233
8,lightgbm_multiclass,360,crps,tuned - fixed,0.0
8,lightgbm_multiclass,360,coverage,tuned - fixed,0.0
8,lightgbm_multiclass,360,mean_width,tuned - fixed,0.0
8,lightgbm_multiclass,360,mean_width_inclusive,tuned - fixed,0.0
8,lightgbm_multiclass,360,mean_q,tuned - fixed,0.0
8,lightgbm_multiclass,360,crps_game_equal,tuned - fixed,0.0
8,lightgbm_multiclass,360,coverage_game_equal,tuned - fixed,0.0
8,lightgbm_multiclass,360,mean_width_game_equal,tuned - fixed,0.0
8,lightgbm_multiclass,360,mean_width_inclusive_game_equal,tuned - fixed,0.0
8,ridge_sgd_l2,360,crps,tuned - fixed,-0.0003429396305804303
8,ridge_sgd_l2,360,coverage,tuned - fixed,-0.007020903143449719
8,ridge_sgd_l2,360,mean_width,tuned - fixed,-2.7825115685335895
8,ridge_sgd_l2,360,mean_width_inclusive,tuned - fixed,-2.7825115685335895
8,ridge_sgd_l2,360,mean_q,tuned - fixed,0.01085048667624064
8,ridge_sgd_l2,360,crps_game_equal,tuned - fixed,-0.00034107620245754297
8,ridge_sgd_l2,360,coverage_game_equal,tuned - fixed,-0.0066060073173925815
8,ridge_sgd_l2,360,mean_width_game_equal,tuned - fixed,-2.752639797989424
8,ridge_sgd_l2,360,mean_width_inclusive_game_equal,tuned - fixed,-2.752639797989424
8,set_transformer,360,crps,tuned - fixed,-0.00018477702300710545
8,set_transformer,360,coverage,tuned - fixed,0.0019147917663954184
8,set_transformer,360,mean_width,tuned - fixed,-0.4826870911121741
8,set_transformer,360,mean_width_inclusive,tuned - fixed,-0.4826870911121741
8,set_transformer,360,mean_q,tuned - fixed,-0.008456996968246366
8,set_transformer,360,crps_game_equal,tuned - fixed,-0.0001821521547830593
8,set_transformer,360,coverage_game_equal,tuned - fixed,0.0018663044968593168
8,set_transformer,360,mean_width_game_equal,tuned - fixed,-0.48180341127882365
8,set_transformer,360,mean_width_inclusive_game_equal,tuned - fixed,-0.4818034112788254
8,zoo_cnn,360,crps,tuned - fixed,-7.479981909856541e-05
8,zoo_cnn,360,coverage,tuned - fixed,-0.007340035104515752
8,zoo_cnn,360,mean_width,tuned - fixed,0.019467049625021104
8,zoo_cnn,360,mean_width_inclusive,tuned - fixed,0.019467049625021104
8,zoo_cnn,360,mean_q,tuned - fixed,-0.5856071485559278
8,zoo_cnn,360,crps_game_equal,tuned - fixed,-7.29767154666102e-05
8,zoo_cnn,360,coverage_game_equal,tuned - fixed,-0.0076439259698131146
8,zoo_cnn,360,mean_width_game_equal,tuned - fixed,0.029053196585588026
8,zoo_cnn,360,mean_width_inclusive_game_equal,tuned - fixed,0.029053196585589802
9,lightgbm_multiclass,20,crps,tuned - fixed,0.0
9,lightgbm_multiclass,20,coverage,tuned - fixed,0.0
9,lightgbm_multiclass,20,mean_width,tuned - fixed,0.0
9,lightgbm_multiclass,20,mean_width_inclusive,tuned - fixed,0.0
9,lightgbm_multiclass,20,mean_q,tuned - fixed,0.0
9,lightgbm_multiclass,20,crps_game_equal,tuned - fixed,0.0
9,lightgbm_multiclass,20,coverage_game_equal,tuned - fixed,0.0
9,lightgbm_multiclass,20,mean_width_game_equal,tuned - fixed,0.0
9,lightgbm_multiclass,20,mean_width_inclusive_game_equal,tuned - fixed,0.0
9,ridge_sgd_l2,20,crps,tuned - fixed,-0.0002925730099816882
9,ridge_sgd_l2,20,coverage,tuned - fixed,-0.005558280202713761
9,ridge_sgd_l2,20,mean_width,tuned - fixed,-2.6231812980219082
9,ridge_sgd_l2,20,mean_width_inclusive,tuned - fixed,-2.6231812980219082
9,ridge_sgd_l2,20,mean_q,tuned - fixed,0.005721759032205342
9,ridge_sgd_l2,20,crps_game_equal,tuned - fixed,-0.00029024162643270443
9,ridge_sgd_l2,20,coverage_game_equal,tuned - fixed,-0.005705667964889916
9,ridge_sgd_l2,20,mean_width_game_equal,tuned - fixed,-2.6025325968718285
9,ridge_sgd_l2,20,mean_width_inclusive_game_equal,tuned - fixed,-2.6025325968718285
9,set_transformer,20,crps,tuned - fixed,4.3030240792645696e-05
9,set_transformer,20,coverage,tuned - fixed,0.0014713094654241754
9,set_transformer,20,mean_width,tuned - fixed,-0.13863004740885998
9,set_transformer,20,mean_width_inclusive,tuned - fixed,-0.13863004740885998
9,set_transformer,20,mean_q,tuned - fixed,-0.04266797449730261
9,set_transformer,20,crps_game_equal,tuned - fixed,4.585954809143561e-05
9,set_transformer,20,coverage_game_equal,tuned - fixed,0.0015968149314965485
9,set_transformer,20,mean_width_game_equal,tuned - fixed,-0.14288894218124248
9,set_transformer,20,mean_width_inclusive_game_equal,tuned - fixed,-0.1428889421812407
9,zoo_cnn,20,crps,tuned - fixed,-0.004323483460556762
9,zoo_cnn,20,coverage,tuned - fixed,-0.06866110838646389
9,zoo_cnn,20,mean_width,tuned - fixed,-26.95210070295897
9,zoo_cnn,20,mean_width_inclusive,tuned - fixed,-26.95210070295897
9,zoo_cnn,20,mean_q,tuned - fixed,3.1937224129475235
9,zoo_cnn,20,crps_game_equal,tuned - fixed,-0.004376543366742923
9,zoo_cnn,20,coverage_game_equal,tuned - fixed,-0.06775092229914903
9,zoo_cnn,20,mean_width_game_equal,tuned - fixed,-26.932594080086066
9,zoo_cnn,20,mean_width_inclusive_game_equal,tuned - fixed,-26.932594080086066
9,lightgbm_multiclass,160,crps,tuned - fixed,0.0
9,lightgbm_multiclass,160,coverage,tuned - fixed,0.0
9,lightgbm_multiclass,160,mean_width,tuned - fixed,0.0
9,lightgbm_multiclass,160,mean_width_inclusive,tuned - fixed,0.0
9,lightgbm_multiclass,160,mean_q,tuned - fixed,0.0
9,lightgbm_multiclass,160,crps_game_equal,tuned - fixed,0.0
9,lightgbm_multiclass,160,coverage_game_equal,tuned - fixed,0.0
9,lightgbm_multiclass,160,mean_width_game_equal,tuned - fixed,0.0
9,lightgbm_multiclass,160,mean_width_inclusive_game_equal,tuned - fixed,0.0
9,ridge_sgd_l2,160,crps,tuned - fixed,-0.0003348136830959303
9,ridge_sgd_l2,160,coverage,tuned - fixed,-0.008010462645087424
9,ridge_sgd_l2,160,mean_width,tuned - fixed,-3.146640510053949
9,ridge_sgd_l2,160,mean_width_inclusive,tuned - fixed,-3.146640510053949
9,ridge_sgd_l2,160,mean_q,tuned - fixed,-0.07094981199934608
9,ridge_sgd_l2,160,crps_game_equal,tuned - fixed,-0.0003335996669898422
9,ridge_sgd_l2,160,coverage_game_equal,tuned - fixed,-0.008126009268755174
9,ridge_sgd_l2,160,mean_width_game_equal,tuned - fixed,-3.1257634788831226
9,ridge_sgd_l2,160,mean_width_inclusive_game_equal,tuned - fixed,-3.1257634788831226
9,set_transformer,160,crps,tuned - fixed,1.788732081987182e-05
9,set_transformer,160,coverage,tuned - fixed,-0.0006539153179663248
9,set_transformer,160,mean_width,tuned - fixed,0.15399705738106917
9,set_transformer,160,mean_width_inclusive,tuned - fixed,0.15399705738106917
9,set_transformer,160,mean_q,tuned - fixed,-0.003923491907797942
9,set_transformer,160,crps_game_equal,tuned - fixed,1.4295883201341161e-05
9,set_transformer,160,coverage_game_equal,tuned - fixed,-0.0007552664202739034
9,set_transformer,160,mean_width_game_equal,tuned - fixed,0.14139604765252756
9,set_transformer,160,mean_width_inclusive_game_equal,tuned - fixed,0.14139604765252933
9,zoo_cnn,160,crps,tuned - fixed,-4.3785512490041034e-09
9,zoo_cnn,160,coverage,tuned - fixed,0.0
9,zoo_cnn,160,mean_width,tuned - fixed,0.0
9,zoo_cnn,160,mean_width_inclusive,tuned - fixed,0.0
9,zoo_cnn,160,mean_q,tuned - fixed,0.0
9,zoo_cnn,160,crps_game_equal,tuned - fixed,-4.819031836772458e-09
9,zoo_cnn,160,coverage_game_equal,tuned - fixed,0.0
9,zoo_cnn,160,mean_width_game_equal,tuned - fixed,0.0
9,zoo_cnn,160,mean_width_inclusive_game_equal,tuned - fixed,0.0
9,lightgbm_multiclass,360,crps,tuned - fixed,0.0
9,lightgbm_multiclass,360,coverage,tuned - fixed,0.0
9,lightgbm_multiclass,360,mean_width,tuned - fixed,0.0
9,lightgbm_multiclass,360,mean_width_inclusive,tuned - fixed,0.0
9,lightgbm_multiclass,360,mean_q,tuned - fixed,0.0
9,lightgbm_multiclass,360,crps_game_equal,tuned - fixed,0.0
9,lightgbm_multiclass,360,coverage_game_equal,tuned - fixed,0.0
9,lightgbm_multiclass,360,mean_width_game_equal,tuned - fixed,0.0
9,lightgbm_multiclass,360,mean_width_inclusive_game_equal,tuned - fixed,0.0
9,ridge_sgd_l2,360,crps,tuned - fixed,-0.00032062894498485067
9,ridge_sgd_l2,360,coverage,tuned - fixed,-0.007520026156612736
9,ridge_sgd_l2,360,mean_width,tuned - fixed,-2.8744482589504656
9,ridge_sgd_l2,360,mean_width_inclusive,tuned - fixed,-2.8744482589504656
9,ridge_sgd_l2,360,mean_q,tuned - fixed,-0.07879679581494198
9,ridge_sgd_l2,360,crps_game_equal,tuned - fixed,-0.00031931168077139506
9,ridge_sgd_l2,360,coverage_game_equal,tuned - fixed,-0.0076848650614356195
9,ridge_sgd_l2,360,mean_width_game_equal,tuned - fixed,-2.854809339984339
9,ridge_sgd_l2,360,mean_width_inclusive_game_equal,tuned - fixed,-2.854809339984339
9,set_transformer,360,crps,tuned - fixed,-7.387628448183269e-05
9,set_transformer,360,coverage,tuned - fixed,0.007193068497629573
9,set_transformer,360,mean_width,tuned - fixed,0.34395945725028554
9,set_transformer,360,mean_width_inclusive,tuned - fixed,0.34395945725028554
9,set_transformer,360,mean_q,tuned - fixed,-0.0017982671244073892
9,set_transformer,360,crps_game_equal,tuned - fixed,-6.297622071212497e-05
9,set_transformer,360,coverage_game_equal,tuned - fixed,0.0069338223012485045
9,set_transformer,360,mean_width_game_equal,tuned - fixed,0.3463113288142754
9,set_transformer,360,mean_width_inclusive_game_equal,tuned - fixed,0.34631132881427895
9,zoo_cnn,360,crps,tuned - fixed,-0.0004365752494526684
9,zoo_cnn,360,coverage,tuned - fixed,0.0035965342488147867
9,zoo_cnn,360,mean_width,tuned - fixed,0.17672061468039857
9,zoo_cnn,360,mean_width_inclusive,tuned - fixed,0.17672061468039857
9,zoo_cnn,360,mean_q,tuned - fixed,-0.5416053621056073
9,zoo_cnn,360,crps_game_equal,tuned - fixed,-0.0004382373496912631
9,zoo_cnn,360,coverage_game_equal,tuned - fixed,0.0038589009007999886
9,zoo_cnn,360,mean_width_game_equal,tuned - fixed,0.1834036525614664
9,zoo_cnn,360,mean_width_inclusive_game_equal,tuned - fixed,0.1834036525614664
10,lightgbm_multiclass,20,crps,tuned - fixed,0.0
10,lightgbm_multiclass,20,coverage,tuned - fixed,0.0
10,lightgbm_multiclass,20,mean_width,tuned - fixed,0.0
10,lightgbm_multiclass,20,mean_width_inclusive,tuned - fixed,0.0
10,lightgbm_multiclass,20,mean_q,tuned - fixed,0.0
10,lightgbm_multiclass,20,crps_game_equal,tuned - fixed,0.0
10,lightgbm_multiclass,20,coverage_game_equal,tuned - fixed,0.0
10,lightgbm_multiclass,20,mean_width_game_equal,tuned - fixed,0.0
10,lightgbm_multiclass,20,mean_width_inclusive_game_equal,tuned - fixed,0.0
10,ridge_sgd_l2,20,crps,tuned - fixed,-0.00023780786557509037
10,ridge_sgd_l2,20,coverage,tuned - fixed,-0.007858861267040829
10,ridge_sgd_l2,20,mean_width,tuned - fixed,-2.4224538893344025
10,ridge_sgd_l2,20,mean_width_inclusive,tuned - fixed,-2.4224538893344025
10,ridge_sgd_l2,20,mean_q,tuned - fixed,-0.07730553327987166
10,ridge_sgd_l2,20,crps_game_equal,tuned - fixed,-0.0002400935055185665
10,ridge_sgd_l2,20,coverage_game_equal,tuned - fixed,-0.007876762047784425
10,ridge_sgd_l2,20,mean_width_game_equal,tuned - fixed,-2.4192895104880847
10,ridge_sgd_l2,20,mean_width_inclusive_game_equal,tuned - fixed,-2.4192895104880883
10,set_transformer,20,crps,tuned - fixed,-4.9325248155162454e-05
10,set_transformer,20,coverage,tuned - fixed,0.0003207698476342946
10,set_transformer,20,mean_width,tuned - fixed,1.087249398556537
10,set_transformer,20,mean_width_inclusive,tuned - fixed,1.087249398556537
10,set_transformer,20,mean_q,tuned - fixed,0.3576583801122694
10,set_transformer,20,crps_game_equal,tuned - fixed,-4.373817120974753e-05
10,set_transformer,20,coverage_game_equal,tuned - fixed,-0.00014388952593469284
10,set_transformer,20,mean_width_game_equal,tuned - fixed,1.0919873032586
10,set_transformer,20,mean_width_inclusive_game_equal,tuned - fixed,1.0919873032586018
10,zoo_cnn,20,crps,tuned - fixed,-6.279419494797933e-09
10,zoo_cnn,20,coverage,tuned - fixed,0.0
10,zoo_cnn,20,mean_width,tuned - fixed,0.00032076984763307337
10,zoo_cnn,20,mean_width_inclusive,tuned - fixed,0.00032076984763307337
10,zoo_cnn,20,mean_q,tuned - fixed,0.00016038492381742486
10,zoo_cnn,20,crps_game_equal,tuned - fixed,-6.771151490198024e-09
10,zoo_cnn,20,coverage_game_equal,tuned - fixed,0.0
10,zoo_cnn,20,mean_width_game_equal,tuned - fixed,0.00026068821689051447
10,zoo_cnn,20,mean_width_inclusive_game_equal,tuned - fixed,0.00026068821689051447
10,lightgbm_multiclass,160,crps,tuned - fixed,0.0
10,lightgbm_multiclass,160,coverage,tuned - fixed,0.0
10,lightgbm_multiclass,160,mean_width,tuned - fixed,0.0
10,lightgbm_multiclass,160,mean_width_inclusive,tuned - fixed,0.0
10,lightgbm_multiclass,160,mean_q,tuned - fixed,0.0
10,lightgbm_multiclass,160,crps_game_equal,tuned - fixed,0.0
10,lightgbm_multiclass,160,coverage_game_equal,tuned - fixed,0.0
10,lightgbm_multiclass,160,mean_width_game_equal,tuned - fixed,0.0
10,lightgbm_multiclass,160,mean_width_inclusive_game_equal,tuned - fixed,0.0
10,ridge_sgd_l2,160,crps,tuned - fixed,-0.0003010672903131402
10,ridge_sgd_l2,160,coverage,tuned - fixed,-0.010264635124298316
10,ridge_sgd_l2,160,mean_width,tuned - fixed,-3.080032076984761
10,ridge_sgd_l2,160,mean_width_inclusive,tuned - fixed,-3.080032076984761
10,ridge_sgd_l2,160,mean_q,tuned - fixed,-0.012991178829190042
10,ridge_sgd_l2,160,crps_game_equal,tuned - fixed,-0.00030449167440566374
10,ridge_sgd_l2,160,coverage_game_equal,tuned - fixed,-0.010213058213067061
10,ridge_sgd_l2,160,mean_width_game_equal,tuned - fixed,-3.0739558441619828
10,ridge_sgd_l2,160,mean_width_inclusive_game_equal,tuned - fixed,-3.0739558441619828
10,set_transformer,160,crps,tuned - fixed,-0.0003202359745322278
10,set_transformer,160,coverage,tuned - fixed,-0.0027265437048917818
10,set_transformer,160,mean_width,tuned - fixed,-0.6102646351242971
10,set_transformer,160,mean_width_inclusive,tuned - fixed,-0.6102646351242988
10,set_transformer,160,mean_q,tuned - fixed,-0.08789093825180433
10,set_transformer,160,crps_game_equal,tuned - fixed,-0.00031431112206381333
10,set_transformer,160,coverage_game_equal,tuned - fixed,-0.0031377185535438334
10,set_transformer,160,mean_width_game_equal,tuned - fixed,-0.5952183204015675
10,set_transformer,160,mean_width_inclusive_game_equal,tuned - fixed,-0.5952183204015675
10,zoo_cnn,160,crps,tuned - fixed,-0.0005192545332959788
10,zoo_cnn,160,coverage,tuned - fixed,0.005292702485966361
10,zoo_cnn,160,mean_width,tuned - fixed,0.4726543704891739
10,zoo_cnn,160,mean_width_inclusive,tuned - fixed,0.4726543704891739
10,zoo_cnn,160,mean_q,tuned - fixed,-0.16840417000801922
10,zoo_cnn,160,crps_game_equal,tuned - fixed,-0.0005073760783497784
10,zoo_cnn,160,coverage_game_equal,tuned - fixed,0.004777610116423636
10,zoo_cnn,160,mean_width_game_equal,tuned - fixed,0.48794591525070885
10,zoo_cnn,160,mean_width_inclusive_game_equal,tuned - fixed,0.4879459152507053
10,lightgbm_multiclass,360,crps,tuned - fixed,0.0
10,lightgbm_multiclass,360,coverage,tuned - fixed,0.0
10,lightgbm_multiclass,360,mean_width,tuned - fixed,0.0
10,lightgbm_multiclass,360,mean_width_inclusive,tuned - fixed,0.0
10,lightgbm_multiclass,360,mean_q,tuned - fixed,0.0
10,lightgbm_multiclass,360,crps_game_equal,tuned - fixed,0.0
10,lightgbm_multiclass,360,coverage_game_equal,tuned - fixed,0.0
10,lightgbm_multiclass,360,mean_width_game_equal,tuned - fixed,0.0
10,lightgbm_multiclass,360,mean_width_inclusive_game_equal,tuned - fixed,0.0
10,ridge_sgd_l2,360,crps,tuned - fixed,-0.0002741149697971599
10,ridge_sgd_l2,360,coverage,tuned - fixed,-0.006094627105052042
10,ridge_sgd_l2,360,mean_width,tuned - fixed,-2.8060946271050504
10,ridge_sgd_l2,360,mean_width_inclusive,tuned - fixed,-2.8060946271050504
10,ridge_sgd_l2,360,mean_q,tuned - fixed,-0.09013632718524461
10,ridge_sgd_l2,360,crps_game_equal,tuned - fixed,-0.00027631976267542165
10,ridge_sgd_l2,360,coverage_game_equal,tuned - fixed,-0.006082523929385908
10,ridge_sgd_l2,360,mean_width_game_equal,tuned - fixed,-2.7992436268095844
10,ridge_sgd_l2,360,mean_width_inclusive_game_equal,tuned - fixed,-2.7992436268095844
10,set_transformer,360,crps,tuned - fixed,-5.165899095646055e-05
10,set_transformer,360,coverage,tuned - fixed,0.013953488372092981
10,set_transformer,360,mean_width,tuned - fixed,0.6093023255813961
10,set_transformer,360,mean_width_inclusive,tuned - fixed,0.6093023255813961
10,set_transformer,360,mean_q,tuned - fixed,-0.008981555733761026
10,set_transformer,360,crps_game_equal,tuned - fixed,-5.0457255338519705e-05
10,set_transformer,360,coverage_game_equal,tuned - fixed,0.014438417436888229
10,set_transformer,360,mean_width_game_equal,tuned - fixed,0.6128536362840222
10,set_transformer,360,mean_width_inclusive_game_equal,tuned - fixed,0.6128536362840258
10,zoo_cnn,360,crps,tuned - fixed,-2.523465382833767e-09
10,zoo_cnn,360,coverage,tuned - fixed,0.0
10,zoo_cnn,360,mean_width,tuned - fixed,0.0
10,zoo_cnn,360,mean_width_inclusive,tuned - fixed,0.0
10,zoo_cnn,360,mean_q,tuned - fixed,0.0
10,zoo_cnn,360,crps_game_equal,tuned - fixed,-2.7269547227953828e-09
10,zoo_cnn,360,coverage_game_equal,tuned - fixed,0.0
10,zoo_cnn,360,mean_width_game_equal,tuned - fixed,0.0
10,zoo_cnn,360,mean_width_inclusive_game_equal,tuned - fixed,0.0
11,lightgbm_multiclass,20,crps,tuned - fixed,0.0
11,lightgbm_multiclass,20,coverage,tuned - fixed,0.0
11,lightgbm_multiclass,20,mean_width,tuned - fixed,0.0
11,lightgbm_multiclass,20,mean_width_inclusive,tuned - fixed,0.0
11,lightgbm_multiclass,20,mean_q,tuned - fixed,0.0
11,lightgbm_multiclass,20,crps_game_equal,tuned - fixed,0.0
11,lightgbm_multiclass,20,coverage_game_equal,tuned - fixed,0.0
11,lightgbm_multiclass,20,mean_width_game_equal,tuned - fixed,0.0
11,lightgbm_multiclass,20,mean_width_inclusive_game_equal,tuned - fixed,0.0
11,ridge_sgd_l2,20,crps,tuned - fixed,-0.00020366981890579568
11,ridge_sgd_l2,20,coverage,tuned - fixed,-0.016105884228990508
11,ridge_sgd_l2,20,mean_width,tuned - fixed,-3.2953276989315903
11,ridge_sgd_l2,20,mean_width_inclusive,tuned - fixed,-3.2953276989315903
11,ridge_sgd_l2,20,mean_q,tuned - fixed,-0.08292138414925851
11,ridge_sgd_l2,20,crps_game_equal,tuned - fixed,-0.00019927267373340447
11,ridge_sgd_l2,20,coverage_game_equal,tuned - fixed,-0.016185110802129477
11,ridge_sgd_l2,20,mean_width_game_equal,tuned - fixed,-3.2644753211250084
11,ridge_sgd_l2,20,mean_width_inclusive_game_equal,tuned - fixed,-3.2644753211250084
11,set_transformer,20,crps,tuned - fixed,-0.00020469991964240826
11,set_transformer,20,coverage,tuned - fixed,0.006219103811194393
11,set_transformer,20,mean_width,tuned - fixed,1.6144155637059505
11,set_transformer,20,mean_width_inclusive,tuned - fixed,1.6144155637059505
11,set_transformer,20,mean_q,tuned - fixed,0.0
11,set_transformer,20,crps_game_equal,tuned - fixed,-0.00020186190432351474
11,set_transformer,20,coverage_game_equal,tuned - fixed,0.006352364205602035
11,set_transformer,20,mean_width_game_equal,tuned - fixed,1.616662551218571
11,set_transformer,20,mean_width_inclusive_game_equal,tuned - fixed,1.616662551218571
11,zoo_cnn,20,crps,tuned - fixed,5.33397805091429e-11
11,zoo_cnn,20,coverage,tuned - fixed,0.0
11,zoo_cnn,20,mean_width,tuned - fixed,0.0
11,zoo_cnn,20,mean_width_inclusive,tuned - fixed,0.0
11,zoo_cnn,20,mean_q,tuned - fixed,0.0
11,zoo_cnn,20,crps_game_equal,tuned - fixed,1.470058415276032e-10
11,zoo_cnn,20,coverage_game_equal,tuned - fixed,0.0
11,zoo_cnn,20,mean_width_game_equal,tuned - fixed,0.0
11,zoo_cnn,20,mean_width_inclusive_game_equal,tuned - fixed,0.0
11,lightgbm_multiclass,160,crps,tuned - fixed,0.0
11,lightgbm_multiclass,160,coverage,tuned - fixed,0.0
11,lightgbm_multiclass,160,mean_width,tuned - fixed,0.0
11,lightgbm_multiclass,160,mean_width_inclusive,tuned - fixed,0.0
11,lightgbm_multiclass,160,mean_q,tuned - fixed,0.0
11,lightgbm_multiclass,160,crps_game_equal,tuned - fixed,0.0
11,lightgbm_multiclass,160,coverage_game_equal,tuned - fixed,0.0
11,lightgbm_multiclass,160,mean_width_game_equal,tuned - fixed,0.0
11,lightgbm_multiclass,160,mean_width_inclusive_game_equal,tuned - fixed,0.0
11,ridge_sgd_l2,160,crps,tuned - fixed,-0.0003425239568378771
11,ridge_sgd_l2,160,coverage,tuned - fixed,-0.01084356561951838
11,ridge_sgd_l2,160,mean_width,tuned - fixed,-3.087864774358156
11,ridge_sgd_l2,160,mean_width_inclusive,tuned - fixed,-3.087864774358156
11,ridge_sgd_l2,160,mean_q,tuned - fixed,-0.20331685536597036
11,ridge_sgd_l2,160,crps_game_equal,tuned - fixed,-0.0003434082301864722
11,ridge_sgd_l2,160,coverage_game_equal,tuned - fixed,-0.011184438483396786
11,ridge_sgd_l2,160,mean_width_game_equal,tuned - fixed,-3.061345136282629
11,ridge_sgd_l2,160,mean_width_inclusive_game_equal,tuned - fixed,-3.061345136282629
11,set_transformer,160,crps,tuned - fixed,-1.1789141340576292e-07
11,set_transformer,160,coverage,tuned - fixed,0.0
11,set_transformer,160,mean_width,tuned - fixed,-0.0007973210014355914
11,set_transformer,160,mean_width_inclusive,tuned - fixed,-0.0007973210014355914
11,set_transformer,160,mean_q,tuned - fixed,0.0
11,set_transformer,160,crps_game_equal,tuned - fixed,-1.268552209839069e-07
11,set_transformer,160,coverage_game_equal,tuned - fixed,0.0
11,set_transformer,160,mean_width_game_equal,tuned - fixed,-0.0007470569468690513
11,set_transformer,160,mean_width_inclusive_game_equal,tuned - fixed,-0.0007470569468654986
11,zoo_cnn,160,crps,tuned - fixed,-3.8891237729918315e-05
11,zoo_cnn,160,coverage,tuned - fixed,0.0065380322117684075
11,zoo_cnn,160,mean_width,tuned - fixed,3.0601180035082134
11,zoo_cnn,160,mean_width_inclusive,tuned - fixed,3.0601180035082134
11,zoo_cnn,160,mean_q,tuned - fixed,-0.37808961888056136
11,zoo_cnn,160,crps_game_equal,tuned - fixed,-4.899621167920622e-05
11,zoo_cnn,160,coverage_game_equal,tuned - fixed,0.0073313471973286415
11,zoo_cnn,160,mean_width_game_equal,tuned - fixed,3.0758045925227986
11,zoo_cnn,160,mean_width_inclusive_game_equal,tuned - fixed,3.0758045925227986
11,lightgbm_multiclass,360,crps,tuned - fixed,0.0
11,lightgbm_multiclass,360,coverage,tuned - fixed,0.0
11,lightgbm_multiclass,360,mean_width,tuned - fixed,0.0
11,lightgbm_multiclass,360,mean_width_inclusive,tuned - fixed,0.0
11,lightgbm_multiclass,360,mean_q,tuned - fixed,0.0
11,lightgbm_multiclass,360,crps_game_equal,tuned - fixed,0.0
11,lightgbm_multiclass,360,coverage_game_equal,tuned - fixed,0.0
11,lightgbm_multiclass,360,mean_width_game_equal,tuned - fixed,0.0
11,lightgbm_multiclass,360,mean_width_inclusive_game_equal,tuned - fixed,0.0
11,ridge_sgd_l2,360,crps,tuned - fixed,-0.0003471122298672625
11,ridge_sgd_l2,360,coverage,tuned - fixed,-0.011321958220379513
11,ridge_sgd_l2,360,mean_width,tuned - fixed,-3.2978791261361806
11,ridge_sgd_l2,360,mean_width_inclusive,tuned - fixed,-3.2978791261361806
11,ridge_sgd_l2,360,mean_q,tuned - fixed,-0.10349226598628608
11,ridge_sgd_l2,360,crps_game_equal,tuned - fixed,-0.00035083779274600914
11,ridge_sgd_l2,360,coverage_game_equal,tuned - fixed,-0.011634168703496317
11,ridge_sgd_l2,360,mean_width_game_equal,tuned - fixed,-3.2723477637879625
11,ridge_sgd_l2,360,mean_width_inclusive_game_equal,tuned - fixed,-3.2723477637879625
11,set_transformer,360,crps,tuned - fixed,-0.0002768762819194831
11,set_transformer,360,coverage,tuned - fixed,0.00127571360229628
11,set_transformer,360,mean_width,tuned - fixed,-0.5742305852336145
11,set_transformer,360,mean_width_inclusive,tuned - fixed,-0.5742305852336145
11,set_transformer,360,mean_q,tuned - fixed,-0.31254983256258967
11,set_transformer,360,crps_game_equal,tuned - fixed,-0.00029275852505165553
11,set_transformer,360,coverage_game_equal,tuned - fixed,0.0013741553566822828
11,set_transformer,360,mean_width_game_equal,tuned - fixed,-0.5769537010895771
11,set_transformer,360,mean_width_inclusive_game_equal,tuned - fixed,-0.5769537010895789
11,zoo_cnn,360,crps,tuned - fixed,5.122945141017299e-10
11,zoo_cnn,360,coverage,tuned - fixed,0.0
11,zoo_cnn,360,mean_width,tuned - fixed,0.0
11,zoo_cnn,360,mean_width_inclusive,tuned - fixed,0.0
11,zoo_cnn,360,mean_q,tuned - fixed,0.0
11,zoo_cnn,360,crps_game_equal,tuned - fixed,8.228956700079282e-10
11,zoo_cnn,360,coverage_game_equal,tuned - fixed,0.0
11,zoo_cnn,360,mean_width_game_equal,tuned - fixed,0.0
11,zoo_cnn,360,mean_width_inclusive_game_equal,tuned - fixed,0.0
12,lightgbm_multiclass,20,crps,tuned - fixed,0.0
12,lightgbm_multiclass,20,coverage,tuned - fixed,0.0
12,lightgbm_multiclass,20,mean_width,tuned - fixed,0.0
12,lightgbm_multiclass,20,mean_width_inclusive,tuned - fixed,0.0
12,lightgbm_multiclass,20,mean_q,tuned - fixed,0.0
12,lightgbm_multiclass,20,crps_game_equal,tuned - fixed,0.0
12,lightgbm_multiclass,20,coverage_game_equal,tuned - fixed,0.0
12,lightgbm_multiclass,20,mean_width_game_equal,tuned - fixed,0.0
12,lightgbm_multiclass,20,mean_width_inclusive_game_equal,tuned - fixed,0.0
12,ridge_sgd_l2,20,crps,tuned - fixed,-0.000174543440985395
12,ridge_sgd_l2,20,coverage,tuned - fixed,-0.003821656050955413
12,ridge_sgd_l2,20,mean_width,tuned - fixed,-1.877229299363055
12,ridge_sgd_l2,20,mean_width_inclusive,tuned - fixed,-1.877229299363055
12,ridge_sgd_l2,20,mean_q,tuned - fixed,-0.1644904458598726
12,ridge_sgd_l2,20,crps_game_equal,tuned - fixed,-0.0001707096614000786
12,ridge_sgd_l2,20,coverage_game_equal,tuned - fixed,-0.0033023212099291266
12,ridge_sgd_l2,20,mean_width_game_equal,tuned - fixed,-1.848901876576516
12,ridge_sgd_l2,20,mean_width_inclusive_game_equal,tuned - fixed,-1.848901876576516
12,set_transformer,20,crps,tuned - fixed,-7.063664166111205e-05
12,set_transformer,20,coverage,tuned - fixed,0.04124203821656047
12,set_transformer,20,mean_width,tuned - fixed,5.0302547770700645
12,set_transformer,20,mean_width_inclusive,tuned - fixed,5.030254777070066
12,set_transformer,20,mean_q,tuned - fixed,-0.7125796178343949
12,set_transformer,20,crps_game_equal,tuned - fixed,-6.618618924940887e-05
12,set_transformer,20,coverage_game_equal,tuned - fixed,0.04133454742784959
12,set_transformer,20,mean_width_game_equal,tuned - fixed,5.024721135942086
12,set_transformer,20,mean_width_inclusive_game_equal,tuned - fixed,5.024721135942087
12,zoo_cnn,20,crps,tuned - fixed,-0.00031962077748600576
12,zoo_cnn,20,coverage,tuned - fixed,0.0036624203821655765
12,zoo_cnn,20,mean_width,tuned - fixed,-0.32675159235668616
12,zoo_cnn,20,mean_width_inclusive,tuned - fixed,-0.32675159235668616
12,zoo_cnn,20,mean_q,tuned - fixed,0.09984076433120981
12,zoo_cnn,20,crps_game_equal,tuned - fixed,-0.00033690725685756734
12,zoo_cnn,20,coverage_game_equal,tuned - fixed,0.004294277370673449
12,zoo_cnn,20,mean_width_game_equal,tuned - fixed,-0.3482488431734261
12,zoo_cnn,20,mean_width_inclusive_game_equal,tuned - fixed,-0.3482488431734261
12,lightgbm_multiclass,160,crps,tuned - fixed,0.0
12,lightgbm_multiclass,160,coverage,tuned - fixed,0.0
12,lightgbm_multiclass,160,mean_width,tuned - fixed,0.0
12,lightgbm_multiclass,160,mean_width_inclusive,tuned - fixed,0.0
12,lightgbm_multiclass,160,mean_q,tuned - fixed,0.0
12,lightgbm_multiclass,160,crps_game_equal,tuned - fixed,0.0
12,lightgbm_multiclass,160,coverage_game_equal,tuned - fixed,0.0
12,lightgbm_multiclass,160,mean_width_game_equal,tuned - fixed,0.0
12,lightgbm_multiclass,160,mean_width_inclusive_game_equal,tuned - fixed,0.0
12,ridge_sgd_l2,160,crps,tuned - fixed,-0.0003358322468448409
12,ridge_sgd_l2,160,coverage,tuned - fixed,-0.01098726114649684
12,ridge_sgd_l2,160,mean_width,tuned - fixed,-2.9004777070063703
12,ridge_sgd_l2,160,mean_width_inclusive,tuned - fixed,-2.9004777070063703
12,ridge_sgd_l2,160,mean_q,tuned - fixed,0.04267515923566881
12,ridge_sgd_l2,160,crps_game_equal,tuned - fixed,-0.00033573732372535643
12,ridge_sgd_l2,160,coverage_game_equal,tuned - fixed,-0.010821384498787334
12,ridge_sgd_l2,160,mean_width_game_equal,tuned - fixed,-2.868967822100455
12,ridge_sgd_l2,160,mean_width_inclusive_game_equal,tuned - fixed,-2.868967822100455
12,set_transformer,160,crps,tuned - fixed,-0.00019837073431893705
12,set_transformer,160,coverage,tuned - fixed,0.002070063694267432
12,set_transformer,160,mean_width,tuned - fixed,0.40859872611464887
12,set_transformer,160,mean_width_inclusive,tuned - fixed,0.40859872611464887
12,set_transformer,160,mean_q,tuned - fixed,0.10589171974522292
12,set_transformer,160,crps_game_equal,tuned - fixed,-0.00018947548596192493
12,set_transformer,160,coverage_game_equal,tuned - fixed,0.0017696834946608897
12,set_transformer,160,mean_width_game_equal,tuned - fixed,0.40867148630222694
12,set_transformer,160,mean_width_inclusive_game_equal,tuned - fixed,0.40867148630222694
12,zoo_cnn,160,crps,tuned - fixed,-2.5172157240571646e-10
12,zoo_cnn,160,coverage,tuned - fixed,0.0
12,zoo_cnn,160,mean_width,tuned - fixed,-0.00015923566878939255
12,zoo_cnn,160,mean_width_inclusive,tuned - fixed,-0.00015923566878939255
12,zoo_cnn,160,mean_q,tuned - fixed,0.0
12,zoo_cnn,160,crps_game_equal,tuned - fixed,5.798763205722146e-10
12,zoo_cnn,160,coverage_game_equal,tuned - fixed,0.0
12,zoo_cnn,160,mean_width_game_equal,tuned - fixed,-0.00017803097738955387
12,zoo_cnn,160,mean_width_inclusive_game_equal,tuned - fixed,-0.00017803097738955387
12,lightgbm_multiclass,360,crps,tuned - fixed,0.0
12,lightgbm_multiclass,360,coverage,tuned - fixed,0.0
12,lightgbm_multiclass,360,mean_width,tuned - fixed,0.0
12,lightgbm_multiclass,360,mean_width_inclusive,tuned - fixed,0.0
12,lightgbm_multiclass,360,mean_q,tuned - fixed,0.0
12,lightgbm_multiclass,360,crps_game_equal,tuned - fixed,0.0
12,lightgbm_multiclass,360,coverage_game_equal,tuned - fixed,0.0
12,lightgbm_multiclass,360,mean_width_game_equal,tuned - fixed,0.0
12,lightgbm_multiclass,360,mean_width_inclusive_game_equal,tuned - fixed,0.0
12,ridge_sgd_l2,360,crps,tuned - fixed,-0.00033999417020580576
12,ridge_sgd_l2,360,coverage,tuned - fixed,-0.010031847133757932
12,ridge_sgd_l2,360,mean_width,tuned - fixed,-2.7727707006369435
12,ridge_sgd_l2,360,mean_width_inclusive,tuned - fixed,-2.7727707006369435
12,ridge_sgd_l2,360,mean_q,tuned - fixed,-0.021815286624203845
12,ridge_sgd_l2,360,crps_game_equal,tuned - fixed,-0.00033958038971645087
12,ridge_sgd_l2,360,coverage_game_equal,tuned - fixed,-0.010094922742532542
12,ridge_sgd_l2,360,mean_width_game_equal,tuned - fixed,-2.741695567091405
12,ridge_sgd_l2,360,mean_width_inclusive_game_equal,tuned - fixed,-2.741695567091405
12,set_transformer,360,crps,tuned - fixed,-0.00013784573886372643
12,set_transformer,360,coverage,tuned - fixed,-0.00573248407643312
12,set_transformer,360,mean_width,tuned - fixed,-1.8294585987261147
12,set_transformer,360,mean_width_inclusive,tuned - fixed,-1.8294585987261147
12,set_transformer,360,mean_q,tuned - fixed,0.07850318471337579
12,set_transformer,360,crps_game_equal,tuned - fixed,-0.00014565088849298295
12,set_transformer,360,coverage_game_equal,tuned - fixed,-0.0061681233908261746
12,set_transformer,360,mean_width_game_equal,tuned - fixed,-1.839831957014992
12,set_transformer,360,mean_width_inclusive_game_equal,tuned - fixed,-1.839831957014992
12,zoo_cnn,360,crps,tuned - fixed,2.0285891352139762e-09
12,zoo_cnn,360,coverage,tuned - fixed,0.0
12,zoo_cnn,360,mean_width,tuned - fixed,0.0
12,zoo_cnn,360,mean_width_inclusive,tuned - fixed,0.0
12,zoo_cnn,360,mean_q,tuned - fixed,0.0
12,zoo_cnn,360,crps_game_equal,tuned - fixed,1.8529136575767824e-09
12,zoo_cnn,360,coverage_game_equal,tuned - fixed,0.0
12,zoo_cnn,360,mean_width_game_equal,tuned - fixed,0.0
12,zoo_cnn,360,mean_width_inclusive_game_equal,tuned - fixed,0.0
13,lightgbm_multiclass,20,crps,tuned - fixed,0.0
13,lightgbm_multiclass,20,coverage,tuned - fixed,0.0
13,lightgbm_multiclass,20,mean_width,tuned - fixed,0.0
13,lightgbm_multiclass,20,mean_width_inclusive,tuned - fixed,0.0
13,lightgbm_multiclass,20,mean_q,tuned - fixed,0.0
13,lightgbm_multiclass,20,crps_game_equal,tuned - fixed,0.0
13,lightgbm_multiclass,20,coverage_game_equal,tuned - fixed,0.0
13,lightgbm_multiclass,20,mean_width_game_equal,tuned - fixed,0.0
13,lightgbm_multiclass,20,mean_width_inclusive_game_equal,tuned - fixed,0.0
13,ridge_sgd_l2,20,crps,tuned - fixed,-0.0003289708490739462
13,ridge_sgd_l2,20,coverage,tuned - fixed,-0.011322011322011272
13,ridge_sgd_l2,20,mean_width,tuned - fixed,-3.4716949716949728
13,ridge_sgd_l2,20,mean_width_inclusive,tuned - fixed,-3.4716949716949728
13,ridge_sgd_l2,20,mean_q,tuned - fixed,0.09873459873459872
13,ridge_sgd_l2,20,crps_game_equal,tuned - fixed,-0.00032897967509136483
13,ridge_sgd_l2,20,coverage_game_equal,tuned - fixed,-0.011665691244677201
13,ridge_sgd_l2,20,mean_width_game_equal,tuned - fixed,-3.4529510576585807
13,ridge_sgd_l2,20,mean_width_inclusive_game_equal,tuned - fixed,-3.4529510576585807
13,set_transformer,20,crps,tuned - fixed,4.4327687601359786e-05
13,set_transformer,20,coverage,tuned - fixed,0.018814518814518788
13,set_transformer,20,mean_width,tuned - fixed,2.8757908757908766
13,set_transformer,20,mean_width_inclusive,tuned - fixed,2.8757908757908766
13,set_transformer,20,mean_q,tuned - fixed,-0.4821844821844822
13,set_transformer,20,crps_game_equal,tuned - fixed,3.229622740442452e-05
13,set_transformer,20,coverage_game_equal,tuned - fixed,0.019382203026595435
13,set_transformer,20,mean_width_game_equal,tuned - fixed,2.892713631360227
13,set_transformer,20,mean_width_inclusive_game_equal,tuned - fixed,2.892713631360227
13,zoo_cnn,20,crps,tuned - fixed,-3.496640216954505e-10
13,zoo_cnn,20,coverage,tuned - fixed,0.0
13,zoo_cnn,20,mean_width,tuned - fixed,-0.0001665001665003274
13,zoo_cnn,20,mean_width_inclusive,tuned - fixed,-0.0001665001665003274
13,zoo_cnn,20,mean_q,tuned - fixed,0.0
13,zoo_cnn,20,crps_game_equal,tuned - fixed,7.60406963090654e-11
13,zoo_cnn,20,coverage_game_equal,tuned - fixed,0.0
13,zoo_cnn,20,mean_width_game_equal,tuned - fixed,-0.0001586797841923726
13,zoo_cnn,20,mean_width_inclusive_game_equal,tuned - fixed,-0.0001586797841923726
13,lightgbm_multiclass,160,crps,tuned - fixed,0.0
13,lightgbm_multiclass,160,coverage,tuned - fixed,0.0
13,lightgbm_multiclass,160,mean_width,tuned - fixed,0.0
13,lightgbm_multiclass,160,mean_width_inclusive,tuned - fixed,0.0
13,lightgbm_multiclass,160,mean_q,tuned - fixed,0.0
13,lightgbm_multiclass,160,crps_game_equal,tuned - fixed,0.0
13,lightgbm_multiclass,160,coverage_game_equal,tuned - fixed,0.0
13,lightgbm_multiclass,160,mean_width_game_equal,tuned - fixed,0.0
13,lightgbm_multiclass,160,mean_width_inclusive_game_equal,tuned - fixed,0.0
13,ridge_sgd_l2,160,crps,tuned - fixed,-0.00032240094221413183
13,ridge_sgd_l2,160,coverage,tuned - fixed,-0.0061605061605061184
13,ridge_sgd_l2,160,mean_width,tuned - fixed,-2.711288711288713
13,ridge_sgd_l2,160,mean_width_inclusive,tuned - fixed,-2.711288711288713
13,ridge_sgd_l2,160,mean_q,tuned - fixed,-0.12604062604062605
13,ridge_sgd_l2,160,crps_game_equal,tuned - fixed,-0.00031892025902681073
13,ridge_sgd_l2,160,coverage_game_equal,tuned - fixed,-0.006379933858463027
13,ridge_sgd_l2,160,mean_width_game_equal,tuned - fixed,-2.692514739563169
13,ridge_sgd_l2,160,mean_width_inclusive_game_equal,tuned - fixed,-2.692514739563169
13,set_transformer,160,crps,tuned - fixed,-0.00027990647529952534
13,set_transformer,160,coverage,tuned - fixed,0.005827505827505797
13,set_transformer,160,mean_width,tuned - fixed,0.4115884115884114
13,set_transformer,160,mean_width_inclusive,tuned - fixed,0.4115884115884114
13,set_transformer,160,mean_q,tuned - fixed,-0.15517815517815517
13,set_transformer,160,crps_game_equal,tuned - fixed,-0.000272430153289243
13,set_transformer,160,coverage_game_equal,tuned - fixed,0.0057502704171547014
13,set_transformer,160,mean_width_game_equal,tuned - fixed,0.4096244180639008
13,set_transformer,160,mean_width_inclusive_game_equal,tuned - fixed,0.40962441806390437
13,zoo_cnn,160,crps,tuned - fixed,6.867047087216749e-10
13,zoo_cnn,160,coverage,tuned - fixed,0.0
13,zoo_cnn,160,mean_width,tuned - fixed,0.0
13,zoo_cnn,160,mean_width_inclusive,tuned - fixed,0.0
13,zoo_cnn,160,mean_q,tuned - fixed,0.0
13,zoo_cnn,160,crps_game_equal,tuned - fixed,1.234542556724505e-09
13,zoo_cnn,160,coverage_game_equal,tuned - fixed,0.0
13,zoo_cnn,160,mean_width_game_equal,tuned - fixed,0.0
13,zoo_cnn,160,mean_width_inclusive_game_equal,tuned - fixed,0.0
13,lightgbm_multiclass,360,crps,tuned - fixed,0.0
13,lightgbm_multiclass,360,coverage,tuned - fixed,0.0
13,lightgbm_multiclass,360,mean_width,tuned - fixed,0.0
13,lightgbm_multiclass,360,mean_width_inclusive,tuned - fixed,0.0
13,lightgbm_multiclass,360,mean_q,tuned - fixed,0.0
13,lightgbm_multiclass,360,crps_game_equal,tuned - fixed,0.0
13,lightgbm_multiclass,360,coverage_game_equal,tuned - fixed,0.0
13,lightgbm_multiclass,360,mean_width_game_equal,tuned - fixed,0.0
13,lightgbm_multiclass,360,mean_width_inclusive_game_equal,tuned - fixed,0.0
13,ridge_sgd_l2,360,crps,tuned - fixed,-0.00032747074464696893
13,ridge_sgd_l2,360,coverage,tuned - fixed,-0.008491508491508482
13,ridge_sgd_l2,360,mean_width,tuned - fixed,-2.9778554778554778
13,ridge_sgd_l2,360,mean_width_inclusive,tuned - fixed,-2.9778554778554778
13,ridge_sgd_l2,360,mean_q,tuned - fixed,-0.04945054945054944
13,ridge_sgd_l2,360,crps_game_equal,tuned - fixed,-0.00032687769326547253
13,ridge_sgd_l2,360,coverage_game_equal,tuned - fixed,-0.008682029454133877
13,ridge_sgd_l2,360,mean_width_game_equal,tuned - fixed,-2.9600326176668936
13,ridge_sgd_l2,360,mean_width_inclusive_game_equal,tuned - fixed,-2.9600326176668936
13,set_transformer,360,crps,tuned - fixed,-6.741344351970067e-05
13,set_transformer,360,coverage,tuned - fixed,0.0048285048285048315
13,set_transformer,360,mean_width,tuned - fixed,0.6688311688311686
13,set_transformer,360,mean_width_inclusive,tuned - fixed,0.6688311688311686
13,set_transformer,360,mean_q,tuned - fixed,-0.026140526140526144
13,set_transformer,360,crps_game_equal,tuned - fixed,-6.0038586055485496e-05
13,set_transformer,360,coverage_game_equal,tuned - fixed,0.004676361967793086
13,set_transformer,360,mean_width_game_equal,tuned - fixed,0.6707625770829697
13,set_transformer,360,mean_width_inclusive_game_equal,tuned - fixed,0.6707625770829697
13,zoo_cnn,360,crps,tuned - fixed,2.4695021114823357e-09
13,zoo_cnn,360,coverage,tuned - fixed,0.0
13,zoo_cnn,360,mean_width,tuned - fixed,0.0
13,zoo_cnn,360,mean_width_inclusive,tuned - fixed,0.0
13,zoo_cnn,360,mean_q,tuned - fixed,0.0
13,zoo_cnn,360,crps_game_equal,tuned - fixed,1.7726446543270269e-09
13,zoo_cnn,360,coverage_game_equal,tuned - fixed,0.0
13,zoo_cnn,360,mean_width_game_equal,tuned - fixed,0.0
13,zoo_cnn,360,mean_width_inclusive_game_equal,tuned - fixed,0.0
14,lightgbm_multiclass,20,crps,tuned - fixed,0.0
14,lightgbm_multiclass,20,coverage,tuned - fixed,0.0
14,lightgbm_multiclass,20,mean_width,tuned - fixed,0.0
14,lightgbm_multiclass,20,mean_width_inclusive,tuned - fixed,0.0
14,lightgbm_multiclass,20,mean_q,tuned - fixed,0.0
14,lightgbm_multiclass,20,crps_game_equal,tuned - fixed,0.0
14,lightgbm_multiclass,20,coverage_game_equal,tuned - fixed,0.0
14,lightgbm_multiclass,20,mean_width_game_equal,tuned - fixed,0.0
14,lightgbm_multiclass,20,mean_width_inclusive_game_equal,tuned - fixed,0.0
14,ridge_sgd_l2,20,crps,tuned - fixed,-0.00015822671957720254
14,ridge_sgd_l2,20,coverage,tuned - fixed,-0.00849256900212314
14,ridge_sgd_l2,20,mean_width,tuned - fixed,-3.0646741793238625
14,ridge_sgd_l2,20,mean_width_inclusive,tuned - fixed,-3.0646741793238625
14,ridge_sgd_l2,20,mean_q,tuned - fixed,0.1268985791278785
14,ridge_sgd_l2,20,crps_game_equal,tuned - fixed,-0.00016361516460601175
14,ridge_sgd_l2,20,coverage_game_equal,tuned - fixed,-0.008385887973999862
14,ridge_sgd_l2,20,mean_width_game_equal,tuned - fixed,-3.0520712650670916
14,ridge_sgd_l2,20,mean_width_inclusive_game_equal,tuned - fixed,-3.0520712650670916
14,set_transformer,20,crps,tuned - fixed,-1.2391175724379977e-08
14,set_transformer,20,coverage,tuned - fixed,0.0
14,set_transformer,20,mean_width,tuned - fixed,0.00016331863465524066
14,set_transformer,20,mean_width_inclusive,tuned - fixed,0.00016331863465524066
14,set_transformer,20,mean_q,tuned - fixed,0.0
14,set_transformer,20,crps_game_equal,tuned - fixed,-1.1773985730823e-08
14,set_transformer,20,coverage_game_equal,tuned - fixed,0.0
14,set_transformer,20,mean_width_game_equal,tuned - fixed,0.00020078254213728997
14,set_transformer,20,mean_width_inclusive_game_equal,tuned - fixed,0.00020078254213728997
14,zoo_cnn,20,crps,tuned - fixed,4.425710475181033e-10
14,zoo_cnn,20,coverage,tuned - fixed,0.0
14,zoo_cnn,20,mean_width,tuned - fixed,-0.000489955903965722
14,zoo_cnn,20,mean_width_inclusive,tuned - fixed,-0.000489955903965722
14,zoo_cnn,20,mean_q,tuned - fixed,-0.00016331863465612884
14,zoo_cnn,20,crps_game_equal,tuned - fixed,3.4159248346599114e-10
14,zoo_cnn,20,coverage_game_equal,tuned - fixed,0.0
14,zoo_cnn,20,mean_width_game_equal,tuned - fixed,-0.00047603935258422325
14,zoo_cnn,20,mean_width_inclusive_game_equal,tuned - fixed,-0.00047603935258777597
14,lightgbm_multiclass,160,crps,tuned - fixed,0.0
14,lightgbm_multiclass,160,coverage,tuned - fixed,0.0
14,lightgbm_multiclass,160,mean_width,tuned - fixed,0.0
14,lightgbm_multiclass,160,mean_width_inclusive,tuned - fixed,0.0
14,lightgbm_multiclass,160,mean_q,tuned - fixed,0.0
14,lightgbm_multiclass,160,crps_game_equal,tuned - fixed,0.0
14,lightgbm_multiclass,160,coverage_game_equal,tuned - fixed,0.0
14,lightgbm_multiclass,160,mean_width_game_equal,tuned - fixed,0.0
14,lightgbm_multiclass,160,mean_width_inclusive_game_equal,tuned - fixed,0.0
14,ridge_sgd_l2,160,crps,tuned - fixed,-0.00031601891183329067
14,ridge_sgd_l2,160,coverage,tuned - fixed,-0.005389514943655027
14,ridge_sgd_l2,160,mean_width,tuned - fixed,-2.6756491915727594
14,ridge_sgd_l2,160,mean_width_inclusive,tuned - fixed,-2.6756491915727594
14,ridge_sgd_l2,160,mean_q,tuned - fixed,-0.1190592846643802
14,ridge_sgd_l2,160,crps_game_equal,tuned - fixed,-0.0003174873498673677
14,ridge_sgd_l2,160,coverage_game_equal,tuned - fixed,-0.005122929253744912
14,ridge_sgd_l2,160,mean_width_game_equal,tuned - fixed,-2.6637545202338444
14,ridge_sgd_l2,160,mean_width_inclusive_game_equal,tuned - fixed,-2.6637545202338444
14,set_transformer,160,crps,tuned - fixed,3.694897757795801e-05
14,set_transformer,160,coverage,tuned - fixed,0.005716152212967507
14,set_transformer,160,mean_width,tuned - fixed,-0.080189449616201
14,set_transformer,160,mean_width_inclusive,tuned - fixed,-0.08018944961620278
14,set_transformer,160,mean_q,tuned - fixed,-0.10648374979585173
14,set_transformer,160,crps_game_equal,tuned - fixed,2.215763832613682e-05
14,set_transformer,160,coverage_game_equal,tuned - fixed,0.006079128482187279
14,set_transformer,160,mean_width_game_equal,tuned - fixed,-0.0740372349960019
14,set_transformer,160,mean_width_inclusive_game_equal,tuned - fixed,-0.0740372349960019
14,zoo_cnn,160,crps,tuned - fixed,-0.00033121016530994474
14,zoo_cnn,160,coverage,tuned - fixed,0.007349338559529683
14,zoo_cnn,160,mean_width,tuned - fixed,0.9026620937448957
14,zoo_cnn,160,mean_width_inclusive,tuned - fixed,0.9026620937448957
14,zoo_cnn,160,mean_q,tuned - fixed,-0.2310958680385432
14,zoo_cnn,160,crps_game_equal,tuned - fixed,-0.00033735370969838023
14,zoo_cnn,160,coverage_game_equal,tuned - fixed,0.007012856056163641
14,zoo_cnn,160,mean_width_game_equal,tuned - fixed,0.896714817557891
14,zoo_cnn,160,mean_width_inclusive_game_equal,tuned - fixed,0.8967148175578892
14,lightgbm_multiclass,360,crps,tuned - fixed,0.0
14,lightgbm_multiclass,360,coverage,tuned - fixed,0.0
14,lightgbm_multiclass,360,mean_width,tuned - fixed,0.0
14,lightgbm_multiclass,360,mean_width_inclusive,tuned - fixed,0.0
14,lightgbm_multiclass,360,mean_q,tuned - fixed,0.0
14,lightgbm_multiclass,360,crps_game_equal,tuned - fixed,0.0
14,lightgbm_multiclass,360,coverage_game_equal,tuned - fixed,0.0
14,lightgbm_multiclass,360,mean_width_game_equal,tuned - fixed,0.0
14,lightgbm_multiclass,360,mean_width_inclusive_game_equal,tuned - fixed,0.0
14,ridge_sgd_l2,360,crps,tuned - fixed,-0.0003171563600782683
14,ridge_sgd_l2,360,coverage,tuned - fixed,-0.006532745386248595
14,ridge_sgd_l2,360,mean_width,tuned - fixed,-2.611301649518211
14,ridge_sgd_l2,360,mean_width_inclusive,tuned - fixed,-2.611301649518211
14,ridge_sgd_l2,360,mean_q,tuned - fixed,0.027764167891556446
14,ridge_sgd_l2,360,crps_game_equal,tuned - fixed,-0.00031633790171509656
14,ridge_sgd_l2,360,coverage_game_equal,tuned - fixed,-0.006527530141199667
14,ridge_sgd_l2,360,mean_width_game_equal,tuned - fixed,-2.6039472326199693
14,ridge_sgd_l2,360,mean_width_inclusive_game_equal,tuned - fixed,-2.6039472326199693
14,set_transformer,360,crps,tuned - fixed,-0.00014924314298790826
14,set_transformer,360,coverage,tuned - fixed,0.008819206271435509
14,set_transformer,360,mean_width,tuned - fixed,0.11824269149109945
14,set_transformer,360,mean_width_inclusive,tuned - fixed,0.11824269149109945
14,set_transformer,360,mean_q,tuned - fixed,0.0
14,set_transformer,360,crps_game_equal,tuned - fixed,-0.0001580768788344549
14,set_transformer,360,coverage_game_equal,tuned - fixed,0.0089643238169681
14,set_transformer,360,mean_width_game_equal,tuned - fixed,0.12351566231199129
14,set_transformer,360,mean_width_inclusive_game_equal,tuned - fixed,0.12351566231199129
14,zoo_cnn,360,crps,tuned - fixed,-0.00018972788573716655
14,zoo_cnn,360,coverage,tuned - fixed,0.0027764167891557445
14,zoo_cnn,360,mean_width,tuned - fixed,0.32337089661930385
14,zoo_cnn,360,mean_width_inclusive,tuned - fixed,0.32337089661930385
14,zoo_cnn,360,mean_q,tuned - fixed,0.35603462355054716
14,zoo_cnn,360,crps_game_equal,tuned - fixed,-0.00017954130552868576
14,zoo_cnn,360,coverage_game_equal,tuned - fixed,0.00271124127594613
14,zoo_cnn,360,mean_width_game_equal,tuned - fixed,0.32044174890652855
14,zoo_cnn,360,mean_width_inclusive_game_equal,tuned - fixed,0.3204417489065303
15,lightgbm_multiclass,20,crps,tuned - fixed,0.0
15,lightgbm_multiclass,20,coverage,tuned - fixed,0.0
15,lightgbm_multiclass,20,mean_width,tuned - fixed,0.0
15,lightgbm_multiclass,20,mean_width_inclusive,tuned - fixed,0.0
15,lightgbm_multiclass,20,mean_q,tuned - fixed,0.0
15,lightgbm_multiclass,20,crps_game_equal,tuned - fixed,0.0
15,lightgbm_multiclass,20,coverage_game_equal,tuned - fixed,0.0
15,lightgbm_multiclass,20,mean_width_game_equal,tuned - fixed,0.0
15,lightgbm_multiclass,20,mean_width_inclusive_game_equal,tuned - fixed,0.0
15,ridge_sgd_l2,20,crps,tuned - fixed,-0.00025681694862822457
15,ridge_sgd_l2,20,coverage,tuned - fixed,-0.018123496391339255
15,ridge_sgd_l2,20,mean_width,tuned - fixed,-3.4400962309542926
15,ridge_sgd_l2,20,mean_width_inclusive,tuned - fixed,-3.4400962309542926
15,ridge_sgd_l2,20,mean_q,tuned - fixed,0.09382518043303928
15,ridge_sgd_l2,20,crps_game_equal,tuned - fixed,-0.000253217363970994
15,ridge_sgd_l2,20,coverage_game_equal,tuned - fixed,-0.018348393478654246
15,ridge_sgd_l2,20,mean_width_game_equal,tuned - fixed,-3.4121176781935283
15,ridge_sgd_l2,20,mean_width_inclusive_game_equal,tuned - fixed,-3.4121176781935283
15,set_transformer,20,crps,tuned - fixed,-0.0004412326510474414
15,set_transformer,20,coverage,tuned - fixed,0.009462710505212524
15,set_transformer,20,mean_width,tuned - fixed,1.1648757016840428
15,set_transformer,20,mean_width_inclusive,tuned - fixed,1.1648757016840428
15,set_transformer,20,mean_q,tuned - fixed,-0.14258219727345628
15,set_transformer,20,crps_game_equal,tuned - fixed,-0.0004504450119865496
15,set_transformer,20,coverage_game_equal,tuned - fixed,0.010065215397277671
15,set_transformer,20,mean_width_game_equal,tuned - fixed,1.1723334402395125
15,set_transformer,20,mean_width_inclusive_game_equal,tuned - fixed,1.1723334402395125
15,zoo_cnn,20,crps,tuned - fixed,-0.0021784205042250024
15,zoo_cnn,20,coverage,tuned - fixed,-0.03817161186848439
15,zoo_cnn,20,mean_width,tuned - fixed,-18.304410585404973
15,zoo_cnn,20,mean_width_inclusive,tuned - fixed,-18.304410585404973
15,zoo_cnn,20,mean_q,tuned - fixed,1.147233360064154
15,zoo_cnn,20,crps_game_equal,tuned - fixed,-0.002153846351726739
15,zoo_cnn,20,coverage_game_equal,tuned - fixed,-0.0386847876165487
15,zoo_cnn,20,mean_width_game_equal,tuned - fixed,-18.32393722046638
15,zoo_cnn,20,mean_width_inclusive_game_equal,tuned - fixed,-18.32393722046638
15,lightgbm_multiclass,160,crps,tuned - fixed,0.0
15,lightgbm_multiclass,160,coverage,tuned - fixed,0.0
15,lightgbm_multiclass,160,mean_width,tuned - fixed,0.0
15,lightgbm_multiclass,160,mean_width_inclusive,tuned - fixed,0.0
15,lightgbm_multiclass,160,mean_q,tuned - fixed,0.0
15,lightgbm_multiclass,160,crps_game_equal,tuned - fixed,0.0
15,lightgbm_multiclass,160,coverage_game_equal,tuned - fixed,0.0
15,lightgbm_multiclass,160,mean_width_game_equal,tuned - fixed,0.0
15,lightgbm_multiclass,160,mean_width_inclusive_game_equal,tuned - fixed,0.0
15,ridge_sgd_l2,160,crps,tuned - fixed,-0.0003160473695539359
15,ridge_sgd_l2,160,coverage,tuned - fixed,-0.011387329591018402
15,ridge_sgd_l2,160,mean_width,tuned - fixed,-2.996792301523655
15,ridge_sgd_l2,160,mean_width_inclusive,tuned - fixed,-2.996792301523655
15,ridge_sgd_l2,160,mean_q,tuned - fixed,-0.08163592622293503
15,ridge_sgd_l2,160,crps_game_equal,tuned - fixed,-0.0003169381794387357
15,ridge_sgd_l2,160,coverage_game_equal,tuned - fixed,-0.01157864475326209
15,ridge_sgd_l2,160,mean_width_game_equal,tuned - fixed,-2.969189683027274
15,ridge_sgd_l2,160,mean_width_inclusive_game_equal,tuned - fixed,-2.969189683027274
15,set_transformer,160,crps,tuned - fixed,4.90463361942136e-05
15,set_transformer,160,coverage,tuned - fixed,0.012028869286287103
15,set_transformer,160,mean_width,tuned - fixed,0.741619887730554
15,set_transformer,160,mean_width_inclusive,tuned - fixed,0.741619887730554
15,set_transformer,160,mean_q,tuned - fixed,-0.03496391339214114
15,set_transformer,160,crps_game_equal,tuned - fixed,4.9932428613896906e-05
15,set_transformer,160,coverage_game_equal,tuned - fixed,0.012202692416865557
15,set_transformer,160,mean_width_game_equal,tuned - fixed,0.7425456152392069
15,set_transformer,160,mean_width_inclusive_game_equal,tuned - fixed,0.7425456152392105
15,zoo_cnn,160,crps,tuned - fixed,-0.00017676114215741355
15,zoo_cnn,160,coverage,tuned - fixed,0.006896551724137945
15,zoo_cnn,160,mean_width,tuned - fixed,-0.5695268644747387
15,zoo_cnn,160,mean_width_inclusive,tuned - fixed,-0.5695268644747387
15,zoo_cnn,160,mean_q,tuned - fixed,0.970168404170008
15,zoo_cnn,160,crps_game_equal,tuned - fixed,-0.00017785260866455543
15,zoo_cnn,160,coverage_game_equal,tuned - fixed,0.006426729037432688
15,zoo_cnn,160,mean_width_game_equal,tuned - fixed,-0.5818356679289831
15,zoo_cnn,160,mean_width_inclusive_game_equal,tuned - fixed,-0.5818356679289831
15,lightgbm_multiclass,360,crps,tuned - fixed,0.0
15,lightgbm_multiclass,360,coverage,tuned - fixed,0.0
15,lightgbm_multiclass,360,mean_width,tuned - fixed,0.0
15,lightgbm_multiclass,360,mean_width_inclusive,tuned - fixed,0.0
15,lightgbm_multiclass,360,mean_q,tuned - fixed,0.0
15,lightgbm_multiclass,360,crps_game_equal,tuned - fixed,0.0
15,lightgbm_multiclass,360,coverage_game_equal,tuned - fixed,0.0
15,lightgbm_multiclass,360,mean_width_game_equal,tuned - fixed,0.0
15,lightgbm_multiclass,360,mean_width_inclusive_game_equal,tuned - fixed,0.0
15,ridge_sgd_l2,360,crps,tuned - fixed,-0.00033110279583043085
15,ridge_sgd_l2,360,coverage,tuned - fixed,-0.010745789895749813
15,ridge_sgd_l2,360,mean_width,tuned - fixed,-2.978348035284686
15,ridge_sgd_l2,360,mean_width_inclusive,tuned - fixed,-2.978348035284686
15,ridge_sgd_l2,360,mean_q,tuned - fixed,-0.05052125100240576
15,ridge_sgd_l2,360,crps_game_equal,tuned - fixed,-0.00033224230117999756
15,ridge_sgd_l2,360,coverage_game_equal,tuned - fixed,-0.010778425426724025
15,ridge_sgd_l2,360,mean_width_game_equal,tuned - fixed,-2.9570945205386288
15,ridge_sgd_l2,360,mean_width_inclusive_game_equal,tuned - fixed,-2.9570945205386288
15,set_transformer,360,crps,tuned - fixed,-0.00012696937186958308
15,set_transformer,360,coverage,tuned - fixed,0.00032076984763440564
15,set_transformer,360,mean_width,tuned - fixed,-0.8112269446672009
15,set_transformer,360,mean_width_inclusive,tuned - fixed,-0.8112269446672009
15,set_transformer,360,mean_q,tuned - fixed,-0.08243785084202085
15,set_transformer,360,crps_game_equal,tuned - fixed,-0.00013017692495577438
15,set_transformer,360,coverage_game_equal,tuned - fixed,-9.057660539124601e-05
15,set_transformer,360,mean_width_game_equal,tuned - fixed,-0.81302981132208
15,set_transformer,360,mean_width_inclusive_game_equal,tuned - fixed,-0.8130298113220817
15,zoo_cnn,360,crps,tuned - fixed,3.2479049484612776e-10
15,zoo_cnn,360,coverage,tuned - fixed,0.0
15,zoo_cnn,360,mean_width,tuned - fixed,0.0
15,zoo_cnn,360,mean_width_inclusive,tuned - fixed,0.0
15,zoo_cnn,360,mean_q,tuned - fixed,0.0
15,zoo_cnn,360,crps_game_equal,tuned - fixed,3.6638692080259716e-11
15,zoo_cnn,360,coverage_game_equal,tuned - fixed,0.0
15,zoo_cnn,360,mean_width_game_equal,tuned - fixed,0.0
15,zoo_cnn,360,mean_width_inclusive_game_equal,tuned - fixed,0.0
16,lightgbm_multiclass,20,crps,tuned - fixed,0.0
16,lightgbm_multiclass,20,coverage,tuned - fixed,0.0
16,lightgbm_multiclass,20,mean_width,tuned - fixed,0.0
16,lightgbm_multiclass,20,mean_width_inclusive,tuned - fixed,0.0
16,lightgbm_multiclass,20,mean_q,tuned - fixed,0.0
16,lightgbm_multiclass,20,crps_game_equal,tuned - fixed,0.0
16,lightgbm_multiclass,20,coverage_game_equal,tuned - fixed,0.0
16,lightgbm_multiclass,20,mean_width_game_equal,tuned - fixed,0.0
16,lightgbm_multiclass,20,mean_width_inclusive_game_equal,tuned - fixed,0.0
16,ridge_sgd_l2,20,crps,tuned - fixed,-0.00014210580302135775
16,ridge_sgd_l2,20,coverage,tuned - fixed,-0.011259791122715357
16,ridge_sgd_l2,20,mean_width,tuned - fixed,-3.2206266318537864
16,ridge_sgd_l2,20,mean_width_inclusive,tuned - fixed,-3.2206266318537864
16,ridge_sgd_l2,20,mean_q,tuned - fixed,-0.05613577023498695
16,ridge_sgd_l2,20,crps_game_equal,tuned - fixed,-0.00014049823747024938
16,ridge_sgd_l2,20,coverage_game_equal,tuned - fixed,-0.010895483872267131
16,ridge_sgd_l2,20,mean_width_game_equal,tuned - fixed,-3.1728558216127887
16,ridge_sgd_l2,20,mean_width_inclusive_game_equal,tuned - fixed,-3.1728558216127887
16,set_transformer,20,crps,tuned - fixed,-0.0001393047972131703
16,set_transformer,20,coverage,tuned - fixed,0.011259791122715357
16,set_transformer,20,mean_width,tuned - fixed,1.109823759791123
16,set_transformer,20,mean_width_inclusive,tuned - fixed,1.109823759791123
16,set_transformer,20,mean_q,tuned - fixed,-0.055646214099216704
16,set_transformer,20,crps_game_equal,tuned - fixed,-0.0001351349557734468
16,set_transformer,20,coverage_game_equal,tuned - fixed,0.010706190764447898
16,set_transformer,20,mean_width_game_equal,tuned - fixed,1.0657059926256558
16,set_transformer,20,mean_width_inclusive_game_equal,tuned - fixed,1.0657059926256558
16,zoo_cnn,20,crps,tuned - fixed,-8.433146445052664e-09
16,zoo_cnn,20,coverage,tuned - fixed,0.0
16,zoo_cnn,20,mean_width,tuned - fixed,0.00032637075717900643
16,zoo_cnn,20,mean_width_inclusive,tuned - fixed,0.00032637075717900643
16,zoo_cnn,20,mean_q,tuned - fixed,0.0001631853785899473
16,zoo_cnn,20,crps_game_equal,tuned - fixed,-1.0929411493887375e-08
16,zoo_cnn,20,coverage_game_equal,tuned - fixed,0.0
16,zoo_cnn,20,mean_width_game_equal,tuned - fixed,0.00023172285946415627
16,zoo_cnn,20,mean_width_inclusive_game_equal,tuned - fixed,0.00023172285946060356
16,lightgbm_multiclass,160,crps,tuned - fixed,0.0
16,lightgbm_multiclass,160,coverage,tuned - fixed,0.0
16,lightgbm_multiclass,160,mean_width,tuned - fixed,0.0
16,lightgbm_multiclass,160,mean_width_inclusive,tuned - fixed,0.0
16,lightgbm_multiclass,160,mean_q,tuned - fixed,0.0
16,lightgbm_multiclass,160,crps_game_equal,tuned - fixed,0.0
16,lightgbm_multiclass,160,coverage_game_equal,tuned - fixed,0.0
16,lightgbm_multiclass,160,mean_width_game_equal,tuned - fixed,0.0
16,lightgbm_multiclass,160,mean_width_inclusive_game_equal,tuned - fixed,0.0
16,ridge_sgd_l2,160,crps,tuned - fixed,-0.00035409653484486277
16,ridge_sgd_l2,160,coverage,tuned - fixed,-0.011259791122715468
16,ridge_sgd_l2,160,mean_width,tuned - fixed,-3.2493472584856384
16,ridge_sgd_l2,160,mean_width_inclusive,tuned - fixed,-3.2493472584856384
16,ridge_sgd_l2,160,mean_q,tuned - fixed,-0.15159921671018278
16,ridge_sgd_l2,160,crps_game_equal,tuned - fixed,-0.000349613943012193
16,ridge_sgd_l2,160,coverage_game_equal,tuned - fixed,-0.01118305955770782
16,ridge_sgd_l2,160,mean_width_game_equal,tuned - fixed,-3.206625476137038
16,ridge_sgd_l2,160,mean_width_inclusive_game_equal,tuned - fixed,-3.206625476137038
16,set_transformer,160,crps,tuned - fixed,-0.0001273466391867456
16,set_transformer,160,coverage,tuned - fixed,0.001958224543080922
16,set_transformer,160,mean_width,tuned - fixed,0.17787206266318556
16,set_transformer,160,mean_width_inclusive,tuned - fixed,0.17787206266318556
16,set_transformer,160,mean_q,tuned - fixed,-0.385607049608355
16,set_transformer,160,crps_game_equal,tuned - fixed,-0.00012307959302785242
16,set_transformer,160,coverage_game_equal,tuned - fixed,0.0015229567820553847
16,set_transformer,160,mean_width_game_equal,tuned - fixed,0.17869005874218935
16,set_transformer,160,mean_width_inclusive_game_equal,tuned - fixed,0.17869005874218935
16,zoo_cnn,160,crps,tuned - fixed,4.580942083998174e-10
16,zoo_cnn,160,coverage,tuned - fixed,0.0
16,zoo_cnn,160,mean_width,tuned - fixed,0.0
16,zoo_cnn,160,mean_width_inclusive,tuned - fixed,0.0
16,zoo_cnn,160,mean_q,tuned - fixed,0.0
16,zoo_cnn,160,crps_game_equal,tuned - fixed,7.009051533612976e-10
16,zoo_cnn,160,coverage_game_equal,tuned - fixed,0.0
16,zoo_cnn,160,mean_width_game_equal,tuned - fixed,0.0
16,zoo_cnn,160,mean_width_inclusive_game_equal,tuned - fixed,0.0
16,lightgbm_multiclass,360,crps,tuned - fixed,0.0
16,lightgbm_multiclass,360,coverage,tuned - fixed,0.0
16,lightgbm_multiclass,360,mean_width,tuned - fixed,0.0
16,lightgbm_multiclass,360,mean_width_inclusive,tuned - fixed,0.0
16,lightgbm_multiclass,360,mean_q,tuned - fixed,0.0
16,lightgbm_multiclass,360,crps_game_equal,tuned - fixed,0.0
16,lightgbm_multiclass,360,coverage_game_equal,tuned - fixed,0.0
16,lightgbm_multiclass,360,mean_width_game_equal,tuned - fixed,0.0
16,lightgbm_multiclass,360,mean_width_inclusive_game_equal,tuned - fixed,0.0
16,ridge_sgd_l2,360,crps,tuned - fixed,-0.000329507765766051
16,ridge_sgd_l2,360,coverage,tuned - fixed,-0.013381201044386448
16,ridge_sgd_l2,360,mean_width,tuned - fixed,-2.9210182767624033
16,ridge_sgd_l2,360,mean_width_inclusive,tuned - fixed,-2.9210182767624033
16,ridge_sgd_l2,360,mean_q,tuned - fixed,-0.18031984334203657
16,ridge_sgd_l2,360,crps_game_equal,tuned - fixed,-0.00032497046409450843
16,ridge_sgd_l2,360,coverage_game_equal,tuned - fixed,-0.013104661861858768
16,ridge_sgd_l2,360,mean_width_game_equal,tuned - fixed,-2.8813935238314983
16,ridge_sgd_l2,360,mean_width_inclusive_game_equal,tuned - fixed,-2.8813935238314983
16,set_transformer,360,crps,tuned - fixed,-0.00020070026043520796
16,set_transformer,360,coverage,tuned - fixed,0.00032637075718011666
16,set_transformer,360,mean_width,tuned - fixed,0.1401762402088771
16,set_transformer,360,mean_width_inclusive,tuned - fixed,0.1401762402088771
16,set_transformer,360,mean_q,tuned - fixed,0.010280678851174934
16,set_transformer,360,crps_game_equal,tuned - fixed,-0.0001923255828146335
16,set_transformer,360,coverage_game_equal,tuned - fixed,-0.0004078604226122051
16,set_transformer,360,mean_width_game_equal,tuned - fixed,0.14455844068588242
16,set_transformer,360,mean_width_inclusive_game_equal,tuned - fixed,0.14455844068588597
16,zoo_cnn,360,crps,tuned - fixed,-2.5000969523791827e-10
16,zoo_cnn,360,coverage,tuned - fixed,0.0
16,zoo_cnn,360,mean_width,tuned - fixed,0.0
16,zoo_cnn,360,mean_width_inclusive,tuned - fixed,0.0
16,zoo_cnn,360,mean_q,tuned - fixed,0.0
16,zoo_cnn,360,crps_game_equal,tuned - fixed,-4.880372165422253e-10
16,zoo_cnn,360,coverage_game_equal,tuned - fixed,0.0
16,zoo_cnn,360,mean_width_game_equal,tuned - fixed,0.0
16,zoo_cnn,360,mean_width_inclusive_game_equal,tuned - fixed,0.0
17,lightgbm_multiclass,20,crps,tuned - fixed,0.0
17,lightgbm_multiclass,20,coverage,tuned - fixed,0.0
17,lightgbm_multiclass,20,mean_width,tuned - fixed,0.0
17,lightgbm_multiclass,20,mean_width_inclusive,tuned - fixed,0.0
17,lightgbm_multiclass,20,mean_q,tuned - fixed,0.0
17,lightgbm_multiclass,20,crps_game_equal,tuned - fixed,0.0
17,lightgbm_multiclass,20,coverage_game_equal,tuned - fixed,0.0
17,lightgbm_multiclass,20,mean_width_game_equal,tuned - fixed,0.0
17,lightgbm_multiclass,20,mean_width_inclusive_game_equal,tuned - fixed,0.0
17,ridge_sgd_l2,20,crps,tuned - fixed,-4.398614653016754e-05
17,ridge_sgd_l2,20,coverage,tuned - fixed,-0.00032388663967608533
17,ridge_sgd_l2,20,mean_width,tuned - fixed,-1.598056680161946
17,ridge_sgd_l2,20,mean_width_inclusive,tuned - fixed,-1.598056680161946
17,ridge_sgd_l2,20,mean_q,tuned - fixed,-0.00631578947368421
17,ridge_sgd_l2,20,crps_game_equal,tuned - fixed,-4.7736580132290776e-05
17,ridge_sgd_l2,20,coverage_game_equal,tuned - fixed,-0.00018425327891269383
17,ridge_sgd_l2,20,mean_width_game_equal,tuned - fixed,-1.5729539104011856
17,ridge_sgd_l2,20,mean_width_inclusive_game_equal,tuned - fixed,-1.5729539104011856
17,set_transformer,20,crps,tuned - fixed,-0.00015818916436620943
17,set_transformer,20,coverage,tuned - fixed,0.02866396761133605
17,set_transformer,20,mean_width,tuned - fixed,3.6767611336032413
17,set_transformer,20,mean_width_inclusive,tuned - fixed,3.6767611336032395
17,set_transformer,20,mean_q,tuned - fixed,-0.023157894736842106
17,set_transformer,20,crps_game_equal,tuned - fixed,-0.00015534555983312374
17,set_transformer,20,coverage_game_equal,tuned - fixed,0.029238385750704032
17,set_transformer,20,mean_width_game_equal,tuned - fixed,3.7076217583457147
17,set_transformer,20,mean_width_inclusive_game_equal,tuned - fixed,3.7076217583457165
17,zoo_cnn,20,crps,tuned - fixed,7.527278009233918e-09
17,zoo_cnn,20,coverage,tuned - fixed,0.0
17,zoo_cnn,20,mean_width,tuned - fixed,0.0006477732793523927
17,zoo_cnn,20,mean_width_inclusive,tuned - fixed,0.0006477732793541691
17,zoo_cnn,20,mean_q,tuned - fixed,0.00032388663967619635
17,zoo_cnn,20,crps_game_equal,tuned - fixed,7.231197850579574e-09
17,zoo_cnn,20,coverage_game_equal,tuned - fixed,0.0
17,zoo_cnn,20,mean_width_game_equal,tuned - fixed,0.0006601982078233704
17,zoo_cnn,20,mean_width_inclusive_game_equal,tuned - fixed,0.0006601982078251467
17,lightgbm_multiclass,160,crps,tuned - fixed,0.0
17,lightgbm_multiclass,160,coverage,tuned - fixed,0.0
17,lightgbm_multiclass,160,mean_width,tuned - fixed,0.0
17,lightgbm_multiclass,160,mean_width_inclusive,tuned - fixed,0.0
17,lightgbm_multiclass,160,mean_q,tuned - fixed,0.0
17,lightgbm_multiclass,160,crps_game_equal,tuned - fixed,0.0
17,lightgbm_multiclass,160,coverage_game_equal,tuned - fixed,0.0
17,lightgbm_multiclass,160,mean_width_game_equal,tuned - fixed,0.0
17,lightgbm_multiclass,160,mean_width_inclusive_game_equal,tuned - fixed,0.0
17,ridge_sgd_l2,160,crps,tuned - fixed,-0.0003012100343923324
17,ridge_sgd_l2,160,coverage,tuned - fixed,-0.008259109311740898
17,ridge_sgd_l2,160,mean_width,tuned - fixed,-2.6427530364372487
17,ridge_sgd_l2,160,mean_width_inclusive,tuned - fixed,-2.6427530364372487
17,ridge_sgd_l2,160,mean_q,tuned - fixed,-0.12550607287449392
17,ridge_sgd_l2,160,crps_game_equal,tuned - fixed,-0.0003039163519274971
17,ridge_sgd_l2,160,coverage_game_equal,tuned - fixed,-0.00835869928294719
17,ridge_sgd_l2,160,mean_width_game_equal,tuned - fixed,-2.6302725977184878
17,ridge_sgd_l2,160,mean_width_inclusive_game_equal,tuned - fixed,-2.6302725977184878
17,set_transformer,160,crps,tuned - fixed,-5.4018026780063705e-05
17,set_transformer,160,coverage,tuned - fixed,-0.00016194331983809818
17,set_transformer,160,mean_width,tuned - fixed,-0.5983805668016196
17,set_transformer,160,mean_width_inclusive,tuned - fixed,-0.5983805668016178
17,set_transformer,160,mean_q,tuned - fixed,-0.01700404858299595
17,set_transformer,160,crps_game_equal,tuned - fixed,-6.0752016273292464e-05
17,set_transformer,160,coverage_game_equal,tuned - fixed,-0.00035960531096179693
17,set_transformer,160,mean_width_game_equal,tuned - fixed,-0.6051385877523838
17,set_transformer,160,mean_width_inclusive_game_equal,tuned - fixed,-0.6051385877523838
17,zoo_cnn,160,crps,tuned - fixed,-4.8164658149005626e-05
17,zoo_cnn,160,coverage,tuned - fixed,0.012793522267206425
17,zoo_cnn,160,mean_width,tuned - fixed,0.7089878542510135
17,zoo_cnn,160,mean_width_inclusive,tuned - fixed,0.7089878542510135
17,zoo_cnn,160,mean_q,tuned - fixed,-0.19012145748987855
17,zoo_cnn,160,crps_game_equal,tuned - fixed,-5.540036654077228e-05
17,zoo_cnn,160,coverage_game_equal,tuned - fixed,0.012532225899471783
17,zoo_cnn,160,mean_width_game_equal,tuned - fixed,0.6973379765427605
17,zoo_cnn,160,mean_width_inclusive_game_equal,tuned - fixed,0.6973379765427623
17,lightgbm_multiclass,360,crps,tuned - fixed,0.0
17,lightgbm_multiclass,360,coverage,tuned - fixed,0.0
17,lightgbm_multiclass,360,mean_width,tuned - fixed,0.0
17,lightgbm_multiclass,360,mean_width_inclusive,tuned - fixed,0.0
17,lightgbm_multiclass,360,mean_q,tuned - fixed,0.0
17,lightgbm_multiclass,360,crps_game_equal,tuned - fixed,0.0
17,lightgbm_multiclass,360,coverage_game_equal,tuned - fixed,0.0
17,lightgbm_multiclass,360,mean_width_game_equal,tuned - fixed,0.0
17,lightgbm_multiclass,360,mean_width_inclusive_game_equal,tuned - fixed,0.0
17,ridge_sgd_l2,360,crps,tuned - fixed,-0.00031571993019744414
17,ridge_sgd_l2,360,coverage,tuned - fixed,-0.008582995951416983
17,ridge_sgd_l2,360,mean_width,tuned - fixed,-2.6665587044534433
17,ridge_sgd_l2,360,mean_width_inclusive,tuned - fixed,-2.6665587044534433
17,ridge_sgd_l2,360,mean_q,tuned - fixed,-0.10801619433198378
17,ridge_sgd_l2,360,crps_game_equal,tuned - fixed,-0.00032138104347981776
17,ridge_sgd_l2,360,coverage_game_equal,tuned - fixed,-0.008752592979960117
17,ridge_sgd_l2,360,mean_width_game_equal,tuned - fixed,-2.6520803488482763
17,ridge_sgd_l2,360,mean_width_inclusive_game_equal,tuned - fixed,-2.6520803488482763
17,set_transformer,360,crps,tuned - fixed,-7.603059398657644e-05
17,set_transformer,360,coverage,tuned - fixed,0.006801619433198347
17,set_transformer,360,mean_width,tuned - fixed,0.00032388663967708453
17,set_transformer,360,mean_width_inclusive,tuned - fixed,0.00032388663967708453
17,set_transformer,360,mean_q,tuned - fixed,-0.010040485829959506
17,set_transformer,360,crps_game_equal,tuned - fixed,-8.263485229396614e-05
17,set_transformer,360,coverage_game_equal,tuned - fixed,0.006729715968063488
17,set_transformer,360,mean_width_game_equal,tuned - fixed,0.009198368118115141
17,set_transformer,360,mean_width_inclusive_game_equal,tuned - fixed,0.009198368118115141
17,zoo_cnn,360,crps,tuned - fixed,-0.0002105495621931592
17,zoo_cnn,360,coverage,tuned - fixed,0.008421052631578885
17,zoo_cnn,360,mean_width,tuned - fixed,-0.3502834008097171
17,zoo_cnn,360,mean_width_inclusive,tuned - fixed,-0.3502834008097171
17,zoo_cnn,360,mean_q,tuned - fixed,-0.03222672064777328
17,zoo_cnn,360,crps_game_equal,tuned - fixed,-0.0002121256257071394
17,zoo_cnn,360,coverage_game_equal,tuned - fixed,0.008850259498479729
17,zoo_cnn,360,mean_width_game_equal,tuned - fixed,-0.38950694989916634
17,zoo_cnn,360,mean_width_inclusive_game_equal,tuned - fixed,-0.38950694989916634
18,lightgbm_multiclass,20,crps,tuned - fixed,0.0
18,lightgbm_multiclass,20,coverage,tuned - fixed,0.0
18,lightgbm_multiclass,20,mean_width,tuned - fixed,0.0
18,lightgbm_multiclass,20,mean_width_inclusive,tuned - fixed,0.0
18,lightgbm_multiclass,20,mean_q,tuned - fixed,0.0
18,lightgbm_multiclass,20,crps_game_equal,tuned - fixed,0.0
18,lightgbm_multiclass,20,coverage_game_equal,tuned - fixed,0.0
18,lightgbm_multiclass,20,mean_width_game_equal,tuned - fixed,0.0
18,lightgbm_multiclass,20,mean_width_inclusive_game_equal,tuned - fixed,0.0
18,ridge_sgd_l2,20,crps,tuned - fixed,-0.0001396791784553427
18,ridge_sgd_l2,20,coverage,tuned - fixed,-0.010778635778635803
18,ridge_sgd_l2,20,mean_width,tuned - fixed,-2.907175032175033
18,ridge_sgd_l2,20,mean_width_inclusive,tuned - fixed,-2.907175032175033
18,ridge_sgd_l2,20,mean_q,tuned - fixed,0.3851351351351351
18,ridge_sgd_l2,20,crps_game_equal,tuned - fixed,-0.00013894092792296996
18,ridge_sgd_l2,20,coverage_game_equal,tuned - fixed,-0.01036267819853176
18,ridge_sgd_l2,20,mean_width_game_equal,tuned - fixed,-2.883402629716791
18,ridge_sgd_l2,20,mean_width_inclusive_game_equal,tuned - fixed,-2.883402629716791
18,set_transformer,20,crps,tuned - fixed,-1.8271000296055107e-08
18,set_transformer,20,coverage,tuned - fixed,0.0
18,set_transformer,20,mean_width,tuned - fixed,-0.002252252252251452
18,set_transformer,20,mean_width_inclusive,tuned - fixed,-0.002252252252251452
18,set_transformer,20,mean_q,tuned - fixed,-0.0011261261261261285
18,set_transformer,20,crps_game_equal,tuned - fixed,-1.8989440481870234e-08
18,set_transformer,20,coverage_game_equal,tuned - fixed,0.0
18,set_transformer,20,mean_width_game_equal,tuned - fixed,-0.0023593328132083258
18,set_transformer,20,mean_width_inclusive_game_equal,tuned - fixed,-0.0023593328132065494
18,zoo_cnn,20,crps,tuned - fixed,3.4245529675902553e-09
18,zoo_cnn,20,coverage,tuned - fixed,0.0
18,zoo_cnn,20,mean_width,tuned - fixed,0.0
18,zoo_cnn,20,mean_width_inclusive,tuned - fixed,0.0
18,zoo_cnn,20,mean_q,tuned - fixed,0.0
18,zoo_cnn,20,crps_game_equal,tuned - fixed,4.199012505756716e-09
18,zoo_cnn,20,coverage_game_equal,tuned - fixed,0.0
18,zoo_cnn,20,mean_width_game_equal,tuned - fixed,0.0
18,zoo_cnn,20,mean_width_inclusive_game_equal,tuned - fixed,0.0
18,lightgbm_multiclass,160,crps,tuned - fixed,0.0
18,lightgbm_multiclass,160,coverage,tuned - fixed,0.0
18,lightgbm_multiclass,160,mean_width,tuned - fixed,0.0
18,lightgbm_multiclass,160,mean_width_inclusive,tuned - fixed,0.0
18,lightgbm_multiclass,160,mean_q,tuned - fixed,0.0
18,lightgbm_multiclass,160,crps_game_equal,tuned - fixed,0.0
18,lightgbm_multiclass,160,coverage_game_equal,tuned - fixed,0.0
18,lightgbm_multiclass,160,mean_width_game_equal,tuned - fixed,0.0
18,lightgbm_multiclass,160,mean_width_inclusive_game_equal,tuned - fixed,0.0
18,ridge_sgd_l2,160,crps,tuned - fixed,-0.00030972229211923344
18,ridge_sgd_l2,160,coverage,tuned - fixed,-0.01270913770913773
18,ridge_sgd_l2,160,mean_width,tuned - fixed,-2.9663770913770904
18,ridge_sgd_l2,160,mean_width_inclusive,tuned - fixed,-2.9663770913770904
18,ridge_sgd_l2,160,mean_q,tuned - fixed,-0.129021879021879
18,ridge_sgd_l2,160,crps_game_equal,tuned - fixed,-0.00030400332417127897
18,ridge_sgd_l2,160,coverage_game_equal,tuned - fixed,-0.012806966605822256
18,ridge_sgd_l2,160,mean_width_game_equal,tuned - fixed,-2.945309828393917
18,ridge_sgd_l2,160,mean_width_inclusive_game_equal,tuned - fixed,-2.945309828393917
18,set_transformer,160,crps,tuned - fixed,-0.0002062146788442583
18,set_transformer,160,coverage,tuned - fixed,-0.002574002574002643
18,set_transformer,160,mean_width,tuned - fixed,-0.2644787644787634
18,set_transformer,160,mean_width_inclusive,tuned - fixed,-0.2644787644787634
18,set_transformer,160,mean_q,tuned - fixed,-0.022522522522522525
18,set_transformer,160,crps_game_equal,tuned - fixed,-0.0001986895404726234
18,set_transformer,160,coverage_game_equal,tuned - fixed,-0.0023307686012185025
18,set_transformer,160,mean_width_game_equal,tuned - fixed,-0.27038830707739336
18,set_transformer,160,mean_width_inclusive_game_equal,tuned - fixed,-0.27038830707739336
18,zoo_cnn,160,crps,tuned - fixed,7.757489442483667e-11
18,zoo_cnn,160,coverage,tuned - fixed,0.0
18,zoo_cnn,160,mean_width,tuned - fixed,-0.00032175032175096874
18,zoo_cnn,160,mean_width_inclusive,tuned - fixed,-0.00032175032175096874
18,zoo_cnn,160,mean_q,tuned - fixed,-0.00016087516087516084
18,zoo_cnn,160,crps_game_equal,tuned - fixed,1.6688472131987098e-10
18,zoo_cnn,160,coverage_game_equal,tuned - fixed,0.0
18,zoo_cnn,160,mean_width_game_equal,tuned - fixed,-0.0003317850033166536
18,zoo_cnn,160,mean_width_inclusive_game_equal,tuned - fixed,-0.0003317850033166536
18,lightgbm_multiclass,360,crps,tuned - fixed,0.0
18,lightgbm_multiclass,360,coverage,tuned - fixed,0.0
18,lightgbm_multiclass,360,mean_width,tuned - fixed,0.0
18,lightgbm_multiclass,360,mean_width_inclusive,tuned - fixed,0.0
18,lightgbm_multiclass,360,mean_q,tuned - fixed,0.0
18,lightgbm_multiclass,360,crps_game_equal,tuned - fixed,0.0
18,lightgbm_multiclass,360,coverage_game_equal,tuned - fixed,0.0
18,lightgbm_multiclass,360,mean_width_game_equal,tuned - fixed,0.0
18,lightgbm_multiclass,360,mean_width_inclusive_game_equal,tuned - fixed,0.0
18,ridge_sgd_l2,360,crps,tuned - fixed,-0.00032074943302805997
18,ridge_sgd_l2,360,coverage,tuned - fixed,-0.01158301158301156
18,ridge_sgd_l2,360,mean_width,tuned - fixed,-3.073198198198199
18,ridge_sgd_l2,360,mean_width_inclusive,tuned - fixed,-3.073198198198199
18,ridge_sgd_l2,360,mean_q,tuned - fixed,-0.09620334620334617
18,ridge_sgd_l2,360,crps_game_equal,tuned - fixed,-0.0003189013877850696
18,ridge_sgd_l2,360,coverage_game_equal,tuned - fixed,-0.011497148309391858
18,ridge_sgd_l2,360,mean_width_game_equal,tuned - fixed,-3.054491955573667
18,ridge_sgd_l2,360,mean_width_inclusive_game_equal,tuned - fixed,-3.054491955573667
18,set_transformer,360,crps,tuned - fixed,-1.0877740240691075e-05
18,set_transformer,360,coverage,tuned - fixed,0.001608751608751513
18,set_transformer,360,mean_width,tuned - fixed,0.32995495495495497
18,set_transformer,360,mean_width_inclusive,tuned - fixed,0.32995495495495497
18,set_transformer,360,mean_q,tuned - fixed,0.0
18,set_transformer,360,crps_game_equal,tuned - fixed,-4.260696309880269e-06
18,set_transformer,360,coverage_game_equal,tuned - fixed,0.0013390227648079067
18,set_transformer,360,mean_width_game_equal,tuned - fixed,0.33530508106044365
18,set_transformer,360,mean_width_inclusive_game_equal,tuned - fixed,0.3353050810604472
18,zoo_cnn,360,crps,tuned - fixed,-0.000885137846490712
18,zoo_cnn,360,coverage,tuned - fixed,-0.0028957528957529455
18,zoo_cnn,360,mean_width,tuned - fixed,-0.8675997425997419
18,zoo_cnn,360,mean_width_inclusive,tuned - fixed,-0.8675997425997419
18,zoo_cnn,360,mean_q,tuned - fixed,0.3704954954954955
18,zoo_cnn,360,crps_game_equal,tuned - fixed,-0.0008587158951662253
18,zoo_cnn,360,coverage_game_equal,tuned - fixed,-0.0035298283464806346
18,zoo_cnn,360,mean_width_game_equal,tuned - fixed,-0.8642091361089275
18,zoo_cnn,360,mean_width_inclusive_game_equal,tuned - fixed,-0.8642091361089239
19,lightgbm_multiclass,20,crps,tuned - fixed,0.0
19,lightgbm_multiclass,20,coverage,tuned - fixed,0.0
19,lightgbm_multiclass,20,mean_width,tuned - fixed,0.0
19,lightgbm_multiclass,20,mean_width_inclusive,tuned - fixed,0.0
19,lightgbm_multiclass,20,mean_q,tuned - fixed,0.0
19,lightgbm_multiclass,20,crps_game_equal,tuned - fixed,0.0
19,lightgbm_multiclass,20,coverage_game_equal,tuned - fixed,0.0
19,lightgbm_multiclass,20,mean_width_game_equal,tuned - fixed,0.0
19,lightgbm_multiclass,20,mean_width_inclusive_game_equal,tuned - fixed,0.0
19,ridge_sgd_l2,20,crps,tuned - fixed,-0.00019631726780511977
19,ridge_sgd_l2,20,coverage,tuned - fixed,-0.008577439715164226
19,ridge_sgd_l2,20,mean_width,tuned - fixed,-2.7734261207315107
19,ridge_sgd_l2,20,mean_width_inclusive,tuned - fixed,-2.7734261207315107
19,ridge_sgd_l2,20,mean_q,tuned - fixed,0.08350865835895771
19,ridge_sgd_l2,20,crps_game_equal,tuned - fixed,-0.00019683345232306138
19,ridge_sgd_l2,20,coverage_game_equal,tuned - fixed,-0.00841239359973911
19,ridge_sgd_l2,20,mean_width_game_equal,tuned - fixed,-2.7697652192199627
19,ridge_sgd_l2,20,mean_width_inclusive_game_equal,tuned - fixed,-2.7697652192199627
19,set_transformer,20,crps,tuned - fixed,7.223106172885019e-05
19,set_transformer,20,coverage,tuned - fixed,0.0008091924259588934
19,set_transformer,20,mean_width,tuned - fixed,0.5395695096293913
19,set_transformer,20,mean_width_inclusive,tuned - fixed,0.5395695096293913
19,set_transformer,20,mean_q,tuned - fixed,-0.03884123644602688
19,set_transformer,20,crps_game_equal,tuned - fixed,7.543488129180785e-05
19,set_transformer,20,coverage_game_equal,tuned - fixed,0.0006357725923074042
19,set_transformer,20,mean_width_game_equal,tuned - fixed,0.5332216911826659
19,set_transformer,20,mean_width_inclusive_game_equal,tuned - fixed,0.5332216911826677
19,zoo_cnn,20,crps,tuned - fixed,4.804555361198615e-09
19,zoo_cnn,20,coverage,tuned - fixed,0.0
19,zoo_cnn,20,mean_width,tuned - fixed,0.0003236769703853781
19,zoo_cnn,20,mean_width_inclusive,tuned - fixed,0.0003236769703853781
19,zoo_cnn,20,mean_q,tuned - fixed,0.0
19,zoo_cnn,20,crps_game_equal,tuned - fixed,5.2716785069184535e-09
19,zoo_cnn,20,coverage_game_equal,tuned - fixed,0.0
19,zoo_cnn,20,mean_width_game_equal,tuned - fixed,0.00032809850327808476
19,zoo_cnn,20,mean_width_inclusive_game_equal,tuned - fixed,0.00032809850327808476
19,lightgbm_multiclass,160,crps,tuned - fixed,0.0
19,lightgbm_multiclass,160,coverage,tuned - fixed,0.0
19,lightgbm_multiclass,160,mean_width,tuned - fixed,0.0
19,lightgbm_multiclass,160,mean_width_inclusive,tuned - fixed,0.0
19,lightgbm_multiclass,160,mean_q,tuned - fixed,0.0
19,lightgbm_multiclass,160,crps_game_equal,tuned - fixed,0.0
19,lightgbm_multiclass,160,coverage_game_equal,tuned - fixed,0.0
19,lightgbm_multiclass,160,mean_width_game_equal,tuned - fixed,0.0
19,lightgbm_multiclass,160,mean_width_inclusive_game_equal,tuned - fixed,0.0
19,ridge_sgd_l2,160,crps,tuned - fixed,-0.00030106545056605115
19,ridge_sgd_l2,160,coverage,tuned - fixed,-0.007282731833630041
19,ridge_sgd_l2,160,mean_width,tuned - fixed,-2.932351513189836
19,ridge_sgd_l2,160,mean_width_inclusive,tuned - fixed,-2.932351513189836
19,ridge_sgd_l2,160,mean_q,tuned - fixed,-0.05777633921346503
19,ridge_sgd_l2,160,crps_game_equal,tuned - fixed,-0.0003019099634994724
19,ridge_sgd_l2,160,coverage_game_equal,tuned - fixed,-0.007219267444221633
19,ridge_sgd_l2,160,mean_width_game_equal,tuned - fixed,-2.9297614459057115
19,ridge_sgd_l2,160,mean_width_inclusive_game_equal,tuned - fixed,-2.9297614459057115
19,set_transformer,160,crps,tuned - fixed,1.1043538480753554e-05
19,set_transformer,160,coverage,tuned - fixed,0.0008091924259588934
19,set_transformer,160,mean_width,tuned - fixed,0.7397637158116197
19,set_transformer,160,mean_width_inclusive,tuned - fixed,0.7397637158116197
19,set_transformer,160,mean_q,tuned - fixed,-0.3154232076387765
19,set_transformer,160,crps_game_equal,tuned - fixed,1.37459984052863e-05
19,set_transformer,160,coverage_game_equal,tuned - fixed,0.0006906499075146622
19,set_transformer,160,mean_width_game_equal,tuned - fixed,0.7238439220395119
19,set_transformer,160,mean_width_inclusive_game_equal,tuned - fixed,0.7238439220395083
19,zoo_cnn,160,crps,tuned - fixed,1.8005793141206983e-09
19,zoo_cnn,160,coverage,tuned - fixed,0.0
19,zoo_cnn,160,mean_width,tuned - fixed,0.0
19,zoo_cnn,160,mean_width_inclusive,tuned - fixed,0.0
19,zoo_cnn,160,mean_q,tuned - fixed,0.0
19,zoo_cnn,160,crps_game_equal,tuned - fixed,2.0398147441980097e-09
19,zoo_cnn,160,coverage_game_equal,tuned - fixed,0.0
19,zoo_cnn,160,mean_width_game_equal,tuned - fixed,0.0
19,zoo_cnn,160,mean_width_inclusive_game_equal,tuned - fixed,0.0
19,lightgbm_multiclass,360,crps,tuned - fixed,0.0
19,lightgbm_multiclass,360,coverage,tuned - fixed,0.0
19,lightgbm_multiclass,360,mean_width,tuned - fixed,0.0
19,lightgbm_multiclass,360,mean_width_inclusive,tuned - fixed,0.0
19,lightgbm_multiclass,360,mean_q,tuned - fixed,0.0
19,lightgbm_multiclass,360,crps_game_equal,tuned - fixed,0.0
19,lightgbm_multiclass,360,coverage_game_equal,tuned - fixed,0.0
19,lightgbm_multiclass,360,mean_width_game_equal,tuned - fixed,0.0
19,lightgbm_multiclass,360,mean_width_inclusive_game_equal,tuned - fixed,0.0
19,ridge_sgd_l2,360,crps,tuned - fixed,-0.0003248353240940926
19,ridge_sgd_l2,360,coverage,tuned - fixed,-0.00938663214112323
19,ridge_sgd_l2,360,mean_width,tuned - fixed,-2.862437287586989
19,ridge_sgd_l2,360,mean_width_inclusive,tuned - fixed,-2.862437287586989
19,ridge_sgd_l2,360,mean_q,tuned - fixed,-0.03366240491989003
19,ridge_sgd_l2,360,crps_game_equal,tuned - fixed,-0.0003238532253954842
19,ridge_sgd_l2,360,coverage_game_equal,tuned - fixed,-0.009247877757701972
19,ridge_sgd_l2,360,mean_width_game_equal,tuned - fixed,-2.8569619049820076
19,ridge_sgd_l2,360,mean_width_inclusive_game_equal,tuned - fixed,-2.8569619049820076
19,set_transformer,360,crps,tuned - fixed,-0.00015684695117526917
19,set_transformer,360,coverage,tuned - fixed,0.0017802233371094767
19,set_transformer,360,mean_width,tuned - fixed,0.005178831526137628
19,set_transformer,360,mean_width_inclusive,tuned - fixed,0.005178831526137628
19,set_transformer,360,mean_q,tuned - fixed,-0.09176242110373847
19,set_transformer,360,crps_game_equal,tuned - fixed,-0.0001467502790439973
19,set_transformer,360,coverage_game_equal,tuned - fixed,0.0015697299520350816
19,set_transformer,360,mean_width_game_equal,tuned - fixed,0.004850325361305252
19,set_transformer,360,mean_width_inclusive_game_equal,tuned - fixed,0.004850325361305252
19,zoo_cnn,360,crps,tuned - fixed,-0.0006612629007428147
19,zoo_cnn,360,coverage,tuned - fixed,-0.005178831526136851
19,zoo_cnn,360,mean_width,tuned - fixed,0.09354264444084848
19,zoo_cnn,360,mean_width_inclusive,tuned - fixed,0.09354264444084848
19,zoo_cnn,360,mean_q,tuned - fixed,-0.8307169444893996
19,zoo_cnn,360,crps_game_equal,tuned - fixed,-0.0006479988072584132
19,zoo_cnn,360,coverage_game_equal,tuned - fixed,-0.005409481232879876
19,zoo_cnn,360,mean_width_game_equal,tuned - fixed,0.0882572248804312
19,zoo_cnn,360,mean_width_inclusive_game_equal,tuned - fixed,0.0882572248804312
20,lightgbm_multiclass,20,crps,tuned - fixed,0.0
20,lightgbm_multiclass,20,coverage,tuned - fixed,0.0
20,lightgbm_multiclass,20,mean_width,tuned - fixed,0.0
20,lightgbm_multiclass,20,mean_width_inclusive,tuned - fixed,0.0
20,lightgbm_multiclass,20,mean_q,tuned - fixed,0.0
20,lightgbm_multiclass,20,crps_game_equal,tuned - fixed,0.0
20,lightgbm_multiclass,20,coverage_game_equal,tuned - fixed,0.0
20,lightgbm_multiclass,20,mean_width_game_equal,tuned - fixed,0.0
20,lightgbm_multiclass,20,mean_width_inclusive_game_equal,tuned - fixed,0.0
20,ridge_sgd_l2,20,crps,tuned - fixed,-0.00022626190408720458
20,ridge_sgd_l2,20,coverage,tuned - fixed,-0.007966857871255506
20,ridge_sgd_l2,20,mean_width,tuned - fixed,-2.5581580624601656
20,ridge_sgd_l2,20,mean_width_inclusive,tuned - fixed,-2.5581580624601656
20,ridge_sgd_l2,20,mean_q,tuned - fixed,-0.18690248565965584
20,ridge_sgd_l2,20,crps_game_equal,tuned - fixed,-0.00022424394051042025
20,ridge_sgd_l2,20,coverage_game_equal,tuned - fixed,-0.007919814835395944
20,ridge_sgd_l2,20,mean_width_game_equal,tuned - fixed,-2.541980257788726
20,ridge_sgd_l2,20,mean_width_inclusive_game_equal,tuned - fixed,-2.541980257788726
20,set_transformer,20,crps,tuned - fixed,-9.436822486355058e-05
20,set_transformer,20,coverage,tuned - fixed,0.030752071383046475
20,set_transformer,20,mean_width,tuned - fixed,4.178935627788402
20,set_transformer,20,mean_width_inclusive,tuned - fixed,4.178935627788402
20,set_transformer,20,mean_q,tuned - fixed,-0.9673358827278521
20,set_transformer,20,crps_game_equal,tuned - fixed,-8.829873231984767e-05
20,set_transformer,20,coverage_game_equal,tuned - fixed,0.031173913891599403
20,set_transformer,20,mean_width_game_equal,tuned - fixed,4.204620526566982
20,set_transformer,20,mean_width_inclusive_game_equal,tuned - fixed,4.204620526566984
20,zoo_cnn,20,crps,tuned - fixed,0.0009067428321716184
20,zoo_cnn,20,coverage,tuned - fixed,-0.013065646908859141
20,zoo_cnn,20,mean_width,tuned - fixed,-0.5696303377947736
20,zoo_cnn,20,mean_width_inclusive,tuned - fixed,-0.5696303377947736
20,zoo_cnn,20,mean_q,tuned - fixed,1.2624282982791588
20,zoo_cnn,20,crps_game_equal,tuned - fixed,0.0009021533928604414
20,zoo_cnn,20,coverage_game_equal,tuned - fixed,-0.012964307375671558
20,zoo_cnn,20,mean_width_game_equal,tuned - fixed,-0.562447637961963
20,zoo_cnn,20,mean_width_inclusive_game_equal,tuned - fixed,-0.562447637961963
20,lightgbm_multiclass,160,crps,tuned - fixed,0.0
20,lightgbm_multiclass,160,coverage,tuned - fixed,0.0
20,lightgbm_multiclass,160,mean_width,tuned - fixed,0.0
20,lightgbm_multiclass,160,mean_width_inclusive,tuned - fixed,0.0
20,lightgbm_multiclass,160,mean_q,tuned - fixed,0.0
20,lightgbm_multiclass,160,crps_game_equal,tuned - fixed,0.0
20,lightgbm_multiclass,160,coverage_game_equal,tuned - fixed,0.0
20,lightgbm_multiclass,160,mean_width_game_equal,tuned - fixed,0.0
20,lightgbm_multiclass,160,mean_width_inclusive_game_equal,tuned - fixed,0.0
20,ridge_sgd_l2,160,crps,tuned - fixed,-0.0002694059775016702
20,ridge_sgd_l2,160,coverage,tuned - fixed,-0.009241555130656498
20,ridge_sgd_l2,160,mean_width,tuned - fixed,-2.640057361376673
20,ridge_sgd_l2,160,mean_width_inclusive,tuned - fixed,-2.640057361376673
20,ridge_sgd_l2,160,mean_q,tuned - fixed,0.038878266411727314
20,ridge_sgd_l2,160,crps_game_equal,tuned - fixed,-0.00027083910199487624
20,ridge_sgd_l2,160,coverage_game_equal,tuned - fixed,-0.009233791040636374
20,ridge_sgd_l2,160,mean_width_game_equal,tuned - fixed,-2.632376293187349
20,ridge_sgd_l2,160,mean_width_inclusive_game_equal,tuned - fixed,-2.632376293187349
20,set_transformer,160,crps,tuned - fixed,-4.294500171275924e-05
20,set_transformer,160,coverage,tuned - fixed,0.007966857871255506
20,set_transformer,160,mean_width,tuned - fixed,0.49537922243467314
20,set_transformer,160,mean_width_inclusive,tuned - fixed,0.49537922243467314
20,set_transformer,160,mean_q,tuned - fixed,-0.37412364563416195
20,set_transformer,160,crps_game_equal,tuned - fixed,-3.517896245486957e-05
20,set_transformer,160,coverage_game_equal,tuned - fixed,0.007566231277396973
20,set_transformer,160,mean_width_game_equal,tuned - fixed,0.49668722884551997
20,set_transformer,160,mean_width_inclusive_game_equal,tuned - fixed,0.4966872288455235
20,zoo_cnn,160,crps,tuned - fixed,-1.1582190397735337e-09
20,zoo_cnn,160,coverage,tuned - fixed,0.0
20,zoo_cnn,160,mean_width,tuned - fixed,0.0
20,zoo_cnn,160,mean_width_inclusive,tuned - fixed,0.0
20,zoo_cnn,160,mean_q,tuned - fixed,0.0
20,zoo_cnn,160,crps_game_equal,tuned - fixed,-8.317154708004093e-10
20,zoo_cnn,160,coverage_game_equal,tuned - fixed,0.0
20,zoo_cnn,160,mean_width_game_equal,tuned - fixed,0.0
20,zoo_cnn,160,mean_width_inclusive_game_equal,tuned - fixed,0.0
20,lightgbm_multiclass,360,crps,tuned - fixed,0.0
20,lightgbm_multiclass,360,coverage,tuned - fixed,0.0
20,lightgbm_multiclass,360,mean_width,tuned - fixed,0.0
20,lightgbm_multiclass,360,mean_width_inclusive,tuned - fixed,0.0
20,lightgbm_multiclass,360,mean_q,tuned - fixed,0.0
20,lightgbm_multiclass,360,crps_game_equal,tuned - fixed,0.0
20,lightgbm_multiclass,360,coverage_game_equal,tuned - fixed,0.0
20,lightgbm_multiclass,360,mean_width_game_equal,tuned - fixed,0.0
20,lightgbm_multiclass,360,mean_width_inclusive_game_equal,tuned - fixed,0.0
20,ridge_sgd_l2,360,crps,tuned - fixed,-0.00029048130795286675
20,ridge_sgd_l2,360,coverage,tuned - fixed,-0.008444869343530836
20,ridge_sgd_l2,360,mean_width,tuned - fixed,-2.7742192479286167
20,ridge_sgd_l2,360,mean_width_inclusive,tuned - fixed,-2.7742192479286167
20,ridge_sgd_l2,360,mean_q,tuned - fixed,-0.022466539196940694
20,ridge_sgd_l2,360,crps_game_equal,tuned - fixed,-0.0002916525387048081
20,ridge_sgd_l2,360,coverage_game_equal,tuned - fixed,-0.008293860146226018
20,ridge_sgd_l2,360,mean_width_game_equal,tuned - fixed,-2.7622469821868307
20,ridge_sgd_l2,360,mean_width_inclusive_game_equal,tuned - fixed,-2.7622469821868307
20,set_transformer,360,crps,tuned - fixed,-0.00010582191027743923
20,set_transformer,360,coverage,tuned - fixed,0.0031867431485022024
20,set_transformer,360,mean_width,tuned - fixed,0.3075207138304652
20,set_transformer,360,mean_width_inclusive,tuned - fixed,0.3075207138304652
20,set_transformer,360,mean_q,tuned - fixed,0.04987253027405991
20,set_transformer,360,crps_game_equal,tuned - fixed,-0.00010974166860414948
20,set_transformer,360,coverage_game_equal,tuned - fixed,0.0033391000976498164
20,set_transformer,360,mean_width_game_equal,tuned - fixed,0.2999065700949757
20,set_transformer,360,mean_width_inclusive_game_equal,tuned - fixed,0.2999065700949721
20,zoo_cnn,360,crps,tuned - fixed,-6.994982410723008e-05
20,zoo_cnn,360,coverage,tuned - fixed,-0.005417463352453744
20,zoo_cnn,360,mean_width,tuned - fixed,-0.20506692160611806
20,zoo_cnn,360,mean_width_inclusive,tuned - fixed,-0.20506692160611806
20,zoo_cnn,360,mean_q,tuned - fixed,-1.092734225621415
20,zoo_cnn,360,crps_game_equal,tuned - fixed,-7.638262166632763e-05
20,zoo_cnn,360,coverage_game_equal,tuned - fixed,-0.005623886120294075
20,zoo_cnn,360,mean_width_game_equal,tuned - fixed,-0.19077882483516184
20,zoo_cnn,360,mean_width_inclusive_game_equal,tuned - fixed,-0.19077882483516362
